{
"type": "FeatureCollection",
"name": "data_2017",
"crs": { "type": "name", "properties": { "name": "urn:ogc:def:crs:OGC:1.3:CRS84" } },
"features": [
{ "type": "Feature", "properties": { "constituency_id": "E14000530", "constituency_name": "Aldershot", "Main party name": "Conservative", "Main party abbreviation": "Con", "Election result summary": "Con hold", "Election URL": "https://electionresults.parliament.uk/elections/656" }, "geometry": { "type": "Polygon", "coordinates": [ [ [ 0.05, -0.08378 ], [ 0.05, -0.08513 ], [ 0.04883, -0.08581 ], [ 0.04766, -0.08513 ], [ 0.04766, -0.08378 ], [ 0.04883, -0.0831 ], [ 0.05, -0.08378 ], [ 0.05, -0.08378 ] ] ] } },
{ "type": "Feature", "properties": { "constituency_id": "E14000531", "constituency_name": "Aldridge-Brownhills", "Main party name": "Conservative", "Main party abbreviation": "Con", "Election result summary": "Con hold", "Election URL": "https://electionresults.parliament.uk/elections/657" }, "geometry": { "type": "Polygon", "coordinates": [ [ [ 0.05, -0.06351 ], [ 0.05, -0.06486 ], [ 0.04883, -0.06554 ], [ 0.04766, -0.06486 ], [ 0.04766, -0.06351 ], [ 0.04883, -0.06284 ], [ 0.05, -0.06351 ], [ 0.05, -0.06351 ] ] ] } },
{ "type": "Feature", "properties": { "constituency_id": "E14000532", "constituency_name": "Altrincham and Sale West", "Main party name": "Conservative", "Main party abbreviation": "Con", "Election result summary": "Con hold", "Election URL": "https://electionresults.parliament.uk/elections/658" }, "geometry": { "type": "Polygon", "coordinates": [ [ [ 0.04062, -0.0554 ], [ 0.04062, -0.05676 ], [ 0.03945, -0.05743 ], [ 0.03828, -0.05676 ], [ 0.03828, -0.0554 ], [ 0.03945, -0.05473 ], [ 0.04062, -0.0554 ], [ 0.04062, -0.0554 ] ] ] } },
{ "type": "Feature", "properties": { "constituency_id": "E14000533", "constituency_name": "Amber Valley", "Main party name": "Conservative", "Main party abbreviation": "Con", "Election result summary": "Con hold", "Election URL": "https://electionresults.parliament.uk/elections/660" }, "geometry": { "type": "Polygon", "coordinates": [ [ [ 0.05586, -0.05743 ], [ 0.05586, -0.05878 ], [ 0.05469, -0.05946 ], [ 0.05352, -0.05878 ], [ 0.05352, -0.05743 ], [ 0.05469, -0.05676 ], [ 0.05586, -0.05743 ], [ 0.05586, -0.05743 ] ] ] } },
{ "type": "Feature", "properties": { "constituency_id": "E14000534", "constituency_name": "Arundel and South Downs", "Main party name": "Conservative", "Main party abbreviation": "Con", "Election result summary": "Con hold", "Election URL": "https://electionresults.parliament.uk/elections/664" }, "geometry": { "type": "Polygon", "coordinates": [ [ [ 0.05703, -0.09189 ], [ 0.05703, -0.09324 ], [ 0.05586, -0.09391 ], [ 0.05469, -0.09324 ], [ 0.05469, -0.09189 ], [ 0.05586, -0.09121 ], [ 0.05703, -0.09189 ], [ 0.05703, -0.09189 ] ] ] } },
{ "type": "Feature", "properties": { "constituency_id": "E14000535", "constituency_name": "Ashfield", "Main party name": "Labour", "Main party abbreviation": "Lab", "Election result summary": "Lab hold", "Election URL": "https://electionresults.parliament.uk/elections/665" }, "geometry": { "type": "Polygon", "coordinates": [ [ [ 0.0582, -0.05743 ], [ 0.0582, -0.05878 ], [ 0.05703, -0.05946 ], [ 0.05586, -0.05878 ], [ 0.05586, -0.05743 ], [ 0.05703, -0.05676 ], [ 0.0582, -0.05743 ], [ 0.0582, -0.05743 ] ] ] } },
{ "type": "Feature", "properties": { "constituency_id": "E14000536", "constituency_name": "Ashford", "Main party name": "Conservative", "Main party abbreviation": "Con", "Election result summary": "Con hold", "Election URL": "https://electionresults.parliament.uk/elections/666" }, "geometry": { "type": "Polygon", "coordinates": [ [ [ 0.08516, -0.08783 ], [ 0.08516, -0.08919 ], [ 0.08399, -0.08986 ], [ 0.08281, -0.08919 ], [ 0.08281, -0.08783 ], [ 0.08399, -0.08716 ], [ 0.08516, -0.08783 ], [ 0.08516, -0.08783 ] ] ] } },
{ "type": "Feature", "properties": { "constituency_id": "E14000537", "constituency_name": "Ashton-Under-Lyne", "Main party name": "Labour", "Main party abbreviation": "Lab", "Election result summary": "Lab hold", "Election URL": "https://electionresults.parliament.uk/elections/667" }, "geometry": { "type": "Polygon", "coordinates": [ [ [ 0.04414, -0.04932 ], [ 0.04414, -0.05068 ], [ 0.04297, -0.05135 ], [ 0.0418, -0.05068 ], [ 0.0418, -0.04932 ], [ 0.04297, -0.04865 ], [ 0.04414, -0.04932 ], [ 0.04414, -0.04932 ] ] ] } },
{ "type": "Feature", "properties": { "constituency_id": "E14000538", "constituency_name": "Aylesbury", "Main party name": "Conservative", "Main party abbreviation": "Con", "Election result summary": "Con hold", "Election URL": "https://electionresults.parliament.uk/elections/668" }, "geometry": { "type": "Polygon", "coordinates": [ [ [ 0.06055, -0.07365 ], [ 0.06055, -0.075 ], [ 0.05938, -0.07567 ], [ 0.0582, -0.075 ], [ 0.0582, -0.07365 ], [ 0.05938, -0.07297 ], [ 0.06055, -0.07365 ], [ 0.06055, -0.07365 ] ] ] } },
{ "type": "Feature", "properties": { "constituency_id": "E14000539", "constituency_name": "Banbury", "Main party name": "Conservative", "Main party abbreviation": "Con", "Election result summary": "Con hold", "Election URL": "https://electionresults.parliament.uk/elections/670" }, "geometry": { "type": "Polygon", "coordinates": [ [ [ 0.05938, -0.07162 ], [ 0.05938, -0.07297 ], [ 0.0582, -0.07365 ], [ 0.05703, -0.07297 ], [ 0.05703, -0.07162 ], [ 0.0582, -0.07094 ], [ 0.05938, -0.07162 ], [ 0.05938, -0.07162 ] ] ] } },
{ "type": "Feature", "properties": { "constituency_id": "E14000540", "constituency_name": "Barking", "Main party name": "Labour", "Main party abbreviation": "Lab", "Election result summary": "Lab hold", "Election URL": "https://electionresults.parliament.uk/elections/672" }, "geometry": { "type": "Polygon", "coordinates": [ [ [ 0.07578, -0.07973 ], [ 0.07578, -0.08108 ], [ 0.07461, -0.08175 ], [ 0.07344, -0.08108 ], [ 0.07344, -0.07973 ], [ 0.07461, -0.07905 ], [ 0.07578, -0.07973 ], [ 0.07578, -0.07973 ] ] ] } },
{ "type": "Feature", "properties": { "constituency_id": "E14000541", "constituency_name": "Barnsley Central", "Main party name": "Labour", "Main party abbreviation": "Lab", "Election result summary": "Lab hold", "Election URL": "https://electionresults.parliament.uk/elections/673" }, "geometry": { "type": "Polygon", "coordinates": [ [ [ 0.05117, -0.04932 ], [ 0.05117, -0.05068 ], [ 0.05, -0.05135 ], [ 0.04883, -0.05068 ], [ 0.04883, -0.04932 ], [ 0.05, -0.04865 ], [ 0.05117, -0.04932 ], [ 0.05117, -0.04932 ] ] ] } },
{ "type": "Feature", "properties": { "constituency_id": "E14000542", "constituency_name": "Barnsley East", "Main party name": "Labour", "Main party abbreviation": "Lab", "Election result summary": "Lab hold", "Election URL": "https://electionresults.parliament.uk/elections/674" }, "geometry": { "type": "Polygon", "coordinates": [ [ [ 0.05352, -0.04932 ], [ 0.05352, -0.05068 ], [ 0.05234, -0.05135 ], [ 0.05117, -0.05068 ], [ 0.05117, -0.04932 ], [ 0.05234, -0.04865 ], [ 0.05352, -0.04932 ], [ 0.05352, -0.04932 ] ] ] } },
{ "type": "Feature", "properties": { "constituency_id": "E14000543", "constituency_name": "Barrow and Furness", "Main party name": "Labour", "Main party abbreviation": "Lab", "Election result summary": "Lab hold", "Election URL": "https://electionresults.parliament.uk/elections/675" }, "geometry": { "type": "Polygon", "coordinates": [ [ [ 0.04531, -0.03514 ], [ 0.04531, -0.03649 ], [ 0.04414, -0.03716 ], [ 0.04297, -0.03649 ], [ 0.04297, -0.03514 ], [ 0.04414, -0.03446 ], [ 0.04531, -0.03514 ], [ 0.04531, -0.03514 ] ] ] } },
{ "type": "Feature", "properties": { "constituency_id": "E14000544", "constituency_name": "Basildon and Billericay", "Main party name": "Conservative", "Main party abbreviation": "Con", "Election result summary": "Con hold", "Election URL": "https://electionresults.parliament.uk/elections/676" }, "geometry": { "type": "Polygon", "coordinates": [ [ [ 0.07578, -0.07162 ], [ 0.07578, -0.07297 ], [ 0.07461, -0.07365 ], [ 0.07344, -0.07297 ], [ 0.07344, -0.07162 ], [ 0.07461, -0.07094 ], [ 0.07578, -0.07162 ], [ 0.07578, -0.07162 ] ] ] } },
{ "type": "Feature", "properties": { "constituency_id": "E14000545", "constituency_name": "Basingstoke", "Main party name": "Conservative", "Main party abbreviation": "Con", "Election result summary": "Con hold", "Election URL": "https://electionresults.parliament.uk/elections/677" }, "geometry": { "type": "Polygon", "coordinates": [ [ [ 0.04883, -0.08175 ], [ 0.04883, -0.0831 ], [ 0.04766, -0.08378 ], [ 0.04648, -0.0831 ], [ 0.04648, -0.08175 ], [ 0.04766, -0.08108 ], [ 0.04883, -0.08175 ], [ 0.04883, -0.08175 ] ] ] } },
{ "type": "Feature", "properties": { "constituency_id": "E14000546", "constituency_name": "Bassetlaw", "Main party name": "Labour", "Main party abbreviation": "Lab", "Election result summary": "Lab hold", "Election URL": "https://electionresults.parliament.uk/elections/678" }, "geometry": { "type": "Polygon", "coordinates": [ [ [ 0.06055, -0.05338 ], [ 0.06055, -0.05473 ], [ 0.05938, -0.0554 ], [ 0.0582, -0.05473 ], [ 0.0582, -0.05338 ], [ 0.05938, -0.0527 ], [ 0.06055, -0.05338 ], [ 0.06055, -0.05338 ] ] ] } },
{ "type": "Feature", "properties": { "constituency_id": "E14000547", "constituency_name": "Bath", "Main party name": "Liberal Democrat", "Main party abbreviation": "LD", "Election result summary": "LD gain from Con", "Election URL": "https://electionresults.parliament.uk/elections/679" }, "geometry": { "type": "Polygon", "coordinates": [ [ [ 0.04297, -0.07973 ], [ 0.04297, -0.08108 ], [ 0.0418, -0.08175 ], [ 0.04062, -0.08108 ], [ 0.04062, -0.07973 ], [ 0.0418, -0.07905 ], [ 0.04297, -0.07973 ], [ 0.04297, -0.07973 ] ] ] } },
{ "type": "Feature", "properties": { "constituency_id": "E14000548", "constituency_name": "Batley and Spen", "Main party name": "Labour", "Main party abbreviation": "Lab", "Election result summary": "Lab hold", "Election URL": "https://electionresults.parliament.uk/elections/680" }, "geometry": { "type": "Polygon", "coordinates": [ [ [ 0.05352, -0.04527 ], [ 0.05352, -0.04662 ], [ 0.05234, -0.0473 ], [ 0.05117, -0.04662 ], [ 0.05117, -0.04527 ], [ 0.05234, -0.0446 ], [ 0.05352, -0.04527 ], [ 0.05352, -0.04527 ] ] ] } },
{ "type": "Feature", "properties": { "constituency_id": "E14000549", "constituency_name": "Battersea", "Main party name": "Labour", "Main party abbreviation": "Lab", "Election result summary": "Lab gain from Con", "Election URL": "https://electionresults.parliament.uk/elections/681" }, "geometry": { "type": "Polygon", "coordinates": [ [ [ 0.06524, -0.08581 ], [ 0.06524, -0.08716 ], [ 0.06406, -0.08783 ], [ 0.06289, -0.08716 ], [ 0.06289, -0.08581 ], [ 0.06406, -0.08513 ], [ 0.06524, -0.08581 ], [ 0.06524, -0.08581 ] ] ] } },
{ "type": "Feature", "properties": { "constituency_id": "E14000550", "constituency_name": "Beaconsfield", "Main party name": "Conservative", "Main party abbreviation": "Con", "Election result summary": "Con hold", "Election URL": "https://electionresults.parliament.uk/elections/682" }, "geometry": { "type": "Polygon", "coordinates": [ [ [ 0.05352, -0.0777 ], [ 0.05352, -0.07905 ], [ 0.05234, -0.07973 ], [ 0.05117, -0.07905 ], [ 0.05117, -0.0777 ], [ 0.05234, -0.07702 ], [ 0.05352, -0.0777 ], [ 0.05352, -0.0777 ] ] ] } },
{ "type": "Feature", "properties": { "constituency_id": "E14000551", "constituency_name": "Beckenham", "Main party name": "Conservative", "Main party abbreviation": "Con", "Election result summary": "Con hold", "Election URL": "https://electionresults.parliament.uk/elections/683" }, "geometry": { "type": "Polygon", "coordinates": [ [ [ 0.07227, -0.08986 ], [ 0.07227, -0.09121 ], [ 0.07109, -0.09189 ], [ 0.06992, -0.09121 ], [ 0.06992, -0.08986 ], [ 0.07109, -0.08919 ], [ 0.07227, -0.08986 ], [ 0.07227, -0.08986 ] ] ] } },
{ "type": "Feature", "properties": { "constituency_id": "E14000552", "constituency_name": "Bedford", "Main party name": "Labour", "Main party abbreviation": "Lab", "Election result summary": "Lab gain from Con", "Election URL": "https://electionresults.parliament.uk/elections/684" }, "geometry": { "type": "Polygon", "coordinates": [ [ [ 0.06641, -0.06757 ], [ 0.06641, -0.06892 ], [ 0.06524, -0.06959 ], [ 0.06406, -0.06892 ], [ 0.06406, -0.06757 ], [ 0.06524, -0.06689 ], [ 0.06641, -0.06757 ], [ 0.06641, -0.06757 ] ] ] } },
{ "type": "Feature", "properties": { "constituency_id": "E14000553", "constituency_name": "Bermondsey and Old Southwark", "Main party name": "Labour", "Main party abbreviation": "Lab", "Election result summary": "Lab hold", "Election URL": "https://electionresults.parliament.uk/elections/689" }, "geometry": { "type": "Polygon", "coordinates": [ [ [ 0.06875, -0.08378 ], [ 0.06875, -0.08513 ], [ 0.06758, -0.08581 ], [ 0.06641, -0.08513 ], [ 0.06641, -0.08378 ], [ 0.06758, -0.0831 ], [ 0.06875, -0.08378 ], [ 0.06875, -0.08378 ] ] ] } },
{ "type": "Feature", "properties": { "constituency_id": "E14000554", "constituency_name": "Berwick-Upon-Tweed", "Main party name": "Conservative", "Main party abbreviation": "Con", "Election result summary": "Con hold", "Election URL": "https://electionresults.parliament.uk/elections/691" }, "geometry": { "type": "Polygon", "coordinates": [ [ [ 0.04766, -0.02703 ], [ 0.04766, -0.02838 ], [ 0.04648, -0.02906 ], [ 0.04531, -0.02838 ], [ 0.04531, -0.02703 ], [ 0.04648, -0.02635 ], [ 0.04766, -0.02703 ], [ 0.04766, -0.02703 ] ] ] } },
{ "type": "Feature", "properties": { "constituency_id": "E14000555", "constituency_name": "Bethnal Green and Bow", "Main party name": "Labour", "Main party abbreviation": "Lab", "Election result summary": "Lab hold", "Election URL": "https://electionresults.parliament.uk/elections/692" }, "geometry": { "type": "Polygon", "coordinates": [ [ [ 0.07227, -0.08175 ], [ 0.07227, -0.0831 ], [ 0.07109, -0.08378 ], [ 0.06992, -0.0831 ], [ 0.06992, -0.08175 ], [ 0.07109, -0.08108 ], [ 0.07227, -0.08175 ], [ 0.07227, -0.08175 ] ] ] } },
{ "type": "Feature", "properties": { "constituency_id": "E14000556", "constituency_name": "Beverley and Holderness", "Main party name": "Conservative", "Main party abbreviation": "Con", "Election result summary": "Con hold", "Election URL": "https://electionresults.parliament.uk/elections/693" }, "geometry": { "type": "Polygon", "coordinates": [ [ [ 0.06524, -0.04527 ], [ 0.06524, -0.04662 ], [ 0.06406, -0.0473 ], [ 0.06289, -0.04662 ], [ 0.06289, -0.04527 ], [ 0.06406, -0.0446 ], [ 0.06524, -0.04527 ], [ 0.06524, -0.04527 ] ] ] } },
{ "type": "Feature", "properties": { "constituency_id": "E14000557", "constituency_name": "Bexhill and Battle", "Main party name": "Conservative", "Main party abbreviation": "Con", "Election result summary": "Con hold", "Election URL": "https://electionresults.parliament.uk/elections/694" }, "geometry": { "type": "Polygon", "coordinates": [ [ [ 0.08047, -0.09189 ], [ 0.08047, -0.09324 ], [ 0.0793, -0.09391 ], [ 0.07813, -0.09324 ], [ 0.07813, -0.09189 ], [ 0.0793, -0.09121 ], [ 0.08047, -0.09189 ], [ 0.08047, -0.09189 ] ] ] } },
{ "type": "Feature", "properties": { "constituency_id": "E14000558", "constituency_name": "Bexleyheath and Crayford", "Main party name": "Conservative", "Main party abbreviation": "Con", "Election result summary": "Con hold", "Election URL": "https://electionresults.parliament.uk/elections/695" }, "geometry": { "type": "Polygon", "coordinates": [ [ [ 0.07695, -0.08175 ], [ 0.07695, -0.0831 ], [ 0.07578, -0.08378 ], [ 0.07461, -0.0831 ], [ 0.07461, -0.08175 ], [ 0.07578, -0.08108 ], [ 0.07695, -0.08175 ], [ 0.07695, -0.08175 ] ] ] } },
{ "type": "Feature", "properties": { "constituency_id": "E14000559", "constituency_name": "Birkenhead", "Main party name": "Labour", "Main party abbreviation": "Lab", "Election result summary": "Lab hold", "Election URL": "https://electionresults.parliament.uk/elections/696" }, "geometry": { "type": "Polygon", "coordinates": [ [ [ 0.03242, -0.05743 ], [ 0.03242, -0.05878 ], [ 0.03125, -0.05946 ], [ 0.03008, -0.05878 ], [ 0.03008, -0.05743 ], [ 0.03125, -0.05676 ], [ 0.03242, -0.05743 ], [ 0.03242, -0.05743 ] ] ] } },
{ "type": "Feature", "properties": { "constituency_id": "E14000560", "constituency_name": "Birmingham, Edgbaston", "Main party name": "Labour", "Main party abbreviation": "Lab", "Election result summary": "Lab hold", "Election URL": "https://electionresults.parliament.uk/elections/697" }, "geometry": { "type": "Polygon", "coordinates": [ [ [ 0.04766, -0.06757 ], [ 0.04766, -0.06892 ], [ 0.04648, -0.06959 ], [ 0.04531, -0.06892 ], [ 0.04531, -0.06757 ], [ 0.04648, -0.06689 ], [ 0.04766, -0.06757 ], [ 0.04766, -0.06757 ] ] ] } },
{ "type": "Feature", "properties": { "constituency_id": "E14000561", "constituency_name": "Birmingham, Erdington", "Main party name": "Labour", "Main party abbreviation": "Lab", "Election result summary": "Lab hold", "Election URL": "https://electionresults.parliament.uk/elections/698" }, "geometry": { "type": "Polygon", "coordinates": [ [ [ 0.05117, -0.06554 ], [ 0.05117, -0.06689 ], [ 0.05, -0.06757 ], [ 0.04883, -0.06689 ], [ 0.04883, -0.06554 ], [ 0.05, -0.06486 ], [ 0.05117, -0.06554 ], [ 0.05117, -0.06554 ] ] ] } },
{ "type": "Feature", "properties": { "constituency_id": "E14000562", "constituency_name": "Birmingham, Hall Green", "Main party name": "Labour", "Main party abbreviation": "Lab", "Election result summary": "Lab hold", "Election URL": "https://electionresults.parliament.uk/elections/699" }, "geometry": { "type": "Polygon", "coordinates": [ [ [ 0.04883, -0.06959 ], [ 0.04883, -0.07094 ], [ 0.04766, -0.07162 ], [ 0.04648, -0.07094 ], [ 0.04648, -0.06959 ], [ 0.04766, -0.06892 ], [ 0.04883, -0.06959 ], [ 0.04883, -0.06959 ] ] ] } },
{ "type": "Feature", "properties": { "constituency_id": "E14000563", "constituency_name": "Birmingham, Hodge Hill", "Main party name": "Labour", "Main party abbreviation": "Lab", "Election result summary": "Lab hold", "Election URL": "https://electionresults.parliament.uk/elections/700" }, "geometry": { "type": "Polygon", "coordinates": [ [ [ 0.05352, -0.06554 ], [ 0.05352, -0.06689 ], [ 0.05234, -0.06757 ], [ 0.05117, -0.06689 ], [ 0.05117, -0.06554 ], [ 0.05234, -0.06486 ], [ 0.05352, -0.06554 ], [ 0.05352, -0.06554 ] ] ] } },
{ "type": "Feature", "properties": { "constituency_id": "E14000564", "constituency_name": "Birmingham, Ladywood", "Main party name": "Labour", "Main party abbreviation": "Lab", "Election result summary": "Lab hold", "Election URL": "https://electionresults.parliament.uk/elections/701" }, "geometry": { "type": "Polygon", "coordinates": [ [ [ 0.05, -0.06757 ], [ 0.05, -0.06892 ], [ 0.04883, -0.06959 ], [ 0.04766, -0.06892 ], [ 0.04766, -0.06757 ], [ 0.04883, -0.06689 ], [ 0.05, -0.06757 ], [ 0.05, -0.06757 ] ] ] } },
{ "type": "Feature", "properties": { "constituency_id": "E14000565", "constituency_name": "Birmingham, Northfield", "Main party name": "Labour", "Main party abbreviation": "Lab", "Election result summary": "Lab hold", "Election URL": "https://electionresults.parliament.uk/elections/702" }, "geometry": { "type": "Polygon", "coordinates": [ [ [ 0.04648, -0.06959 ], [ 0.04648, -0.07094 ], [ 0.04531, -0.07162 ], [ 0.04414, -0.07094 ], [ 0.04414, -0.06959 ], [ 0.04531, -0.06892 ], [ 0.04648, -0.06959 ], [ 0.04648, -0.06959 ] ] ] } },
{ "type": "Feature", "properties": { "constituency_id": "E14000566", "constituency_name": "Birmingham, Perry Barr", "Main party name": "Labour", "Main party abbreviation": "Lab", "Election result summary": "Lab hold", "Election URL": "https://electionresults.parliament.uk/elections/703" }, "geometry": { "type": "Polygon", "coordinates": [ [ [ 0.04883, -0.06554 ], [ 0.04883, -0.06689 ], [ 0.04766, -0.06757 ], [ 0.04648, -0.06689 ], [ 0.04648, -0.06554 ], [ 0.04766, -0.06486 ], [ 0.04883, -0.06554 ], [ 0.04883, -0.06554 ] ] ] } },
{ "type": "Feature", "properties": { "constituency_id": "E14000567", "constituency_name": "Birmingham, Selly Oak", "Main party name": "Labour", "Main party abbreviation": "Lab", "Election result summary": "Lab hold", "Election URL": "https://electionresults.parliament.uk/elections/704" }, "geometry": { "type": "Polygon", "coordinates": [ [ [ 0.05, -0.07162 ], [ 0.05, -0.07297 ], [ 0.04883, -0.07365 ], [ 0.04766, -0.07297 ], [ 0.04766, -0.07162 ], [ 0.04883, -0.07094 ], [ 0.05, -0.07162 ], [ 0.05, -0.07162 ] ] ] } },
{ "type": "Feature", "properties": { "constituency_id": "E14000568", "constituency_name": "Birmingham, Yardley", "Main party name": "Labour", "Main party abbreviation": "Lab", "Election result summary": "Lab hold", "Election URL": "https://electionresults.parliament.uk/elections/705" }, "geometry": { "type": "Polygon", "coordinates": [ [ [ 0.05234, -0.06757 ], [ 0.05234, -0.06892 ], [ 0.05117, -0.06959 ], [ 0.05, -0.06892 ], [ 0.05, -0.06757 ], [ 0.05117, -0.06689 ], [ 0.05234, -0.06757 ], [ 0.05234, -0.06757 ] ] ] } },
{ "type": "Feature", "properties": { "constituency_id": "E14000569", "constituency_name": "Bishop Auckland", "Main party name": "Labour", "Main party abbreviation": "Lab", "Election result summary": "Lab hold", "Election URL": "https://electionresults.parliament.uk/elections/706" }, "geometry": { "type": "Polygon", "coordinates": [ [ [ 0.05117, -0.03716 ], [ 0.05117, -0.03851 ], [ 0.05, -0.03919 ], [ 0.04883, -0.03851 ], [ 0.04883, -0.03716 ], [ 0.05, -0.03649 ], [ 0.05117, -0.03716 ], [ 0.05117, -0.03716 ] ] ] } },
{ "type": "Feature", "properties": { "constituency_id": "E14000570", "constituency_name": "Blackburn", "Main party name": "Labour", "Main party abbreviation": "Lab", "Election result summary": "Lab hold", "Election URL": "https://electionresults.parliament.uk/elections/707" }, "geometry": { "type": "Polygon", "coordinates": [ [ [ 0.0418, -0.04122 ], [ 0.0418, -0.04257 ], [ 0.04062, -0.04324 ], [ 0.03945, -0.04257 ], [ 0.03945, -0.04122 ], [ 0.04062, -0.04054 ], [ 0.0418, -0.04122 ], [ 0.0418, -0.04122 ] ] ] } },
{ "type": "Feature", "properties": { "constituency_id": "E14000571", "constituency_name": "Blackley and Broughton", "Main party name": "Labour", "Main party abbreviation": "Lab", "Election result summary": "Lab hold", "Election URL": "https://electionresults.parliament.uk/elections/708" }, "geometry": { "type": "Polygon", "coordinates": [ [ [ 0.0418, -0.04932 ], [ 0.0418, -0.05068 ], [ 0.04062, -0.05135 ], [ 0.03945, -0.05068 ], [ 0.03945, -0.04932 ], [ 0.04062, -0.04865 ], [ 0.0418, -0.04932 ], [ 0.0418, -0.04932 ] ] ] } },
{ "type": "Feature", "properties": { "constituency_id": "E14000572", "constituency_name": "Blackpool North and Cleveleys", "Main party name": "Conservative", "Main party abbreviation": "Con", "Election result summary": "Con hold", "Election URL": "https://electionresults.parliament.uk/elections/709" }, "geometry": { "type": "Polygon", "coordinates": [ [ [ 0.0418, -0.03716 ], [ 0.0418, -0.03851 ], [ 0.04062, -0.03919 ], [ 0.03945, -0.03851 ], [ 0.03945, -0.03716 ], [ 0.04062, -0.03649 ], [ 0.0418, -0.03716 ], [ 0.0418, -0.03716 ] ] ] } },
{ "type": "Feature", "properties": { "constituency_id": "E14000573", "constituency_name": "Blackpool South", "Main party name": "Labour", "Main party abbreviation": "Lab", "Election result summary": "Lab hold", "Election URL": "https://electionresults.parliament.uk/elections/710" }, "geometry": { "type": "Polygon", "coordinates": [ [ [ 0.03828, -0.03919 ], [ 0.03828, -0.04054 ], [ 0.03711, -0.04122 ], [ 0.03594, -0.04054 ], [ 0.03594, -0.03919 ], [ 0.03711, -0.03851 ], [ 0.03828, -0.03919 ], [ 0.03828, -0.03919 ] ] ] } },
{ "type": "Feature", "properties": { "constituency_id": "E14000574", "constituency_name": "Blaydon", "Main party name": "Labour", "Main party abbreviation": "Lab", "Election result summary": "Lab hold", "Election URL": "https://electionresults.parliament.uk/elections/712" }, "geometry": { "type": "Polygon", "coordinates": [ [ [ 0.04883, -0.03311 ], [ 0.04883, -0.03446 ], [ 0.04766, -0.03514 ], [ 0.04648, -0.03446 ], [ 0.04648, -0.03311 ], [ 0.04766, -0.03243 ], [ 0.04883, -0.03311 ], [ 0.04883, -0.03311 ] ] ] } },
{ "type": "Feature", "properties": { "constituency_id": "E14000575", "constituency_name": "Blyth Valley", "Main party name": "Labour", "Main party abbreviation": "Lab", "Election result summary": "Lab hold", "Election URL": "https://electionresults.parliament.uk/elections/713" }, "geometry": { "type": "Polygon", "coordinates": [ [ [ 0.05234, -0.02703 ], [ 0.05234, -0.02838 ], [ 0.05117, -0.02906 ], [ 0.05, -0.02838 ], [ 0.05, -0.02703 ], [ 0.05117, -0.02635 ], [ 0.05234, -0.02703 ], [ 0.05234, -0.02703 ] ] ] } },
{ "type": "Feature", "properties": { "constituency_id": "E14000576", "constituency_name": "Bognor Regis and Littlehampton", "Main party name": "Conservative", "Main party abbreviation": "Con", "Election result summary": "Con hold", "Election URL": "https://electionresults.parliament.uk/elections/714" }, "geometry": { "type": "Polygon", "coordinates": [ [ [ 0.06172, -0.09189 ], [ 0.06172, -0.09324 ], [ 0.06055, -0.09391 ], [ 0.05938, -0.09324 ], [ 0.05938, -0.09189 ], [ 0.06055, -0.09121 ], [ 0.06172, -0.09189 ], [ 0.06172, -0.09189 ] ] ] } },
{ "type": "Feature", "properties": { "constituency_id": "E14000577", "constituency_name": "Bolsover", "Main party name": "Labour", "Main party abbreviation": "Lab", "Election result summary": "Lab hold", "Election URL": "https://electionresults.parliament.uk/elections/715" }, "geometry": { "type": "Polygon", "coordinates": [ [ [ 0.05703, -0.0554 ], [ 0.05703, -0.05676 ], [ 0.05586, -0.05743 ], [ 0.05469, -0.05676 ], [ 0.05469, -0.0554 ], [ 0.05586, -0.05473 ], [ 0.05703, -0.0554 ], [ 0.05703, -0.0554 ] ] ] } },
{ "type": "Feature", "properties": { "constituency_id": "E14000578", "constituency_name": "Bolton North East", "Main party name": "Labour", "Main party abbreviation": "Lab", "Election result summary": "Lab hold", "Election URL": "https://electionresults.parliament.uk/elections/716" }, "geometry": { "type": "Polygon", "coordinates": [ [ [ 0.04062, -0.0473 ], [ 0.04062, -0.04865 ], [ 0.03945, -0.04932 ], [ 0.03828, -0.04865 ], [ 0.03828, -0.0473 ], [ 0.03945, -0.04662 ], [ 0.04062, -0.0473 ], [ 0.04062, -0.0473 ] ] ] } },
{ "type": "Feature", "properties": { "constituency_id": "E14000579", "constituency_name": "Bolton South East", "Main party name": "Labour", "Main party abbreviation": "Lab", "Election result summary": "Lab hold", "Election URL": "https://electionresults.parliament.uk/elections/717" }, "geometry": { "type": "Polygon", "coordinates": [ [ [ 0.03945, -0.04932 ], [ 0.03945, -0.05068 ], [ 0.03828, -0.05135 ], [ 0.03711, -0.05068 ], [ 0.03711, -0.04932 ], [ 0.03828, -0.04865 ], [ 0.03945, -0.04932 ], [ 0.03945, -0.04932 ] ] ] } },
{ "type": "Feature", "properties": { "constituency_id": "E14000580", "constituency_name": "Bolton West", "Main party name": "Conservative", "Main party abbreviation": "Con", "Election result summary": "Con hold", "Election URL": "https://electionresults.parliament.uk/elections/718" }, "geometry": { "type": "Polygon", "coordinates": [ [ [ 0.03828, -0.0473 ], [ 0.03828, -0.04865 ], [ 0.03711, -0.04932 ], [ 0.03594, -0.04865 ], [ 0.03594, -0.0473 ], [ 0.03711, -0.04662 ], [ 0.03828, -0.0473 ], [ 0.03828, -0.0473 ] ] ] } },
{ "type": "Feature", "properties": { "constituency_id": "E14000581", "constituency_name": "Bootle", "Main party name": "Labour", "Main party abbreviation": "Lab", "Election result summary": "Lab hold", "Election URL": "https://electionresults.parliament.uk/elections/719" }, "geometry": { "type": "Polygon", "coordinates": [ [ [ 0.03359, -0.0473 ], [ 0.03359, -0.04865 ], [ 0.03242, -0.04932 ], [ 0.03125, -0.04865 ], [ 0.03125, -0.0473 ], [ 0.03242, -0.04662 ], [ 0.03359, -0.0473 ], [ 0.03359, -0.0473 ] ] ] } },
{ "type": "Feature", "properties": { "constituency_id": "E14000582", "constituency_name": "Boston and Skegness", "Main party name": "Conservative", "Main party abbreviation": "Con", "Election result summary": "Con hold", "Election URL": "https://electionresults.parliament.uk/elections/720" }, "geometry": { "type": "Polygon", "coordinates": [ [ [ 0.06641, -0.05135 ], [ 0.06641, -0.0527 ], [ 0.06524, -0.05338 ], [ 0.06406, -0.0527 ], [ 0.06406, -0.05135 ], [ 0.06524, -0.05068 ], [ 0.06641, -0.05135 ], [ 0.06641, -0.05135 ] ] ] } },
{ "type": "Feature", "properties": { "constituency_id": "E14000583", "constituency_name": "Bosworth", "Main party name": "Conservative", "Main party abbreviation": "Con", "Election result summary": "Con hold", "Election URL": "https://electionresults.parliament.uk/elections/721" }, "geometry": { "type": "Polygon", "coordinates": [ [ [ 0.05703, -0.06351 ], [ 0.05703, -0.06486 ], [ 0.05586, -0.06554 ], [ 0.05469, -0.06486 ], [ 0.05469, -0.06351 ], [ 0.05586, -0.06284 ], [ 0.05703, -0.06351 ], [ 0.05703, -0.06351 ] ] ] } },
{ "type": "Feature", "properties": { "constituency_id": "E14000584", "constituency_name": "Bournemouth East", "Main party name": "Conservative", "Main party abbreviation": "Con", "Election result summary": "Con hold", "Election URL": "https://electionresults.parliament.uk/elections/722" }, "geometry": { "type": "Polygon", "coordinates": [ [ [ 0.03828, -0.08783 ], [ 0.03828, -0.08919 ], [ 0.03711, -0.08986 ], [ 0.03594, -0.08919 ], [ 0.03594, -0.08783 ], [ 0.03711, -0.08716 ], [ 0.03828, -0.08783 ], [ 0.03828, -0.08783 ] ] ] } },
{ "type": "Feature", "properties": { "constituency_id": "E14000585", "constituency_name": "Bournemouth West", "Main party name": "Conservative", "Main party abbreviation": "Con", "Election result summary": "Con hold", "Election URL": "https://electionresults.parliament.uk/elections/723" }, "geometry": { "type": "Polygon", "coordinates": [ [ [ 0.03711, -0.08986 ], [ 0.03711, -0.09121 ], [ 0.03594, -0.09189 ], [ 0.03476, -0.09121 ], [ 0.03476, -0.08986 ], [ 0.03594, -0.08919 ], [ 0.03711, -0.08986 ], [ 0.03711, -0.08986 ] ] ] } },
{ "type": "Feature", "properties": { "constituency_id": "E14000586", "constituency_name": "Bracknell", "Main party name": "Conservative", "Main party abbreviation": "Con", "Election result summary": "Con hold", "Election URL": "https://electionresults.parliament.uk/elections/724" }, "geometry": { "type": "Polygon", "coordinates": [ [ [ 0.05117, -0.08175 ], [ 0.05117, -0.0831 ], [ 0.05, -0.08378 ], [ 0.04883, -0.0831 ], [ 0.04883, -0.08175 ], [ 0.05, -0.08108 ], [ 0.05117, -0.08175 ], [ 0.05117, -0.08175 ] ] ] } },
{ "type": "Feature", "properties": { "constituency_id": "E14000587", "constituency_name": "Bradford East", "Main party name": "Labour", "Main party abbreviation": "Lab", "Election result summary": "Lab hold", "Election URL": "https://electionresults.parliament.uk/elections/725" }, "geometry": { "type": "Polygon", "coordinates": [ [ [ 0.05234, -0.04324 ], [ 0.05234, -0.0446 ], [ 0.05117, -0.04527 ], [ 0.05, -0.0446 ], [ 0.05, -0.04324 ], [ 0.05117, -0.04257 ], [ 0.05234, -0.04324 ], [ 0.05234, -0.04324 ] ] ] } },
{ "type": "Feature", "properties": { "constituency_id": "E14000588", "constituency_name": "Bradford South", "Main party name": "Labour", "Main party abbreviation": "Lab", "Election result summary": "Lab hold", "Election URL": "https://electionresults.parliament.uk/elections/726" }, "geometry": { "type": "Polygon", "coordinates": [ [ [ 0.05117, -0.04527 ], [ 0.05117, -0.04662 ], [ 0.05, -0.0473 ], [ 0.04883, -0.04662 ], [ 0.04883, -0.04527 ], [ 0.05, -0.0446 ], [ 0.05117, -0.04527 ], [ 0.05117, -0.04527 ] ] ] } },
{ "type": "Feature", "properties": { "constituency_id": "E14000589", "constituency_name": "Bradford West", "Main party name": "Labour", "Main party abbreviation": "Lab", "Election result summary": "Lab hold", "Election URL": "https://electionresults.parliament.uk/elections/727" }, "geometry": { "type": "Polygon", "coordinates": [ [ [ 0.05, -0.04324 ], [ 0.05, -0.0446 ], [ 0.04883, -0.04527 ], [ 0.04766, -0.0446 ], [ 0.04766, -0.04324 ], [ 0.04883, -0.04257 ], [ 0.05, -0.04324 ], [ 0.05, -0.04324 ] ] ] } },
{ "type": "Feature", "properties": { "constituency_id": "E14000590", "constituency_name": "Braintree", "Main party name": "Conservative", "Main party abbreviation": "Con", "Election result summary": "Con hold", "Election URL": "https://electionresults.parliament.uk/elections/728" }, "geometry": { "type": "Polygon", "coordinates": [ [ [ 0.07461, -0.06554 ], [ 0.07461, -0.06689 ], [ 0.07344, -0.06757 ], [ 0.07227, -0.06689 ], [ 0.07227, -0.06554 ], [ 0.07344, -0.06486 ], [ 0.07461, -0.06554 ], [ 0.07461, -0.06554 ] ] ] } },
{ "type": "Feature", "properties": { "constituency_id": "E14000591", "constituency_name": "Brent Central", "Main party name": "Labour", "Main party abbreviation": "Lab", "Election result summary": "Lab hold", "Election URL": "https://electionresults.parliament.uk/elections/730" }, "geometry": { "type": "Polygon", "coordinates": [ [ [ 0.06172, -0.07973 ], [ 0.06172, -0.08108 ], [ 0.06055, -0.08175 ], [ 0.05938, -0.08108 ], [ 0.05938, -0.07973 ], [ 0.06055, -0.07905 ], [ 0.06172, -0.07973 ], [ 0.06172, -0.07973 ] ] ] } },
{ "type": "Feature", "properties": { "constituency_id": "E14000592", "constituency_name": "Brent North", "Main party name": "Labour", "Main party abbreviation": "Lab", "Election result summary": "Lab hold", "Election URL": "https://electionresults.parliament.uk/elections/731" }, "geometry": { "type": "Polygon", "coordinates": [ [ [ 0.05938, -0.07973 ], [ 0.05938, -0.08108 ], [ 0.0582, -0.08175 ], [ 0.05703, -0.08108 ], [ 0.05703, -0.07973 ], [ 0.0582, -0.07905 ], [ 0.05938, -0.07973 ], [ 0.05938, -0.07973 ] ] ] } },
{ "type": "Feature", "properties": { "constituency_id": "E14000593", "constituency_name": "Brentford and Isleworth", "Main party name": "Labour", "Main party abbreviation": "Lab", "Election result summary": "Lab hold", "Election URL": "https://electionresults.parliament.uk/elections/732" }, "geometry": { "type": "Polygon", "coordinates": [ [ [ 0.05938, -0.08378 ], [ 0.05938, -0.08513 ], [ 0.0582, -0.08581 ], [ 0.05703, -0.08513 ], [ 0.05703, -0.08378 ], [ 0.0582, -0.0831 ], [ 0.05938, -0.08378 ], [ 0.05938, -0.08378 ] ] ] } },
{ "type": "Feature", "properties": { "constituency_id": "E14000594", "constituency_name": "Brentwood and Ongar", "Main party name": "Conservative", "Main party abbreviation": "Con", "Election result summary": "Con hold", "Election URL": "https://electionresults.parliament.uk/elections/733" }, "geometry": { "type": "Polygon", "coordinates": [ [ [ 0.07461, -0.06959 ], [ 0.07461, -0.07094 ], [ 0.07344, -0.07162 ], [ 0.07227, -0.07094 ], [ 0.07227, -0.06959 ], [ 0.07344, -0.06892 ], [ 0.07461, -0.06959 ], [ 0.07461, -0.06959 ] ] ] } },
{ "type": "Feature", "properties": { "constituency_id": "E14000595", "constituency_name": "Bridgwater and West Somerset", "Main party name": "Conservative", "Main party abbreviation": "Con", "Election result summary": "Con hold", "Election URL": "https://electionresults.parliament.uk/elections/735" }, "geometry": { "type": "Polygon", "coordinates": [ [ [ 0.03008, -0.08581 ], [ 0.03008, -0.08716 ], [ 0.02891, -0.08783 ], [ 0.02773, -0.08716 ], [ 0.02773, -0.08581 ], [ 0.02891, -0.08513 ], [ 0.03008, -0.08581 ], [ 0.03008, -0.08581 ] ] ] } },
{ "type": "Feature", "properties": { "constituency_id": "E14000596", "constituency_name": "Brigg and Goole", "Main party name": "Conservative", "Main party abbreviation": "Con", "Election result summary": "Con hold", "Election URL": "https://electionresults.parliament.uk/elections/736" }, "geometry": { "type": "Polygon", "coordinates": [ [ [ 0.05938, -0.0473 ], [ 0.05938, -0.04865 ], [ 0.0582, -0.04932 ], [ 0.05703, -0.04865 ], [ 0.05703, -0.0473 ], [ 0.0582, -0.04662 ], [ 0.05938, -0.0473 ], [ 0.05938, -0.0473 ] ] ] } },
{ "type": "Feature", "properties": { "constituency_id": "E14000597", "constituency_name": "Brighton, Kemptown", "Main party name": "Labour", "Main party abbreviation": "Lab", "Election result summary": "Lab gain from Con", "Election URL": "https://electionresults.parliament.uk/elections/737" }, "geometry": { "type": "Polygon", "coordinates": [ [ [ 0.07344, -0.09189 ], [ 0.07344, -0.09324 ], [ 0.07227, -0.09391 ], [ 0.07109, -0.09324 ], [ 0.07109, -0.09189 ], [ 0.07227, -0.09121 ], [ 0.07344, -0.09189 ], [ 0.07344, -0.09189 ] ] ] } },
{ "type": "Feature", "properties": { "constituency_id": "E14000598", "constituency_name": "Brighton, Pavilion", "Main party name": "Green Party", "Main party abbreviation": "Green", "Election result summary": "Green hold", "Election URL": "https://electionresults.parliament.uk/elections/738" }, "geometry": { "type": "Polygon", "coordinates": [ [ [ 0.07109, -0.09189 ], [ 0.07109, -0.09324 ], [ 0.06992, -0.09391 ], [ 0.06875, -0.09324 ], [ 0.06875, -0.09189 ], [ 0.06992, -0.09121 ], [ 0.07109, -0.09189 ], [ 0.07109, -0.09189 ] ] ] } },
{ "type": "Feature", "properties": { "constituency_id": "E14000599", "constituency_name": "Bristol East", "Main party name": "Labour", "Main party abbreviation": "Lab", "Election result summary": "Lab hold", "Election URL": "https://electionresults.parliament.uk/elections/739" }, "geometry": { "type": "Polygon", "coordinates": [ [ [ 0.04062, -0.07973 ], [ 0.04062, -0.08108 ], [ 0.03945, -0.08175 ], [ 0.03828, -0.08108 ], [ 0.03828, -0.07973 ], [ 0.03945, -0.07905 ], [ 0.04062, -0.07973 ], [ 0.04062, -0.07973 ] ] ] } },
{ "type": "Feature", "properties": { "constituency_id": "E14000600", "constituency_name": "Bristol North West", "Main party name": "Labour", "Main party abbreviation": "Lab", "Election result summary": "Lab gain from Con", "Election URL": "https://electionresults.parliament.uk/elections/740" }, "geometry": { "type": "Polygon", "coordinates": [ [ [ 0.03828, -0.07973 ], [ 0.03828, -0.08108 ], [ 0.03711, -0.08175 ], [ 0.03594, -0.08108 ], [ 0.03594, -0.07973 ], [ 0.03711, -0.07905 ], [ 0.03828, -0.07973 ], [ 0.03828, -0.07973 ] ] ] } },
{ "type": "Feature", "properties": { "constituency_id": "E14000601", "constituency_name": "Bristol South", "Main party name": "Labour", "Main party abbreviation": "Lab", "Election result summary": "Lab hold", "Election URL": "https://electionresults.parliament.uk/elections/741" }, "geometry": { "type": "Polygon", "coordinates": [ [ [ 0.03945, -0.08175 ], [ 0.03945, -0.0831 ], [ 0.03828, -0.08378 ], [ 0.03711, -0.0831 ], [ 0.03711, -0.08175 ], [ 0.03828, -0.08108 ], [ 0.03945, -0.08175 ], [ 0.03945, -0.08175 ] ] ] } },
{ "type": "Feature", "properties": { "constituency_id": "E14000602", "constituency_name": "Bristol West", "Main party name": "Labour", "Main party abbreviation": "Lab", "Election result summary": "Lab hold", "Election URL": "https://electionresults.parliament.uk/elections/742" }, "geometry": { "type": "Polygon", "coordinates": [ [ [ 0.03711, -0.08175 ], [ 0.03711, -0.0831 ], [ 0.03594, -0.08378 ], [ 0.03476, -0.0831 ], [ 0.03476, -0.08175 ], [ 0.03594, -0.08108 ], [ 0.03711, -0.08175 ], [ 0.03711, -0.08175 ] ] ] } },
{ "type": "Feature", "properties": { "constituency_id": "E14000603", "constituency_name": "Broadland", "Main party name": "Conservative", "Main party abbreviation": "Con", "Election result summary": "Con hold", "Election URL": "https://electionresults.parliament.uk/elections/743" }, "geometry": { "type": "Polygon", "coordinates": [ [ [ 0.07227, -0.05743 ], [ 0.07227, -0.05878 ], [ 0.07109, -0.05946 ], [ 0.06992, -0.05878 ], [ 0.06992, -0.05743 ], [ 0.07109, -0.05676 ], [ 0.07227, -0.05743 ], [ 0.07227, -0.05743 ] ] ] } },
{ "type": "Feature", "properties": { "constituency_id": "E14000604", "constituency_name": "Bromley and Chislehurst", "Main party name": "Conservative", "Main party abbreviation": "Con", "Election result summary": "Con hold", "Election URL": "https://electionresults.parliament.uk/elections/744" }, "geometry": { "type": "Polygon", "coordinates": [ [ [ 0.07578, -0.08783 ], [ 0.07578, -0.08919 ], [ 0.07461, -0.08986 ], [ 0.07344, -0.08919 ], [ 0.07344, -0.08783 ], [ 0.07461, -0.08716 ], [ 0.07578, -0.08783 ], [ 0.07578, -0.08783 ] ] ] } },
{ "type": "Feature", "properties": { "constituency_id": "E14000605", "constituency_name": "Bromsgrove", "Main party name": "Conservative", "Main party abbreviation": "Con", "Election result summary": "Con hold", "Election URL": "https://electionresults.parliament.uk/elections/745" }, "geometry": { "type": "Polygon", "coordinates": [ [ [ 0.04766, -0.07162 ], [ 0.04766, -0.07297 ], [ 0.04648, -0.07365 ], [ 0.04531, -0.07297 ], [ 0.04531, -0.07162 ], [ 0.04648, -0.07094 ], [ 0.04766, -0.07162 ], [ 0.04766, -0.07162 ] ] ] } },
{ "type": "Feature", "properties": { "constituency_id": "E14000606", "constituency_name": "Broxbourne", "Main party name": "Conservative", "Main party abbreviation": "Con", "Election result summary": "Con hold", "Election URL": "https://electionresults.parliament.uk/elections/746" }, "geometry": { "type": "Polygon", "coordinates": [ [ [ 0.07461, -0.07365 ], [ 0.07461, -0.075 ], [ 0.07344, -0.07567 ], [ 0.07227, -0.075 ], [ 0.07227, -0.07365 ], [ 0.07344, -0.07297 ], [ 0.07461, -0.07365 ], [ 0.07461, -0.07365 ] ] ] } },
{ "type": "Feature", "properties": { "constituency_id": "E14000607", "constituency_name": "Broxtowe", "Main party name": "Conservative", "Main party abbreviation": "Con", "Election result summary": "Con hold", "Election URL": "https://electionresults.parliament.uk/elections/747" }, "geometry": { "type": "Polygon", "coordinates": [ [ [ 0.05703, -0.05946 ], [ 0.05703, -0.06081 ], [ 0.05586, -0.06149 ], [ 0.05469, -0.06081 ], [ 0.05469, -0.05946 ], [ 0.05586, -0.05878 ], [ 0.05703, -0.05946 ], [ 0.05703, -0.05946 ] ] ] } },
{ "type": "Feature", "properties": { "constituency_id": "E14000608", "constituency_name": "Buckingham", "Main party name": null, "Main party abbreviation": null, "Election result summary": "Spk hold", "Election URL": "https://electionresults.parliament.uk/elections/748" }, "geometry": { "type": "Polygon", "coordinates": [ [ [ 0.06172, -0.07162 ], [ 0.06172, -0.07297 ], [ 0.06055, -0.07365 ], [ 0.05938, -0.07297 ], [ 0.05938, -0.07162 ], [ 0.06055, -0.07094 ], [ 0.06172, -0.07162 ], [ 0.06172, -0.07162 ] ] ] } },
{ "type": "Feature", "properties": { "constituency_id": "E14000609", "constituency_name": "Burnley", "Main party name": "Labour", "Main party abbreviation": "Lab", "Election result summary": "Lab hold", "Election URL": "https://electionresults.parliament.uk/elections/749" }, "geometry": { "type": "Polygon", "coordinates": [ [ [ 0.04648, -0.04122 ], [ 0.04648, -0.04257 ], [ 0.04531, -0.04324 ], [ 0.04414, -0.04257 ], [ 0.04414, -0.04122 ], [ 0.04531, -0.04054 ], [ 0.04648, -0.04122 ], [ 0.04648, -0.04122 ] ] ] } },
{ "type": "Feature", "properties": { "constituency_id": "E14000610", "constituency_name": "Burton", "Main party name": "Conservative", "Main party abbreviation": "Con", "Election result summary": "Con hold", "Election URL": "https://electionresults.parliament.uk/elections/750" }, "geometry": { "type": "Polygon", "coordinates": [ [ [ 0.05, -0.05946 ], [ 0.05, -0.06081 ], [ 0.04883, -0.06149 ], [ 0.04766, -0.06081 ], [ 0.04766, -0.05946 ], [ 0.04883, -0.05878 ], [ 0.05, -0.05946 ], [ 0.05, -0.05946 ] ] ] } },
{ "type": "Feature", "properties": { "constituency_id": "E14000611", "constituency_name": "Bury North", "Main party name": "Labour", "Main party abbreviation": "Lab", "Election result summary": "Lab gain from Con", "Election URL": "https://electionresults.parliament.uk/elections/751" }, "geometry": { "type": "Polygon", "coordinates": [ [ [ 0.04297, -0.04324 ], [ 0.04297, -0.0446 ], [ 0.0418, -0.04527 ], [ 0.04062, -0.0446 ], [ 0.04062, -0.04324 ], [ 0.0418, -0.04257 ], [ 0.04297, -0.04324 ], [ 0.04297, -0.04324 ] ] ] } },
{ "type": "Feature", "properties": { "constituency_id": "E14000612", "constituency_name": "Bury South", "Main party name": "Labour", "Main party abbreviation": "Lab", "Election result summary": "Lab hold", "Election URL": "https://electionresults.parliament.uk/elections/752" }, "geometry": { "type": "Polygon", "coordinates": [ [ [ 0.0418, -0.04527 ], [ 0.0418, -0.04662 ], [ 0.04062, -0.0473 ], [ 0.03945, -0.04662 ], [ 0.03945, -0.04527 ], [ 0.04062, -0.0446 ], [ 0.0418, -0.04527 ], [ 0.0418, -0.04527 ] ] ] } },
{ "type": "Feature", "properties": { "constituency_id": "E14000613", "constituency_name": "Bury St Edmunds", "Main party name": "Conservative", "Main party abbreviation": "Con", "Election result summary": "Con hold", "Election URL": "https://electionresults.parliament.uk/elections/753" }, "geometry": { "type": "Polygon", "coordinates": [ [ [ 0.07695, -0.06554 ], [ 0.07695, -0.06689 ], [ 0.07578, -0.06757 ], [ 0.07461, -0.06689 ], [ 0.07461, -0.06554 ], [ 0.07578, -0.06486 ], [ 0.07695, -0.06554 ], [ 0.07695, -0.06554 ] ] ] } },
{ "type": "Feature", "properties": { "constituency_id": "E14000614", "constituency_name": "Calder Valley", "Main party name": "Conservative", "Main party abbreviation": "Con", "Election result summary": "Con hold", "Election URL": "https://electionresults.parliament.uk/elections/756" }, "geometry": { "type": "Polygon", "coordinates": [ [ [ 0.04766, -0.04324 ], [ 0.04766, -0.0446 ], [ 0.04648, -0.04527 ], [ 0.04531, -0.0446 ], [ 0.04531, -0.04324 ], [ 0.04648, -0.04257 ], [ 0.04766, -0.04324 ], [ 0.04766, -0.04324 ] ] ] } },
{ "type": "Feature", "properties": { "constituency_id": "E14000615", "constituency_name": "Camberwell and Peckham", "Main party name": "Labour", "Main party abbreviation": "Lab", "Election result summary": "Lab hold", "Election URL": "https://electionresults.parliament.uk/elections/757" }, "geometry": { "type": "Polygon", "coordinates": [ [ [ 0.06992, -0.08581 ], [ 0.06992, -0.08716 ], [ 0.06875, -0.08783 ], [ 0.06758, -0.08716 ], [ 0.06758, -0.08581 ], [ 0.06875, -0.08513 ], [ 0.06992, -0.08581 ], [ 0.06992, -0.08581 ] ] ] } },
{ "type": "Feature", "properties": { "constituency_id": "E14000616", "constituency_name": "Camborne and Redruth", "Main party name": "Conservative", "Main party abbreviation": "Con", "Election result summary": "Con hold", "Election URL": "https://electionresults.parliament.uk/elections/758" }, "geometry": { "type": "Polygon", "coordinates": [ [ [ 0.01953, -0.09189 ], [ 0.01953, -0.09324 ], [ 0.01836, -0.09391 ], [ 0.01719, -0.09324 ], [ 0.01719, -0.09189 ], [ 0.01836, -0.09121 ], [ 0.01953, -0.09189 ], [ 0.01953, -0.09189 ] ] ] } },
{ "type": "Feature", "properties": { "constituency_id": "E14000617", "constituency_name": "Cambridge", "Main party name": "Labour", "Main party abbreviation": "Lab", "Election result summary": "Lab hold", "Election URL": "https://electionresults.parliament.uk/elections/759" }, "geometry": { "type": "Polygon", "coordinates": [ [ [ 0.07109, -0.06351 ], [ 0.07109, -0.06486 ], [ 0.06992, -0.06554 ], [ 0.06875, -0.06486 ], [ 0.06875, -0.06351 ], [ 0.06992, -0.06284 ], [ 0.07109, -0.06351 ], [ 0.07109, -0.06351 ] ] ] } },
{ "type": "Feature", "properties": { "constituency_id": "E14000618", "constituency_name": "Cannock Chase", "Main party name": "Conservative", "Main party abbreviation": "Con", "Election result summary": "Con hold", "Election URL": "https://electionresults.parliament.uk/elections/760" }, "geometry": { "type": "Polygon", "coordinates": [ [ [ 0.04766, -0.06351 ], [ 0.04766, -0.06486 ], [ 0.04648, -0.06554 ], [ 0.04531, -0.06486 ], [ 0.04531, -0.06351 ], [ 0.04648, -0.06284 ], [ 0.04766, -0.06351 ], [ 0.04766, -0.06351 ] ] ] } },
{ "type": "Feature", "properties": { "constituency_id": "E14000619", "constituency_name": "Canterbury", "Main party name": "Labour", "Main party abbreviation": "Lab", "Election result summary": "Lab gain from Con", "Election URL": "https://electionresults.parliament.uk/elections/761" }, "geometry": { "type": "Polygon", "coordinates": [ [ [ 0.08399, -0.08581 ], [ 0.08399, -0.08716 ], [ 0.08281, -0.08783 ], [ 0.08164, -0.08716 ], [ 0.08164, -0.08581 ], [ 0.08281, -0.08513 ], [ 0.08399, -0.08581 ], [ 0.08399, -0.08581 ] ] ] } },
{ "type": "Feature", "properties": { "constituency_id": "E14000620", "constituency_name": "Carlisle", "Main party name": "Conservative", "Main party abbreviation": "Con", "Election result summary": "Con hold", "Election URL": "https://electionresults.parliament.uk/elections/766" }, "geometry": { "type": "Polygon", "coordinates": [ [ [ 0.04648, -0.03311 ], [ 0.04648, -0.03446 ], [ 0.04531, -0.03514 ], [ 0.04414, -0.03446 ], [ 0.04414, -0.03311 ], [ 0.04531, -0.03243 ], [ 0.04648, -0.03311 ], [ 0.04648, -0.03311 ] ] ] } },
{ "type": "Feature", "properties": { "constituency_id": "E14000621", "constituency_name": "Carshalton and Wallington", "Main party name": "Liberal Democrat", "Main party abbreviation": "LD", "Election result summary": "LD hold", "Election URL": "https://electionresults.parliament.uk/elections/769" }, "geometry": { "type": "Polygon", "coordinates": [ [ [ 0.06524, -0.08986 ], [ 0.06524, -0.09121 ], [ 0.06406, -0.09189 ], [ 0.06289, -0.09121 ], [ 0.06289, -0.08986 ], [ 0.06406, -0.08919 ], [ 0.06524, -0.08986 ], [ 0.06524, -0.08986 ] ] ] } },
{ "type": "Feature", "properties": { "constituency_id": "E14000622", "constituency_name": "Castle Point", "Main party name": "Conservative", "Main party abbreviation": "Con", "Election result summary": "Con hold", "Election URL": "https://electionresults.parliament.uk/elections/770" }, "geometry": { "type": "Polygon", "coordinates": [ [ [ 0.08047, -0.07567 ], [ 0.08047, -0.07702 ], [ 0.0793, -0.0777 ], [ 0.07813, -0.07702 ], [ 0.07813, -0.07567 ], [ 0.0793, -0.075 ], [ 0.08047, -0.07567 ], [ 0.08047, -0.07567 ] ] ] } },
{ "type": "Feature", "properties": { "constituency_id": "E14000623", "constituency_name": "Central Devon", "Main party name": "Conservative", "Main party abbreviation": "Con", "Election result summary": "Con hold", "Election URL": "https://electionresults.parliament.uk/elections/772" }, "geometry": { "type": "Polygon", "coordinates": [ [ [ 0.02656, -0.08783 ], [ 0.02656, -0.08919 ], [ 0.02539, -0.08986 ], [ 0.02422, -0.08919 ], [ 0.02422, -0.08783 ], [ 0.02539, -0.08716 ], [ 0.02656, -0.08783 ], [ 0.02656, -0.08783 ] ] ] } },
{ "type": "Feature", "properties": { "constituency_id": "E14000624", "constituency_name": "Central Suffolk and North Ipswich", "Main party name": "Conservative", "Main party abbreviation": "Con", "Election result summary": "Con hold", "Election URL": "https://electionresults.parliament.uk/elections/773" }, "geometry": { "type": "Polygon", "coordinates": [ [ [ 0.0793, -0.06149 ], [ 0.0793, -0.06284 ], [ 0.07813, -0.06351 ], [ 0.07695, -0.06284 ], [ 0.07695, -0.06149 ], [ 0.07813, -0.06081 ], [ 0.0793, -0.06149 ], [ 0.0793, -0.06149 ] ] ] } },
{ "type": "Feature", "properties": { "constituency_id": "E14000625", "constituency_name": "Charnwood", "Main party name": "Conservative", "Main party abbreviation": "Con", "Election result summary": "Con hold", "Election URL": "https://electionresults.parliament.uk/elections/775" }, "geometry": { "type": "Polygon", "coordinates": [ [ [ 0.06289, -0.06149 ], [ 0.06289, -0.06284 ], [ 0.06172, -0.06351 ], [ 0.06055, -0.06284 ], [ 0.06055, -0.06149 ], [ 0.06172, -0.06081 ], [ 0.06289, -0.06149 ], [ 0.06289, -0.06149 ] ] ] } },
{ "type": "Feature", "properties": { "constituency_id": "E14000626", "constituency_name": "Chatham and Aylesford", "Main party name": "Conservative", "Main party abbreviation": "Con", "Election result summary": "Con hold", "Election URL": "https://electionresults.parliament.uk/elections/776" }, "geometry": { "type": "Polygon", "coordinates": [ [ [ 0.08047, -0.08378 ], [ 0.08047, -0.08513 ], [ 0.0793, -0.08581 ], [ 0.07813, -0.08513 ], [ 0.07813, -0.08378 ], [ 0.0793, -0.0831 ], [ 0.08047, -0.08378 ], [ 0.08047, -0.08378 ] ] ] } },
{ "type": "Feature", "properties": { "constituency_id": "E14000627", "constituency_name": "Cheadle", "Main party name": "Conservative", "Main party abbreviation": "Con", "Election result summary": "Con hold", "Election URL": "https://electionresults.parliament.uk/elections/777" }, "geometry": { "type": "Polygon", "coordinates": [ [ [ 0.04531, -0.0554 ], [ 0.04531, -0.05676 ], [ 0.04414, -0.05743 ], [ 0.04297, -0.05676 ], [ 0.04297, -0.0554 ], [ 0.04414, -0.05473 ], [ 0.04531, -0.0554 ], [ 0.04531, -0.0554 ] ] ] } },
{ "type": "Feature", "properties": { "constituency_id": "E14000628", "constituency_name": "Chelmsford", "Main party name": "Conservative", "Main party abbreviation": "Con", "Election result summary": "Con hold", "Election URL": "https://electionresults.parliament.uk/elections/778" }, "geometry": { "type": "Polygon", "coordinates": [ [ [ 0.07695, -0.06959 ], [ 0.07695, -0.07094 ], [ 0.07578, -0.07162 ], [ 0.07461, -0.07094 ], [ 0.07461, -0.06959 ], [ 0.07578, -0.06892 ], [ 0.07695, -0.06959 ], [ 0.07695, -0.06959 ] ] ] } },
{ "type": "Feature", "properties": { "constituency_id": "E14000629", "constituency_name": "Chelsea and Fulham", "Main party name": "Conservative", "Main party abbreviation": "Con", "Election result summary": "Con hold", "Election URL": "https://electionresults.parliament.uk/elections/779" }, "geometry": { "type": "Polygon", "coordinates": [ [ [ 0.06172, -0.08378 ], [ 0.06172, -0.08513 ], [ 0.06055, -0.08581 ], [ 0.05938, -0.08513 ], [ 0.05938, -0.08378 ], [ 0.06055, -0.0831 ], [ 0.06172, -0.08378 ], [ 0.06172, -0.08378 ] ] ] } },
{ "type": "Feature", "properties": { "constituency_id": "E14000630", "constituency_name": "Cheltenham", "Main party name": "Conservative", "Main party abbreviation": "Con", "Election result summary": "Con hold", "Election URL": "https://electionresults.parliament.uk/elections/780" }, "geometry": { "type": "Polygon", "coordinates": [ [ [ 0.04062, -0.07567 ], [ 0.04062, -0.07702 ], [ 0.03945, -0.0777 ], [ 0.03828, -0.07702 ], [ 0.03828, -0.07567 ], [ 0.03945, -0.075 ], [ 0.04062, -0.07567 ], [ 0.04062, -0.07567 ] ] ] } },
{ "type": "Feature", "properties": { "constituency_id": "E14000631", "constituency_name": "Chesham and Amersham", "Main party name": "Conservative", "Main party abbreviation": "Con", "Election result summary": "Con hold", "Election URL": "https://electionresults.parliament.uk/elections/781" }, "geometry": { "type": "Polygon", "coordinates": [ [ [ 0.05703, -0.07567 ], [ 0.05703, -0.07702 ], [ 0.05586, -0.0777 ], [ 0.05469, -0.07702 ], [ 0.05469, -0.07567 ], [ 0.05586, -0.075 ], [ 0.05703, -0.07567 ], [ 0.05703, -0.07567 ] ] ] } },
{ "type": "Feature", "properties": { "constituency_id": "E14000632", "constituency_name": "Chesterfield", "Main party name": "Labour", "Main party abbreviation": "Lab", "Election result summary": "Lab hold", "Election URL": "https://electionresults.parliament.uk/elections/782" }, "geometry": { "type": "Polygon", "coordinates": [ [ [ 0.05469, -0.0554 ], [ 0.05469, -0.05676 ], [ 0.05352, -0.05743 ], [ 0.05234, -0.05676 ], [ 0.05234, -0.0554 ], [ 0.05352, -0.05473 ], [ 0.05469, -0.0554 ], [ 0.05469, -0.0554 ] ] ] } },
{ "type": "Feature", "properties": { "constituency_id": "E14000633", "constituency_name": "Chichester", "Main party name": "Conservative", "Main party abbreviation": "Con", "Election result summary": "Con hold", "Election URL": "https://electionresults.parliament.uk/elections/783" }, "geometry": { "type": "Polygon", "coordinates": [ [ [ 0.05469, -0.09189 ], [ 0.05469, -0.09324 ], [ 0.05352, -0.09391 ], [ 0.05234, -0.09324 ], [ 0.05234, -0.09189 ], [ 0.05352, -0.09121 ], [ 0.05469, -0.09189 ], [ 0.05469, -0.09189 ] ] ] } },
{ "type": "Feature", "properties": { "constituency_id": "E14000634", "constituency_name": "Chingford and Woodford Green", "Main party name": "Conservative", "Main party abbreviation": "Con", "Election result summary": "Con hold", "Election URL": "https://electionresults.parliament.uk/elections/784" }, "geometry": { "type": "Polygon", "coordinates": [ [ [ 0.06992, -0.07365 ], [ 0.06992, -0.075 ], [ 0.06875, -0.07567 ], [ 0.06758, -0.075 ], [ 0.06758, -0.07365 ], [ 0.06875, -0.07297 ], [ 0.06992, -0.07365 ], [ 0.06992, -0.07365 ] ] ] } },
{ "type": "Feature", "properties": { "constituency_id": "E14000635", "constituency_name": "Chippenham", "Main party name": "Conservative", "Main party abbreviation": "Con", "Election result summary": "Con hold", "Election URL": "https://electionresults.parliament.uk/elections/785" }, "geometry": { "type": "Polygon", "coordinates": [ [ [ 0.04531, -0.07973 ], [ 0.04531, -0.08108 ], [ 0.04414, -0.08175 ], [ 0.04297, -0.08108 ], [ 0.04297, -0.07973 ], [ 0.04414, -0.07905 ], [ 0.04531, -0.07973 ], [ 0.04531, -0.07973 ] ] ] } },
{ "type": "Feature", "properties": { "constituency_id": "E14000636", "constituency_name": "Chipping Barnet", "Main party name": "Conservative", "Main party abbreviation": "Con", "Election result summary": "Con hold", "Election URL": "https://electionresults.parliament.uk/elections/786" }, "geometry": { "type": "Polygon", "coordinates": [ [ [ 0.06406, -0.07567 ], [ 0.06406, -0.07702 ], [ 0.06289, -0.0777 ], [ 0.06172, -0.07702 ], [ 0.06172, -0.07567 ], [ 0.06289, -0.075 ], [ 0.06406, -0.07567 ], [ 0.06406, -0.07567 ] ] ] } },
{ "type": "Feature", "properties": { "constituency_id": "E14000637", "constituency_name": "Chorley", "Main party name": "Labour", "Main party abbreviation": "Lab", "Election result summary": "Lab hold", "Election URL": "https://electionresults.parliament.uk/elections/787" }, "geometry": { "type": "Polygon", "coordinates": [ [ [ 0.04062, -0.04324 ], [ 0.04062, -0.0446 ], [ 0.03945, -0.04527 ], [ 0.03828, -0.0446 ], [ 0.03828, -0.04324 ], [ 0.03945, -0.04257 ], [ 0.04062, -0.04324 ], [ 0.04062, -0.04324 ] ] ] } },
{ "type": "Feature", "properties": { "constituency_id": "E14000638", "constituency_name": "Christchurch", "Main party name": "Conservative", "Main party abbreviation": "Con", "Election result summary": "Con hold", "Election URL": "https://electionresults.parliament.uk/elections/788" }, "geometry": { "type": "Polygon", "coordinates": [ [ [ 0.04062, -0.08783 ], [ 0.04062, -0.08919 ], [ 0.03945, -0.08986 ], [ 0.03828, -0.08919 ], [ 0.03828, -0.08783 ], [ 0.03945, -0.08716 ], [ 0.04062, -0.08783 ], [ 0.04062, -0.08783 ] ] ] } },
{ "type": "Feature", "properties": { "constituency_id": "E14000639", "constituency_name": "Cities Of London and Westminster", "Main party name": "Conservative", "Main party abbreviation": "Con", "Election result summary": "Con hold", "Election URL": "https://electionresults.parliament.uk/elections/789" }, "geometry": { "type": "Polygon", "coordinates": [ [ [ 0.06641, -0.08378 ], [ 0.06641, -0.08513 ], [ 0.06524, -0.08581 ], [ 0.06406, -0.08513 ], [ 0.06406, -0.08378 ], [ 0.06524, -0.0831 ], [ 0.06641, -0.08378 ], [ 0.06641, -0.08378 ] ] ] } },
{ "type": "Feature", "properties": { "constituency_id": "E14000640", "constituency_name": "City Of Chester", "Main party name": "Labour", "Main party abbreviation": "Lab", "Election result summary": "Lab hold", "Election URL": "https://electionresults.parliament.uk/elections/790" }, "geometry": { "type": "Polygon", "coordinates": [ [ [ 0.03828, -0.05946 ], [ 0.03828, -0.06081 ], [ 0.03711, -0.06149 ], [ 0.03594, -0.06081 ], [ 0.03594, -0.05946 ], [ 0.03711, -0.05878 ], [ 0.03828, -0.05946 ], [ 0.03828, -0.05946 ] ] ] } },
{ "type": "Feature", "properties": { "constituency_id": "E14000641", "constituency_name": "City Of Durham", "Main party name": "Labour", "Main party abbreviation": "Lab", "Election result summary": "Lab hold", "Election URL": "https://electionresults.parliament.uk/elections/791" }, "geometry": { "type": "Polygon", "coordinates": [ [ [ 0.05234, -0.03514 ], [ 0.05234, -0.03649 ], [ 0.05117, -0.03716 ], [ 0.05, -0.03649 ], [ 0.05, -0.03514 ], [ 0.05117, -0.03446 ], [ 0.05234, -0.03514 ], [ 0.05234, -0.03514 ] ] ] } },
{ "type": "Feature", "properties": { "constituency_id": "E14000642", "constituency_name": "Clacton", "Main party name": "Conservative", "Main party abbreviation": "Con", "Election result summary": "Con gain from UKIP", "Election URL": "https://electionresults.parliament.uk/elections/792" }, "geometry": { "type": "Polygon", "coordinates": [ [ [ 0.08047, -0.06757 ], [ 0.08047, -0.06892 ], [ 0.0793, -0.06959 ], [ 0.07813, -0.06892 ], [ 0.07813, -0.06757 ], [ 0.0793, -0.06689 ], [ 0.08047, -0.06757 ], [ 0.08047, -0.06757 ] ] ] } },
{ "type": "Feature", "properties": { "constituency_id": "E14000643", "constituency_name": "Cleethorpes", "Main party name": "Conservative", "Main party abbreviation": "Con", "Election result summary": "Con hold", "Election URL": "https://electionresults.parliament.uk/elections/793" }, "geometry": { "type": "Polygon", "coordinates": [ [ [ 0.06172, -0.0473 ], [ 0.06172, -0.04865 ], [ 0.06055, -0.04932 ], [ 0.05938, -0.04865 ], [ 0.05938, -0.0473 ], [ 0.06055, -0.04662 ], [ 0.06172, -0.0473 ], [ 0.06172, -0.0473 ] ] ] } },
{ "type": "Feature", "properties": { "constituency_id": "E14000644", "constituency_name": "Colchester", "Main party name": "Conservative", "Main party abbreviation": "Con", "Election result summary": "Con hold", "Election URL": "https://electionresults.parliament.uk/elections/797" }, "geometry": { "type": "Polygon", "coordinates": [ [ [ 0.07813, -0.06757 ], [ 0.07813, -0.06892 ], [ 0.07695, -0.06959 ], [ 0.07578, -0.06892 ], [ 0.07578, -0.06757 ], [ 0.07695, -0.06689 ], [ 0.07813, -0.06757 ], [ 0.07813, -0.06757 ] ] ] } },
{ "type": "Feature", "properties": { "constituency_id": "E14000645", "constituency_name": "Colne Valley", "Main party name": "Labour", "Main party abbreviation": "Lab", "Election result summary": "Lab gain from Con", "Election URL": "https://electionresults.parliament.uk/elections/798" }, "geometry": { "type": "Polygon", "coordinates": [ [ [ 0.04766, -0.0473 ], [ 0.04766, -0.04865 ], [ 0.04648, -0.04932 ], [ 0.04531, -0.04865 ], [ 0.04531, -0.0473 ], [ 0.04648, -0.04662 ], [ 0.04766, -0.0473 ], [ 0.04766, -0.0473 ] ] ] } },
{ "type": "Feature", "properties": { "constituency_id": "E14000646", "constituency_name": "Congleton", "Main party name": "Conservative", "Main party abbreviation": "Con", "Election result summary": "Con hold", "Election URL": "https://electionresults.parliament.uk/elections/799" }, "geometry": { "type": "Polygon", "coordinates": [ [ [ 0.04414, -0.05743 ], [ 0.04414, -0.05878 ], [ 0.04297, -0.05946 ], [ 0.0418, -0.05878 ], [ 0.0418, -0.05743 ], [ 0.04297, -0.05676 ], [ 0.04414, -0.05743 ], [ 0.04414, -0.05743 ] ] ] } },
{ "type": "Feature", "properties": { "constituency_id": "E14000647", "constituency_name": "Copeland", "Main party name": "Conservative", "Main party abbreviation": "Con", "Election result summary": "Con gain from Lab", "Election URL": "https://electionresults.parliament.uk/elections/800" }, "geometry": { "type": "Polygon", "coordinates": [ [ [ 0.04297, -0.03514 ], [ 0.04297, -0.03649 ], [ 0.0418, -0.03716 ], [ 0.04062, -0.03649 ], [ 0.04062, -0.03514 ], [ 0.0418, -0.03446 ], [ 0.04297, -0.03514 ], [ 0.04297, -0.03514 ] ] ] } },
{ "type": "Feature", "properties": { "constituency_id": "E14000648", "constituency_name": "Corby", "Main party name": "Conservative", "Main party abbreviation": "Con", "Election result summary": "Con hold", "Election URL": "https://electionresults.parliament.uk/elections/801" }, "geometry": { "type": "Polygon", "coordinates": [ [ [ 0.06641, -0.05946 ], [ 0.06641, -0.06081 ], [ 0.06524, -0.06149 ], [ 0.06406, -0.06081 ], [ 0.06406, -0.05946 ], [ 0.06524, -0.05878 ], [ 0.06641, -0.05946 ], [ 0.06641, -0.05946 ] ] ] } },
{ "type": "Feature", "properties": { "constituency_id": "E14000649", "constituency_name": "Coventry North East", "Main party name": "Labour", "Main party abbreviation": "Lab", "Election result summary": "Lab hold", "Election URL": "https://electionresults.parliament.uk/elections/802" }, "geometry": { "type": "Polygon", "coordinates": [ [ [ 0.05469, -0.06757 ], [ 0.05469, -0.06892 ], [ 0.05352, -0.06959 ], [ 0.05234, -0.06892 ], [ 0.05234, -0.06757 ], [ 0.05352, -0.06689 ], [ 0.05469, -0.06757 ], [ 0.05469, -0.06757 ] ] ] } },
{ "type": "Feature", "properties": { "constituency_id": "E14000650", "constituency_name": "Coventry North West", "Main party name": "Labour", "Main party abbreviation": "Lab", "Election result summary": "Lab hold", "Election URL": "https://electionresults.parliament.uk/elections/803" }, "geometry": { "type": "Polygon", "coordinates": [ [ [ 0.05352, -0.06959 ], [ 0.05352, -0.07094 ], [ 0.05234, -0.07162 ], [ 0.05117, -0.07094 ], [ 0.05117, -0.06959 ], [ 0.05234, -0.06892 ], [ 0.05352, -0.06959 ], [ 0.05352, -0.06959 ] ] ] } },
{ "type": "Feature", "properties": { "constituency_id": "E14000651", "constituency_name": "Coventry South", "Main party name": "Labour", "Main party abbreviation": "Lab", "Election result summary": "Lab hold", "Election URL": "https://electionresults.parliament.uk/elections/804" }, "geometry": { "type": "Polygon", "coordinates": [ [ [ 0.05586, -0.06959 ], [ 0.05586, -0.07094 ], [ 0.05469, -0.07162 ], [ 0.05352, -0.07094 ], [ 0.05352, -0.06959 ], [ 0.05469, -0.06892 ], [ 0.05586, -0.06959 ], [ 0.05586, -0.06959 ] ] ] } },
{ "type": "Feature", "properties": { "constituency_id": "E14000652", "constituency_name": "Crawley", "Main party name": "Conservative", "Main party abbreviation": "Con", "Election result summary": "Con hold", "Election URL": "https://electionresults.parliament.uk/elections/805" }, "geometry": { "type": "Polygon", "coordinates": [ [ [ 0.0582, -0.08986 ], [ 0.0582, -0.09121 ], [ 0.05703, -0.09189 ], [ 0.05586, -0.09121 ], [ 0.05586, -0.08986 ], [ 0.05703, -0.08919 ], [ 0.0582, -0.08986 ], [ 0.0582, -0.08986 ] ] ] } },
{ "type": "Feature", "properties": { "constituency_id": "E14000653", "constituency_name": "Crewe and Nantwich", "Main party name": "Labour", "Main party abbreviation": "Lab", "Election result summary": "Lab gain from Con", "Election URL": "https://electionresults.parliament.uk/elections/806" }, "geometry": { "type": "Polygon", "coordinates": [ [ [ 0.04297, -0.05946 ], [ 0.04297, -0.06081 ], [ 0.0418, -0.06149 ], [ 0.04062, -0.06081 ], [ 0.04062, -0.05946 ], [ 0.0418, -0.05878 ], [ 0.04297, -0.05946 ], [ 0.04297, -0.05946 ] ] ] } },
{ "type": "Feature", "properties": { "constituency_id": "E14000654", "constituency_name": "Croydon Central", "Main party name": "Labour", "Main party abbreviation": "Lab", "Election result summary": "Lab gain from Con", "Election URL": "https://electionresults.parliament.uk/elections/807" }, "geometry": { "type": "Polygon", "coordinates": [ [ [ 0.06992, -0.08986 ], [ 0.06992, -0.09121 ], [ 0.06875, -0.09189 ], [ 0.06758, -0.09121 ], [ 0.06758, -0.08986 ], [ 0.06875, -0.08919 ], [ 0.06992, -0.08986 ], [ 0.06992, -0.08986 ] ] ] } },
{ "type": "Feature", "properties": { "constituency_id": "E14000655", "constituency_name": "Croydon North", "Main party name": "Labour", "Main party abbreviation": "Lab", "Election result summary": "Lab hold", "Election URL": "https://electionresults.parliament.uk/elections/808" }, "geometry": { "type": "Polygon", "coordinates": [ [ [ 0.07109, -0.08783 ], [ 0.07109, -0.08919 ], [ 0.06992, -0.08986 ], [ 0.06875, -0.08919 ], [ 0.06875, -0.08783 ], [ 0.06992, -0.08716 ], [ 0.07109, -0.08783 ], [ 0.07109, -0.08783 ] ] ] } },
{ "type": "Feature", "properties": { "constituency_id": "E14000656", "constituency_name": "Croydon South", "Main party name": "Conservative", "Main party abbreviation": "Con", "Election result summary": "Con hold", "Election URL": "https://electionresults.parliament.uk/elections/809" }, "geometry": { "type": "Polygon", "coordinates": [ [ [ 0.06758, -0.08986 ], [ 0.06758, -0.09121 ], [ 0.06641, -0.09189 ], [ 0.06524, -0.09121 ], [ 0.06524, -0.08986 ], [ 0.06641, -0.08919 ], [ 0.06758, -0.08986 ], [ 0.06758, -0.08986 ] ] ] } },
{ "type": "Feature", "properties": { "constituency_id": "E14000657", "constituency_name": "Dagenham and Rainham", "Main party name": "Labour", "Main party abbreviation": "Lab", "Election result summary": "Lab hold", "Election URL": "https://electionresults.parliament.uk/elections/812" }, "geometry": { "type": "Polygon", "coordinates": [ [ [ 0.07695, -0.0777 ], [ 0.07695, -0.07905 ], [ 0.07578, -0.07973 ], [ 0.07461, -0.07905 ], [ 0.07461, -0.0777 ], [ 0.07578, -0.07702 ], [ 0.07695, -0.0777 ], [ 0.07695, -0.0777 ] ] ] } },
{ "type": "Feature", "properties": { "constituency_id": "E14000658", "constituency_name": "Darlington", "Main party name": "Labour", "Main party abbreviation": "Lab", "Election result summary": "Lab hold", "Election URL": "https://electionresults.parliament.uk/elections/813" }, "geometry": { "type": "Polygon", "coordinates": [ [ [ 0.05352, -0.03716 ], [ 0.05352, -0.03851 ], [ 0.05234, -0.03919 ], [ 0.05117, -0.03851 ], [ 0.05117, -0.03716 ], [ 0.05234, -0.03649 ], [ 0.05352, -0.03716 ], [ 0.05352, -0.03716 ] ] ] } },
{ "type": "Feature", "properties": { "constituency_id": "E14000659", "constituency_name": "Dartford", "Main party name": "Conservative", "Main party abbreviation": "Con", "Election result summary": "Con hold", "Election URL": "https://electionresults.parliament.uk/elections/814" }, "geometry": { "type": "Polygon", "coordinates": [ [ [ 0.07813, -0.08378 ], [ 0.07813, -0.08513 ], [ 0.07695, -0.08581 ], [ 0.07578, -0.08513 ], [ 0.07578, -0.08378 ], [ 0.07695, -0.0831 ], [ 0.07813, -0.08378 ], [ 0.07813, -0.08378 ] ] ] } },
{ "type": "Feature", "properties": { "constituency_id": "E14000660", "constituency_name": "Daventry", "Main party name": "Conservative", "Main party abbreviation": "Con", "Election result summary": "Con hold", "Election URL": "https://electionresults.parliament.uk/elections/815" }, "geometry": { "type": "Polygon", "coordinates": [ [ [ 0.05938, -0.06757 ], [ 0.05938, -0.06892 ], [ 0.0582, -0.06959 ], [ 0.05703, -0.06892 ], [ 0.05703, -0.06757 ], [ 0.0582, -0.06689 ], [ 0.05938, -0.06757 ], [ 0.05938, -0.06757 ] ] ] } },
{ "type": "Feature", "properties": { "constituency_id": "E14000661", "constituency_name": "Denton and Reddish", "Main party name": "Labour", "Main party abbreviation": "Lab", "Election result summary": "Lab hold", "Election URL": "https://electionresults.parliament.uk/elections/817" }, "geometry": { "type": "Polygon", "coordinates": [ [ [ 0.04766, -0.05135 ], [ 0.04766, -0.0527 ], [ 0.04648, -0.05338 ], [ 0.04531, -0.0527 ], [ 0.04531, -0.05135 ], [ 0.04648, -0.05068 ], [ 0.04766, -0.05135 ], [ 0.04766, -0.05135 ] ] ] } },
{ "type": "Feature", "properties": { "constituency_id": "E14000662", "constituency_name": "Derby North", "Main party name": "Labour", "Main party abbreviation": "Lab", "Election result summary": "Lab gain from Con", "Election URL": "https://electionresults.parliament.uk/elections/818" }, "geometry": { "type": "Polygon", "coordinates": [ [ [ 0.05352, -0.05743 ], [ 0.05352, -0.05878 ], [ 0.05234, -0.05946 ], [ 0.05117, -0.05878 ], [ 0.05117, -0.05743 ], [ 0.05234, -0.05676 ], [ 0.05352, -0.05743 ], [ 0.05352, -0.05743 ] ] ] } },
{ "type": "Feature", "properties": { "constituency_id": "E14000663", "constituency_name": "Derby South", "Main party name": "Labour", "Main party abbreviation": "Lab", "Election result summary": "Lab hold", "Election URL": "https://electionresults.parliament.uk/elections/819" }, "geometry": { "type": "Polygon", "coordinates": [ [ [ 0.05469, -0.05946 ], [ 0.05469, -0.06081 ], [ 0.05352, -0.06149 ], [ 0.05234, -0.06081 ], [ 0.05234, -0.05946 ], [ 0.05352, -0.05878 ], [ 0.05469, -0.05946 ], [ 0.05469, -0.05946 ] ] ] } },
{ "type": "Feature", "properties": { "constituency_id": "E14000664", "constituency_name": "Derbyshire Dales", "Main party name": "Conservative", "Main party abbreviation": "Con", "Election result summary": "Con hold", "Election URL": "https://electionresults.parliament.uk/elections/820" }, "geometry": { "type": "Polygon", "coordinates": [ [ [ 0.05, -0.0554 ], [ 0.05, -0.05676 ], [ 0.04883, -0.05743 ], [ 0.04766, -0.05676 ], [ 0.04766, -0.0554 ], [ 0.04883, -0.05473 ], [ 0.05, -0.0554 ], [ 0.05, -0.0554 ] ] ] } },
{ "type": "Feature", "properties": { "constituency_id": "E14000665", "constituency_name": "Devizes", "Main party name": "Conservative", "Main party abbreviation": "Con", "Election result summary": "Con hold", "Election URL": "https://electionresults.parliament.uk/elections/821" }, "geometry": { "type": "Polygon", "coordinates": [ [ [ 0.04414, -0.08175 ], [ 0.04414, -0.0831 ], [ 0.04297, -0.08378 ], [ 0.0418, -0.0831 ], [ 0.0418, -0.08175 ], [ 0.04297, -0.08108 ], [ 0.04414, -0.08175 ], [ 0.04414, -0.08175 ] ] ] } },
{ "type": "Feature", "properties": { "constituency_id": "E14000666", "constituency_name": "Dewsbury", "Main party name": "Labour", "Main party abbreviation": "Lab", "Election result summary": "Lab hold", "Election URL": "https://electionresults.parliament.uk/elections/822" }, "geometry": { "type": "Polygon", "coordinates": [ [ [ 0.05234, -0.0473 ], [ 0.05234, -0.04865 ], [ 0.05117, -0.04932 ], [ 0.05, -0.04865 ], [ 0.05, -0.0473 ], [ 0.05117, -0.04662 ], [ 0.05234, -0.0473 ], [ 0.05234, -0.0473 ] ] ] } },
{ "type": "Feature", "properties": { "constituency_id": "E14000667", "constituency_name": "Don Valley", "Main party name": "Labour", "Main party abbreviation": "Lab", "Election result summary": "Lab hold", "Election URL": "https://electionresults.parliament.uk/elections/823" }, "geometry": { "type": "Polygon", "coordinates": [ [ [ 0.05938, -0.05135 ], [ 0.05938, -0.0527 ], [ 0.0582, -0.05338 ], [ 0.05703, -0.0527 ], [ 0.05703, -0.05135 ], [ 0.0582, -0.05068 ], [ 0.05938, -0.05135 ], [ 0.05938, -0.05135 ] ] ] } },
{ "type": "Feature", "properties": { "constituency_id": "E14000668", "constituency_name": "Doncaster Central", "Main party name": "Labour", "Main party abbreviation": "Lab", "Election result summary": "Lab hold", "Election URL": "https://electionresults.parliament.uk/elections/824" }, "geometry": { "type": "Polygon", "coordinates": [ [ [ 0.0582, -0.04932 ], [ 0.0582, -0.05068 ], [ 0.05703, -0.05135 ], [ 0.05586, -0.05068 ], [ 0.05586, -0.04932 ], [ 0.05703, -0.04865 ], [ 0.0582, -0.04932 ], [ 0.0582, -0.04932 ] ] ] } },
{ "type": "Feature", "properties": { "constituency_id": "E14000669", "constituency_name": "Doncaster North", "Main party name": "Labour", "Main party abbreviation": "Lab", "Election result summary": "Lab hold", "Election URL": "https://electionresults.parliament.uk/elections/825" }, "geometry": { "type": "Polygon", "coordinates": [ [ [ 0.05586, -0.04932 ], [ 0.05586, -0.05068 ], [ 0.05469, -0.05135 ], [ 0.05352, -0.05068 ], [ 0.05352, -0.04932 ], [ 0.05469, -0.04865 ], [ 0.05586, -0.04932 ], [ 0.05586, -0.04932 ] ] ] } },
{ "type": "Feature", "properties": { "constituency_id": "E14000670", "constituency_name": "Dover", "Main party name": "Conservative", "Main party abbreviation": "Con", "Election result summary": "Con hold", "Election URL": "https://electionresults.parliament.uk/elections/826" }, "geometry": { "type": "Polygon", "coordinates": [ [ [ 0.08633, -0.08581 ], [ 0.08633, -0.08716 ], [ 0.08516, -0.08783 ], [ 0.08399, -0.08716 ], [ 0.08399, -0.08581 ], [ 0.08516, -0.08513 ], [ 0.08633, -0.08581 ], [ 0.08633, -0.08581 ] ] ] } },
{ "type": "Feature", "properties": { "constituency_id": "E14000671", "constituency_name": "Dudley North", "Main party name": "Labour", "Main party abbreviation": "Lab", "Election result summary": "Lab hold", "Election URL": "https://electionresults.parliament.uk/elections/827" }, "geometry": { "type": "Polygon", "coordinates": [ [ [ 0.04062, -0.06757 ], [ 0.04062, -0.06892 ], [ 0.03945, -0.06959 ], [ 0.03828, -0.06892 ], [ 0.03828, -0.06757 ], [ 0.03945, -0.06689 ], [ 0.04062, -0.06757 ], [ 0.04062, -0.06757 ] ] ] } },
{ "type": "Feature", "properties": { "constituency_id": "E14000672", "constituency_name": "Dudley South", "Main party name": "Conservative", "Main party abbreviation": "Con", "Election result summary": "Con hold", "Election URL": "https://electionresults.parliament.uk/elections/828" }, "geometry": { "type": "Polygon", "coordinates": [ [ [ 0.0418, -0.06959 ], [ 0.0418, -0.07094 ], [ 0.04062, -0.07162 ], [ 0.03945, -0.07094 ], [ 0.03945, -0.06959 ], [ 0.04062, -0.06892 ], [ 0.0418, -0.06959 ], [ 0.0418, -0.06959 ] ] ] } },
{ "type": "Feature", "properties": { "constituency_id": "E14000673", "constituency_name": "Dulwich and West Norwood", "Main party name": "Labour", "Main party abbreviation": "Lab", "Election result summary": "Lab hold", "Election URL": "https://electionresults.parliament.uk/elections/829" }, "geometry": { "type": "Polygon", "coordinates": [ [ [ 0.06875, -0.08783 ], [ 0.06875, -0.08919 ], [ 0.06758, -0.08986 ], [ 0.06641, -0.08919 ], [ 0.06641, -0.08783 ], [ 0.06758, -0.08716 ], [ 0.06875, -0.08783 ], [ 0.06875, -0.08783 ] ] ] } },
{ "type": "Feature", "properties": { "constituency_id": "E14000674", "constituency_name": "Ealing Central and Acton", "Main party name": "Labour", "Main party abbreviation": "Lab", "Election result summary": "Lab hold", "Election URL": "https://electionresults.parliament.uk/elections/836" }, "geometry": { "type": "Polygon", "coordinates": [ [ [ 0.0582, -0.08175 ], [ 0.0582, -0.0831 ], [ 0.05703, -0.08378 ], [ 0.05586, -0.0831 ], [ 0.05586, -0.08175 ], [ 0.05703, -0.08108 ], [ 0.0582, -0.08175 ], [ 0.0582, -0.08175 ] ] ] } },
{ "type": "Feature", "properties": { "constituency_id": "E14000675", "constituency_name": "Ealing North", "Main party name": "Labour", "Main party abbreviation": "Lab", "Election result summary": "Lab hold", "Election URL": "https://electionresults.parliament.uk/elections/837" }, "geometry": { "type": "Polygon", "coordinates": [ [ [ 0.05703, -0.07973 ], [ 0.05703, -0.08108 ], [ 0.05586, -0.08175 ], [ 0.05469, -0.08108 ], [ 0.05469, -0.07973 ], [ 0.05586, -0.07905 ], [ 0.05703, -0.07973 ], [ 0.05703, -0.07973 ] ] ] } },
{ "type": "Feature", "properties": { "constituency_id": "E14000676", "constituency_name": "Ealing, Southall", "Main party name": "Labour", "Main party abbreviation": "Lab", "Election result summary": "Lab hold", "Election URL": "https://electionresults.parliament.uk/elections/838" }, "geometry": { "type": "Polygon", "coordinates": [ [ [ 0.05586, -0.08175 ], [ 0.05586, -0.0831 ], [ 0.05469, -0.08378 ], [ 0.05352, -0.0831 ], [ 0.05352, -0.08175 ], [ 0.05469, -0.08108 ], [ 0.05586, -0.08175 ], [ 0.05586, -0.08175 ] ] ] } },
{ "type": "Feature", "properties": { "constituency_id": "E14000677", "constituency_name": "Easington", "Main party name": "Labour", "Main party abbreviation": "Lab", "Election result summary": "Lab hold", "Election URL": "https://electionresults.parliament.uk/elections/839" }, "geometry": { "type": "Polygon", "coordinates": [ [ [ 0.05586, -0.03311 ], [ 0.05586, -0.03446 ], [ 0.05469, -0.03514 ], [ 0.05352, -0.03446 ], [ 0.05352, -0.03311 ], [ 0.05469, -0.03243 ], [ 0.05586, -0.03311 ], [ 0.05586, -0.03311 ] ] ] } },
{ "type": "Feature", "properties": { "constituency_id": "E14000678", "constituency_name": "East Devon", "Main party name": "Conservative", "Main party abbreviation": "Con", "Election result summary": "Con hold", "Election URL": "https://electionresults.parliament.uk/elections/841" }, "geometry": { "type": "Polygon", "coordinates": [ [ [ 0.03008, -0.08986 ], [ 0.03008, -0.09121 ], [ 0.02891, -0.09189 ], [ 0.02773, -0.09121 ], [ 0.02773, -0.08986 ], [ 0.02891, -0.08919 ], [ 0.03008, -0.08986 ], [ 0.03008, -0.08986 ] ] ] } },
{ "type": "Feature", "properties": { "constituency_id": "E14000679", "constituency_name": "East Ham", "Main party name": "Labour", "Main party abbreviation": "Lab", "Election result summary": "Lab hold", "Election URL": "https://electionresults.parliament.uk/elections/843" }, "geometry": { "type": "Polygon", "coordinates": [ [ [ 0.07344, -0.07973 ], [ 0.07344, -0.08108 ], [ 0.07227, -0.08175 ], [ 0.07109, -0.08108 ], [ 0.07109, -0.07973 ], [ 0.07227, -0.07905 ], [ 0.07344, -0.07973 ], [ 0.07344, -0.07973 ] ] ] } },
{ "type": "Feature", "properties": { "constituency_id": "E14000680", "constituency_name": "East Hampshire", "Main party name": "Conservative", "Main party abbreviation": "Con", "Election result summary": "Con hold", "Election URL": "https://electionresults.parliament.uk/elections/844" }, "geometry": { "type": "Polygon", "coordinates": [ [ [ 0.04883, -0.08581 ], [ 0.04883, -0.08716 ], [ 0.04766, -0.08783 ], [ 0.04648, -0.08716 ], [ 0.04648, -0.08581 ], [ 0.04766, -0.08513 ], [ 0.04883, -0.08581 ], [ 0.04883, -0.08581 ] ] ] } },
{ "type": "Feature", "properties": { "constituency_id": "E14000681", "constituency_name": "East Surrey", "Main party name": "Conservative", "Main party abbreviation": "Con", "Election result summary": "Con hold", "Election URL": "https://electionresults.parliament.uk/elections/849" }, "geometry": { "type": "Polygon", "coordinates": [ [ [ 0.07695, -0.08986 ], [ 0.07695, -0.09121 ], [ 0.07578, -0.09189 ], [ 0.07461, -0.09121 ], [ 0.07461, -0.08986 ], [ 0.07578, -0.08919 ], [ 0.07695, -0.08986 ], [ 0.07695, -0.08986 ] ] ] } },
{ "type": "Feature", "properties": { "constituency_id": "E14000682", "constituency_name": "East Worthing and Shoreham", "Main party name": "Conservative", "Main party abbreviation": "Con", "Election result summary": "Con hold", "Election URL": "https://electionresults.parliament.uk/elections/850" }, "geometry": { "type": "Polygon", "coordinates": [ [ [ 0.06641, -0.09189 ], [ 0.06641, -0.09324 ], [ 0.06524, -0.09391 ], [ 0.06406, -0.09324 ], [ 0.06406, -0.09189 ], [ 0.06524, -0.09121 ], [ 0.06641, -0.09189 ], [ 0.06641, -0.09189 ] ] ] } },
{ "type": "Feature", "properties": { "constituency_id": "E14000683", "constituency_name": "East Yorkshire", "Main party name": "Conservative", "Main party abbreviation": "Con", "Election result summary": "Con hold", "Election URL": "https://electionresults.parliament.uk/elections/851" }, "geometry": { "type": "Polygon", "coordinates": [ [ [ 0.06289, -0.04122 ], [ 0.06289, -0.04257 ], [ 0.06172, -0.04324 ], [ 0.06055, -0.04257 ], [ 0.06055, -0.04122 ], [ 0.06172, -0.04054 ], [ 0.06289, -0.04122 ], [ 0.06289, -0.04122 ] ] ] } },
{ "type": "Feature", "properties": { "constituency_id": "E14000684", "constituency_name": "Eastbourne", "Main party name": "Liberal Democrat", "Main party abbreviation": "LD", "Election result summary": "LD gain from Con", "Election URL": "https://electionresults.parliament.uk/elections/852" }, "geometry": { "type": "Polygon", "coordinates": [ [ [ 0.07813, -0.09189 ], [ 0.07813, -0.09324 ], [ 0.07695, -0.09391 ], [ 0.07578, -0.09324 ], [ 0.07578, -0.09189 ], [ 0.07695, -0.09121 ], [ 0.07813, -0.09189 ], [ 0.07813, -0.09189 ] ] ] } },
{ "type": "Feature", "properties": { "constituency_id": "E14000685", "constituency_name": "Eastleigh", "Main party name": "Conservative", "Main party abbreviation": "Con", "Election result summary": "Con hold", "Election URL": "https://electionresults.parliament.uk/elections/853" }, "geometry": { "type": "Polygon", "coordinates": [ [ [ 0.04648, -0.08581 ], [ 0.04648, -0.08716 ], [ 0.04531, -0.08783 ], [ 0.04414, -0.08716 ], [ 0.04414, -0.08581 ], [ 0.04531, -0.08513 ], [ 0.04648, -0.08581 ], [ 0.04648, -0.08581 ] ] ] } },
{ "type": "Feature", "properties": { "constituency_id": "E14000686", "constituency_name": "Eddisbury", "Main party name": "Conservative", "Main party abbreviation": "Con", "Election result summary": "Con hold", "Election URL": "https://electionresults.parliament.uk/elections/854" }, "geometry": { "type": "Polygon", "coordinates": [ [ [ 0.04062, -0.05946 ], [ 0.04062, -0.06081 ], [ 0.03945, -0.06149 ], [ 0.03828, -0.06081 ], [ 0.03828, -0.05946 ], [ 0.03945, -0.05878 ], [ 0.04062, -0.05946 ], [ 0.04062, -0.05946 ] ] ] } },
{ "type": "Feature", "properties": { "constituency_id": "E14000687", "constituency_name": "Edmonton", "Main party name": "Labour", "Main party abbreviation": "Lab", "Election result summary": "Lab hold", "Election URL": "https://electionresults.parliament.uk/elections/860" }, "geometry": { "type": "Polygon", "coordinates": [ [ [ 0.06875, -0.07567 ], [ 0.06875, -0.07702 ], [ 0.06758, -0.0777 ], [ 0.06641, -0.07702 ], [ 0.06641, -0.07567 ], [ 0.06758, -0.075 ], [ 0.06875, -0.07567 ], [ 0.06875, -0.07567 ] ] ] } },
{ "type": "Feature", "properties": { "constituency_id": "E14000688", "constituency_name": "Ellesmere Port and Neston", "Main party name": "Labour", "Main party abbreviation": "Lab", "Election result summary": "Lab hold", "Election URL": "https://electionresults.parliament.uk/elections/861" }, "geometry": { "type": "Polygon", "coordinates": [ [ [ 0.03594, -0.05946 ], [ 0.03594, -0.06081 ], [ 0.03476, -0.06149 ], [ 0.03359, -0.06081 ], [ 0.03359, -0.05946 ], [ 0.03476, -0.05878 ], [ 0.03594, -0.05946 ], [ 0.03594, -0.05946 ] ] ] } },
{ "type": "Feature", "properties": { "constituency_id": "E14000689", "constituency_name": "Elmet and Rothwell", "Main party name": "Conservative", "Main party abbreviation": "Con", "Election result summary": "Con hold", "Election URL": "https://electionresults.parliament.uk/elections/862" }, "geometry": { "type": "Polygon", "coordinates": [ [ [ 0.06055, -0.04122 ], [ 0.06055, -0.04257 ], [ 0.05938, -0.04324 ], [ 0.0582, -0.04257 ], [ 0.0582, -0.04122 ], [ 0.05938, -0.04054 ], [ 0.06055, -0.04122 ], [ 0.06055, -0.04122 ] ] ] } },
{ "type": "Feature", "properties": { "constituency_id": "E14000690", "constituency_name": "Eltham", "Main party name": "Labour", "Main party abbreviation": "Lab", "Election result summary": "Lab hold", "Election URL": "https://electionresults.parliament.uk/elections/863" }, "geometry": { "type": "Polygon", "coordinates": [ [ [ 0.07461, -0.08581 ], [ 0.07461, -0.08716 ], [ 0.07344, -0.08783 ], [ 0.07227, -0.08716 ], [ 0.07227, -0.08581 ], [ 0.07344, -0.08513 ], [ 0.07461, -0.08581 ], [ 0.07461, -0.08581 ] ] ] } },
{ "type": "Feature", "properties": { "constituency_id": "E14000691", "constituency_name": "Enfield North", "Main party name": "Labour", "Main party abbreviation": "Lab", "Election result summary": "Lab hold", "Election URL": "https://electionresults.parliament.uk/elections/864" }, "geometry": { "type": "Polygon", "coordinates": [ [ [ 0.06758, -0.07365 ], [ 0.06758, -0.075 ], [ 0.06641, -0.07567 ], [ 0.06524, -0.075 ], [ 0.06524, -0.07365 ], [ 0.06641, -0.07297 ], [ 0.06758, -0.07365 ], [ 0.06758, -0.07365 ] ] ] } },
{ "type": "Feature", "properties": { "constituency_id": "E14000692", "constituency_name": "Enfield, Southgate", "Main party name": "Labour", "Main party abbreviation": "Lab", "Election result summary": "Lab gain from Con", "Election URL": "https://electionresults.parliament.uk/elections/865" }, "geometry": { "type": "Polygon", "coordinates": [ [ [ 0.06524, -0.07365 ], [ 0.06524, -0.075 ], [ 0.06406, -0.07567 ], [ 0.06289, -0.075 ], [ 0.06289, -0.07365 ], [ 0.06406, -0.07297 ], [ 0.06524, -0.07365 ], [ 0.06524, -0.07365 ] ] ] } },
{ "type": "Feature", "properties": { "constituency_id": "E14000693", "constituency_name": "Epping Forest", "Main party name": "Conservative", "Main party abbreviation": "Con", "Election result summary": "Con hold", "Election URL": "https://electionresults.parliament.uk/elections/866" }, "geometry": { "type": "Polygon", "coordinates": [ [ [ 0.07695, -0.07365 ], [ 0.07695, -0.075 ], [ 0.07578, -0.07567 ], [ 0.07461, -0.075 ], [ 0.07461, -0.07365 ], [ 0.07578, -0.07297 ], [ 0.07695, -0.07365 ], [ 0.07695, -0.07365 ] ] ] } },
{ "type": "Feature", "properties": { "constituency_id": "E14000694", "constituency_name": "Epsom and Ewell", "Main party name": "Conservative", "Main party abbreviation": "Con", "Election result summary": "Con hold", "Election URL": "https://electionresults.parliament.uk/elections/867" }, "geometry": { "type": "Polygon", "coordinates": [ [ [ 0.05938, -0.08783 ], [ 0.05938, -0.08919 ], [ 0.0582, -0.08986 ], [ 0.05703, -0.08919 ], [ 0.05703, -0.08783 ], [ 0.0582, -0.08716 ], [ 0.05938, -0.08783 ], [ 0.05938, -0.08783 ] ] ] } },
{ "type": "Feature", "properties": { "constituency_id": "E14000695", "constituency_name": "Erewash", "Main party name": "Conservative", "Main party abbreviation": "Con", "Election result summary": "Con hold", "Election URL": "https://electionresults.parliament.uk/elections/868" }, "geometry": { "type": "Polygon", "coordinates": [ [ [ 0.0582, -0.06149 ], [ 0.0582, -0.06284 ], [ 0.05703, -0.06351 ], [ 0.05586, -0.06284 ], [ 0.05586, -0.06149 ], [ 0.05703, -0.06081 ], [ 0.0582, -0.06149 ], [ 0.0582, -0.06149 ] ] ] } },
{ "type": "Feature", "properties": { "constituency_id": "E14000696", "constituency_name": "Erith and Thamesmead", "Main party name": "Labour", "Main party abbreviation": "Lab", "Election result summary": "Lab hold", "Election URL": "https://electionresults.parliament.uk/elections/869" }, "geometry": { "type": "Polygon", "coordinates": [ [ [ 0.07578, -0.08378 ], [ 0.07578, -0.08513 ], [ 0.07461, -0.08581 ], [ 0.07344, -0.08513 ], [ 0.07344, -0.08378 ], [ 0.07461, -0.0831 ], [ 0.07578, -0.08378 ], [ 0.07578, -0.08378 ] ] ] } },
{ "type": "Feature", "properties": { "constituency_id": "E14000697", "constituency_name": "Esher and Walton", "Main party name": "Conservative", "Main party abbreviation": "Con", "Election result summary": "Con hold", "Election URL": "https://electionresults.parliament.uk/elections/870" }, "geometry": { "type": "Polygon", "coordinates": [ [ [ 0.05469, -0.08783 ], [ 0.05469, -0.08919 ], [ 0.05352, -0.08986 ], [ 0.05234, -0.08919 ], [ 0.05234, -0.08783 ], [ 0.05352, -0.08716 ], [ 0.05469, -0.08783 ], [ 0.05469, -0.08783 ] ] ] } },
{ "type": "Feature", "properties": { "constituency_id": "E14000698", "constituency_name": "Exeter", "Main party name": "Labour", "Main party abbreviation": "Lab", "Election result summary": "Lab hold", "Election URL": "https://electionresults.parliament.uk/elections/871" }, "geometry": { "type": "Polygon", "coordinates": [ [ [ 0.02891, -0.08783 ], [ 0.02891, -0.08919 ], [ 0.02773, -0.08986 ], [ 0.02656, -0.08919 ], [ 0.02656, -0.08783 ], [ 0.02773, -0.08716 ], [ 0.02891, -0.08783 ], [ 0.02891, -0.08783 ] ] ] } },
{ "type": "Feature", "properties": { "constituency_id": "E14000699", "constituency_name": "Fareham", "Main party name": "Conservative", "Main party abbreviation": "Con", "Election result summary": "Con hold", "Election URL": "https://electionresults.parliament.uk/elections/873" }, "geometry": { "type": "Polygon", "coordinates": [ [ [ 0.04648, -0.08986 ], [ 0.04648, -0.09121 ], [ 0.04531, -0.09189 ], [ 0.04414, -0.09121 ], [ 0.04414, -0.08986 ], [ 0.04531, -0.08919 ], [ 0.04648, -0.08986 ], [ 0.04648, -0.08986 ] ] ] } },
{ "type": "Feature", "properties": { "constituency_id": "E14000700", "constituency_name": "Faversham and Mid Kent", "Main party name": "Conservative", "Main party abbreviation": "Con", "Election result summary": "Con hold", "Election URL": "https://electionresults.parliament.uk/elections/874" }, "geometry": { "type": "Polygon", "coordinates": [ [ [ 0.08516, -0.08378 ], [ 0.08516, -0.08513 ], [ 0.08399, -0.08581 ], [ 0.08281, -0.08513 ], [ 0.08281, -0.08378 ], [ 0.08399, -0.0831 ], [ 0.08516, -0.08378 ], [ 0.08516, -0.08378 ] ] ] } },
{ "type": "Feature", "properties": { "constituency_id": "E14000701", "constituency_name": "Feltham and Heston", "Main party name": "Labour", "Main party abbreviation": "Lab", "Election result summary": "Lab hold", "Election URL": "https://electionresults.parliament.uk/elections/875" }, "geometry": { "type": "Polygon", "coordinates": [ [ [ 0.05703, -0.08378 ], [ 0.05703, -0.08513 ], [ 0.05586, -0.08581 ], [ 0.05469, -0.08513 ], [ 0.05469, -0.08378 ], [ 0.05586, -0.0831 ], [ 0.05703, -0.08378 ], [ 0.05703, -0.08378 ] ] ] } },
{ "type": "Feature", "properties": { "constituency_id": "E14000702", "constituency_name": "Filton and Bradley Stoke", "Main party name": "Conservative", "Main party abbreviation": "Con", "Election result summary": "Con hold", "Election URL": "https://electionresults.parliament.uk/elections/877" }, "geometry": { "type": "Polygon", "coordinates": [ [ [ 0.03711, -0.0777 ], [ 0.03711, -0.07905 ], [ 0.03594, -0.07973 ], [ 0.03476, -0.07905 ], [ 0.03476, -0.0777 ], [ 0.03594, -0.07702 ], [ 0.03711, -0.0777 ], [ 0.03711, -0.0777 ] ] ] } },
{ "type": "Feature", "properties": { "constituency_id": "E14000703", "constituency_name": "Finchley and Golders Green", "Main party name": "Conservative", "Main party abbreviation": "Con", "Election result summary": "Con hold", "Election URL": "https://electionresults.parliament.uk/elections/878" }, "geometry": { "type": "Polygon", "coordinates": [ [ [ 0.06289, -0.0777 ], [ 0.06289, -0.07905 ], [ 0.06172, -0.07973 ], [ 0.06055, -0.07905 ], [ 0.06055, -0.0777 ], [ 0.06172, -0.07702 ], [ 0.06289, -0.0777 ], [ 0.06289, -0.0777 ] ] ] } },
{ "type": "Feature", "properties": { "constituency_id": "E14000704", "constituency_name": "Folkestone and Hythe", "Main party name": "Conservative", "Main party abbreviation": "Con", "Election result summary": "Con hold", "Election URL": "https://electionresults.parliament.uk/elections/879" }, "geometry": { "type": "Polygon", "coordinates": [ [ [ 0.08399, -0.08986 ], [ 0.08399, -0.09121 ], [ 0.08281, -0.09189 ], [ 0.08164, -0.09121 ], [ 0.08164, -0.08986 ], [ 0.08281, -0.08919 ], [ 0.08399, -0.08986 ], [ 0.08399, -0.08986 ] ] ] } },
{ "type": "Feature", "properties": { "constituency_id": "E14000705", "constituency_name": "Forest Of Dean", "Main party name": "Conservative", "Main party abbreviation": "Con", "Election result summary": "Con hold", "Election URL": "https://electionresults.parliament.uk/elections/880" }, "geometry": { "type": "Polygon", "coordinates": [ [ [ 0.03945, -0.07365 ], [ 0.03945, -0.075 ], [ 0.03828, -0.07567 ], [ 0.03711, -0.075 ], [ 0.03711, -0.07365 ], [ 0.03828, -0.07297 ], [ 0.03945, -0.07365 ], [ 0.03945, -0.07365 ] ] ] } },
{ "type": "Feature", "properties": { "constituency_id": "E14000706", "constituency_name": "Fylde", "Main party name": "Conservative", "Main party abbreviation": "Con", "Election result summary": "Con hold", "Election URL": "https://electionresults.parliament.uk/elections/882" }, "geometry": { "type": "Polygon", "coordinates": [ [ [ 0.03945, -0.04122 ], [ 0.03945, -0.04257 ], [ 0.03828, -0.04324 ], [ 0.03711, -0.04257 ], [ 0.03711, -0.04122 ], [ 0.03828, -0.04054 ], [ 0.03945, -0.04122 ], [ 0.03945, -0.04122 ] ] ] } },
{ "type": "Feature", "properties": { "constituency_id": "E14000707", "constituency_name": "Gainsborough", "Main party name": "Conservative", "Main party abbreviation": "Con", "Election result summary": "Con hold", "Election URL": "https://electionresults.parliament.uk/elections/883" }, "geometry": { "type": "Polygon", "coordinates": [ [ [ 0.06172, -0.05135 ], [ 0.06172, -0.0527 ], [ 0.06055, -0.05338 ], [ 0.05938, -0.0527 ], [ 0.05938, -0.05135 ], [ 0.06055, -0.05068 ], [ 0.06172, -0.05135 ], [ 0.06172, -0.05135 ] ] ] } },
{ "type": "Feature", "properties": { "constituency_id": "E14000708", "constituency_name": "Garston and Halewood", "Main party name": "Labour", "Main party abbreviation": "Lab", "Election result summary": "Lab hold", "Election URL": "https://electionresults.parliament.uk/elections/884" }, "geometry": { "type": "Polygon", "coordinates": [ [ [ 0.03594, -0.0554 ], [ 0.03594, -0.05676 ], [ 0.03476, -0.05743 ], [ 0.03359, -0.05676 ], [ 0.03359, -0.0554 ], [ 0.03476, -0.05473 ], [ 0.03594, -0.0554 ], [ 0.03594, -0.0554 ] ] ] } },
{ "type": "Feature", "properties": { "constituency_id": "E14000709", "constituency_name": "Gateshead", "Main party name": "Labour", "Main party abbreviation": "Lab", "Election result summary": "Lab hold", "Election URL": "https://electionresults.parliament.uk/elections/885" }, "geometry": { "type": "Polygon", "coordinates": [ [ [ 0.05, -0.03108 ], [ 0.05, -0.03243 ], [ 0.04883, -0.03311 ], [ 0.04766, -0.03243 ], [ 0.04766, -0.03108 ], [ 0.04883, -0.03041 ], [ 0.05, -0.03108 ], [ 0.05, -0.03108 ] ] ] } },
{ "type": "Feature", "properties": { "constituency_id": "E14000710", "constituency_name": "Gedling", "Main party name": "Labour", "Main party abbreviation": "Lab", "Election result summary": "Lab hold", "Election URL": "https://electionresults.parliament.uk/elections/886" }, "geometry": { "type": "Polygon", "coordinates": [ [ [ 0.06289, -0.05743 ], [ 0.06289, -0.05878 ], [ 0.06172, -0.05946 ], [ 0.06055, -0.05878 ], [ 0.06055, -0.05743 ], [ 0.06172, -0.05676 ], [ 0.06289, -0.05743 ], [ 0.06289, -0.05743 ] ] ] } },
{ "type": "Feature", "properties": { "constituency_id": "E14000711", "constituency_name": "Gillingham and Rainham", "Main party name": "Conservative", "Main party abbreviation": "Con", "Election result summary": "Con hold", "Election URL": "https://electionresults.parliament.uk/elections/887" }, "geometry": { "type": "Polygon", "coordinates": [ [ [ 0.08281, -0.08378 ], [ 0.08281, -0.08513 ], [ 0.08164, -0.08581 ], [ 0.08047, -0.08513 ], [ 0.08047, -0.08378 ], [ 0.08164, -0.0831 ], [ 0.08281, -0.08378 ], [ 0.08281, -0.08378 ] ] ] } },
{ "type": "Feature", "properties": { "constituency_id": "E14000712", "constituency_name": "Gloucester", "Main party name": "Conservative", "Main party abbreviation": "Con", "Election result summary": "Con hold", "Election URL": "https://electionresults.parliament.uk/elections/896" }, "geometry": { "type": "Polygon", "coordinates": [ [ [ 0.03945, -0.0777 ], [ 0.03945, -0.07905 ], [ 0.03828, -0.07973 ], [ 0.03711, -0.07905 ], [ 0.03711, -0.0777 ], [ 0.03828, -0.07702 ], [ 0.03945, -0.0777 ], [ 0.03945, -0.0777 ] ] ] } },
{ "type": "Feature", "properties": { "constituency_id": "E14000713", "constituency_name": "Gosport", "Main party name": "Conservative", "Main party abbreviation": "Con", "Election result summary": "Con hold", "Election URL": "https://electionresults.parliament.uk/elections/898" }, "geometry": { "type": "Polygon", "coordinates": [ [ [ 0.04883, -0.08986 ], [ 0.04883, -0.09121 ], [ 0.04766, -0.09189 ], [ 0.04648, -0.09121 ], [ 0.04648, -0.08986 ], [ 0.04766, -0.08919 ], [ 0.04883, -0.08986 ], [ 0.04883, -0.08986 ] ] ] } },
{ "type": "Feature", "properties": { "constituency_id": "E14000714", "constituency_name": "Grantham and Stamford", "Main party name": "Conservative", "Main party abbreviation": "Con", "Election result summary": "Con hold", "Election URL": "https://electionresults.parliament.uk/elections/900" }, "geometry": { "type": "Polygon", "coordinates": [ [ [ 0.06406, -0.0554 ], [ 0.06406, -0.05676 ], [ 0.06289, -0.05743 ], [ 0.06172, -0.05676 ], [ 0.06172, -0.0554 ], [ 0.06289, -0.05473 ], [ 0.06406, -0.0554 ], [ 0.06406, -0.0554 ] ] ] } },
{ "type": "Feature", "properties": { "constituency_id": "E14000715", "constituency_name": "Gravesham", "Main party name": "Conservative", "Main party abbreviation": "Con", "Election result summary": "Con hold", "Election URL": "https://electionresults.parliament.uk/elections/901" }, "geometry": { "type": "Polygon", "coordinates": [ [ [ 0.0793, -0.08175 ], [ 0.0793, -0.0831 ], [ 0.07813, -0.08378 ], [ 0.07695, -0.0831 ], [ 0.07695, -0.08175 ], [ 0.07813, -0.08108 ], [ 0.0793, -0.08175 ], [ 0.0793, -0.08175 ] ] ] } },
{ "type": "Feature", "properties": { "constituency_id": "E14000716", "constituency_name": "Great Grimsby", "Main party name": "Labour", "Main party abbreviation": "Lab", "Election result summary": "Lab hold", "Election URL": "https://electionresults.parliament.uk/elections/902" }, "geometry": { "type": "Polygon", "coordinates": [ [ [ 0.06289, -0.04932 ], [ 0.06289, -0.05068 ], [ 0.06172, -0.05135 ], [ 0.06055, -0.05068 ], [ 0.06055, -0.04932 ], [ 0.06172, -0.04865 ], [ 0.06289, -0.04932 ], [ 0.06289, -0.04932 ] ] ] } },
{ "type": "Feature", "properties": { "constituency_id": "E14000717", "constituency_name": "Great Yarmouth", "Main party name": "Conservative", "Main party abbreviation": "Con", "Election result summary": "Con hold", "Election URL": "https://electionresults.parliament.uk/elections/903" }, "geometry": { "type": "Polygon", "coordinates": [ [ [ 0.07461, -0.05743 ], [ 0.07461, -0.05878 ], [ 0.07344, -0.05946 ], [ 0.07227, -0.05878 ], [ 0.07227, -0.05743 ], [ 0.07344, -0.05676 ], [ 0.07461, -0.05743 ], [ 0.07461, -0.05743 ] ] ] } },
{ "type": "Feature", "properties": { "constituency_id": "E14000718", "constituency_name": "Greenwich and Woolwich", "Main party name": "Labour", "Main party abbreviation": "Lab", "Election result summary": "Lab hold", "Election URL": "https://electionresults.parliament.uk/elections/904" }, "geometry": { "type": "Polygon", "coordinates": [ [ [ 0.07344, -0.08378 ], [ 0.07344, -0.08513 ], [ 0.07227, -0.08581 ], [ 0.07109, -0.08513 ], [ 0.07109, -0.08378 ], [ 0.07227, -0.0831 ], [ 0.07344, -0.08378 ], [ 0.07344, -0.08378 ] ] ] } },
{ "type": "Feature", "properties": { "constituency_id": "E14000719", "constituency_name": "Guildford", "Main party name": "Conservative", "Main party abbreviation": "Con", "Election result summary": "Con hold", "Election URL": "https://electionresults.parliament.uk/elections/905" }, "geometry": { "type": "Polygon", "coordinates": [ [ [ 0.05234, -0.08783 ], [ 0.05234, -0.08919 ], [ 0.05117, -0.08986 ], [ 0.05, -0.08919 ], [ 0.05, -0.08783 ], [ 0.05117, -0.08716 ], [ 0.05234, -0.08783 ], [ 0.05234, -0.08783 ] ] ] } },
{ "type": "Feature", "properties": { "constituency_id": "E14000720", "constituency_name": "Hackney North and Stoke Newington", "Main party name": "Labour", "Main party abbreviation": "Lab", "Election result summary": "Lab hold", "Election URL": "https://electionresults.parliament.uk/elections/906" }, "geometry": { "type": "Polygon", "coordinates": [ [ [ 0.06875, -0.07973 ], [ 0.06875, -0.08108 ], [ 0.06758, -0.08175 ], [ 0.06641, -0.08108 ], [ 0.06641, -0.07973 ], [ 0.06758, -0.07905 ], [ 0.06875, -0.07973 ], [ 0.06875, -0.07973 ] ] ] } },
{ "type": "Feature", "properties": { "constituency_id": "E14000721", "constituency_name": "Hackney South and Shoreditch", "Main party name": "Labour", "Main party abbreviation": "Lab", "Election result summary": "Lab hold", "Election URL": "https://electionresults.parliament.uk/elections/907" }, "geometry": { "type": "Polygon", "coordinates": [ [ [ 0.06992, -0.08175 ], [ 0.06992, -0.0831 ], [ 0.06875, -0.08378 ], [ 0.06758, -0.0831 ], [ 0.06758, -0.08175 ], [ 0.06875, -0.08108 ], [ 0.06992, -0.08175 ], [ 0.06992, -0.08175 ] ] ] } },
{ "type": "Feature", "properties": { "constituency_id": "E14000722", "constituency_name": "Halesowen and Rowley Regis", "Main party name": "Conservative", "Main party abbreviation": "Con", "Election result summary": "Con hold", "Election URL": "https://electionresults.parliament.uk/elections/908" }, "geometry": { "type": "Polygon", "coordinates": [ [ [ 0.04297, -0.06757 ], [ 0.04297, -0.06892 ], [ 0.0418, -0.06959 ], [ 0.04062, -0.06892 ], [ 0.04062, -0.06757 ], [ 0.0418, -0.06689 ], [ 0.04297, -0.06757 ], [ 0.04297, -0.06757 ] ] ] } },
{ "type": "Feature", "properties": { "constituency_id": "E14000723", "constituency_name": "Halifax", "Main party name": "Labour", "Main party abbreviation": "Lab", "Election result summary": "Lab hold", "Election URL": "https://electionresults.parliament.uk/elections/909" }, "geometry": { "type": "Polygon", "coordinates": [ [ [ 0.04883, -0.04527 ], [ 0.04883, -0.04662 ], [ 0.04766, -0.0473 ], [ 0.04648, -0.04662 ], [ 0.04648, -0.04527 ], [ 0.04766, -0.0446 ], [ 0.04883, -0.04527 ], [ 0.04883, -0.04527 ] ] ] } },
{ "type": "Feature", "properties": { "constituency_id": "E14000724", "constituency_name": "Haltemprice and Howden", "Main party name": "Conservative", "Main party abbreviation": "Con", "Election result summary": "Con hold", "Election URL": "https://electionresults.parliament.uk/elections/910" }, "geometry": { "type": "Polygon", "coordinates": [ [ [ 0.06172, -0.04324 ], [ 0.06172, -0.0446 ], [ 0.06055, -0.04527 ], [ 0.05938, -0.0446 ], [ 0.05938, -0.04324 ], [ 0.06055, -0.04257 ], [ 0.06172, -0.04324 ], [ 0.06172, -0.04324 ] ] ] } },
{ "type": "Feature", "properties": { "constituency_id": "E14000725", "constituency_name": "Halton", "Main party name": "Labour", "Main party abbreviation": "Lab", "Election result summary": "Lab hold", "Election URL": "https://electionresults.parliament.uk/elections/911" }, "geometry": { "type": "Polygon", "coordinates": [ [ [ 0.03711, -0.05743 ], [ 0.03711, -0.05878 ], [ 0.03594, -0.05946 ], [ 0.03476, -0.05878 ], [ 0.03476, -0.05743 ], [ 0.03594, -0.05676 ], [ 0.03711, -0.05743 ], [ 0.03711, -0.05743 ] ] ] } },
{ "type": "Feature", "properties": { "constituency_id": "E14000726", "constituency_name": "Hammersmith", "Main party name": "Labour", "Main party abbreviation": "Lab", "Election result summary": "Lab hold", "Election URL": "https://electionresults.parliament.uk/elections/912" }, "geometry": { "type": "Polygon", "coordinates": [ [ [ 0.06055, -0.08175 ], [ 0.06055, -0.0831 ], [ 0.05938, -0.08378 ], [ 0.0582, -0.0831 ], [ 0.0582, -0.08175 ], [ 0.05938, -0.08108 ], [ 0.06055, -0.08175 ], [ 0.06055, -0.08175 ] ] ] } },
{ "type": "Feature", "properties": { "constituency_id": "E14000727", "constituency_name": "Hampstead and Kilburn", "Main party name": "Labour", "Main party abbreviation": "Lab", "Election result summary": "Lab hold", "Election URL": "https://electionresults.parliament.uk/elections/913" }, "geometry": { "type": "Polygon", "coordinates": [ [ [ 0.06406, -0.07973 ], [ 0.06406, -0.08108 ], [ 0.06289, -0.08175 ], [ 0.06172, -0.08108 ], [ 0.06172, -0.07973 ], [ 0.06289, -0.07905 ], [ 0.06406, -0.07973 ], [ 0.06406, -0.07973 ] ] ] } },
{ "type": "Feature", "properties": { "constituency_id": "E14000728", "constituency_name": "Harborough", "Main party name": "Conservative", "Main party abbreviation": "Con", "Election result summary": "Con hold", "Election URL": "https://electionresults.parliament.uk/elections/914" }, "geometry": { "type": "Polygon", "coordinates": [ [ [ 0.06406, -0.06351 ], [ 0.06406, -0.06486 ], [ 0.06289, -0.06554 ], [ 0.06172, -0.06486 ], [ 0.06172, -0.06351 ], [ 0.06289, -0.06284 ], [ 0.06406, -0.06351 ], [ 0.06406, -0.06351 ] ] ] } },
{ "type": "Feature", "properties": { "constituency_id": "E14000729", "constituency_name": "Harlow", "Main party name": "Conservative", "Main party abbreviation": "Con", "Election result summary": "Con hold", "Election URL": "https://electionresults.parliament.uk/elections/915" }, "geometry": { "type": "Polygon", "coordinates": [ [ [ 0.07578, -0.06757 ], [ 0.07578, -0.06892 ], [ 0.07461, -0.06959 ], [ 0.07344, -0.06892 ], [ 0.07344, -0.06757 ], [ 0.07461, -0.06689 ], [ 0.07578, -0.06757 ], [ 0.07578, -0.06757 ] ] ] } },
{ "type": "Feature", "properties": { "constituency_id": "E14000730", "constituency_name": "Harrogate and Knaresborough", "Main party name": "Conservative", "Main party abbreviation": "Con", "Election result summary": "Con hold", "Election URL": "https://electionresults.parliament.uk/elections/916" }, "geometry": { "type": "Polygon", "coordinates": [ [ [ 0.05234, -0.03919 ], [ 0.05234, -0.04054 ], [ 0.05117, -0.04122 ], [ 0.05, -0.04054 ], [ 0.05, -0.03919 ], [ 0.05117, -0.03851 ], [ 0.05234, -0.03919 ], [ 0.05234, -0.03919 ] ] ] } },
{ "type": "Feature", "properties": { "constituency_id": "E14000731", "constituency_name": "Harrow East", "Main party name": "Conservative", "Main party abbreviation": "Con", "Election result summary": "Con hold", "Election URL": "https://electionresults.parliament.uk/elections/917" }, "geometry": { "type": "Polygon", "coordinates": [ [ [ 0.06055, -0.0777 ], [ 0.06055, -0.07905 ], [ 0.05938, -0.07973 ], [ 0.0582, -0.07905 ], [ 0.0582, -0.0777 ], [ 0.05938, -0.07702 ], [ 0.06055, -0.0777 ], [ 0.06055, -0.0777 ] ] ] } },
{ "type": "Feature", "properties": { "constituency_id": "E14000732", "constituency_name": "Harrow West", "Main party name": "Labour", "Main party abbreviation": "Lab", "Election result summary": "Lab hold", "Election URL": "https://electionresults.parliament.uk/elections/918" }, "geometry": { "type": "Polygon", "coordinates": [ [ [ 0.0582, -0.0777 ], [ 0.0582, -0.07905 ], [ 0.05703, -0.07973 ], [ 0.05586, -0.07905 ], [ 0.05586, -0.0777 ], [ 0.05703, -0.07702 ], [ 0.0582, -0.0777 ], [ 0.0582, -0.0777 ] ] ] } },
{ "type": "Feature", "properties": { "constituency_id": "E14000733", "constituency_name": "Hartlepool", "Main party name": "Labour", "Main party abbreviation": "Lab", "Election result summary": "Lab hold", "Election URL": "https://electionresults.parliament.uk/elections/919" }, "geometry": { "type": "Polygon", "coordinates": [ [ [ 0.0582, -0.03311 ], [ 0.0582, -0.03446 ], [ 0.05703, -0.03514 ], [ 0.05586, -0.03446 ], [ 0.05586, -0.03311 ], [ 0.05703, -0.03243 ], [ 0.0582, -0.03311 ], [ 0.0582, -0.03311 ] ] ] } },
{ "type": "Feature", "properties": { "constituency_id": "E14000734", "constituency_name": "Harwich and North Essex", "Main party name": "Conservative", "Main party abbreviation": "Con", "Election result summary": "Con hold", "Election URL": "https://electionresults.parliament.uk/elections/920" }, "geometry": { "type": "Polygon", "coordinates": [ [ [ 0.0793, -0.06554 ], [ 0.0793, -0.06689 ], [ 0.07813, -0.06757 ], [ 0.07695, -0.06689 ], [ 0.07695, -0.06554 ], [ 0.07813, -0.06486 ], [ 0.0793, -0.06554 ], [ 0.0793, -0.06554 ] ] ] } },
{ "type": "Feature", "properties": { "constituency_id": "E14000735", "constituency_name": "Hastings and Rye", "Main party name": "Conservative", "Main party abbreviation": "Con", "Election result summary": "Con hold", "Election URL": "https://electionresults.parliament.uk/elections/921" }, "geometry": { "type": "Polygon", "coordinates": [ [ [ 0.08164, -0.08986 ], [ 0.08164, -0.09121 ], [ 0.08047, -0.09189 ], [ 0.0793, -0.09121 ], [ 0.0793, -0.08986 ], [ 0.08047, -0.08919 ], [ 0.08164, -0.08986 ], [ 0.08164, -0.08986 ] ] ] } },
{ "type": "Feature", "properties": { "constituency_id": "E14000736", "constituency_name": "Havant", "Main party name": "Conservative", "Main party abbreviation": "Con", "Election result summary": "Con hold", "Election URL": "https://electionresults.parliament.uk/elections/922" }, "geometry": { "type": "Polygon", "coordinates": [ [ [ 0.05352, -0.08986 ], [ 0.05352, -0.09121 ], [ 0.05234, -0.09189 ], [ 0.05117, -0.09121 ], [ 0.05117, -0.08986 ], [ 0.05234, -0.08919 ], [ 0.05352, -0.08986 ], [ 0.05352, -0.08986 ] ] ] } },
{ "type": "Feature", "properties": { "constituency_id": "E14000737", "constituency_name": "Hayes and Harlington", "Main party name": "Labour", "Main party abbreviation": "Lab", "Election result summary": "Lab hold", "Election URL": "https://electionresults.parliament.uk/elections/923" }, "geometry": { "type": "Polygon", "coordinates": [ [ [ 0.05469, -0.07973 ], [ 0.05469, -0.08108 ], [ 0.05352, -0.08175 ], [ 0.05234, -0.08108 ], [ 0.05234, -0.07973 ], [ 0.05352, -0.07905 ], [ 0.05469, -0.07973 ], [ 0.05469, -0.07973 ] ] ] } },
{ "type": "Feature", "properties": { "constituency_id": "E14000738", "constituency_name": "Hazel Grove", "Main party name": "Conservative", "Main party abbreviation": "Con", "Election result summary": "Con hold", "Election URL": "https://electionresults.parliament.uk/elections/924" }, "geometry": { "type": "Polygon", "coordinates": [ [ [ 0.04648, -0.05338 ], [ 0.04648, -0.05473 ], [ 0.04531, -0.0554 ], [ 0.04414, -0.05473 ], [ 0.04414, -0.05338 ], [ 0.04531, -0.0527 ], [ 0.04648, -0.05338 ], [ 0.04648, -0.05338 ] ] ] } },
{ "type": "Feature", "properties": { "constituency_id": "E14000739", "constituency_name": "Hemel Hempstead", "Main party name": "Conservative", "Main party abbreviation": "Con", "Election result summary": "Con hold", "Election URL": "https://electionresults.parliament.uk/elections/925" }, "geometry": { "type": "Polygon", "coordinates": [ [ [ 0.06875, -0.07162 ], [ 0.06875, -0.07297 ], [ 0.06758, -0.07365 ], [ 0.06641, -0.07297 ], [ 0.06641, -0.07162 ], [ 0.06758, -0.07094 ], [ 0.06875, -0.07162 ], [ 0.06875, -0.07162 ] ] ] } },
{ "type": "Feature", "properties": { "constituency_id": "E14000740", "constituency_name": "Hemsworth", "Main party name": "Labour", "Main party abbreviation": "Lab", "Election result summary": "Lab hold", "Election URL": "https://electionresults.parliament.uk/elections/926" }, "geometry": { "type": "Polygon", "coordinates": [ [ [ 0.05703, -0.0473 ], [ 0.05703, -0.04865 ], [ 0.05586, -0.04932 ], [ 0.05469, -0.04865 ], [ 0.05469, -0.0473 ], [ 0.05586, -0.04662 ], [ 0.05703, -0.0473 ], [ 0.05703, -0.0473 ] ] ] } },
{ "type": "Feature", "properties": { "constituency_id": "E14000741", "constituency_name": "Hendon", "Main party name": "Conservative", "Main party abbreviation": "Con", "Election result summary": "Con hold", "Election URL": "https://electionresults.parliament.uk/elections/927" }, "geometry": { "type": "Polygon", "coordinates": [ [ [ 0.06172, -0.07567 ], [ 0.06172, -0.07702 ], [ 0.06055, -0.0777 ], [ 0.05938, -0.07702 ], [ 0.05938, -0.07567 ], [ 0.06055, -0.075 ], [ 0.06172, -0.07567 ], [ 0.06172, -0.07567 ] ] ] } },
{ "type": "Feature", "properties": { "constituency_id": "E14000742", "constituency_name": "Henley", "Main party name": "Conservative", "Main party abbreviation": "Con", "Election result summary": "Con hold", "Election URL": "https://electionresults.parliament.uk/elections/928" }, "geometry": { "type": "Polygon", "coordinates": [ [ [ 0.0582, -0.07365 ], [ 0.0582, -0.075 ], [ 0.05703, -0.07567 ], [ 0.05586, -0.075 ], [ 0.05586, -0.07365 ], [ 0.05703, -0.07297 ], [ 0.0582, -0.07365 ], [ 0.0582, -0.07365 ] ] ] } },
{ "type": "Feature", "properties": { "constituency_id": "E14000743", "constituency_name": "Hereford and South Herefordshire", "Main party name": "Conservative", "Main party abbreviation": "Con", "Election result summary": "Con hold", "Election URL": "https://electionresults.parliament.uk/elections/929" }, "geometry": { "type": "Polygon", "coordinates": [ [ [ 0.04062, -0.07162 ], [ 0.04062, -0.07297 ], [ 0.03945, -0.07365 ], [ 0.03828, -0.07297 ], [ 0.03828, -0.07162 ], [ 0.03945, -0.07094 ], [ 0.04062, -0.07162 ], [ 0.04062, -0.07162 ] ] ] } },
{ "type": "Feature", "properties": { "constituency_id": "E14000744", "constituency_name": "Hertford and Stortford", "Main party name": "Conservative", "Main party abbreviation": "Con", "Election result summary": "Con hold", "Election URL": "https://electionresults.parliament.uk/elections/930" }, "geometry": { "type": "Polygon", "coordinates": [ [ [ 0.07344, -0.06757 ], [ 0.07344, -0.06892 ], [ 0.07227, -0.06959 ], [ 0.07109, -0.06892 ], [ 0.07109, -0.06757 ], [ 0.07227, -0.06689 ], [ 0.07344, -0.06757 ], [ 0.07344, -0.06757 ] ] ] } },
{ "type": "Feature", "properties": { "constituency_id": "E14000745", "constituency_name": "Hertsmere", "Main party name": "Conservative", "Main party abbreviation": "Con", "Election result summary": "Con hold", "Election URL": "https://electionresults.parliament.uk/elections/931" }, "geometry": { "type": "Polygon", "coordinates": [ [ [ 0.07344, -0.07162 ], [ 0.07344, -0.07297 ], [ 0.07227, -0.07365 ], [ 0.07109, -0.07297 ], [ 0.07109, -0.07162 ], [ 0.07227, -0.07094 ], [ 0.07344, -0.07162 ], [ 0.07344, -0.07162 ] ] ] } },
{ "type": "Feature", "properties": { "constituency_id": "E14000746", "constituency_name": "Hexham", "Main party name": "Conservative", "Main party abbreviation": "Con", "Election result summary": "Con hold", "Election URL": "https://electionresults.parliament.uk/elections/932" }, "geometry": { "type": "Polygon", "coordinates": [ [ [ 0.04648, -0.02906 ], [ 0.04648, -0.03041 ], [ 0.04531, -0.03108 ], [ 0.04414, -0.03041 ], [ 0.04414, -0.02906 ], [ 0.04531, -0.02838 ], [ 0.04648, -0.02906 ], [ 0.04648, -0.02906 ] ] ] } },
{ "type": "Feature", "properties": { "constituency_id": "E14000747", "constituency_name": "Heywood and Middleton", "Main party name": "Labour", "Main party abbreviation": "Lab", "Election result summary": "Lab hold", "Election URL": "https://electionresults.parliament.uk/elections/933" }, "geometry": { "type": "Polygon", "coordinates": [ [ [ 0.04414, -0.04527 ], [ 0.04414, -0.04662 ], [ 0.04297, -0.0473 ], [ 0.0418, -0.04662 ], [ 0.0418, -0.04527 ], [ 0.04297, -0.0446 ], [ 0.04414, -0.04527 ], [ 0.04414, -0.04527 ] ] ] } },
{ "type": "Feature", "properties": { "constituency_id": "E14000748", "constituency_name": "High Peak", "Main party name": "Labour", "Main party abbreviation": "Lab", "Election result summary": "Lab gain from Con", "Election URL": "https://electionresults.parliament.uk/elections/934" }, "geometry": { "type": "Polygon", "coordinates": [ [ [ 0.04883, -0.05338 ], [ 0.04883, -0.05473 ], [ 0.04766, -0.0554 ], [ 0.04648, -0.05473 ], [ 0.04648, -0.05338 ], [ 0.04766, -0.0527 ], [ 0.04883, -0.05338 ], [ 0.04883, -0.05338 ] ] ] } },
{ "type": "Feature", "properties": { "constituency_id": "E14000749", "constituency_name": "Hitchin and Harpenden", "Main party name": "Conservative", "Main party abbreviation": "Con", "Election result summary": "Con hold", "Election URL": "https://electionresults.parliament.uk/elections/935" }, "geometry": { "type": "Polygon", "coordinates": [ [ [ 0.06875, -0.06757 ], [ 0.06875, -0.06892 ], [ 0.06758, -0.06959 ], [ 0.06641, -0.06892 ], [ 0.06641, -0.06757 ], [ 0.06758, -0.06689 ], [ 0.06875, -0.06757 ], [ 0.06875, -0.06757 ] ] ] } },
{ "type": "Feature", "properties": { "constituency_id": "E14000750", "constituency_name": "Holborn and St Pancras", "Main party name": "Labour", "Main party abbreviation": "Lab", "Election result summary": "Lab hold", "Election URL": "https://electionresults.parliament.uk/elections/936" }, "geometry": { "type": "Polygon", "coordinates": [ [ [ 0.06524, -0.08175 ], [ 0.06524, -0.0831 ], [ 0.06406, -0.08378 ], [ 0.06289, -0.0831 ], [ 0.06289, -0.08175 ], [ 0.06406, -0.08108 ], [ 0.06524, -0.08175 ], [ 0.06524, -0.08175 ] ] ] } },
{ "type": "Feature", "properties": { "constituency_id": "E14000751", "constituency_name": "Hornchurch and Upminster", "Main party name": "Conservative", "Main party abbreviation": "Con", "Election result summary": "Con hold", "Election URL": "https://electionresults.parliament.uk/elections/937" }, "geometry": { "type": "Polygon", "coordinates": [ [ [ 0.07461, -0.0777 ], [ 0.07461, -0.07905 ], [ 0.07344, -0.07973 ], [ 0.07227, -0.07905 ], [ 0.07227, -0.0777 ], [ 0.07344, -0.07702 ], [ 0.07461, -0.0777 ], [ 0.07461, -0.0777 ] ] ] } },
{ "type": "Feature", "properties": { "constituency_id": "E14000752", "constituency_name": "Hornsey and Wood Green", "Main party name": "Labour", "Main party abbreviation": "Lab", "Election result summary": "Lab hold", "Election URL": "https://electionresults.parliament.uk/elections/938" }, "geometry": { "type": "Polygon", "coordinates": [ [ [ 0.06641, -0.07567 ], [ 0.06641, -0.07702 ], [ 0.06524, -0.0777 ], [ 0.06406, -0.07702 ], [ 0.06406, -0.07567 ], [ 0.06524, -0.075 ], [ 0.06641, -0.07567 ], [ 0.06641, -0.07567 ] ] ] } },
{ "type": "Feature", "properties": { "constituency_id": "E14000753", "constituency_name": "Horsham", "Main party name": "Conservative", "Main party abbreviation": "Con", "Election result summary": "Con hold", "Election URL": "https://electionresults.parliament.uk/elections/939" }, "geometry": { "type": "Polygon", "coordinates": [ [ [ 0.05938, -0.09189 ], [ 0.05938, -0.09324 ], [ 0.0582, -0.09391 ], [ 0.05703, -0.09324 ], [ 0.05703, -0.09189 ], [ 0.0582, -0.09121 ], [ 0.05938, -0.09189 ], [ 0.05938, -0.09189 ] ] ] } },
{ "type": "Feature", "properties": { "constituency_id": "E14000754", "constituency_name": "Houghton and Sunderland South", "Main party name": "Labour", "Main party abbreviation": "Lab", "Election result summary": "Lab hold", "Election URL": "https://electionresults.parliament.uk/elections/940" }, "geometry": { "type": "Polygon", "coordinates": [ [ [ 0.05352, -0.03311 ], [ 0.05352, -0.03446 ], [ 0.05234, -0.03514 ], [ 0.05117, -0.03446 ], [ 0.05117, -0.03311 ], [ 0.05234, -0.03243 ], [ 0.05352, -0.03311 ], [ 0.05352, -0.03311 ] ] ] } },
{ "type": "Feature", "properties": { "constituency_id": "E14000755", "constituency_name": "Hove", "Main party name": "Labour", "Main party abbreviation": "Lab", "Election result summary": "Lab hold", "Election URL": "https://electionresults.parliament.uk/elections/941" }, "geometry": { "type": "Polygon", "coordinates": [ [ [ 0.06875, -0.09189 ], [ 0.06875, -0.09324 ], [ 0.06758, -0.09391 ], [ 0.06641, -0.09324 ], [ 0.06641, -0.09189 ], [ 0.06758, -0.09121 ], [ 0.06875, -0.09189 ], [ 0.06875, -0.09189 ] ] ] } },
{ "type": "Feature", "properties": { "constituency_id": "E14000756", "constituency_name": "Huddersfield", "Main party name": "Labour", "Main party abbreviation": "Lab", "Election result summary": "Lab hold", "Election URL": "https://electionresults.parliament.uk/elections/942" }, "geometry": { "type": "Polygon", "coordinates": [ [ [ 0.05, -0.0473 ], [ 0.05, -0.04865 ], [ 0.04883, -0.04932 ], [ 0.04766, -0.04865 ], [ 0.04766, -0.0473 ], [ 0.04883, -0.04662 ], [ 0.05, -0.0473 ], [ 0.05, -0.0473 ] ] ] } },
{ "type": "Feature", "properties": { "constituency_id": "E14000757", "constituency_name": "Huntingdon", "Main party name": "Conservative", "Main party abbreviation": "Con", "Election result summary": "Con hold", "Election URL": "https://electionresults.parliament.uk/elections/943" }, "geometry": { "type": "Polygon", "coordinates": [ [ [ 0.06758, -0.06554 ], [ 0.06758, -0.06689 ], [ 0.06641, -0.06757 ], [ 0.06524, -0.06689 ], [ 0.06524, -0.06554 ], [ 0.06641, -0.06486 ], [ 0.06758, -0.06554 ], [ 0.06758, -0.06554 ] ] ] } },
{ "type": "Feature", "properties": { "constituency_id": "E14000758", "constituency_name": "Hyndburn", "Main party name": "Labour", "Main party abbreviation": "Lab", "Election result summary": "Lab hold", "Election URL": "https://electionresults.parliament.uk/elections/944" }, "geometry": { "type": "Polygon", "coordinates": [ [ [ 0.04414, -0.04122 ], [ 0.04414, -0.04257 ], [ 0.04297, -0.04324 ], [ 0.0418, -0.04257 ], [ 0.0418, -0.04122 ], [ 0.04297, -0.04054 ], [ 0.04414, -0.04122 ], [ 0.04414, -0.04122 ] ] ] } },
{ "type": "Feature", "properties": { "constituency_id": "E14000759", "constituency_name": "Ilford North", "Main party name": "Labour", "Main party abbreviation": "Lab", "Election result summary": "Lab hold", "Election URL": "https://electionresults.parliament.uk/elections/945" }, "geometry": { "type": "Polygon", "coordinates": [ [ [ 0.07109, -0.07567 ], [ 0.07109, -0.07702 ], [ 0.06992, -0.0777 ], [ 0.06875, -0.07702 ], [ 0.06875, -0.07567 ], [ 0.06992, -0.075 ], [ 0.07109, -0.07567 ], [ 0.07109, -0.07567 ] ] ] } },
{ "type": "Feature", "properties": { "constituency_id": "E14000760", "constituency_name": "Ilford South", "Main party name": "Labour", "Main party abbreviation": "Lab", "Election result summary": "Lab hold", "Election URL": "https://electionresults.parliament.uk/elections/946" }, "geometry": { "type": "Polygon", "coordinates": [ [ [ 0.07227, -0.0777 ], [ 0.07227, -0.07905 ], [ 0.07109, -0.07973 ], [ 0.06992, -0.07905 ], [ 0.06992, -0.0777 ], [ 0.07109, -0.07702 ], [ 0.07227, -0.0777 ], [ 0.07227, -0.0777 ] ] ] } },
{ "type": "Feature", "properties": { "constituency_id": "E14000761", "constituency_name": "Ipswich", "Main party name": "Labour", "Main party abbreviation": "Lab", "Election result summary": "Lab gain from Con", "Election URL": "https://electionresults.parliament.uk/elections/949" }, "geometry": { "type": "Polygon", "coordinates": [ [ [ 0.07813, -0.06351 ], [ 0.07813, -0.06486 ], [ 0.07695, -0.06554 ], [ 0.07578, -0.06486 ], [ 0.07578, -0.06351 ], [ 0.07695, -0.06284 ], [ 0.07813, -0.06351 ], [ 0.07813, -0.06351 ] ] ] } },
{ "type": "Feature", "properties": { "constituency_id": "E14000762", "constituency_name": "Isle Of Wight", "Main party name": "Conservative", "Main party abbreviation": "Con", "Election result summary": "Con hold", "Election URL": "https://electionresults.parliament.uk/elections/950" }, "geometry": { "type": "Polygon", "coordinates": [ [ [ 0.04297, -0.09189 ], [ 0.04297, -0.09324 ], [ 0.0418, -0.09391 ], [ 0.04062, -0.09324 ], [ 0.04062, -0.09189 ], [ 0.0418, -0.09121 ], [ 0.04297, -0.09189 ], [ 0.04297, -0.09189 ] ] ] } },
{ "type": "Feature", "properties": { "constituency_id": "E14000763", "constituency_name": "Islington North", "Main party name": "Labour", "Main party abbreviation": "Lab", "Election result summary": "Lab hold", "Election URL": "https://electionresults.parliament.uk/elections/951" }, "geometry": { "type": "Polygon", "coordinates": [ [ [ 0.06641, -0.07973 ], [ 0.06641, -0.08108 ], [ 0.06524, -0.08175 ], [ 0.06406, -0.08108 ], [ 0.06406, -0.07973 ], [ 0.06524, -0.07905 ], [ 0.06641, -0.07973 ], [ 0.06641, -0.07973 ] ] ] } },
{ "type": "Feature", "properties": { "constituency_id": "E14000764", "constituency_name": "Islington South and Finsbury", "Main party name": "Labour", "Main party abbreviation": "Lab", "Election result summary": "Lab hold", "Election URL": "https://electionresults.parliament.uk/elections/952" }, "geometry": { "type": "Polygon", "coordinates": [ [ [ 0.06758, -0.08175 ], [ 0.06758, -0.0831 ], [ 0.06641, -0.08378 ], [ 0.06524, -0.0831 ], [ 0.06524, -0.08175 ], [ 0.06641, -0.08108 ], [ 0.06758, -0.08175 ], [ 0.06758, -0.08175 ] ] ] } },
{ "type": "Feature", "properties": { "constituency_id": "E14000765", "constituency_name": "Jarrow", "Main party name": "Labour", "Main party abbreviation": "Lab", "Election result summary": "Lab hold", "Election URL": "https://electionresults.parliament.uk/elections/954" }, "geometry": { "type": "Polygon", "coordinates": [ [ [ 0.05469, -0.03108 ], [ 0.05469, -0.03243 ], [ 0.05352, -0.03311 ], [ 0.05234, -0.03243 ], [ 0.05234, -0.03108 ], [ 0.05352, -0.03041 ], [ 0.05469, -0.03108 ], [ 0.05469, -0.03108 ] ] ] } },
{ "type": "Feature", "properties": { "constituency_id": "E14000766", "constituency_name": "Keighley", "Main party name": "Labour", "Main party abbreviation": "Lab", "Election result summary": "Lab gain from Con", "Election URL": "https://electionresults.parliament.uk/elections/955" }, "geometry": { "type": "Polygon", "coordinates": [ [ [ 0.04883, -0.04122 ], [ 0.04883, -0.04257 ], [ 0.04766, -0.04324 ], [ 0.04648, -0.04257 ], [ 0.04648, -0.04122 ], [ 0.04766, -0.04054 ], [ 0.04883, -0.04122 ], [ 0.04883, -0.04122 ] ] ] } },
{ "type": "Feature", "properties": { "constituency_id": "E14000767", "constituency_name": "Kenilworth and Southam", "Main party name": "Conservative", "Main party abbreviation": "Con", "Election result summary": "Con hold", "Election URL": "https://electionresults.parliament.uk/elections/956" }, "geometry": { "type": "Polygon", "coordinates": [ [ [ 0.0582, -0.06959 ], [ 0.0582, -0.07094 ], [ 0.05703, -0.07162 ], [ 0.05586, -0.07094 ], [ 0.05586, -0.06959 ], [ 0.05703, -0.06892 ], [ 0.0582, -0.06959 ], [ 0.0582, -0.06959 ] ] ] } },
{ "type": "Feature", "properties": { "constituency_id": "E14000768", "constituency_name": "Kensington", "Main party name": "Labour", "Main party abbreviation": "Lab", "Election result summary": "Lab gain from Con", "Election URL": "https://electionresults.parliament.uk/elections/957" }, "geometry": { "type": "Polygon", "coordinates": [ [ [ 0.06289, -0.08175 ], [ 0.06289, -0.0831 ], [ 0.06172, -0.08378 ], [ 0.06055, -0.0831 ], [ 0.06055, -0.08175 ], [ 0.06172, -0.08108 ], [ 0.06289, -0.08175 ], [ 0.06289, -0.08175 ] ] ] } },
{ "type": "Feature", "properties": { "constituency_id": "E14000769", "constituency_name": "Kettering", "Main party name": "Conservative", "Main party abbreviation": "Con", "Election result summary": "Con hold", "Election URL": "https://electionresults.parliament.uk/elections/958" }, "geometry": { "type": "Polygon", "coordinates": [ [ [ 0.06524, -0.06149 ], [ 0.06524, -0.06284 ], [ 0.06406, -0.06351 ], [ 0.06289, -0.06284 ], [ 0.06289, -0.06149 ], [ 0.06406, -0.06081 ], [ 0.06524, -0.06149 ], [ 0.06524, -0.06149 ] ] ] } },
{ "type": "Feature", "properties": { "constituency_id": "E14000770", "constituency_name": "Kingston and Surbiton", "Main party name": "Liberal Democrat", "Main party abbreviation": "LD", "Election result summary": "LD gain from Con", "Election URL": "https://electionresults.parliament.uk/elections/960" }, "geometry": { "type": "Polygon", "coordinates": [ [ [ 0.05703, -0.08783 ], [ 0.05703, -0.08919 ], [ 0.05586, -0.08986 ], [ 0.05469, -0.08919 ], [ 0.05469, -0.08783 ], [ 0.05586, -0.08716 ], [ 0.05703, -0.08783 ], [ 0.05703, -0.08783 ] ] ] } },
{ "type": "Feature", "properties": { "constituency_id": "E14000771", "constituency_name": "Kingston upon Hull East", "Main party name": "Labour", "Main party abbreviation": "Lab", "Election result summary": "Lab hold", "Election URL": "https://electionresults.parliament.uk/elections/961" }, "geometry": { "type": "Polygon", "coordinates": [ [ [ 0.06406, -0.0473 ], [ 0.06406, -0.04865 ], [ 0.06289, -0.04932 ], [ 0.06172, -0.04865 ], [ 0.06172, -0.0473 ], [ 0.06289, -0.04662 ], [ 0.06406, -0.0473 ], [ 0.06406, -0.0473 ] ] ] } },
{ "type": "Feature", "properties": { "constituency_id": "E14000772", "constituency_name": "Kingston upon Hull North", "Main party name": "Labour", "Main party abbreviation": "Lab", "Election result summary": "Lab hold", "Election URL": "https://electionresults.parliament.uk/elections/962" }, "geometry": { "type": "Polygon", "coordinates": [ [ [ 0.06406, -0.04324 ], [ 0.06406, -0.0446 ], [ 0.06289, -0.04527 ], [ 0.06172, -0.0446 ], [ 0.06172, -0.04324 ], [ 0.06289, -0.04257 ], [ 0.06406, -0.04324 ], [ 0.06406, -0.04324 ] ] ] } },
{ "type": "Feature", "properties": { "constituency_id": "E14000773", "constituency_name": "Kingston upon Hull West and Hessle", "Main party name": "Labour", "Main party abbreviation": "Lab", "Election result summary": "Lab hold", "Election URL": "https://electionresults.parliament.uk/elections/963" }, "geometry": { "type": "Polygon", "coordinates": [ [ [ 0.06289, -0.04527 ], [ 0.06289, -0.04662 ], [ 0.06172, -0.0473 ], [ 0.06055, -0.04662 ], [ 0.06055, -0.04527 ], [ 0.06172, -0.0446 ], [ 0.06289, -0.04527 ], [ 0.06289, -0.04527 ] ] ] } },
{ "type": "Feature", "properties": { "constituency_id": "E14000774", "constituency_name": "Kingswood", "Main party name": "Conservative", "Main party abbreviation": "Con", "Election result summary": "Con hold", "Election URL": "https://electionresults.parliament.uk/elections/964" }, "geometry": { "type": "Polygon", "coordinates": [ [ [ 0.0418, -0.0777 ], [ 0.0418, -0.07905 ], [ 0.04062, -0.07973 ], [ 0.03945, -0.07905 ], [ 0.03945, -0.0777 ], [ 0.04062, -0.07702 ], [ 0.0418, -0.0777 ], [ 0.0418, -0.0777 ] ] ] } },
{ "type": "Feature", "properties": { "constituency_id": "E14000775", "constituency_name": "Knowsley", "Main party name": "Labour", "Main party abbreviation": "Lab", "Election result summary": "Lab hold", "Election URL": "https://electionresults.parliament.uk/elections/966" }, "geometry": { "type": "Polygon", "coordinates": [ [ [ 0.03476, -0.04932 ], [ 0.03476, -0.05068 ], [ 0.03359, -0.05135 ], [ 0.03242, -0.05068 ], [ 0.03242, -0.04932 ], [ 0.03359, -0.04865 ], [ 0.03476, -0.04932 ], [ 0.03476, -0.04932 ] ] ] } },
{ "type": "Feature", "properties": { "constituency_id": "E14000776", "constituency_name": "Lancaster and Fleetwood", "Main party name": "Labour", "Main party abbreviation": "Lab", "Election result summary": "Lab hold", "Election URL": "https://electionresults.parliament.uk/elections/969" }, "geometry": { "type": "Polygon", "coordinates": [ [ [ 0.04648, -0.03716 ], [ 0.04648, -0.03851 ], [ 0.04531, -0.03919 ], [ 0.04414, -0.03851 ], [ 0.04414, -0.03716 ], [ 0.04531, -0.03649 ], [ 0.04648, -0.03716 ], [ 0.04648, -0.03716 ] ] ] } },
{ "type": "Feature", "properties": { "constituency_id": "E14000777", "constituency_name": "Leeds Central", "Main party name": "Labour", "Main party abbreviation": "Lab", "Election result summary": "Lab hold", "Election URL": "https://electionresults.parliament.uk/elections/970" }, "geometry": { "type": "Polygon", "coordinates": [ [ [ 0.05703, -0.04324 ], [ 0.05703, -0.0446 ], [ 0.05586, -0.04527 ], [ 0.05469, -0.0446 ], [ 0.05469, -0.04324 ], [ 0.05586, -0.04257 ], [ 0.05703, -0.04324 ], [ 0.05703, -0.04324 ] ] ] } },
{ "type": "Feature", "properties": { "constituency_id": "E14000778", "constituency_name": "Leeds East", "Main party name": "Labour", "Main party abbreviation": "Lab", "Election result summary": "Lab hold", "Election URL": "https://electionresults.parliament.uk/elections/971" }, "geometry": { "type": "Polygon", "coordinates": [ [ [ 0.05938, -0.04324 ], [ 0.05938, -0.0446 ], [ 0.0582, -0.04527 ], [ 0.05703, -0.0446 ], [ 0.05703, -0.04324 ], [ 0.0582, -0.04257 ], [ 0.05938, -0.04324 ], [ 0.05938, -0.04324 ] ] ] } },
{ "type": "Feature", "properties": { "constituency_id": "E14000779", "constituency_name": "Leeds North East", "Main party name": "Labour", "Main party abbreviation": "Lab", "Election result summary": "Lab hold", "Election URL": "https://electionresults.parliament.uk/elections/972" }, "geometry": { "type": "Polygon", "coordinates": [ [ [ 0.0582, -0.04122 ], [ 0.0582, -0.04257 ], [ 0.05703, -0.04324 ], [ 0.05586, -0.04257 ], [ 0.05586, -0.04122 ], [ 0.05703, -0.04054 ], [ 0.0582, -0.04122 ], [ 0.0582, -0.04122 ] ] ] } },
{ "type": "Feature", "properties": { "constituency_id": "E14000780", "constituency_name": "Leeds North West", "Main party name": "Labour", "Main party abbreviation": "Lab", "Election result summary": "Lab gain from LD", "Election URL": "https://electionresults.parliament.uk/elections/973" }, "geometry": { "type": "Polygon", "coordinates": [ [ [ 0.05586, -0.04122 ], [ 0.05586, -0.04257 ], [ 0.05469, -0.04324 ], [ 0.05352, -0.04257 ], [ 0.05352, -0.04122 ], [ 0.05469, -0.04054 ], [ 0.05586, -0.04122 ], [ 0.05586, -0.04122 ] ] ] } },
{ "type": "Feature", "properties": { "constituency_id": "E14000781", "constituency_name": "Leeds West", "Main party name": "Labour", "Main party abbreviation": "Lab", "Election result summary": "Lab hold", "Election URL": "https://electionresults.parliament.uk/elections/974" }, "geometry": { "type": "Polygon", "coordinates": [ [ [ 0.05469, -0.04324 ], [ 0.05469, -0.0446 ], [ 0.05352, -0.04527 ], [ 0.05234, -0.0446 ], [ 0.05234, -0.04324 ], [ 0.05352, -0.04257 ], [ 0.05469, -0.04324 ], [ 0.05469, -0.04324 ] ] ] } },
{ "type": "Feature", "properties": { "constituency_id": "E14000782", "constituency_name": "Leicester East", "Main party name": "Labour", "Main party abbreviation": "Lab", "Election result summary": "Lab hold", "Election URL": "https://electionresults.parliament.uk/elections/975" }, "geometry": { "type": "Polygon", "coordinates": [ [ [ 0.06172, -0.06351 ], [ 0.06172, -0.06486 ], [ 0.06055, -0.06554 ], [ 0.05938, -0.06486 ], [ 0.05938, -0.06351 ], [ 0.06055, -0.06284 ], [ 0.06172, -0.06351 ], [ 0.06172, -0.06351 ] ] ] } },
{ "type": "Feature", "properties": { "constituency_id": "E14000783", "constituency_name": "Leicester South", "Main party name": "Labour", "Main party abbreviation": "Lab", "Election result summary": "Lab hold", "Election URL": "https://electionresults.parliament.uk/elections/976" }, "geometry": { "type": "Polygon", "coordinates": [ [ [ 0.06055, -0.06554 ], [ 0.06055, -0.06689 ], [ 0.05938, -0.06757 ], [ 0.0582, -0.06689 ], [ 0.0582, -0.06554 ], [ 0.05938, -0.06486 ], [ 0.06055, -0.06554 ], [ 0.06055, -0.06554 ] ] ] } },
{ "type": "Feature", "properties": { "constituency_id": "E14000784", "constituency_name": "Leicester West", "Main party name": "Labour", "Main party abbreviation": "Lab", "Election result summary": "Lab hold", "Election URL": "https://electionresults.parliament.uk/elections/977" }, "geometry": { "type": "Polygon", "coordinates": [ [ [ 0.05938, -0.06351 ], [ 0.05938, -0.06486 ], [ 0.0582, -0.06554 ], [ 0.05703, -0.06486 ], [ 0.05703, -0.06351 ], [ 0.0582, -0.06284 ], [ 0.05938, -0.06351 ], [ 0.05938, -0.06351 ] ] ] } },
{ "type": "Feature", "properties": { "constituency_id": "E14000785", "constituency_name": "Leigh", "Main party name": "Labour", "Main party abbreviation": "Lab", "Election result summary": "Lab hold", "Election URL": "https://electionresults.parliament.uk/elections/978" }, "geometry": { "type": "Polygon", "coordinates": [ [ [ 0.03711, -0.04932 ], [ 0.03711, -0.05068 ], [ 0.03594, -0.05135 ], [ 0.03476, -0.05068 ], [ 0.03476, -0.04932 ], [ 0.03594, -0.04865 ], [ 0.03711, -0.04932 ], [ 0.03711, -0.04932 ] ] ] } },
{ "type": "Feature", "properties": { "constituency_id": "E14000786", "constituency_name": "Lewes", "Main party name": "Conservative", "Main party abbreviation": "Con", "Election result summary": "Con hold", "Election URL": "https://electionresults.parliament.uk/elections/979" }, "geometry": { "type": "Polygon", "coordinates": [ [ [ 0.07578, -0.09189 ], [ 0.07578, -0.09324 ], [ 0.07461, -0.09391 ], [ 0.07344, -0.09324 ], [ 0.07344, -0.09189 ], [ 0.07461, -0.09121 ], [ 0.07578, -0.09189 ], [ 0.07578, -0.09189 ] ] ] } },
{ "type": "Feature", "properties": { "constituency_id": "E14000787", "constituency_name": "Lewisham East", "Main party name": "Labour", "Main party abbreviation": "Lab", "Election result summary": "Lab hold", "Election URL": "https://electionresults.parliament.uk/elections/980" }, "geometry": { "type": "Polygon", "coordinates": [ [ [ 0.07344, -0.08783 ], [ 0.07344, -0.08919 ], [ 0.07227, -0.08986 ], [ 0.07109, -0.08919 ], [ 0.07109, -0.08783 ], [ 0.07227, -0.08716 ], [ 0.07344, -0.08783 ], [ 0.07344, -0.08783 ] ] ] } },
{ "type": "Feature", "properties": { "constituency_id": "E14000788", "constituency_name": "Lewisham West and Penge", "Main party name": "Labour", "Main party abbreviation": "Lab", "Election result summary": "Lab hold", "Election URL": "https://electionresults.parliament.uk/elections/981" }, "geometry": { "type": "Polygon", "coordinates": [ [ [ 0.07227, -0.08581 ], [ 0.07227, -0.08716 ], [ 0.07109, -0.08783 ], [ 0.06992, -0.08716 ], [ 0.06992, -0.08581 ], [ 0.07109, -0.08513 ], [ 0.07227, -0.08581 ], [ 0.07227, -0.08581 ] ] ] } },
{ "type": "Feature", "properties": { "constituency_id": "E14000789", "constituency_name": "Lewisham, Deptford", "Main party name": "Labour", "Main party abbreviation": "Lab", "Election result summary": "Lab hold", "Election URL": "https://electionresults.parliament.uk/elections/982" }, "geometry": { "type": "Polygon", "coordinates": [ [ [ 0.07109, -0.08378 ], [ 0.07109, -0.08513 ], [ 0.06992, -0.08581 ], [ 0.06875, -0.08513 ], [ 0.06875, -0.08378 ], [ 0.06992, -0.0831 ], [ 0.07109, -0.08378 ], [ 0.07109, -0.08378 ] ] ] } },
{ "type": "Feature", "properties": { "constituency_id": "E14000790", "constituency_name": "Leyton and Wanstead", "Main party name": "Labour", "Main party abbreviation": "Lab", "Election result summary": "Lab hold", "Election URL": "https://electionresults.parliament.uk/elections/983" }, "geometry": { "type": "Polygon", "coordinates": [ [ [ 0.06992, -0.0777 ], [ 0.06992, -0.07905 ], [ 0.06875, -0.07973 ], [ 0.06758, -0.07905 ], [ 0.06758, -0.0777 ], [ 0.06875, -0.07702 ], [ 0.06992, -0.0777 ], [ 0.06992, -0.0777 ] ] ] } },
{ "type": "Feature", "properties": { "constituency_id": "E14000791", "constituency_name": "Lichfield", "Main party name": "Conservative", "Main party abbreviation": "Con", "Election result summary": "Con hold", "Election URL": "https://electionresults.parliament.uk/elections/984" }, "geometry": { "type": "Polygon", "coordinates": [ [ [ 0.05117, -0.06149 ], [ 0.05117, -0.06284 ], [ 0.05, -0.06351 ], [ 0.04883, -0.06284 ], [ 0.04883, -0.06149 ], [ 0.05, -0.06081 ], [ 0.05117, -0.06149 ], [ 0.05117, -0.06149 ] ] ] } },
{ "type": "Feature", "properties": { "constituency_id": "E14000792", "constituency_name": "Lincoln", "Main party name": "Labour", "Main party abbreviation": "Lab", "Election result summary": "Lab gain from Con", "Election URL": "https://electionresults.parliament.uk/elections/985" }, "geometry": { "type": "Polygon", "coordinates": [ [ [ 0.06406, -0.05135 ], [ 0.06406, -0.0527 ], [ 0.06289, -0.05338 ], [ 0.06172, -0.0527 ], [ 0.06172, -0.05135 ], [ 0.06289, -0.05068 ], [ 0.06406, -0.05135 ], [ 0.06406, -0.05135 ] ] ] } },
{ "type": "Feature", "properties": { "constituency_id": "E14000793", "constituency_name": "Liverpool, Riverside", "Main party name": "Labour", "Main party abbreviation": "Lab", "Election result summary": "Lab hold", "Election URL": "https://electionresults.parliament.uk/elections/987" }, "geometry": { "type": "Polygon", "coordinates": [ [ [ 0.03242, -0.05338 ], [ 0.03242, -0.05473 ], [ 0.03125, -0.0554 ], [ 0.03008, -0.05473 ], [ 0.03008, -0.05338 ], [ 0.03125, -0.0527 ], [ 0.03242, -0.05338 ], [ 0.03242, -0.05338 ] ] ] } },
{ "type": "Feature", "properties": { "constituency_id": "E14000794", "constituency_name": "Liverpool, Walton", "Main party name": "Labour", "Main party abbreviation": "Lab", "Election result summary": "Lab hold", "Election URL": "https://electionresults.parliament.uk/elections/988" }, "geometry": { "type": "Polygon", "coordinates": [ [ [ 0.03242, -0.04932 ], [ 0.03242, -0.05068 ], [ 0.03125, -0.05135 ], [ 0.03008, -0.05068 ], [ 0.03008, -0.04932 ], [ 0.03125, -0.04865 ], [ 0.03242, -0.04932 ], [ 0.03242, -0.04932 ] ] ] } },
{ "type": "Feature", "properties": { "constituency_id": "E14000795", "constituency_name": "Liverpool, Wavertree", "Main party name": "Labour", "Main party abbreviation": "Lab", "Election result summary": "Lab hold", "Election URL": "https://electionresults.parliament.uk/elections/989" }, "geometry": { "type": "Polygon", "coordinates": [ [ [ 0.03359, -0.0554 ], [ 0.03359, -0.05676 ], [ 0.03242, -0.05743 ], [ 0.03125, -0.05676 ], [ 0.03125, -0.0554 ], [ 0.03242, -0.05473 ], [ 0.03359, -0.0554 ], [ 0.03359, -0.0554 ] ] ] } },
{ "type": "Feature", "properties": { "constituency_id": "E14000796", "constituency_name": "Liverpool, West Derby", "Main party name": "Labour", "Main party abbreviation": "Lab", "Election result summary": "Lab hold", "Election URL": "https://electionresults.parliament.uk/elections/990" }, "geometry": { "type": "Polygon", "coordinates": [ [ [ 0.03359, -0.05135 ], [ 0.03359, -0.0527 ], [ 0.03242, -0.05338 ], [ 0.03125, -0.0527 ], [ 0.03125, -0.05135 ], [ 0.03242, -0.05068 ], [ 0.03359, -0.05135 ], [ 0.03359, -0.05135 ] ] ] } },
{ "type": "Feature", "properties": { "constituency_id": "E14000797", "constituency_name": "Loughborough", "Main party name": "Conservative", "Main party abbreviation": "Con", "Election result summary": "Con hold", "Election URL": "https://electionresults.parliament.uk/elections/993" }, "geometry": { "type": "Polygon", "coordinates": [ [ [ 0.06055, -0.06149 ], [ 0.06055, -0.06284 ], [ 0.05938, -0.06351 ], [ 0.0582, -0.06284 ], [ 0.0582, -0.06149 ], [ 0.05938, -0.06081 ], [ 0.06055, -0.06149 ], [ 0.06055, -0.06149 ] ] ] } },
{ "type": "Feature", "properties": { "constituency_id": "E14000798", "constituency_name": "Louth and Horncastle", "Main party name": "Conservative", "Main party abbreviation": "Con", "Election result summary": "Con hold", "Election URL": "https://electionresults.parliament.uk/elections/994" }, "geometry": { "type": "Polygon", "coordinates": [ [ [ 0.06524, -0.04932 ], [ 0.06524, -0.05068 ], [ 0.06406, -0.05135 ], [ 0.06289, -0.05068 ], [ 0.06289, -0.04932 ], [ 0.06406, -0.04865 ], [ 0.06524, -0.04932 ], [ 0.06524, -0.04932 ] ] ] } },
{ "type": "Feature", "properties": { "constituency_id": "E14000799", "constituency_name": "Ludlow", "Main party name": "Conservative", "Main party abbreviation": "Con", "Election result summary": "Con hold", "Election URL": "https://electionresults.parliament.uk/elections/995" }, "geometry": { "type": "Polygon", "coordinates": [ [ [ 0.03711, -0.06554 ], [ 0.03711, -0.06689 ], [ 0.03594, -0.06757 ], [ 0.03476, -0.06689 ], [ 0.03476, -0.06554 ], [ 0.03594, -0.06486 ], [ 0.03711, -0.06554 ], [ 0.03711, -0.06554 ] ] ] } },
{ "type": "Feature", "properties": { "constituency_id": "E14000800", "constituency_name": "Luton North", "Main party name": "Labour", "Main party abbreviation": "Lab", "Election result summary": "Lab hold", "Election URL": "https://electionresults.parliament.uk/elections/996" }, "geometry": { "type": "Polygon", "coordinates": [ [ [ 0.06758, -0.06959 ], [ 0.06758, -0.07094 ], [ 0.06641, -0.07162 ], [ 0.06524, -0.07094 ], [ 0.06524, -0.06959 ], [ 0.06641, -0.06892 ], [ 0.06758, -0.06959 ], [ 0.06758, -0.06959 ] ] ] } },
{ "type": "Feature", "properties": { "constituency_id": "E14000801", "constituency_name": "Luton South", "Main party name": "Labour", "Main party abbreviation": "Lab", "Election result summary": "Lab hold", "Election URL": "https://electionresults.parliament.uk/elections/997" }, "geometry": { "type": "Polygon", "coordinates": [ [ [ 0.06641, -0.07162 ], [ 0.06641, -0.07297 ], [ 0.06524, -0.07365 ], [ 0.06406, -0.07297 ], [ 0.06406, -0.07162 ], [ 0.06524, -0.07094 ], [ 0.06641, -0.07162 ], [ 0.06641, -0.07162 ] ] ] } },
{ "type": "Feature", "properties": { "constituency_id": "E14000802", "constituency_name": "Macclesfield", "Main party name": "Conservative", "Main party abbreviation": "Con", "Election result summary": "Con hold", "Election URL": "https://electionresults.parliament.uk/elections/998" }, "geometry": { "type": "Polygon", "coordinates": [ [ [ 0.04766, -0.0554 ], [ 0.04766, -0.05676 ], [ 0.04648, -0.05743 ], [ 0.04531, -0.05676 ], [ 0.04531, -0.0554 ], [ 0.04648, -0.05473 ], [ 0.04766, -0.0554 ], [ 0.04766, -0.0554 ] ] ] } },
{ "type": "Feature", "properties": { "constituency_id": "E14000803", "constituency_name": "Maidenhead", "Main party name": "Conservative", "Main party abbreviation": "Con", "Election result summary": "Con hold", "Election URL": "https://electionresults.parliament.uk/elections/999" }, "geometry": { "type": "Polygon", "coordinates": [ [ [ 0.05234, -0.07567 ], [ 0.05234, -0.07702 ], [ 0.05117, -0.0777 ], [ 0.05, -0.07702 ], [ 0.05, -0.07567 ], [ 0.05117, -0.075 ], [ 0.05234, -0.07567 ], [ 0.05234, -0.07567 ] ] ] } },
{ "type": "Feature", "properties": { "constituency_id": "E14000804", "constituency_name": "Maidstone and The Weald", "Main party name": "Conservative", "Main party abbreviation": "Con", "Election result summary": "Con hold", "Election URL": "https://electionresults.parliament.uk/elections/1000" }, "geometry": { "type": "Polygon", "coordinates": [ [ [ 0.08164, -0.08581 ], [ 0.08164, -0.08716 ], [ 0.08047, -0.08783 ], [ 0.0793, -0.08716 ], [ 0.0793, -0.08581 ], [ 0.08047, -0.08513 ], [ 0.08164, -0.08581 ], [ 0.08164, -0.08581 ] ] ] } },
{ "type": "Feature", "properties": { "constituency_id": "E14000805", "constituency_name": "Makerfield", "Main party name": "Labour", "Main party abbreviation": "Lab", "Election result summary": "Lab hold", "Election URL": "https://electionresults.parliament.uk/elections/1001" }, "geometry": { "type": "Polygon", "coordinates": [ [ [ 0.03594, -0.0473 ], [ 0.03594, -0.04865 ], [ 0.03476, -0.04932 ], [ 0.03359, -0.04865 ], [ 0.03359, -0.0473 ], [ 0.03476, -0.04662 ], [ 0.03594, -0.0473 ], [ 0.03594, -0.0473 ] ] ] } },
{ "type": "Feature", "properties": { "constituency_id": "E14000806", "constituency_name": "Maldon", "Main party name": "Conservative", "Main party abbreviation": "Con", "Election result summary": "Con hold", "Election URL": "https://electionresults.parliament.uk/elections/1002" }, "geometry": { "type": "Polygon", "coordinates": [ [ [ 0.08164, -0.06959 ], [ 0.08164, -0.07094 ], [ 0.08047, -0.07162 ], [ 0.0793, -0.07094 ], [ 0.0793, -0.06959 ], [ 0.08047, -0.06892 ], [ 0.08164, -0.06959 ], [ 0.08164, -0.06959 ] ] ] } },
{ "type": "Feature", "properties": { "constituency_id": "E14000807", "constituency_name": "Manchester Central", "Main party name": "Labour", "Main party abbreviation": "Lab", "Election result summary": "Lab hold", "Election URL": "https://electionresults.parliament.uk/elections/1003" }, "geometry": { "type": "Polygon", "coordinates": [ [ [ 0.04297, -0.05135 ], [ 0.04297, -0.0527 ], [ 0.0418, -0.05338 ], [ 0.04062, -0.0527 ], [ 0.04062, -0.05135 ], [ 0.0418, -0.05068 ], [ 0.04297, -0.05135 ], [ 0.04297, -0.05135 ] ] ] } },
{ "type": "Feature", "properties": { "constituency_id": "E14000808", "constituency_name": "Manchester, Gorton", "Main party name": "Labour", "Main party abbreviation": "Lab", "Election result summary": "Lab hold", "Election URL": "https://electionresults.parliament.uk/elections/1004" }, "geometry": { "type": "Polygon", "coordinates": [ [ [ 0.04531, -0.05135 ], [ 0.04531, -0.0527 ], [ 0.04414, -0.05338 ], [ 0.04297, -0.0527 ], [ 0.04297, -0.05135 ], [ 0.04414, -0.05068 ], [ 0.04531, -0.05135 ], [ 0.04531, -0.05135 ] ] ] } },
{ "type": "Feature", "properties": { "constituency_id": "E14000809", "constituency_name": "Manchester, Withington", "Main party name": "Labour", "Main party abbreviation": "Lab", "Election result summary": "Lab hold", "Election URL": "https://electionresults.parliament.uk/elections/1005" }, "geometry": { "type": "Polygon", "coordinates": [ [ [ 0.0418, -0.05338 ], [ 0.0418, -0.05473 ], [ 0.04062, -0.0554 ], [ 0.03945, -0.05473 ], [ 0.03945, -0.05338 ], [ 0.04062, -0.0527 ], [ 0.0418, -0.05338 ], [ 0.0418, -0.05338 ] ] ] } },
{ "type": "Feature", "properties": { "constituency_id": "E14000810", "constituency_name": "Mansfield", "Main party name": "Conservative", "Main party abbreviation": "Con", "Election result summary": "Con gain from Lab", "Election URL": "https://electionresults.parliament.uk/elections/1006" }, "geometry": { "type": "Polygon", "coordinates": [ [ [ 0.05938, -0.0554 ], [ 0.05938, -0.05676 ], [ 0.0582, -0.05743 ], [ 0.05703, -0.05676 ], [ 0.05703, -0.0554 ], [ 0.0582, -0.05473 ], [ 0.05938, -0.0554 ], [ 0.05938, -0.0554 ] ] ] } },
{ "type": "Feature", "properties": { "constituency_id": "E14000811", "constituency_name": "Meon Valley", "Main party name": "Conservative", "Main party abbreviation": "Con", "Election result summary": "Con hold", "Election URL": "https://electionresults.parliament.uk/elections/1007" }, "geometry": { "type": "Polygon", "coordinates": [ [ [ 0.04766, -0.08783 ], [ 0.04766, -0.08919 ], [ 0.04648, -0.08986 ], [ 0.04531, -0.08919 ], [ 0.04531, -0.08783 ], [ 0.04648, -0.08716 ], [ 0.04766, -0.08783 ], [ 0.04766, -0.08783 ] ] ] } },
{ "type": "Feature", "properties": { "constituency_id": "E14000812", "constituency_name": "Meriden", "Main party name": "Conservative", "Main party abbreviation": "Con", "Election result summary": "Con hold", "Election URL": "https://electionresults.parliament.uk/elections/1008" }, "geometry": { "type": "Polygon", "coordinates": [ [ [ 0.05234, -0.07162 ], [ 0.05234, -0.07297 ], [ 0.05117, -0.07365 ], [ 0.05, -0.07297 ], [ 0.05, -0.07162 ], [ 0.05117, -0.07094 ], [ 0.05234, -0.07162 ], [ 0.05234, -0.07162 ] ] ] } },
{ "type": "Feature", "properties": { "constituency_id": "E14000813", "constituency_name": "Mid Bedfordshire", "Main party name": "Conservative", "Main party abbreviation": "Con", "Election result summary": "Con hold", "Election URL": "https://electionresults.parliament.uk/elections/1010" }, "geometry": { "type": "Polygon", "coordinates": [ [ [ 0.06524, -0.06959 ], [ 0.06524, -0.07094 ], [ 0.06406, -0.07162 ], [ 0.06289, -0.07094 ], [ 0.06289, -0.06959 ], [ 0.06406, -0.06892 ], [ 0.06524, -0.06959 ], [ 0.06524, -0.06959 ] ] ] } },
{ "type": "Feature", "properties": { "constituency_id": "E14000814", "constituency_name": "Mid Derbyshire", "Main party name": "Conservative", "Main party abbreviation": "Con", "Election result summary": "Con hold", "Election URL": "https://electionresults.parliament.uk/elections/1011" }, "geometry": { "type": "Polygon", "coordinates": [ [ [ 0.05117, -0.05743 ], [ 0.05117, -0.05878 ], [ 0.05, -0.05946 ], [ 0.04883, -0.05878 ], [ 0.04883, -0.05743 ], [ 0.05, -0.05676 ], [ 0.05117, -0.05743 ], [ 0.05117, -0.05743 ] ] ] } },
{ "type": "Feature", "properties": { "constituency_id": "E14000815", "constituency_name": "Mid Dorset and North Poole", "Main party name": "Conservative", "Main party abbreviation": "Con", "Election result summary": "Con hold", "Election URL": "https://electionresults.parliament.uk/elections/1012" }, "geometry": { "type": "Polygon", "coordinates": [ [ [ 0.03711, -0.08581 ], [ 0.03711, -0.08716 ], [ 0.03594, -0.08783 ], [ 0.03476, -0.08716 ], [ 0.03476, -0.08581 ], [ 0.03594, -0.08513 ], [ 0.03711, -0.08581 ], [ 0.03711, -0.08581 ] ] ] } },
{ "type": "Feature", "properties": { "constituency_id": "E14000816", "constituency_name": "Mid Norfolk", "Main party name": "Conservative", "Main party abbreviation": "Con", "Election result summary": "Con hold", "Election URL": "https://electionresults.parliament.uk/elections/1013" }, "geometry": { "type": "Polygon", "coordinates": [ [ [ 0.07109, -0.05946 ], [ 0.07109, -0.06081 ], [ 0.06992, -0.06149 ], [ 0.06875, -0.06081 ], [ 0.06875, -0.05946 ], [ 0.06992, -0.05878 ], [ 0.07109, -0.05946 ], [ 0.07109, -0.05946 ] ] ] } },
{ "type": "Feature", "properties": { "constituency_id": "E14000817", "constituency_name": "Mid Sussex", "Main party name": "Conservative", "Main party abbreviation": "Con", "Election result summary": "Con hold", "Election URL": "https://electionresults.parliament.uk/elections/1014" }, "geometry": { "type": "Polygon", "coordinates": [ [ [ 0.0793, -0.08986 ], [ 0.0793, -0.09121 ], [ 0.07813, -0.09189 ], [ 0.07695, -0.09121 ], [ 0.07695, -0.08986 ], [ 0.07813, -0.08919 ], [ 0.0793, -0.08986 ], [ 0.0793, -0.08986 ] ] ] } },
{ "type": "Feature", "properties": { "constituency_id": "E14000818", "constituency_name": "Mid Worcestershire", "Main party name": "Conservative", "Main party abbreviation": "Con", "Election result summary": "Con hold", "Election URL": "https://electionresults.parliament.uk/elections/1016" }, "geometry": { "type": "Polygon", "coordinates": [ [ [ 0.04531, -0.07162 ], [ 0.04531, -0.07297 ], [ 0.04414, -0.07365 ], [ 0.04297, -0.07297 ], [ 0.04297, -0.07162 ], [ 0.04414, -0.07094 ], [ 0.04531, -0.07162 ], [ 0.04531, -0.07162 ] ] ] } },
{ "type": "Feature", "properties": { "constituency_id": "E14000819", "constituency_name": "Middlesbrough", "Main party name": "Labour", "Main party abbreviation": "Lab", "Election result summary": "Lab hold", "Election URL": "https://electionresults.parliament.uk/elections/1017" }, "geometry": { "type": "Polygon", "coordinates": [ [ [ 0.0582, -0.03716 ], [ 0.0582, -0.03851 ], [ 0.05703, -0.03919 ], [ 0.05586, -0.03851 ], [ 0.05586, -0.03716 ], [ 0.05703, -0.03649 ], [ 0.0582, -0.03716 ], [ 0.0582, -0.03716 ] ] ] } },
{ "type": "Feature", "properties": { "constituency_id": "E14000820", "constituency_name": "Middlesbrough South and East Cleveland", "Main party name": "Conservative", "Main party abbreviation": "Con", "Election result summary": "Con gain from Lab", "Election URL": "https://electionresults.parliament.uk/elections/1018" }, "geometry": { "type": "Polygon", "coordinates": [ [ [ 0.06055, -0.03716 ], [ 0.06055, -0.03851 ], [ 0.05938, -0.03919 ], [ 0.0582, -0.03851 ], [ 0.0582, -0.03716 ], [ 0.05938, -0.03649 ], [ 0.06055, -0.03716 ], [ 0.06055, -0.03716 ] ] ] } },
{ "type": "Feature", "properties": { "constituency_id": "E14000821", "constituency_name": "Milton Keynes North", "Main party name": "Conservative", "Main party abbreviation": "Con", "Election result summary": "Con hold", "Election URL": "https://electionresults.parliament.uk/elections/1020" }, "geometry": { "type": "Polygon", "coordinates": [ [ [ 0.06406, -0.06757 ], [ 0.06406, -0.06892 ], [ 0.06289, -0.06959 ], [ 0.06172, -0.06892 ], [ 0.06172, -0.06757 ], [ 0.06289, -0.06689 ], [ 0.06406, -0.06757 ], [ 0.06406, -0.06757 ] ] ] } },
{ "type": "Feature", "properties": { "constituency_id": "E14000822", "constituency_name": "Milton Keynes South", "Main party name": "Conservative", "Main party abbreviation": "Con", "Election result summary": "Con hold", "Election URL": "https://electionresults.parliament.uk/elections/1021" }, "geometry": { "type": "Polygon", "coordinates": [ [ [ 0.06289, -0.06959 ], [ 0.06289, -0.07094 ], [ 0.06172, -0.07162 ], [ 0.06055, -0.07094 ], [ 0.06055, -0.06959 ], [ 0.06172, -0.06892 ], [ 0.06289, -0.06959 ], [ 0.06289, -0.06959 ] ] ] } },
{ "type": "Feature", "properties": { "constituency_id": "E14000823", "constituency_name": "Mitcham and Morden", "Main party name": "Labour", "Main party abbreviation": "Lab", "Election result summary": "Lab hold", "Election URL": "https://electionresults.parliament.uk/elections/1022" }, "geometry": { "type": "Polygon", "coordinates": [ [ [ 0.06289, -0.08986 ], [ 0.06289, -0.09121 ], [ 0.06172, -0.09189 ], [ 0.06055, -0.09121 ], [ 0.06055, -0.08986 ], [ 0.06172, -0.08919 ], [ 0.06289, -0.08986 ], [ 0.06289, -0.08986 ] ] ] } },
{ "type": "Feature", "properties": { "constituency_id": "E14000824", "constituency_name": "Mole Valley", "Main party name": "Conservative", "Main party abbreviation": "Con", "Election result summary": "Con hold", "Election URL": "https://electionresults.parliament.uk/elections/1023" }, "geometry": { "type": "Polygon", "coordinates": [ [ [ 0.05586, -0.08986 ], [ 0.05586, -0.09121 ], [ 0.05469, -0.09189 ], [ 0.05352, -0.09121 ], [ 0.05352, -0.08986 ], [ 0.05469, -0.08919 ], [ 0.05586, -0.08986 ], [ 0.05586, -0.08986 ] ] ] } },
{ "type": "Feature", "properties": { "constituency_id": "E14000825", "constituency_name": "Morecambe and Lunesdale", "Main party name": "Conservative", "Main party abbreviation": "Con", "Election result summary": "Con hold", "Election URL": "https://electionresults.parliament.uk/elections/1027" }, "geometry": { "type": "Polygon", "coordinates": [ [ [ 0.04414, -0.03716 ], [ 0.04414, -0.03851 ], [ 0.04297, -0.03919 ], [ 0.0418, -0.03851 ], [ 0.0418, -0.03716 ], [ 0.04297, -0.03649 ], [ 0.04414, -0.03716 ], [ 0.04414, -0.03716 ] ] ] } },
{ "type": "Feature", "properties": { "constituency_id": "E14000826", "constituency_name": "Morley and Outwood", "Main party name": "Conservative", "Main party abbreviation": "Con", "Election result summary": "Con hold", "Election URL": "https://electionresults.parliament.uk/elections/1028" }, "geometry": { "type": "Polygon", "coordinates": [ [ [ 0.05586, -0.04527 ], [ 0.05586, -0.04662 ], [ 0.05469, -0.0473 ], [ 0.05352, -0.04662 ], [ 0.05352, -0.04527 ], [ 0.05469, -0.0446 ], [ 0.05586, -0.04527 ], [ 0.05586, -0.04527 ] ] ] } },
{ "type": "Feature", "properties": { "constituency_id": "E14000827", "constituency_name": "New Forest East", "Main party name": "Conservative", "Main party abbreviation": "Con", "Election result summary": "Con hold", "Election URL": "https://electionresults.parliament.uk/elections/1032" }, "geometry": { "type": "Polygon", "coordinates": [ [ [ 0.04297, -0.08783 ], [ 0.04297, -0.08919 ], [ 0.0418, -0.08986 ], [ 0.04062, -0.08919 ], [ 0.04062, -0.08783 ], [ 0.0418, -0.08716 ], [ 0.04297, -0.08783 ], [ 0.04297, -0.08783 ] ] ] } },
{ "type": "Feature", "properties": { "constituency_id": "E14000828", "constituency_name": "New Forest West", "Main party name": "Conservative", "Main party abbreviation": "Con", "Election result summary": "Con hold", "Election URL": "https://electionresults.parliament.uk/elections/1033" }, "geometry": { "type": "Polygon", "coordinates": [ [ [ 0.0418, -0.08581 ], [ 0.0418, -0.08716 ], [ 0.04062, -0.08783 ], [ 0.03945, -0.08716 ], [ 0.03945, -0.08581 ], [ 0.04062, -0.08513 ], [ 0.0418, -0.08581 ], [ 0.0418, -0.08581 ] ] ] } },
{ "type": "Feature", "properties": { "constituency_id": "E14000829", "constituency_name": "Newark", "Main party name": "Conservative", "Main party abbreviation": "Con", "Election result summary": "Con hold", "Election URL": "https://electionresults.parliament.uk/elections/1034" }, "geometry": { "type": "Polygon", "coordinates": [ [ [ 0.06289, -0.05338 ], [ 0.06289, -0.05473 ], [ 0.06172, -0.0554 ], [ 0.06055, -0.05473 ], [ 0.06055, -0.05338 ], [ 0.06172, -0.0527 ], [ 0.06289, -0.05338 ], [ 0.06289, -0.05338 ] ] ] } },
{ "type": "Feature", "properties": { "constituency_id": "E14000830", "constituency_name": "Newbury", "Main party name": "Conservative", "Main party abbreviation": "Con", "Election result summary": "Con hold", "Election URL": "https://electionresults.parliament.uk/elections/1035" }, "geometry": { "type": "Polygon", "coordinates": [ [ [ 0.04766, -0.07567 ], [ 0.04766, -0.07702 ], [ 0.04648, -0.0777 ], [ 0.04531, -0.07702 ], [ 0.04531, -0.07567 ], [ 0.04648, -0.075 ], [ 0.04766, -0.07567 ], [ 0.04766, -0.07567 ] ] ] } },
{ "type": "Feature", "properties": { "constituency_id": "E14000831", "constituency_name": "Newcastle Upon Tyne Central", "Main party name": "Labour", "Main party abbreviation": "Lab", "Election result summary": "Lab hold", "Election URL": "https://electionresults.parliament.uk/elections/1036" }, "geometry": { "type": "Polygon", "coordinates": [ [ [ 0.04766, -0.03108 ], [ 0.04766, -0.03243 ], [ 0.04648, -0.03311 ], [ 0.04531, -0.03243 ], [ 0.04531, -0.03108 ], [ 0.04648, -0.03041 ], [ 0.04766, -0.03108 ], [ 0.04766, -0.03108 ] ] ] } },
{ "type": "Feature", "properties": { "constituency_id": "E14000832", "constituency_name": "Newcastle Upon Tyne East", "Main party name": "Labour", "Main party abbreviation": "Lab", "Election result summary": "Lab hold", "Election URL": "https://electionresults.parliament.uk/elections/1037" }, "geometry": { "type": "Polygon", "coordinates": [ [ [ 0.05117, -0.02906 ], [ 0.05117, -0.03041 ], [ 0.05, -0.03108 ], [ 0.04883, -0.03041 ], [ 0.04883, -0.02906 ], [ 0.05, -0.02838 ], [ 0.05117, -0.02906 ], [ 0.05117, -0.02906 ] ] ] } },
{ "type": "Feature", "properties": { "constituency_id": "E14000833", "constituency_name": "Newcastle Upon Tyne North", "Main party name": "Labour", "Main party abbreviation": "Lab", "Election result summary": "Lab hold", "Election URL": "https://electionresults.parliament.uk/elections/1038" }, "geometry": { "type": "Polygon", "coordinates": [ [ [ 0.04883, -0.02906 ], [ 0.04883, -0.03041 ], [ 0.04766, -0.03108 ], [ 0.04648, -0.03041 ], [ 0.04648, -0.02906 ], [ 0.04766, -0.02838 ], [ 0.04883, -0.02906 ], [ 0.04883, -0.02906 ] ] ] } },
{ "type": "Feature", "properties": { "constituency_id": "E14000834", "constituency_name": "Newcastle-Under-Lyme", "Main party name": "Labour", "Main party abbreviation": "Lab", "Election result summary": "Lab hold", "Election URL": "https://electionresults.parliament.uk/elections/1039" }, "geometry": { "type": "Polygon", "coordinates": [ [ [ 0.04531, -0.05946 ], [ 0.04531, -0.06081 ], [ 0.04414, -0.06149 ], [ 0.04297, -0.06081 ], [ 0.04297, -0.05946 ], [ 0.04414, -0.05878 ], [ 0.04531, -0.05946 ], [ 0.04531, -0.05946 ] ] ] } },
{ "type": "Feature", "properties": { "constituency_id": "E14000835", "constituency_name": "Newton Abbot", "Main party name": "Conservative", "Main party abbreviation": "Con", "Election result summary": "Con hold", "Election URL": "https://electionresults.parliament.uk/elections/1043" }, "geometry": { "type": "Polygon", "coordinates": [ [ [ 0.02773, -0.08986 ], [ 0.02773, -0.09121 ], [ 0.02656, -0.09189 ], [ 0.02539, -0.09121 ], [ 0.02539, -0.08986 ], [ 0.02656, -0.08919 ], [ 0.02773, -0.08986 ], [ 0.02773, -0.08986 ] ] ] } },
{ "type": "Feature", "properties": { "constituency_id": "E14000836", "constituency_name": "Normanton, Pontefract and Castleford", "Main party name": "Labour", "Main party abbreviation": "Lab", "Election result summary": "Lab hold", "Election URL": "https://electionresults.parliament.uk/elections/1044" }, "geometry": { "type": "Polygon", "coordinates": [ [ [ 0.0582, -0.04527 ], [ 0.0582, -0.04662 ], [ 0.05703, -0.0473 ], [ 0.05586, -0.04662 ], [ 0.05586, -0.04527 ], [ 0.05703, -0.0446 ], [ 0.0582, -0.04527 ], [ 0.0582, -0.04527 ] ] ] } },
{ "type": "Feature", "properties": { "constituency_id": "E14000837", "constituency_name": "North Cornwall", "Main party name": "Conservative", "Main party abbreviation": "Con", "Election result summary": "Con hold", "Election URL": "https://electionresults.parliament.uk/elections/1047" }, "geometry": { "type": "Polygon", "coordinates": [ [ [ 0.02305, -0.08986 ], [ 0.02305, -0.09121 ], [ 0.02187, -0.09189 ], [ 0.0207, -0.09121 ], [ 0.0207, -0.08986 ], [ 0.02187, -0.08919 ], [ 0.02305, -0.08986 ], [ 0.02305, -0.08986 ] ] ] } },
{ "type": "Feature", "properties": { "constituency_id": "E14000838", "constituency_name": "North Devon", "Main party name": "Conservative", "Main party abbreviation": "Con", "Election result summary": "Con hold", "Election URL": "https://electionresults.parliament.uk/elections/1048" }, "geometry": { "type": "Polygon", "coordinates": [ [ [ 0.02773, -0.08581 ], [ 0.02773, -0.08716 ], [ 0.02656, -0.08783 ], [ 0.02539, -0.08716 ], [ 0.02539, -0.08581 ], [ 0.02656, -0.08513 ], [ 0.02773, -0.08581 ], [ 0.02773, -0.08581 ] ] ] } },
{ "type": "Feature", "properties": { "constituency_id": "E14000839", "constituency_name": "North Dorset", "Main party name": "Conservative", "Main party abbreviation": "Con", "Election result summary": "Con hold", "Election URL": "https://electionresults.parliament.uk/elections/1049" }, "geometry": { "type": "Polygon", "coordinates": [ [ [ 0.03945, -0.08581 ], [ 0.03945, -0.08716 ], [ 0.03828, -0.08783 ], [ 0.03711, -0.08716 ], [ 0.03711, -0.08581 ], [ 0.03828, -0.08513 ], [ 0.03945, -0.08581 ], [ 0.03945, -0.08581 ] ] ] } },
{ "type": "Feature", "properties": { "constituency_id": "E14000840", "constituency_name": "North Durham", "Main party name": "Labour", "Main party abbreviation": "Lab", "Election result summary": "Lab hold", "Election URL": "https://electionresults.parliament.uk/elections/1051" }, "geometry": { "type": "Polygon", "coordinates": [ [ [ 0.05117, -0.03311 ], [ 0.05117, -0.03446 ], [ 0.05, -0.03514 ], [ 0.04883, -0.03446 ], [ 0.04883, -0.03311 ], [ 0.05, -0.03243 ], [ 0.05117, -0.03311 ], [ 0.05117, -0.03311 ] ] ] } },
{ "type": "Feature", "properties": { "constituency_id": "E14000841", "constituency_name": "North East Bedfordshire", "Main party name": "Conservative", "Main party abbreviation": "Con", "Election result summary": "Con hold", "Election URL": "https://electionresults.parliament.uk/elections/1052" }, "geometry": { "type": "Polygon", "coordinates": [ [ [ 0.06524, -0.06554 ], [ 0.06524, -0.06689 ], [ 0.06406, -0.06757 ], [ 0.06289, -0.06689 ], [ 0.06289, -0.06554 ], [ 0.06406, -0.06486 ], [ 0.06524, -0.06554 ], [ 0.06524, -0.06554 ] ] ] } },
{ "type": "Feature", "properties": { "constituency_id": "E14000842", "constituency_name": "North East Cambridgeshire", "Main party name": "Conservative", "Main party abbreviation": "Con", "Election result summary": "Con hold", "Election URL": "https://electionresults.parliament.uk/elections/1053" }, "geometry": { "type": "Polygon", "coordinates": [ [ [ 0.06992, -0.06149 ], [ 0.06992, -0.06284 ], [ 0.06875, -0.06351 ], [ 0.06758, -0.06284 ], [ 0.06758, -0.06149 ], [ 0.06875, -0.06081 ], [ 0.06992, -0.06149 ], [ 0.06992, -0.06149 ] ] ] } },
{ "type": "Feature", "properties": { "constituency_id": "E14000843", "constituency_name": "North East Derbyshire", "Main party name": "Conservative", "Main party abbreviation": "Con", "Election result summary": "Con gain from Lab", "Election URL": "https://electionresults.parliament.uk/elections/1054" }, "geometry": { "type": "Polygon", "coordinates": [ [ [ 0.05234, -0.0554 ], [ 0.05234, -0.05676 ], [ 0.05117, -0.05743 ], [ 0.05, -0.05676 ], [ 0.05, -0.0554 ], [ 0.05117, -0.05473 ], [ 0.05234, -0.0554 ], [ 0.05234, -0.0554 ] ] ] } },
{ "type": "Feature", "properties": { "constituency_id": "E14000844", "constituency_name": "North East Hampshire", "Main party name": "Conservative", "Main party abbreviation": "Con", "Election result summary": "Con hold", "Election URL": "https://electionresults.parliament.uk/elections/1056" }, "geometry": { "type": "Polygon", "coordinates": [ [ [ 0.05, -0.07973 ], [ 0.05, -0.08108 ], [ 0.04883, -0.08175 ], [ 0.04766, -0.08108 ], [ 0.04766, -0.07973 ], [ 0.04883, -0.07905 ], [ 0.05, -0.07973 ], [ 0.05, -0.07973 ] ] ] } },
{ "type": "Feature", "properties": { "constituency_id": "E14000845", "constituency_name": "North East Hertfordshire", "Main party name": "Conservative", "Main party abbreviation": "Con", "Election result summary": "Con hold", "Election URL": "https://electionresults.parliament.uk/elections/1057" }, "geometry": { "type": "Polygon", "coordinates": [ [ [ 0.07109, -0.06757 ], [ 0.07109, -0.06892 ], [ 0.06992, -0.06959 ], [ 0.06875, -0.06892 ], [ 0.06875, -0.06757 ], [ 0.06992, -0.06689 ], [ 0.07109, -0.06757 ], [ 0.07109, -0.06757 ] ] ] } },
{ "type": "Feature", "properties": { "constituency_id": "E14000846", "constituency_name": "North East Somerset", "Main party name": "Conservative", "Main party abbreviation": "Con", "Election result summary": "Con hold", "Election URL": "https://electionresults.parliament.uk/elections/1058" }, "geometry": { "type": "Polygon", "coordinates": [ [ [ 0.0418, -0.08175 ], [ 0.0418, -0.0831 ], [ 0.04062, -0.08378 ], [ 0.03945, -0.0831 ], [ 0.03945, -0.08175 ], [ 0.04062, -0.08108 ], [ 0.0418, -0.08175 ], [ 0.0418, -0.08175 ] ] ] } },
{ "type": "Feature", "properties": { "constituency_id": "E14000847", "constituency_name": "North Herefordshire", "Main party name": "Conservative", "Main party abbreviation": "Con", "Election result summary": "Con hold", "Election URL": "https://electionresults.parliament.uk/elections/1059" }, "geometry": { "type": "Polygon", "coordinates": [ [ [ 0.03711, -0.06959 ], [ 0.03711, -0.07094 ], [ 0.03594, -0.07162 ], [ 0.03476, -0.07094 ], [ 0.03476, -0.06959 ], [ 0.03594, -0.06892 ], [ 0.03711, -0.06959 ], [ 0.03711, -0.06959 ] ] ] } },
{ "type": "Feature", "properties": { "constituency_id": "E14000848", "constituency_name": "North Norfolk", "Main party name": "Liberal Democrat", "Main party abbreviation": "LD", "Election result summary": "LD hold", "Election URL": "https://electionresults.parliament.uk/elections/1060" }, "geometry": { "type": "Polygon", "coordinates": [ [ [ 0.06992, -0.05743 ], [ 0.06992, -0.05878 ], [ 0.06875, -0.05946 ], [ 0.06758, -0.05878 ], [ 0.06758, -0.05743 ], [ 0.06875, -0.05676 ], [ 0.06992, -0.05743 ], [ 0.06992, -0.05743 ] ] ] } },
{ "type": "Feature", "properties": { "constituency_id": "E14000849", "constituency_name": "North Shropshire", "Main party name": "Conservative", "Main party abbreviation": "Con", "Election result summary": "Con hold", "Election URL": "https://electionresults.parliament.uk/elections/1061" }, "geometry": { "type": "Polygon", "coordinates": [ [ [ 0.03711, -0.06149 ], [ 0.03711, -0.06284 ], [ 0.03594, -0.06351 ], [ 0.03476, -0.06284 ], [ 0.03476, -0.06149 ], [ 0.03594, -0.06081 ], [ 0.03711, -0.06149 ], [ 0.03711, -0.06149 ] ] ] } },
{ "type": "Feature", "properties": { "constituency_id": "E14000850", "constituency_name": "North Somerset", "Main party name": "Conservative", "Main party abbreviation": "Con", "Election result summary": "Con hold", "Election URL": "https://electionresults.parliament.uk/elections/1062" }, "geometry": { "type": "Polygon", "coordinates": [ [ [ 0.03594, -0.08378 ], [ 0.03594, -0.08513 ], [ 0.03476, -0.08581 ], [ 0.03359, -0.08513 ], [ 0.03359, -0.08378 ], [ 0.03476, -0.0831 ], [ 0.03594, -0.08378 ], [ 0.03594, -0.08378 ] ] ] } },
{ "type": "Feature", "properties": { "constituency_id": "E14000851", "constituency_name": "North Swindon", "Main party name": "Conservative", "Main party abbreviation": "Con", "Election result summary": "Con hold", "Election URL": "https://electionresults.parliament.uk/elections/1063" }, "geometry": { "type": "Polygon", "coordinates": [ [ [ 0.04531, -0.07567 ], [ 0.04531, -0.07702 ], [ 0.04414, -0.0777 ], [ 0.04297, -0.07702 ], [ 0.04297, -0.07567 ], [ 0.04414, -0.075 ], [ 0.04531, -0.07567 ], [ 0.04531, -0.07567 ] ] ] } },
{ "type": "Feature", "properties": { "constituency_id": "E14000852", "constituency_name": "North Thanet", "Main party name": "Conservative", "Main party abbreviation": "Con", "Election result summary": "Con hold", "Election URL": "https://electionresults.parliament.uk/elections/1064" }, "geometry": { "type": "Polygon", "coordinates": [ [ [ 0.08633, -0.08175 ], [ 0.08633, -0.0831 ], [ 0.08516, -0.08378 ], [ 0.08399, -0.0831 ], [ 0.08399, -0.08175 ], [ 0.08516, -0.08108 ], [ 0.08633, -0.08175 ], [ 0.08633, -0.08175 ] ] ] } },
{ "type": "Feature", "properties": { "constituency_id": "E14000853", "constituency_name": "North Tyneside", "Main party name": "Labour", "Main party abbreviation": "Lab", "Election result summary": "Lab hold", "Election URL": "https://electionresults.parliament.uk/elections/1065" }, "geometry": { "type": "Polygon", "coordinates": [ [ [ 0.05352, -0.02906 ], [ 0.05352, -0.03041 ], [ 0.05234, -0.03108 ], [ 0.05117, -0.03041 ], [ 0.05117, -0.02906 ], [ 0.05234, -0.02838 ], [ 0.05352, -0.02906 ], [ 0.05352, -0.02906 ] ] ] } },
{ "type": "Feature", "properties": { "constituency_id": "E14000854", "constituency_name": "North Warwickshire", "Main party name": "Conservative", "Main party abbreviation": "Con", "Election result summary": "Con hold", "Election URL": "https://electionresults.parliament.uk/elections/1066" }, "geometry": { "type": "Polygon", "coordinates": [ [ [ 0.05469, -0.06351 ], [ 0.05469, -0.06486 ], [ 0.05352, -0.06554 ], [ 0.05234, -0.06486 ], [ 0.05234, -0.06351 ], [ 0.05352, -0.06284 ], [ 0.05469, -0.06351 ], [ 0.05469, -0.06351 ] ] ] } },
{ "type": "Feature", "properties": { "constituency_id": "E14000855", "constituency_name": "North West Cambridgeshire", "Main party name": "Conservative", "Main party abbreviation": "Con", "Election result summary": "Con hold", "Election URL": "https://electionresults.parliament.uk/elections/1067" }, "geometry": { "type": "Polygon", "coordinates": [ [ [ 0.06875, -0.06351 ], [ 0.06875, -0.06486 ], [ 0.06758, -0.06554 ], [ 0.06641, -0.06486 ], [ 0.06641, -0.06351 ], [ 0.06758, -0.06284 ], [ 0.06875, -0.06351 ], [ 0.06875, -0.06351 ] ] ] } },
{ "type": "Feature", "properties": { "constituency_id": "E14000856", "constituency_name": "North West Durham", "Main party name": "Labour", "Main party abbreviation": "Lab", "Election result summary": "Lab hold", "Election URL": "https://electionresults.parliament.uk/elections/1068" }, "geometry": { "type": "Polygon", "coordinates": [ [ [ 0.05, -0.03514 ], [ 0.05, -0.03649 ], [ 0.04883, -0.03716 ], [ 0.04766, -0.03649 ], [ 0.04766, -0.03514 ], [ 0.04883, -0.03446 ], [ 0.05, -0.03514 ], [ 0.05, -0.03514 ] ] ] } },
{ "type": "Feature", "properties": { "constituency_id": "E14000857", "constituency_name": "North West Hampshire", "Main party name": "Conservative", "Main party abbreviation": "Con", "Election result summary": "Con hold", "Election URL": "https://electionresults.parliament.uk/elections/1069" }, "geometry": { "type": "Polygon", "coordinates": [ [ [ 0.04648, -0.08175 ], [ 0.04648, -0.0831 ], [ 0.04531, -0.08378 ], [ 0.04414, -0.0831 ], [ 0.04414, -0.08175 ], [ 0.04531, -0.08108 ], [ 0.04648, -0.08175 ], [ 0.04648, -0.08175 ] ] ] } },
{ "type": "Feature", "properties": { "constituency_id": "E14000858", "constituency_name": "North West Leicestershire", "Main party name": "Conservative", "Main party abbreviation": "Con", "Election result summary": "Con hold", "Election URL": "https://electionresults.parliament.uk/elections/1070" }, "geometry": { "type": "Polygon", "coordinates": [ [ [ 0.05586, -0.06149 ], [ 0.05586, -0.06284 ], [ 0.05469, -0.06351 ], [ 0.05352, -0.06284 ], [ 0.05352, -0.06149 ], [ 0.05469, -0.06081 ], [ 0.05586, -0.06149 ], [ 0.05586, -0.06149 ] ] ] } },
{ "type": "Feature", "properties": { "constituency_id": "E14000859", "constituency_name": "North West Norfolk", "Main party name": "Conservative", "Main party abbreviation": "Con", "Election result summary": "Con hold", "Election URL": "https://electionresults.parliament.uk/elections/1071" }, "geometry": { "type": "Polygon", "coordinates": [ [ [ 0.06875, -0.05946 ], [ 0.06875, -0.06081 ], [ 0.06758, -0.06149 ], [ 0.06641, -0.06081 ], [ 0.06641, -0.05946 ], [ 0.06758, -0.05878 ], [ 0.06875, -0.05946 ], [ 0.06875, -0.05946 ] ] ] } },
{ "type": "Feature", "properties": { "constituency_id": "E14000860", "constituency_name": "North Wiltshire", "Main party name": "Conservative", "Main party abbreviation": "Con", "Election result summary": "Con hold", "Election URL": "https://electionresults.parliament.uk/elections/1072" }, "geometry": { "type": "Polygon", "coordinates": [ [ [ 0.04414, -0.0777 ], [ 0.04414, -0.07905 ], [ 0.04297, -0.07973 ], [ 0.0418, -0.07905 ], [ 0.0418, -0.0777 ], [ 0.04297, -0.07702 ], [ 0.04414, -0.0777 ], [ 0.04414, -0.0777 ] ] ] } },
{ "type": "Feature", "properties": { "constituency_id": "E14000861", "constituency_name": "Northampton North", "Main party name": "Conservative", "Main party abbreviation": "Con", "Election result summary": "Con hold", "Election URL": "https://electionresults.parliament.uk/elections/1073" }, "geometry": { "type": "Polygon", "coordinates": [ [ [ 0.06289, -0.06554 ], [ 0.06289, -0.06689 ], [ 0.06172, -0.06757 ], [ 0.06055, -0.06689 ], [ 0.06055, -0.06554 ], [ 0.06172, -0.06486 ], [ 0.06289, -0.06554 ], [ 0.06289, -0.06554 ] ] ] } },
{ "type": "Feature", "properties": { "constituency_id": "E14000862", "constituency_name": "Northampton South", "Main party name": "Conservative", "Main party abbreviation": "Con", "Election result summary": "Con hold", "Election URL": "https://electionresults.parliament.uk/elections/1074" }, "geometry": { "type": "Polygon", "coordinates": [ [ [ 0.06172, -0.06757 ], [ 0.06172, -0.06892 ], [ 0.06055, -0.06959 ], [ 0.05938, -0.06892 ], [ 0.05938, -0.06757 ], [ 0.06055, -0.06689 ], [ 0.06172, -0.06757 ], [ 0.06172, -0.06757 ] ] ] } },
{ "type": "Feature", "properties": { "constituency_id": "E14000863", "constituency_name": "Norwich North", "Main party name": "Conservative", "Main party abbreviation": "Con", "Election result summary": "Con hold", "Election URL": "https://electionresults.parliament.uk/elections/1075" }, "geometry": { "type": "Polygon", "coordinates": [ [ [ 0.07344, -0.05946 ], [ 0.07344, -0.06081 ], [ 0.07227, -0.06149 ], [ 0.07109, -0.06081 ], [ 0.07109, -0.05946 ], [ 0.07227, -0.05878 ], [ 0.07344, -0.05946 ], [ 0.07344, -0.05946 ] ] ] } },
{ "type": "Feature", "properties": { "constituency_id": "E14000864", "constituency_name": "Norwich South", "Main party name": "Labour", "Main party abbreviation": "Lab", "Election result summary": "Lab hold", "Election URL": "https://electionresults.parliament.uk/elections/1076" }, "geometry": { "type": "Polygon", "coordinates": [ [ [ 0.07461, -0.06149 ], [ 0.07461, -0.06284 ], [ 0.07344, -0.06351 ], [ 0.07227, -0.06284 ], [ 0.07227, -0.06149 ], [ 0.07344, -0.06081 ], [ 0.07461, -0.06149 ], [ 0.07461, -0.06149 ] ] ] } },
{ "type": "Feature", "properties": { "constituency_id": "E14000865", "constituency_name": "Nottingham East", "Main party name": "Labour", "Main party abbreviation": "Lab", "Election result summary": "Lab hold", "Election URL": "https://electionresults.parliament.uk/elections/1077" }, "geometry": { "type": "Polygon", "coordinates": [ [ [ 0.06172, -0.05946 ], [ 0.06172, -0.06081 ], [ 0.06055, -0.06149 ], [ 0.05938, -0.06081 ], [ 0.05938, -0.05946 ], [ 0.06055, -0.05878 ], [ 0.06172, -0.05946 ], [ 0.06172, -0.05946 ] ] ] } },
{ "type": "Feature", "properties": { "constituency_id": "E14000866", "constituency_name": "Nottingham North", "Main party name": "Labour", "Main party abbreviation": "Lab", "Election result summary": "Lab hold", "Election URL": "https://electionresults.parliament.uk/elections/1078" }, "geometry": { "type": "Polygon", "coordinates": [ [ [ 0.06055, -0.05743 ], [ 0.06055, -0.05878 ], [ 0.05938, -0.05946 ], [ 0.0582, -0.05878 ], [ 0.0582, -0.05743 ], [ 0.05938, -0.05676 ], [ 0.06055, -0.05743 ], [ 0.06055, -0.05743 ] ] ] } },
{ "type": "Feature", "properties": { "constituency_id": "E14000867", "constituency_name": "Nottingham South", "Main party name": "Labour", "Main party abbreviation": "Lab", "Election result summary": "Lab hold", "Election URL": "https://electionresults.parliament.uk/elections/1079" }, "geometry": { "type": "Polygon", "coordinates": [ [ [ 0.05938, -0.05946 ], [ 0.05938, -0.06081 ], [ 0.0582, -0.06149 ], [ 0.05703, -0.06081 ], [ 0.05703, -0.05946 ], [ 0.0582, -0.05878 ], [ 0.05938, -0.05946 ], [ 0.05938, -0.05946 ] ] ] } },
{ "type": "Feature", "properties": { "constituency_id": "E14000868", "constituency_name": "Nuneaton", "Main party name": "Conservative", "Main party abbreviation": "Con", "Election result summary": "Con hold", "Election URL": "https://electionresults.parliament.uk/elections/1080" }, "geometry": { "type": "Polygon", "coordinates": [ [ [ 0.05586, -0.06554 ], [ 0.05586, -0.06689 ], [ 0.05469, -0.06757 ], [ 0.05352, -0.06689 ], [ 0.05352, -0.06554 ], [ 0.05469, -0.06486 ], [ 0.05586, -0.06554 ], [ 0.05586, -0.06554 ] ] ] } },
{ "type": "Feature", "properties": { "constituency_id": "E14000869", "constituency_name": "Old Bexley and Sidcup", "Main party name": "Conservative", "Main party abbreviation": "Con", "Election result summary": "Con hold", "Election URL": "https://electionresults.parliament.uk/elections/1083" }, "geometry": { "type": "Polygon", "coordinates": [ [ [ 0.07695, -0.08581 ], [ 0.07695, -0.08716 ], [ 0.07578, -0.08783 ], [ 0.07461, -0.08716 ], [ 0.07461, -0.08581 ], [ 0.07578, -0.08513 ], [ 0.07695, -0.08581 ], [ 0.07695, -0.08581 ] ] ] } },
{ "type": "Feature", "properties": { "constituency_id": "E14000870", "constituency_name": "Oldham East and Saddleworth", "Main party name": "Labour", "Main party abbreviation": "Lab", "Election result summary": "Lab hold", "Election URL": "https://electionresults.parliament.uk/elections/1084" }, "geometry": { "type": "Polygon", "coordinates": [ [ [ 0.04531, -0.0473 ], [ 0.04531, -0.04865 ], [ 0.04414, -0.04932 ], [ 0.04297, -0.04865 ], [ 0.04297, -0.0473 ], [ 0.04414, -0.04662 ], [ 0.04531, -0.0473 ], [ 0.04531, -0.0473 ] ] ] } },
{ "type": "Feature", "properties": { "constituency_id": "E14000871", "constituency_name": "Oldham West and Royton", "Main party name": "Labour", "Main party abbreviation": "Lab", "Election result summary": "Lab hold", "Election URL": "https://electionresults.parliament.uk/elections/1085" }, "geometry": { "type": "Polygon", "coordinates": [ [ [ 0.04297, -0.0473 ], [ 0.04297, -0.04865 ], [ 0.0418, -0.04932 ], [ 0.04062, -0.04865 ], [ 0.04062, -0.0473 ], [ 0.0418, -0.04662 ], [ 0.04297, -0.0473 ], [ 0.04297, -0.0473 ] ] ] } },
{ "type": "Feature", "properties": { "constituency_id": "E14000872", "constituency_name": "Orpington", "Main party name": "Conservative", "Main party abbreviation": "Con", "Election result summary": "Con hold", "Election URL": "https://electionresults.parliament.uk/elections/1087" }, "geometry": { "type": "Polygon", "coordinates": [ [ [ 0.07461, -0.08986 ], [ 0.07461, -0.09121 ], [ 0.07344, -0.09189 ], [ 0.07227, -0.09121 ], [ 0.07227, -0.08986 ], [ 0.07344, -0.08919 ], [ 0.07461, -0.08986 ], [ 0.07461, -0.08986 ] ] ] } },
{ "type": "Feature", "properties": { "constituency_id": "E14000873", "constituency_name": "Oxford East", "Main party name": "Labour", "Main party abbreviation": "Lab", "Election result summary": "Lab hold", "Election URL": "https://electionresults.parliament.uk/elections/1088" }, "geometry": { "type": "Polygon", "coordinates": [ [ [ 0.05703, -0.07162 ], [ 0.05703, -0.07297 ], [ 0.05586, -0.07365 ], [ 0.05469, -0.07297 ], [ 0.05469, -0.07162 ], [ 0.05586, -0.07094 ], [ 0.05703, -0.07162 ], [ 0.05703, -0.07162 ] ] ] } },
{ "type": "Feature", "properties": { "constituency_id": "E14000874", "constituency_name": "Oxford West and Abingdon", "Main party name": "Liberal Democrat", "Main party abbreviation": "LD", "Election result summary": "LD gain from Con", "Election URL": "https://electionresults.parliament.uk/elections/1089" }, "geometry": { "type": "Polygon", "coordinates": [ [ [ 0.05586, -0.07365 ], [ 0.05586, -0.075 ], [ 0.05469, -0.07567 ], [ 0.05352, -0.075 ], [ 0.05352, -0.07365 ], [ 0.05469, -0.07297 ], [ 0.05586, -0.07365 ], [ 0.05586, -0.07365 ] ] ] } },
{ "type": "Feature", "properties": { "constituency_id": "E14000875", "constituency_name": "Pendle", "Main party name": "Conservative", "Main party abbreviation": "Con", "Election result summary": "Con hold", "Election URL": "https://electionresults.parliament.uk/elections/1092" }, "geometry": { "type": "Polygon", "coordinates": [ [ [ 0.04531, -0.03919 ], [ 0.04531, -0.04054 ], [ 0.04414, -0.04122 ], [ 0.04297, -0.04054 ], [ 0.04297, -0.03919 ], [ 0.04414, -0.03851 ], [ 0.04531, -0.03919 ], [ 0.04531, -0.03919 ] ] ] } },
{ "type": "Feature", "properties": { "constituency_id": "E14000876", "constituency_name": "Penistone and Stocksbridge", "Main party name": "Labour", "Main party abbreviation": "Lab", "Election result summary": "Lab hold", "Election URL": "https://electionresults.parliament.uk/elections/1093" }, "geometry": { "type": "Polygon", "coordinates": [ [ [ 0.04883, -0.04932 ], [ 0.04883, -0.05068 ], [ 0.04766, -0.05135 ], [ 0.04648, -0.05068 ], [ 0.04648, -0.04932 ], [ 0.04766, -0.04865 ], [ 0.04883, -0.04932 ], [ 0.04883, -0.04932 ] ] ] } },
{ "type": "Feature", "properties": { "constituency_id": "E14000877", "constituency_name": "Penrith and The Border", "Main party name": "Conservative", "Main party abbreviation": "Con", "Election result summary": "Con hold", "Election URL": "https://electionresults.parliament.uk/elections/1094" }, "geometry": { "type": "Polygon", "coordinates": [ [ [ 0.04531, -0.03108 ], [ 0.04531, -0.03243 ], [ 0.04414, -0.03311 ], [ 0.04297, -0.03243 ], [ 0.04297, -0.03108 ], [ 0.04414, -0.03041 ], [ 0.04531, -0.03108 ], [ 0.04531, -0.03108 ] ] ] } },
{ "type": "Feature", "properties": { "constituency_id": "E14000878", "constituency_name": "Peterborough", "Main party name": "Labour", "Main party abbreviation": "Lab", "Election result summary": "Lab gain from Con", "Election URL": "https://electionresults.parliament.uk/elections/1096" }, "geometry": { "type": "Polygon", "coordinates": [ [ [ 0.06758, -0.06149 ], [ 0.06758, -0.06284 ], [ 0.06641, -0.06351 ], [ 0.06524, -0.06284 ], [ 0.06524, -0.06149 ], [ 0.06641, -0.06081 ], [ 0.06758, -0.06149 ], [ 0.06758, -0.06149 ] ] ] } },
{ "type": "Feature", "properties": { "constituency_id": "E14000879", "constituency_name": "Plymouth, Moor View", "Main party name": "Conservative", "Main party abbreviation": "Con", "Election result summary": "Con hold", "Election URL": "https://electionresults.parliament.uk/elections/1097" }, "geometry": { "type": "Polygon", "coordinates": [ [ [ 0.02656, -0.09189 ], [ 0.02656, -0.09324 ], [ 0.02539, -0.09391 ], [ 0.02422, -0.09324 ], [ 0.02422, -0.09189 ], [ 0.02539, -0.09121 ], [ 0.02656, -0.09189 ], [ 0.02656, -0.09189 ] ] ] } },
{ "type": "Feature", "properties": { "constituency_id": "E14000880", "constituency_name": "Plymouth, Sutton and Devonport", "Main party name": "Labour", "Main party abbreviation": "Lab", "Election result summary": "Lab gain from Con", "Election URL": "https://electionresults.parliament.uk/elections/1098" }, "geometry": { "type": "Polygon", "coordinates": [ [ [ 0.02539, -0.09391 ], [ 0.02539, -0.09527 ], [ 0.02422, -0.09594 ], [ 0.02305, -0.09527 ], [ 0.02305, -0.09391 ], [ 0.02422, -0.09324 ], [ 0.02539, -0.09391 ], [ 0.02539, -0.09391 ] ] ] } },
{ "type": "Feature", "properties": { "constituency_id": "E14000881", "constituency_name": "Poole", "Main party name": "Conservative", "Main party abbreviation": "Con", "Election result summary": "Con hold", "Election URL": "https://electionresults.parliament.uk/elections/1100" }, "geometry": { "type": "Polygon", "coordinates": [ [ [ 0.03594, -0.08783 ], [ 0.03594, -0.08919 ], [ 0.03476, -0.08986 ], [ 0.03359, -0.08919 ], [ 0.03359, -0.08783 ], [ 0.03476, -0.08716 ], [ 0.03594, -0.08783 ], [ 0.03594, -0.08783 ] ] ] } },
{ "type": "Feature", "properties": { "constituency_id": "E14000882", "constituency_name": "Poplar and Limehouse", "Main party name": "Labour", "Main party abbreviation": "Lab", "Election result summary": "Lab hold", "Election URL": "https://electionresults.parliament.uk/elections/1101" }, "geometry": { "type": "Polygon", "coordinates": [ [ [ 0.07461, -0.08175 ], [ 0.07461, -0.0831 ], [ 0.07344, -0.08378 ], [ 0.07227, -0.0831 ], [ 0.07227, -0.08175 ], [ 0.07344, -0.08108 ], [ 0.07461, -0.08175 ], [ 0.07461, -0.08175 ] ] ] } },
{ "type": "Feature", "properties": { "constituency_id": "E14000883", "constituency_name": "Portsmouth North", "Main party name": "Conservative", "Main party abbreviation": "Con", "Election result summary": "Con hold", "Election URL": "https://electionresults.parliament.uk/elections/1102" }, "geometry": { "type": "Polygon", "coordinates": [ [ [ 0.05, -0.08783 ], [ 0.05, -0.08919 ], [ 0.04883, -0.08986 ], [ 0.04766, -0.08919 ], [ 0.04766, -0.08783 ], [ 0.04883, -0.08716 ], [ 0.05, -0.08783 ], [ 0.05, -0.08783 ] ] ] } },
{ "type": "Feature", "properties": { "constituency_id": "E14000884", "constituency_name": "Portsmouth South", "Main party name": "Labour", "Main party abbreviation": "Lab", "Election result summary": "Lab gain from Con", "Election URL": "https://electionresults.parliament.uk/elections/1103" }, "geometry": { "type": "Polygon", "coordinates": [ [ [ 0.05117, -0.08986 ], [ 0.05117, -0.09121 ], [ 0.05, -0.09189 ], [ 0.04883, -0.09121 ], [ 0.04883, -0.08986 ], [ 0.05, -0.08919 ], [ 0.05117, -0.08986 ], [ 0.05117, -0.08986 ] ] ] } },
{ "type": "Feature", "properties": { "constituency_id": "E14000885", "constituency_name": "Preston", "Main party name": "Labour", "Main party abbreviation": "Lab", "Election result summary": "Lab hold", "Election URL": "https://electionresults.parliament.uk/elections/1105" }, "geometry": { "type": "Polygon", "coordinates": [ [ [ 0.04062, -0.03919 ], [ 0.04062, -0.04054 ], [ 0.03945, -0.04122 ], [ 0.03828, -0.04054 ], [ 0.03828, -0.03919 ], [ 0.03945, -0.03851 ], [ 0.04062, -0.03919 ], [ 0.04062, -0.03919 ] ] ] } },
{ "type": "Feature", "properties": { "constituency_id": "E14000886", "constituency_name": "Pudsey", "Main party name": "Conservative", "Main party abbreviation": "Con", "Election result summary": "Con hold", "Election URL": "https://electionresults.parliament.uk/elections/1106" }, "geometry": { "type": "Polygon", "coordinates": [ [ [ 0.05352, -0.04122 ], [ 0.05352, -0.04257 ], [ 0.05234, -0.04324 ], [ 0.05117, -0.04257 ], [ 0.05117, -0.04122 ], [ 0.05234, -0.04054 ], [ 0.05352, -0.04122 ], [ 0.05352, -0.04122 ] ] ] } },
{ "type": "Feature", "properties": { "constituency_id": "E14000887", "constituency_name": "Putney", "Main party name": "Conservative", "Main party abbreviation": "Con", "Election result summary": "Con hold", "Election URL": "https://electionresults.parliament.uk/elections/1107" }, "geometry": { "type": "Polygon", "coordinates": [ [ [ 0.06289, -0.08581 ], [ 0.06289, -0.08716 ], [ 0.06172, -0.08783 ], [ 0.06055, -0.08716 ], [ 0.06055, -0.08581 ], [ 0.06172, -0.08513 ], [ 0.06289, -0.08581 ], [ 0.06289, -0.08581 ] ] ] } },
{ "type": "Feature", "properties": { "constituency_id": "E14000888", "constituency_name": "Rayleigh and Wickford", "Main party name": "Conservative", "Main party abbreviation": "Con", "Election result summary": "Con hold", "Election URL": "https://electionresults.parliament.uk/elections/1108" }, "geometry": { "type": "Polygon", "coordinates": [ [ [ 0.07813, -0.07162 ], [ 0.07813, -0.07297 ], [ 0.07695, -0.07365 ], [ 0.07578, -0.07297 ], [ 0.07578, -0.07162 ], [ 0.07695, -0.07094 ], [ 0.07813, -0.07162 ], [ 0.07813, -0.07162 ] ] ] } },
{ "type": "Feature", "properties": { "constituency_id": "E14000889", "constituency_name": "Reading East", "Main party name": "Labour", "Main party abbreviation": "Lab", "Election result summary": "Lab gain from Con", "Election URL": "https://electionresults.parliament.uk/elections/1109" }, "geometry": { "type": "Polygon", "coordinates": [ [ [ 0.05, -0.07567 ], [ 0.05, -0.07702 ], [ 0.04883, -0.0777 ], [ 0.04766, -0.07702 ], [ 0.04766, -0.07567 ], [ 0.04883, -0.075 ], [ 0.05, -0.07567 ], [ 0.05, -0.07567 ] ] ] } },
{ "type": "Feature", "properties": { "constituency_id": "E14000890", "constituency_name": "Reading West", "Main party name": "Conservative", "Main party abbreviation": "Con", "Election result summary": "Con hold", "Election URL": "https://electionresults.parliament.uk/elections/1110" }, "geometry": { "type": "Polygon", "coordinates": [ [ [ 0.04883, -0.0777 ], [ 0.04883, -0.07905 ], [ 0.04766, -0.07973 ], [ 0.04648, -0.07905 ], [ 0.04648, -0.0777 ], [ 0.04766, -0.07702 ], [ 0.04883, -0.0777 ], [ 0.04883, -0.0777 ] ] ] } },
{ "type": "Feature", "properties": { "constituency_id": "E14000891", "constituency_name": "Redcar", "Main party name": "Labour", "Main party abbreviation": "Lab", "Election result summary": "Lab hold", "Election URL": "https://electionresults.parliament.uk/elections/1111" }, "geometry": { "type": "Polygon", "coordinates": [ [ [ 0.05938, -0.03514 ], [ 0.05938, -0.03649 ], [ 0.0582, -0.03716 ], [ 0.05703, -0.03649 ], [ 0.05703, -0.03514 ], [ 0.0582, -0.03446 ], [ 0.05938, -0.03514 ], [ 0.05938, -0.03514 ] ] ] } },
{ "type": "Feature", "properties": { "constituency_id": "E14000892", "constituency_name": "Redditch", "Main party name": "Conservative", "Main party abbreviation": "Con", "Election result summary": "Con hold", "Election URL": "https://electionresults.parliament.uk/elections/1112" }, "geometry": { "type": "Polygon", "coordinates": [ [ [ 0.04648, -0.07365 ], [ 0.04648, -0.075 ], [ 0.04531, -0.07567 ], [ 0.04414, -0.075 ], [ 0.04414, -0.07365 ], [ 0.04531, -0.07297 ], [ 0.04648, -0.07365 ], [ 0.04648, -0.07365 ] ] ] } },
{ "type": "Feature", "properties": { "constituency_id": "E14000893", "constituency_name": "Reigate", "Main party name": "Conservative", "Main party abbreviation": "Con", "Election result summary": "Con hold", "Election URL": "https://electionresults.parliament.uk/elections/1113" }, "geometry": { "type": "Polygon", "coordinates": [ [ [ 0.06055, -0.08986 ], [ 0.06055, -0.09121 ], [ 0.05938, -0.09189 ], [ 0.0582, -0.09121 ], [ 0.0582, -0.08986 ], [ 0.05938, -0.08919 ], [ 0.06055, -0.08986 ], [ 0.06055, -0.08986 ] ] ] } },
{ "type": "Feature", "properties": { "constituency_id": "E14000894", "constituency_name": "Ribble Valley", "Main party name": "Conservative", "Main party abbreviation": "Con", "Election result summary": "Con hold", "Election URL": "https://electionresults.parliament.uk/elections/1115" }, "geometry": { "type": "Polygon", "coordinates": [ [ [ 0.04883, -0.03716 ], [ 0.04883, -0.03851 ], [ 0.04766, -0.03919 ], [ 0.04648, -0.03851 ], [ 0.04648, -0.03716 ], [ 0.04766, -0.03649 ], [ 0.04883, -0.03716 ], [ 0.04883, -0.03716 ] ] ] } },
{ "type": "Feature", "properties": { "constituency_id": "E14000895", "constituency_name": "Richmond (Yorks)", "Main party name": "Conservative", "Main party abbreviation": "Con", "Election result summary": "Con hold", "Election URL": "https://electionresults.parliament.uk/elections/1116" }, "geometry": { "type": "Polygon", "coordinates": [ [ [ 0.05, -0.03919 ], [ 0.05, -0.04054 ], [ 0.04883, -0.04122 ], [ 0.04766, -0.04054 ], [ 0.04766, -0.03919 ], [ 0.04883, -0.03851 ], [ 0.05, -0.03919 ], [ 0.05, -0.03919 ] ] ] } },
{ "type": "Feature", "properties": { "constituency_id": "E14000896", "constituency_name": "Richmond Park", "Main party name": "Conservative", "Main party abbreviation": "Con", "Election result summary": "Con hold", "Election URL": "https://electionresults.parliament.uk/elections/1117" }, "geometry": { "type": "Polygon", "coordinates": [ [ [ 0.0582, -0.08581 ], [ 0.0582, -0.08716 ], [ 0.05703, -0.08783 ], [ 0.05586, -0.08716 ], [ 0.05586, -0.08581 ], [ 0.05703, -0.08513 ], [ 0.0582, -0.08581 ], [ 0.0582, -0.08581 ] ] ] } },
{ "type": "Feature", "properties": { "constituency_id": "E14000897", "constituency_name": "Rochdale", "Main party name": "Labour", "Main party abbreviation": "Lab", "Election result summary": "Lab hold", "Election URL": "https://electionresults.parliament.uk/elections/1118" }, "geometry": { "type": "Polygon", "coordinates": [ [ [ 0.04648, -0.04527 ], [ 0.04648, -0.04662 ], [ 0.04531, -0.0473 ], [ 0.04414, -0.04662 ], [ 0.04414, -0.04527 ], [ 0.04531, -0.0446 ], [ 0.04648, -0.04527 ], [ 0.04648, -0.04527 ] ] ] } },
{ "type": "Feature", "properties": { "constituency_id": "E14000898", "constituency_name": "Rochester and Strood", "Main party name": "Conservative", "Main party abbreviation": "Con", "Election result summary": "Con hold", "Election URL": "https://electionresults.parliament.uk/elections/1119" }, "geometry": { "type": "Polygon", "coordinates": [ [ [ 0.08164, -0.08175 ], [ 0.08164, -0.0831 ], [ 0.08047, -0.08378 ], [ 0.0793, -0.0831 ], [ 0.0793, -0.08175 ], [ 0.08047, -0.08108 ], [ 0.08164, -0.08175 ], [ 0.08164, -0.08175 ] ] ] } },
{ "type": "Feature", "properties": { "constituency_id": "E14000899", "constituency_name": "Rochford and Southend East", "Main party name": "Conservative", "Main party abbreviation": "Con", "Election result summary": "Con hold", "Election URL": "https://electionresults.parliament.uk/elections/1120" }, "geometry": { "type": "Polygon", "coordinates": [ [ [ 0.08047, -0.07162 ], [ 0.08047, -0.07297 ], [ 0.0793, -0.07365 ], [ 0.07813, -0.07297 ], [ 0.07813, -0.07162 ], [ 0.0793, -0.07094 ], [ 0.08047, -0.07162 ], [ 0.08047, -0.07162 ] ] ] } },
{ "type": "Feature", "properties": { "constituency_id": "E14000900", "constituency_name": "Romford", "Main party name": "Conservative", "Main party abbreviation": "Con", "Election result summary": "Con hold", "Election URL": "https://electionresults.parliament.uk/elections/1121" }, "geometry": { "type": "Polygon", "coordinates": [ [ [ 0.07344, -0.07567 ], [ 0.07344, -0.07702 ], [ 0.07227, -0.0777 ], [ 0.07109, -0.07702 ], [ 0.07109, -0.07567 ], [ 0.07227, -0.075 ], [ 0.07344, -0.07567 ], [ 0.07344, -0.07567 ] ] ] } },
{ "type": "Feature", "properties": { "constituency_id": "E14000901", "constituency_name": "Romsey and Southampton North", "Main party name": "Conservative", "Main party abbreviation": "Con", "Election result summary": "Con hold", "Election URL": "https://electionresults.parliament.uk/elections/1122" }, "geometry": { "type": "Polygon", "coordinates": [ [ [ 0.04531, -0.08378 ], [ 0.04531, -0.08513 ], [ 0.04414, -0.08581 ], [ 0.04297, -0.08513 ], [ 0.04297, -0.08378 ], [ 0.04414, -0.0831 ], [ 0.04531, -0.08378 ], [ 0.04531, -0.08378 ] ] ] } },
{ "type": "Feature", "properties": { "constituency_id": "E14000902", "constituency_name": "Rossendale and Darwen", "Main party name": "Conservative", "Main party abbreviation": "Con", "Election result summary": "Con hold", "Election URL": "https://electionresults.parliament.uk/elections/1124" }, "geometry": { "type": "Polygon", "coordinates": [ [ [ 0.04531, -0.04324 ], [ 0.04531, -0.0446 ], [ 0.04414, -0.04527 ], [ 0.04297, -0.0446 ], [ 0.04297, -0.04324 ], [ 0.04414, -0.04257 ], [ 0.04531, -0.04324 ], [ 0.04531, -0.04324 ] ] ] } },
{ "type": "Feature", "properties": { "constituency_id": "E14000903", "constituency_name": "Rother Valley", "Main party name": "Labour", "Main party abbreviation": "Lab", "Election result summary": "Lab hold", "Election URL": "https://electionresults.parliament.uk/elections/1125" }, "geometry": { "type": "Polygon", "coordinates": [ [ [ 0.0582, -0.05338 ], [ 0.0582, -0.05473 ], [ 0.05703, -0.0554 ], [ 0.05586, -0.05473 ], [ 0.05586, -0.05338 ], [ 0.05703, -0.0527 ], [ 0.0582, -0.05338 ], [ 0.0582, -0.05338 ] ] ] } },
{ "type": "Feature", "properties": { "constituency_id": "E14000904", "constituency_name": "Rotherham", "Main party name": "Labour", "Main party abbreviation": "Lab", "Election result summary": "Lab hold", "Election URL": "https://electionresults.parliament.uk/elections/1126" }, "geometry": { "type": "Polygon", "coordinates": [ [ [ 0.05703, -0.05135 ], [ 0.05703, -0.0527 ], [ 0.05586, -0.05338 ], [ 0.05469, -0.0527 ], [ 0.05469, -0.05135 ], [ 0.05586, -0.05068 ], [ 0.05703, -0.05135 ], [ 0.05703, -0.05135 ] ] ] } },
{ "type": "Feature", "properties": { "constituency_id": "E14000905", "constituency_name": "Rugby", "Main party name": "Conservative", "Main party abbreviation": "Con", "Election result summary": "Con hold", "Election URL": "https://electionresults.parliament.uk/elections/1127" }, "geometry": { "type": "Polygon", "coordinates": [ [ [ 0.05703, -0.06757 ], [ 0.05703, -0.06892 ], [ 0.05586, -0.06959 ], [ 0.05469, -0.06892 ], [ 0.05469, -0.06757 ], [ 0.05586, -0.06689 ], [ 0.05703, -0.06757 ], [ 0.05703, -0.06757 ] ] ] } },
{ "type": "Feature", "properties": { "constituency_id": "E14000906", "constituency_name": "Ruislip, Northwood and Pinner", "Main party name": "Conservative", "Main party abbreviation": "Con", "Election result summary": "Con hold", "Election URL": "https://electionresults.parliament.uk/elections/1128" }, "geometry": { "type": "Polygon", "coordinates": [ [ [ 0.05938, -0.07567 ], [ 0.05938, -0.07702 ], [ 0.0582, -0.0777 ], [ 0.05703, -0.07702 ], [ 0.05703, -0.07567 ], [ 0.0582, -0.075 ], [ 0.05938, -0.07567 ], [ 0.05938, -0.07567 ] ] ] } },
{ "type": "Feature", "properties": { "constituency_id": "E14000907", "constituency_name": "Runnymede and Weybridge", "Main party name": "Conservative", "Main party abbreviation": "Con", "Election result summary": "Con hold", "Election URL": "https://electionresults.parliament.uk/elections/1129" }, "geometry": { "type": "Polygon", "coordinates": [ [ [ 0.05352, -0.08581 ], [ 0.05352, -0.08716 ], [ 0.05234, -0.08783 ], [ 0.05117, -0.08716 ], [ 0.05117, -0.08581 ], [ 0.05234, -0.08513 ], [ 0.05352, -0.08581 ], [ 0.05352, -0.08581 ] ] ] } },
{ "type": "Feature", "properties": { "constituency_id": "E14000908", "constituency_name": "Rushcliffe", "Main party name": "Conservative", "Main party abbreviation": "Con", "Election result summary": "Con hold", "Election URL": "https://electionresults.parliament.uk/elections/1130" }, "geometry": { "type": "Polygon", "coordinates": [ [ [ 0.06406, -0.05946 ], [ 0.06406, -0.06081 ], [ 0.06289, -0.06149 ], [ 0.06172, -0.06081 ], [ 0.06172, -0.05946 ], [ 0.06289, -0.05878 ], [ 0.06406, -0.05946 ], [ 0.06406, -0.05946 ] ] ] } },
{ "type": "Feature", "properties": { "constituency_id": "E14000909", "constituency_name": "Rutland and Melton", "Main party name": "Conservative", "Main party abbreviation": "Con", "Election result summary": "Con hold", "Election URL": "https://electionresults.parliament.uk/elections/1132" }, "geometry": { "type": "Polygon", "coordinates": [ [ [ 0.06524, -0.05743 ], [ 0.06524, -0.05878 ], [ 0.06406, -0.05946 ], [ 0.06289, -0.05878 ], [ 0.06289, -0.05743 ], [ 0.06406, -0.05676 ], [ 0.06524, -0.05743 ], [ 0.06524, -0.05743 ] ] ] } },
{ "type": "Feature", "properties": { "constituency_id": "E14000910", "constituency_name": "Saffron Walden", "Main party name": "Conservative", "Main party abbreviation": "Con", "Election result summary": "Con hold", "Election URL": "https://electionresults.parliament.uk/elections/1133" }, "geometry": { "type": "Polygon", "coordinates": [ [ [ 0.07227, -0.06554 ], [ 0.07227, -0.06689 ], [ 0.07109, -0.06757 ], [ 0.06992, -0.06689 ], [ 0.06992, -0.06554 ], [ 0.07109, -0.06486 ], [ 0.07227, -0.06554 ], [ 0.07227, -0.06554 ] ] ] } },
{ "type": "Feature", "properties": { "constituency_id": "E14000911", "constituency_name": "Salford and Eccles", "Main party name": "Labour", "Main party abbreviation": "Lab", "Election result summary": "Lab hold", "Election URL": "https://electionresults.parliament.uk/elections/1134" }, "geometry": { "type": "Polygon", "coordinates": [ [ [ 0.04062, -0.05135 ], [ 0.04062, -0.0527 ], [ 0.03945, -0.05338 ], [ 0.03828, -0.0527 ], [ 0.03828, -0.05135 ], [ 0.03945, -0.05068 ], [ 0.04062, -0.05135 ], [ 0.04062, -0.05135 ] ] ] } },
{ "type": "Feature", "properties": { "constituency_id": "E14000912", "constituency_name": "Salisbury", "Main party name": "Conservative", "Main party abbreviation": "Con", "Election result summary": "Con hold", "Election URL": "https://electionresults.parliament.uk/elections/1135" }, "geometry": { "type": "Polygon", "coordinates": [ [ [ 0.04297, -0.08378 ], [ 0.04297, -0.08513 ], [ 0.0418, -0.08581 ], [ 0.04062, -0.08513 ], [ 0.04062, -0.08378 ], [ 0.0418, -0.0831 ], [ 0.04297, -0.08378 ], [ 0.04297, -0.08378 ] ] ] } },
{ "type": "Feature", "properties": { "constituency_id": "E14000913", "constituency_name": "Scarborough and Whitby", "Main party name": "Conservative", "Main party abbreviation": "Con", "Election result summary": "Con hold", "Election URL": "https://electionresults.parliament.uk/elections/1136" }, "geometry": { "type": "Polygon", "coordinates": [ [ [ 0.06172, -0.03919 ], [ 0.06172, -0.04054 ], [ 0.06055, -0.04122 ], [ 0.05938, -0.04054 ], [ 0.05938, -0.03919 ], [ 0.06055, -0.03851 ], [ 0.06172, -0.03919 ], [ 0.06172, -0.03919 ] ] ] } },
{ "type": "Feature", "properties": { "constituency_id": "E14000914", "constituency_name": "Scunthorpe", "Main party name": "Labour", "Main party abbreviation": "Lab", "Election result summary": "Lab hold", "Election URL": "https://electionresults.parliament.uk/elections/1137" }, "geometry": { "type": "Polygon", "coordinates": [ [ [ 0.06055, -0.04932 ], [ 0.06055, -0.05068 ], [ 0.05938, -0.05135 ], [ 0.0582, -0.05068 ], [ 0.0582, -0.04932 ], [ 0.05938, -0.04865 ], [ 0.06055, -0.04932 ], [ 0.06055, -0.04932 ] ] ] } },
{ "type": "Feature", "properties": { "constituency_id": "E14000915", "constituency_name": "Sedgefield", "Main party name": "Labour", "Main party abbreviation": "Lab", "Election result summary": "Lab hold", "Election URL": "https://electionresults.parliament.uk/elections/1138" }, "geometry": { "type": "Polygon", "coordinates": [ [ [ 0.05469, -0.03514 ], [ 0.05469, -0.03649 ], [ 0.05352, -0.03716 ], [ 0.05234, -0.03649 ], [ 0.05234, -0.03514 ], [ 0.05352, -0.03446 ], [ 0.05469, -0.03514 ], [ 0.05469, -0.03514 ] ] ] } },
{ "type": "Feature", "properties": { "constituency_id": "E14000916", "constituency_name": "Sefton Central", "Main party name": "Labour", "Main party abbreviation": "Lab", "Election result summary": "Lab hold", "Election URL": "https://electionresults.parliament.uk/elections/1139" }, "geometry": { "type": "Polygon", "coordinates": [ [ [ 0.03476, -0.04527 ], [ 0.03476, -0.04662 ], [ 0.03359, -0.0473 ], [ 0.03242, -0.04662 ], [ 0.03242, -0.04527 ], [ 0.03359, -0.0446 ], [ 0.03476, -0.04527 ], [ 0.03476, -0.04527 ] ] ] } },
{ "type": "Feature", "properties": { "constituency_id": "E14000917", "constituency_name": "Selby and Ainsty", "Main party name": "Conservative", "Main party abbreviation": "Con", "Election result summary": "Con hold", "Election URL": "https://electionresults.parliament.uk/elections/1140" }, "geometry": { "type": "Polygon", "coordinates": [ [ [ 0.06055, -0.04527 ], [ 0.06055, -0.04662 ], [ 0.05938, -0.0473 ], [ 0.0582, -0.04662 ], [ 0.0582, -0.04527 ], [ 0.05938, -0.0446 ], [ 0.06055, -0.04527 ], [ 0.06055, -0.04527 ] ] ] } },
{ "type": "Feature", "properties": { "constituency_id": "E14000918", "constituency_name": "Sevenoaks", "Main party name": "Conservative", "Main party abbreviation": "Con", "Election result summary": "Con hold", "Election URL": "https://electionresults.parliament.uk/elections/1141" }, "geometry": { "type": "Polygon", "coordinates": [ [ [ 0.07813, -0.08783 ], [ 0.07813, -0.08919 ], [ 0.07695, -0.08986 ], [ 0.07578, -0.08919 ], [ 0.07578, -0.08783 ], [ 0.07695, -0.08716 ], [ 0.07813, -0.08783 ], [ 0.07813, -0.08783 ] ] ] } },
{ "type": "Feature", "properties": { "constituency_id": "E14000919", "constituency_name": "Sheffield Central", "Main party name": "Labour", "Main party abbreviation": "Lab", "Election result summary": "Lab hold", "Election URL": "https://electionresults.parliament.uk/elections/1142" }, "geometry": { "type": "Polygon", "coordinates": [ [ [ 0.05352, -0.05338 ], [ 0.05352, -0.05473 ], [ 0.05234, -0.0554 ], [ 0.05117, -0.05473 ], [ 0.05117, -0.05338 ], [ 0.05234, -0.0527 ], [ 0.05352, -0.05338 ], [ 0.05352, -0.05338 ] ] ] } },
{ "type": "Feature", "properties": { "constituency_id": "E14000920", "constituency_name": "Sheffield South East", "Main party name": "Labour", "Main party abbreviation": "Lab", "Election result summary": "Lab hold", "Election URL": "https://electionresults.parliament.uk/elections/1143" }, "geometry": { "type": "Polygon", "coordinates": [ [ [ 0.05586, -0.05338 ], [ 0.05586, -0.05473 ], [ 0.05469, -0.0554 ], [ 0.05352, -0.05473 ], [ 0.05352, -0.05338 ], [ 0.05469, -0.0527 ], [ 0.05586, -0.05338 ], [ 0.05586, -0.05338 ] ] ] } },
{ "type": "Feature", "properties": { "constituency_id": "E14000921", "constituency_name": "Sheffield, Brightside and Hillsborough", "Main party name": "Labour", "Main party abbreviation": "Lab", "Election result summary": "Lab hold", "Election URL": "https://electionresults.parliament.uk/elections/1144" }, "geometry": { "type": "Polygon", "coordinates": [ [ [ 0.05234, -0.05135 ], [ 0.05234, -0.0527 ], [ 0.05117, -0.05338 ], [ 0.05, -0.0527 ], [ 0.05, -0.05135 ], [ 0.05117, -0.05068 ], [ 0.05234, -0.05135 ], [ 0.05234, -0.05135 ] ] ] } },
{ "type": "Feature", "properties": { "constituency_id": "E14000922", "constituency_name": "Sheffield, Hallam", "Main party name": "Labour", "Main party abbreviation": "Lab", "Election result summary": "Lab gain from LD", "Election URL": "https://electionresults.parliament.uk/elections/1145" }, "geometry": { "type": "Polygon", "coordinates": [ [ [ 0.05, -0.05135 ], [ 0.05, -0.0527 ], [ 0.04883, -0.05338 ], [ 0.04766, -0.0527 ], [ 0.04766, -0.05135 ], [ 0.04883, -0.05068 ], [ 0.05, -0.05135 ], [ 0.05, -0.05135 ] ] ] } },
{ "type": "Feature", "properties": { "constituency_id": "E14000923", "constituency_name": "Sheffield, Heeley", "Main party name": "Labour", "Main party abbreviation": "Lab", "Election result summary": "Lab hold", "Election URL": "https://electionresults.parliament.uk/elections/1146" }, "geometry": { "type": "Polygon", "coordinates": [ [ [ 0.05117, -0.05338 ], [ 0.05117, -0.05473 ], [ 0.05, -0.0554 ], [ 0.04883, -0.05473 ], [ 0.04883, -0.05338 ], [ 0.05, -0.0527 ], [ 0.05117, -0.05338 ], [ 0.05117, -0.05338 ] ] ] } },
{ "type": "Feature", "properties": { "constituency_id": "E14000924", "constituency_name": "Sherwood", "Main party name": "Conservative", "Main party abbreviation": "Con", "Election result summary": "Con hold", "Election URL": "https://electionresults.parliament.uk/elections/1147" }, "geometry": { "type": "Polygon", "coordinates": [ [ [ 0.06172, -0.0554 ], [ 0.06172, -0.05676 ], [ 0.06055, -0.05743 ], [ 0.05938, -0.05676 ], [ 0.05938, -0.0554 ], [ 0.06055, -0.05473 ], [ 0.06172, -0.0554 ], [ 0.06172, -0.0554 ] ] ] } },
{ "type": "Feature", "properties": { "constituency_id": "E14000925", "constituency_name": "Shipley", "Main party name": "Conservative", "Main party abbreviation": "Con", "Election result summary": "Con hold", "Election URL": "https://electionresults.parliament.uk/elections/1148" }, "geometry": { "type": "Polygon", "coordinates": [ [ [ 0.05117, -0.04122 ], [ 0.05117, -0.04257 ], [ 0.05, -0.04324 ], [ 0.04883, -0.04257 ], [ 0.04883, -0.04122 ], [ 0.05, -0.04054 ], [ 0.05117, -0.04122 ], [ 0.05117, -0.04122 ] ] ] } },
{ "type": "Feature", "properties": { "constituency_id": "E14000926", "constituency_name": "Shrewsbury and Atcham", "Main party name": "Conservative", "Main party abbreviation": "Con", "Election result summary": "Con hold", "Election URL": "https://electionresults.parliament.uk/elections/1149" }, "geometry": { "type": "Polygon", "coordinates": [ [ [ 0.03594, -0.06351 ], [ 0.03594, -0.06486 ], [ 0.03476, -0.06554 ], [ 0.03359, -0.06486 ], [ 0.03359, -0.06351 ], [ 0.03476, -0.06284 ], [ 0.03594, -0.06351 ], [ 0.03594, -0.06351 ] ] ] } },
{ "type": "Feature", "properties": { "constituency_id": "E14000927", "constituency_name": "Sittingbourne and Sheppey", "Main party name": "Conservative", "Main party abbreviation": "Con", "Election result summary": "Con hold", "Election URL": "https://electionresults.parliament.uk/elections/1150" }, "geometry": { "type": "Polygon", "coordinates": [ [ [ 0.08399, -0.08175 ], [ 0.08399, -0.0831 ], [ 0.08281, -0.08378 ], [ 0.08164, -0.0831 ], [ 0.08164, -0.08175 ], [ 0.08281, -0.08108 ], [ 0.08399, -0.08175 ], [ 0.08399, -0.08175 ] ] ] } },
{ "type": "Feature", "properties": { "constituency_id": "E14000928", "constituency_name": "Skipton and Ripon", "Main party name": "Conservative", "Main party abbreviation": "Con", "Election result summary": "Con hold", "Election URL": "https://electionresults.parliament.uk/elections/1151" }, "geometry": { "type": "Polygon", "coordinates": [ [ [ 0.04766, -0.03919 ], [ 0.04766, -0.04054 ], [ 0.04648, -0.04122 ], [ 0.04531, -0.04054 ], [ 0.04531, -0.03919 ], [ 0.04648, -0.03851 ], [ 0.04766, -0.03919 ], [ 0.04766, -0.03919 ] ] ] } },
{ "type": "Feature", "properties": { "constituency_id": "E14000929", "constituency_name": "Sleaford and North Hykeham", "Main party name": "Conservative", "Main party abbreviation": "Con", "Election result summary": "Con hold", "Election URL": "https://electionresults.parliament.uk/elections/1152" }, "geometry": { "type": "Polygon", "coordinates": [ [ [ 0.06524, -0.05338 ], [ 0.06524, -0.05473 ], [ 0.06406, -0.0554 ], [ 0.06289, -0.05473 ], [ 0.06289, -0.05338 ], [ 0.06406, -0.0527 ], [ 0.06524, -0.05338 ], [ 0.06524, -0.05338 ] ] ] } },
{ "type": "Feature", "properties": { "constituency_id": "E14000930", "constituency_name": "Slough", "Main party name": "Labour", "Main party abbreviation": "Lab", "Election result summary": "Lab hold", "Election URL": "https://electionresults.parliament.uk/elections/1153" }, "geometry": { "type": "Polygon", "coordinates": [ [ [ 0.05117, -0.0777 ], [ 0.05117, -0.07905 ], [ 0.05, -0.07973 ], [ 0.04883, -0.07905 ], [ 0.04883, -0.0777 ], [ 0.05, -0.07702 ], [ 0.05117, -0.0777 ], [ 0.05117, -0.0777 ] ] ] } },
{ "type": "Feature", "properties": { "constituency_id": "E14000931", "constituency_name": "Solihull", "Main party name": "Conservative", "Main party abbreviation": "Con", "Election result summary": "Con hold", "Election URL": "https://electionresults.parliament.uk/elections/1154" }, "geometry": { "type": "Polygon", "coordinates": [ [ [ 0.05117, -0.06959 ], [ 0.05117, -0.07094 ], [ 0.05, -0.07162 ], [ 0.04883, -0.07094 ], [ 0.04883, -0.06959 ], [ 0.05, -0.06892 ], [ 0.05117, -0.06959 ], [ 0.05117, -0.06959 ] ] ] } },
{ "type": "Feature", "properties": { "constituency_id": "E14000932", "constituency_name": "Somerton and Frome", "Main party name": "Conservative", "Main party abbreviation": "Con", "Election result summary": "Con hold", "Election URL": "https://electionresults.parliament.uk/elections/1155" }, "geometry": { "type": "Polygon", "coordinates": [ [ [ 0.03828, -0.08378 ], [ 0.03828, -0.08513 ], [ 0.03711, -0.08581 ], [ 0.03594, -0.08513 ], [ 0.03594, -0.08378 ], [ 0.03711, -0.0831 ], [ 0.03828, -0.08378 ], [ 0.03828, -0.08378 ] ] ] } },
{ "type": "Feature", "properties": { "constituency_id": "E14000933", "constituency_name": "South Basildon and East Thurrock", "Main party name": "Conservative", "Main party abbreviation": "Con", "Election result summary": "Con hold", "Election URL": "https://electionresults.parliament.uk/elections/1157" }, "geometry": { "type": "Polygon", "coordinates": [ [ [ 0.07813, -0.07567 ], [ 0.07813, -0.07702 ], [ 0.07695, -0.0777 ], [ 0.07578, -0.07702 ], [ 0.07578, -0.07567 ], [ 0.07695, -0.075 ], [ 0.07813, -0.07567 ], [ 0.07813, -0.07567 ] ] ] } },
{ "type": "Feature", "properties": { "constituency_id": "E14000934", "constituency_name": "South Cambridgeshire", "Main party name": "Conservative", "Main party abbreviation": "Con", "Election result summary": "Con hold", "Election URL": "https://electionresults.parliament.uk/elections/1158" }, "geometry": { "type": "Polygon", "coordinates": [ [ [ 0.06992, -0.06554 ], [ 0.06992, -0.06689 ], [ 0.06875, -0.06757 ], [ 0.06758, -0.06689 ], [ 0.06758, -0.06554 ], [ 0.06875, -0.06486 ], [ 0.06992, -0.06554 ], [ 0.06992, -0.06554 ] ] ] } },
{ "type": "Feature", "properties": { "constituency_id": "E14000935", "constituency_name": "South Derbyshire", "Main party name": "Conservative", "Main party abbreviation": "Con", "Election result summary": "Con hold", "Election URL": "https://electionresults.parliament.uk/elections/1159" }, "geometry": { "type": "Polygon", "coordinates": [ [ [ 0.05234, -0.05946 ], [ 0.05234, -0.06081 ], [ 0.05117, -0.06149 ], [ 0.05, -0.06081 ], [ 0.05, -0.05946 ], [ 0.05117, -0.05878 ], [ 0.05234, -0.05946 ], [ 0.05234, -0.05946 ] ] ] } },
{ "type": "Feature", "properties": { "constituency_id": "E14000936", "constituency_name": "South Dorset", "Main party name": "Conservative", "Main party abbreviation": "Con", "Election result summary": "Con hold", "Election URL": "https://electionresults.parliament.uk/elections/1160" }, "geometry": { "type": "Polygon", "coordinates": [ [ [ 0.03594, -0.09189 ], [ 0.03594, -0.09324 ], [ 0.03476, -0.09391 ], [ 0.03359, -0.09324 ], [ 0.03359, -0.09189 ], [ 0.03476, -0.09121 ], [ 0.03594, -0.09189 ], [ 0.03594, -0.09189 ] ] ] } },
{ "type": "Feature", "properties": { "constituency_id": "E14000937", "constituency_name": "South East Cambridgeshire", "Main party name": "Conservative", "Main party abbreviation": "Con", "Election result summary": "Con hold", "Election URL": "https://electionresults.parliament.uk/elections/1162" }, "geometry": { "type": "Polygon", "coordinates": [ [ [ 0.07344, -0.06351 ], [ 0.07344, -0.06486 ], [ 0.07227, -0.06554 ], [ 0.07109, -0.06486 ], [ 0.07109, -0.06351 ], [ 0.07227, -0.06284 ], [ 0.07344, -0.06351 ], [ 0.07344, -0.06351 ] ] ] } },
{ "type": "Feature", "properties": { "constituency_id": "E14000938", "constituency_name": "South East Cornwall", "Main party name": "Conservative", "Main party abbreviation": "Con", "Election result summary": "Con hold", "Election URL": "https://electionresults.parliament.uk/elections/1163" }, "geometry": { "type": "Polygon", "coordinates": [ [ [ 0.02422, -0.09189 ], [ 0.02422, -0.09324 ], [ 0.02305, -0.09391 ], [ 0.02187, -0.09324 ], [ 0.02187, -0.09189 ], [ 0.02305, -0.09121 ], [ 0.02422, -0.09189 ], [ 0.02422, -0.09189 ] ] ] } },
{ "type": "Feature", "properties": { "constituency_id": "E14000939", "constituency_name": "South Holland and The Deepings", "Main party name": "Conservative", "Main party abbreviation": "Con", "Election result summary": "Con hold", "Election URL": "https://electionresults.parliament.uk/elections/1164" }, "geometry": { "type": "Polygon", "coordinates": [ [ [ 0.06641, -0.0554 ], [ 0.06641, -0.05676 ], [ 0.06524, -0.05743 ], [ 0.06406, -0.05676 ], [ 0.06406, -0.0554 ], [ 0.06524, -0.05473 ], [ 0.06641, -0.0554 ], [ 0.06641, -0.0554 ] ] ] } },
{ "type": "Feature", "properties": { "constituency_id": "E14000940", "constituency_name": "South Leicestershire", "Main party name": "Conservative", "Main party abbreviation": "Con", "Election result summary": "Con hold", "Election URL": "https://electionresults.parliament.uk/elections/1165" }, "geometry": { "type": "Polygon", "coordinates": [ [ [ 0.0582, -0.06554 ], [ 0.0582, -0.06689 ], [ 0.05703, -0.06757 ], [ 0.05586, -0.06689 ], [ 0.05586, -0.06554 ], [ 0.05703, -0.06486 ], [ 0.0582, -0.06554 ], [ 0.0582, -0.06554 ] ] ] } },
{ "type": "Feature", "properties": { "constituency_id": "E14000941", "constituency_name": "South Norfolk", "Main party name": "Conservative", "Main party abbreviation": "Con", "Election result summary": "Con hold", "Election URL": "https://electionresults.parliament.uk/elections/1166" }, "geometry": { "type": "Polygon", "coordinates": [ [ [ 0.07695, -0.06149 ], [ 0.07695, -0.06284 ], [ 0.07578, -0.06351 ], [ 0.07461, -0.06284 ], [ 0.07461, -0.06149 ], [ 0.07578, -0.06081 ], [ 0.07695, -0.06149 ], [ 0.07695, -0.06149 ] ] ] } },
{ "type": "Feature", "properties": { "constituency_id": "E14000942", "constituency_name": "South Northamptonshire", "Main party name": "Conservative", "Main party abbreviation": "Con", "Election result summary": "Con hold", "Election URL": "https://electionresults.parliament.uk/elections/1167" }, "geometry": { "type": "Polygon", "coordinates": [ [ [ 0.06055, -0.06959 ], [ 0.06055, -0.07094 ], [ 0.05938, -0.07162 ], [ 0.0582, -0.07094 ], [ 0.0582, -0.06959 ], [ 0.05938, -0.06892 ], [ 0.06055, -0.06959 ], [ 0.06055, -0.06959 ] ] ] } },
{ "type": "Feature", "properties": { "constituency_id": "E14000943", "constituency_name": "South Ribble", "Main party name": "Conservative", "Main party abbreviation": "Con", "Election result summary": "Con hold", "Election URL": "https://electionresults.parliament.uk/elections/1168" }, "geometry": { "type": "Polygon", "coordinates": [ [ [ 0.03828, -0.04324 ], [ 0.03828, -0.0446 ], [ 0.03711, -0.04527 ], [ 0.03594, -0.0446 ], [ 0.03594, -0.04324 ], [ 0.03711, -0.04257 ], [ 0.03828, -0.04324 ], [ 0.03828, -0.04324 ] ] ] } },
{ "type": "Feature", "properties": { "constituency_id": "E14000944", "constituency_name": "South Shields", "Main party name": "Labour", "Main party abbreviation": "Lab", "Election result summary": "Lab hold", "Election URL": "https://electionresults.parliament.uk/elections/1169" }, "geometry": { "type": "Polygon", "coordinates": [ [ [ 0.05586, -0.02906 ], [ 0.05586, -0.03041 ], [ 0.05469, -0.03108 ], [ 0.05352, -0.03041 ], [ 0.05352, -0.02906 ], [ 0.05469, -0.02838 ], [ 0.05586, -0.02906 ], [ 0.05586, -0.02906 ] ] ] } },
{ "type": "Feature", "properties": { "constituency_id": "E14000945", "constituency_name": "South Staffordshire", "Main party name": "Conservative", "Main party abbreviation": "Con", "Election result summary": "Con hold", "Election URL": "https://electionresults.parliament.uk/elections/1170" }, "geometry": { "type": "Polygon", "coordinates": [ [ [ 0.0418, -0.06149 ], [ 0.0418, -0.06284 ], [ 0.04062, -0.06351 ], [ 0.03945, -0.06284 ], [ 0.03945, -0.06149 ], [ 0.04062, -0.06081 ], [ 0.0418, -0.06149 ], [ 0.0418, -0.06149 ] ] ] } },
{ "type": "Feature", "properties": { "constituency_id": "E14000946", "constituency_name": "South Suffolk", "Main party name": "Conservative", "Main party abbreviation": "Con", "Election result summary": "Con hold", "Election URL": "https://electionresults.parliament.uk/elections/1171" }, "geometry": { "type": "Polygon", "coordinates": [ [ [ 0.08047, -0.06351 ], [ 0.08047, -0.06486 ], [ 0.0793, -0.06554 ], [ 0.07813, -0.06486 ], [ 0.07813, -0.06351 ], [ 0.0793, -0.06284 ], [ 0.08047, -0.06351 ], [ 0.08047, -0.06351 ] ] ] } },
{ "type": "Feature", "properties": { "constituency_id": "E14000947", "constituency_name": "South Swindon", "Main party name": "Conservative", "Main party abbreviation": "Con", "Election result summary": "Con hold", "Election URL": "https://electionresults.parliament.uk/elections/1172" }, "geometry": { "type": "Polygon", "coordinates": [ [ [ 0.04648, -0.0777 ], [ 0.04648, -0.07905 ], [ 0.04531, -0.07973 ], [ 0.04414, -0.07905 ], [ 0.04414, -0.0777 ], [ 0.04531, -0.07702 ], [ 0.04648, -0.0777 ], [ 0.04648, -0.0777 ] ] ] } },
{ "type": "Feature", "properties": { "constituency_id": "E14000948", "constituency_name": "South Thanet", "Main party name": "Conservative", "Main party abbreviation": "Con", "Election result summary": "Con hold", "Election URL": "https://electionresults.parliament.uk/elections/1173" }, "geometry": { "type": "Polygon", "coordinates": [ [ [ 0.0875, -0.08378 ], [ 0.0875, -0.08513 ], [ 0.08633, -0.08581 ], [ 0.08516, -0.08513 ], [ 0.08516, -0.08378 ], [ 0.08633, -0.0831 ], [ 0.0875, -0.08378 ], [ 0.0875, -0.08378 ] ] ] } },
{ "type": "Feature", "properties": { "constituency_id": "E14000949", "constituency_name": "South West Bedfordshire", "Main party name": "Conservative", "Main party abbreviation": "Con", "Election result summary": "Con hold", "Election URL": "https://electionresults.parliament.uk/elections/1174" }, "geometry": { "type": "Polygon", "coordinates": [ [ [ 0.06406, -0.07162 ], [ 0.06406, -0.07297 ], [ 0.06289, -0.07365 ], [ 0.06172, -0.07297 ], [ 0.06172, -0.07162 ], [ 0.06289, -0.07094 ], [ 0.06406, -0.07162 ], [ 0.06406, -0.07162 ] ] ] } },
{ "type": "Feature", "properties": { "constituency_id": "E14000950", "constituency_name": "South West Devon", "Main party name": "Conservative", "Main party abbreviation": "Con", "Election result summary": "Con hold", "Election URL": "https://electionresults.parliament.uk/elections/1175" }, "geometry": { "type": "Polygon", "coordinates": [ [ [ 0.02539, -0.08986 ], [ 0.02539, -0.09121 ], [ 0.02422, -0.09189 ], [ 0.02305, -0.09121 ], [ 0.02305, -0.08986 ], [ 0.02422, -0.08919 ], [ 0.02539, -0.08986 ], [ 0.02539, -0.08986 ] ] ] } },
{ "type": "Feature", "properties": { "constituency_id": "E14000951", "constituency_name": "South West Hertfordshire", "Main party name": "Conservative", "Main party abbreviation": "Con", "Election result summary": "Con hold", "Election URL": "https://electionresults.parliament.uk/elections/1176" }, "geometry": { "type": "Polygon", "coordinates": [ [ [ 0.06289, -0.07365 ], [ 0.06289, -0.075 ], [ 0.06172, -0.07567 ], [ 0.06055, -0.075 ], [ 0.06055, -0.07365 ], [ 0.06172, -0.07297 ], [ 0.06289, -0.07365 ], [ 0.06289, -0.07365 ] ] ] } },
{ "type": "Feature", "properties": { "constituency_id": "E14000952", "constituency_name": "South West Norfolk", "Main party name": "Conservative", "Main party abbreviation": "Con", "Election result summary": "Con hold", "Election URL": "https://electionresults.parliament.uk/elections/1177" }, "geometry": { "type": "Polygon", "coordinates": [ [ [ 0.07227, -0.06149 ], [ 0.07227, -0.06284 ], [ 0.07109, -0.06351 ], [ 0.06992, -0.06284 ], [ 0.06992, -0.06149 ], [ 0.07109, -0.06081 ], [ 0.07227, -0.06149 ], [ 0.07227, -0.06149 ] ] ] } },
{ "type": "Feature", "properties": { "constituency_id": "E14000953", "constituency_name": "South West Surrey", "Main party name": "Conservative", "Main party abbreviation": "Con", "Election result summary": "Con hold", "Election URL": "https://electionresults.parliament.uk/elections/1178" }, "geometry": { "type": "Polygon", "coordinates": [ [ [ 0.05117, -0.08581 ], [ 0.05117, -0.08716 ], [ 0.05, -0.08783 ], [ 0.04883, -0.08716 ], [ 0.04883, -0.08581 ], [ 0.05, -0.08513 ], [ 0.05117, -0.08581 ], [ 0.05117, -0.08581 ] ] ] } },
{ "type": "Feature", "properties": { "constituency_id": "E14000954", "constituency_name": "South West Wiltshire", "Main party name": "Conservative", "Main party abbreviation": "Con", "Election result summary": "Con hold", "Election URL": "https://electionresults.parliament.uk/elections/1179" }, "geometry": { "type": "Polygon", "coordinates": [ [ [ 0.04062, -0.08378 ], [ 0.04062, -0.08513 ], [ 0.03945, -0.08581 ], [ 0.03828, -0.08513 ], [ 0.03828, -0.08378 ], [ 0.03945, -0.0831 ], [ 0.04062, -0.08378 ], [ 0.04062, -0.08378 ] ] ] } },
{ "type": "Feature", "properties": { "constituency_id": "E14000955", "constituency_name": "Southampton, Itchen", "Main party name": "Conservative", "Main party abbreviation": "Con", "Election result summary": "Con hold", "Election URL": "https://electionresults.parliament.uk/elections/1180" }, "geometry": { "type": "Polygon", "coordinates": [ [ [ 0.04531, -0.08783 ], [ 0.04531, -0.08919 ], [ 0.04414, -0.08986 ], [ 0.04297, -0.08919 ], [ 0.04297, -0.08783 ], [ 0.04414, -0.08716 ], [ 0.04531, -0.08783 ], [ 0.04531, -0.08783 ] ] ] } },
{ "type": "Feature", "properties": { "constituency_id": "E14000956", "constituency_name": "Southampton, Test", "Main party name": "Labour", "Main party abbreviation": "Lab", "Election result summary": "Lab hold", "Election URL": "https://electionresults.parliament.uk/elections/1181" }, "geometry": { "type": "Polygon", "coordinates": [ [ [ 0.04414, -0.08581 ], [ 0.04414, -0.08716 ], [ 0.04297, -0.08783 ], [ 0.0418, -0.08716 ], [ 0.0418, -0.08581 ], [ 0.04297, -0.08513 ], [ 0.04414, -0.08581 ], [ 0.04414, -0.08581 ] ] ] } },
{ "type": "Feature", "properties": { "constituency_id": "E14000957", "constituency_name": "Southend West", "Main party name": "Conservative", "Main party abbreviation": "Con", "Election result summary": "Con hold", "Election URL": "https://electionresults.parliament.uk/elections/1182" }, "geometry": { "type": "Polygon", "coordinates": [ [ [ 0.0793, -0.07365 ], [ 0.0793, -0.075 ], [ 0.07813, -0.07567 ], [ 0.07695, -0.075 ], [ 0.07695, -0.07365 ], [ 0.07813, -0.07297 ], [ 0.0793, -0.07365 ], [ 0.0793, -0.07365 ] ] ] } },
{ "type": "Feature", "properties": { "constituency_id": "E14000958", "constituency_name": "Southport", "Main party name": "Conservative", "Main party abbreviation": "Con", "Election result summary": "Con gain from LD", "Election URL": "https://electionresults.parliament.uk/elections/1183" }, "geometry": { "type": "Polygon", "coordinates": [ [ [ 0.03594, -0.04324 ], [ 0.03594, -0.0446 ], [ 0.03476, -0.04527 ], [ 0.03359, -0.0446 ], [ 0.03359, -0.04324 ], [ 0.03476, -0.04257 ], [ 0.03594, -0.04324 ], [ 0.03594, -0.04324 ] ] ] } },
{ "type": "Feature", "properties": { "constituency_id": "E14000959", "constituency_name": "Spelthorne", "Main party name": "Conservative", "Main party abbreviation": "Con", "Election result summary": "Con hold", "Election URL": "https://electionresults.parliament.uk/elections/1184" }, "geometry": { "type": "Polygon", "coordinates": [ [ [ 0.05469, -0.08378 ], [ 0.05469, -0.08513 ], [ 0.05352, -0.08581 ], [ 0.05234, -0.08513 ], [ 0.05234, -0.08378 ], [ 0.05352, -0.0831 ], [ 0.05469, -0.08378 ], [ 0.05469, -0.08378 ] ] ] } },
{ "type": "Feature", "properties": { "constituency_id": "E14000960", "constituency_name": "St Albans", "Main party name": "Conservative", "Main party abbreviation": "Con", "Election result summary": "Con hold", "Election URL": "https://electionresults.parliament.uk/elections/1185" }, "geometry": { "type": "Polygon", "coordinates": [ [ [ 0.07109, -0.07162 ], [ 0.07109, -0.07297 ], [ 0.06992, -0.07365 ], [ 0.06875, -0.07297 ], [ 0.06875, -0.07162 ], [ 0.06992, -0.07094 ], [ 0.07109, -0.07162 ], [ 0.07109, -0.07162 ] ] ] } },
{ "type": "Feature", "properties": { "constituency_id": "E14000961", "constituency_name": "St Austell and Newquay", "Main party name": "Conservative", "Main party abbreviation": "Con", "Election result summary": "Con hold", "Election URL": "https://electionresults.parliament.uk/elections/1186" }, "geometry": { "type": "Polygon", "coordinates": [ [ [ 0.02187, -0.09189 ], [ 0.02187, -0.09324 ], [ 0.0207, -0.09391 ], [ 0.01953, -0.09324 ], [ 0.01953, -0.09189 ], [ 0.0207, -0.09121 ], [ 0.02187, -0.09189 ], [ 0.02187, -0.09189 ] ] ] } },
{ "type": "Feature", "properties": { "constituency_id": "E14000962", "constituency_name": "St Helens North", "Main party name": "Labour", "Main party abbreviation": "Lab", "Election result summary": "Lab hold", "Election URL": "https://electionresults.parliament.uk/elections/1187" }, "geometry": { "type": "Polygon", "coordinates": [ [ [ 0.03594, -0.05135 ], [ 0.03594, -0.0527 ], [ 0.03476, -0.05338 ], [ 0.03359, -0.0527 ], [ 0.03359, -0.05135 ], [ 0.03476, -0.05068 ], [ 0.03594, -0.05135 ], [ 0.03594, -0.05135 ] ] ] } },
{ "type": "Feature", "properties": { "constituency_id": "E14000963", "constituency_name": "St Helens South and Whiston", "Main party name": "Labour", "Main party abbreviation": "Lab", "Election result summary": "Lab hold", "Election URL": "https://electionresults.parliament.uk/elections/1188" }, "geometry": { "type": "Polygon", "coordinates": [ [ [ 0.03476, -0.05338 ], [ 0.03476, -0.05473 ], [ 0.03359, -0.0554 ], [ 0.03242, -0.05473 ], [ 0.03242, -0.05338 ], [ 0.03359, -0.0527 ], [ 0.03476, -0.05338 ], [ 0.03476, -0.05338 ] ] ] } },
{ "type": "Feature", "properties": { "constituency_id": "E14000964", "constituency_name": "St Ives", "Main party name": "Conservative", "Main party abbreviation": "Con", "Election result summary": "Con hold", "Election URL": "https://electionresults.parliament.uk/elections/1189" }, "geometry": { "type": "Polygon", "coordinates": [ [ [ 0.01836, -0.09391 ], [ 0.01836, -0.09527 ], [ 0.01719, -0.09594 ], [ 0.01601, -0.09527 ], [ 0.01601, -0.09391 ], [ 0.01719, -0.09324 ], [ 0.01836, -0.09391 ], [ 0.01836, -0.09391 ] ] ] } },
{ "type": "Feature", "properties": { "constituency_id": "E14000965", "constituency_name": "Stafford", "Main party name": "Conservative", "Main party abbreviation": "Con", "Election result summary": "Con hold", "Election URL": "https://electionresults.parliament.uk/elections/1190" }, "geometry": { "type": "Polygon", "coordinates": [ [ [ 0.04648, -0.06149 ], [ 0.04648, -0.06284 ], [ 0.04531, -0.06351 ], [ 0.04414, -0.06284 ], [ 0.04414, -0.06149 ], [ 0.04531, -0.06081 ], [ 0.04648, -0.06149 ], [ 0.04648, -0.06149 ] ] ] } },
{ "type": "Feature", "properties": { "constituency_id": "E14000966", "constituency_name": "Staffordshire Moorlands", "Main party name": "Conservative", "Main party abbreviation": "Con", "Election result summary": "Con hold", "Election URL": "https://electionresults.parliament.uk/elections/1191" }, "geometry": { "type": "Polygon", "coordinates": [ [ [ 0.04883, -0.05743 ], [ 0.04883, -0.05878 ], [ 0.04766, -0.05946 ], [ 0.04648, -0.05878 ], [ 0.04648, -0.05743 ], [ 0.04766, -0.05676 ], [ 0.04883, -0.05743 ], [ 0.04883, -0.05743 ] ] ] } },
{ "type": "Feature", "properties": { "constituency_id": "E14000967", "constituency_name": "Stalybridge and Hyde", "Main party name": "Labour", "Main party abbreviation": "Lab", "Election result summary": "Lab hold", "Election URL": "https://electionresults.parliament.uk/elections/1192" }, "geometry": { "type": "Polygon", "coordinates": [ [ [ 0.04648, -0.04932 ], [ 0.04648, -0.05068 ], [ 0.04531, -0.05135 ], [ 0.04414, -0.05068 ], [ 0.04414, -0.04932 ], [ 0.04531, -0.04865 ], [ 0.04648, -0.04932 ], [ 0.04648, -0.04932 ] ] ] } },
{ "type": "Feature", "properties": { "constituency_id": "E14000968", "constituency_name": "Stevenage", "Main party name": "Conservative", "Main party abbreviation": "Con", "Election result summary": "Con hold", "Election URL": "https://electionresults.parliament.uk/elections/1193" }, "geometry": { "type": "Polygon", "coordinates": [ [ [ 0.06992, -0.06959 ], [ 0.06992, -0.07094 ], [ 0.06875, -0.07162 ], [ 0.06758, -0.07094 ], [ 0.06758, -0.06959 ], [ 0.06875, -0.06892 ], [ 0.06992, -0.06959 ], [ 0.06992, -0.06959 ] ] ] } },
{ "type": "Feature", "properties": { "constituency_id": "E14000969", "constituency_name": "Stockport", "Main party name": "Labour", "Main party abbreviation": "Lab", "Election result summary": "Lab hold", "Election URL": "https://electionresults.parliament.uk/elections/1195" }, "geometry": { "type": "Polygon", "coordinates": [ [ [ 0.04414, -0.05338 ], [ 0.04414, -0.05473 ], [ 0.04297, -0.0554 ], [ 0.0418, -0.05473 ], [ 0.0418, -0.05338 ], [ 0.04297, -0.0527 ], [ 0.04414, -0.05338 ], [ 0.04414, -0.05338 ] ] ] } },
{ "type": "Feature", "properties": { "constituency_id": "E14000970", "constituency_name": "Stockton North", "Main party name": "Labour", "Main party abbreviation": "Lab", "Election result summary": "Lab hold", "Election URL": "https://electionresults.parliament.uk/elections/1196" }, "geometry": { "type": "Polygon", "coordinates": [ [ [ 0.05703, -0.03514 ], [ 0.05703, -0.03649 ], [ 0.05586, -0.03716 ], [ 0.05469, -0.03649 ], [ 0.05469, -0.03514 ], [ 0.05586, -0.03446 ], [ 0.05703, -0.03514 ], [ 0.05703, -0.03514 ] ] ] } },
{ "type": "Feature", "properties": { "constituency_id": "E14000971", "constituency_name": "Stockton South", "Main party name": "Labour", "Main party abbreviation": "Lab", "Election result summary": "Lab gain from Con", "Election URL": "https://electionresults.parliament.uk/elections/1197" }, "geometry": { "type": "Polygon", "coordinates": [ [ [ 0.05586, -0.03716 ], [ 0.05586, -0.03851 ], [ 0.05469, -0.03919 ], [ 0.05352, -0.03851 ], [ 0.05352, -0.03716 ], [ 0.05469, -0.03649 ], [ 0.05586, -0.03716 ], [ 0.05586, -0.03716 ] ] ] } },
{ "type": "Feature", "properties": { "constituency_id": "E14000972", "constituency_name": "Stoke-On-Trent Central", "Main party name": "Labour", "Main party abbreviation": "Lab", "Election result summary": "Lab hold", "Election URL": "https://electionresults.parliament.uk/elections/1198" }, "geometry": { "type": "Polygon", "coordinates": [ [ [ 0.04766, -0.05946 ], [ 0.04766, -0.06081 ], [ 0.04648, -0.06149 ], [ 0.04531, -0.06081 ], [ 0.04531, -0.05946 ], [ 0.04648, -0.05878 ], [ 0.04766, -0.05946 ], [ 0.04766, -0.05946 ] ] ] } },
{ "type": "Feature", "properties": { "constituency_id": "E14000973", "constituency_name": "Stoke-On-Trent North", "Main party name": "Labour", "Main party abbreviation": "Lab", "Election result summary": "Lab hold", "Election URL": "https://electionresults.parliament.uk/elections/1199" }, "geometry": { "type": "Polygon", "coordinates": [ [ [ 0.04648, -0.05743 ], [ 0.04648, -0.05878 ], [ 0.04531, -0.05946 ], [ 0.04414, -0.05878 ], [ 0.04414, -0.05743 ], [ 0.04531, -0.05676 ], [ 0.04648, -0.05743 ], [ 0.04648, -0.05743 ] ] ] } },
{ "type": "Feature", "properties": { "constituency_id": "E14000974", "constituency_name": "Stoke-On-Trent South", "Main party name": "Conservative", "Main party abbreviation": "Con", "Election result summary": "Con gain from Lab", "Election URL": "https://electionresults.parliament.uk/elections/1200" }, "geometry": { "type": "Polygon", "coordinates": [ [ [ 0.04883, -0.06149 ], [ 0.04883, -0.06284 ], [ 0.04766, -0.06351 ], [ 0.04648, -0.06284 ], [ 0.04648, -0.06149 ], [ 0.04766, -0.06081 ], [ 0.04883, -0.06149 ], [ 0.04883, -0.06149 ] ] ] } },
{ "type": "Feature", "properties": { "constituency_id": "E14000975", "constituency_name": "Stone", "Main party name": "Conservative", "Main party abbreviation": "Con", "Election result summary": "Con hold", "Election URL": "https://electionresults.parliament.uk/elections/1201" }, "geometry": { "type": "Polygon", "coordinates": [ [ [ 0.04414, -0.06149 ], [ 0.04414, -0.06284 ], [ 0.04297, -0.06351 ], [ 0.0418, -0.06284 ], [ 0.0418, -0.06149 ], [ 0.04297, -0.06081 ], [ 0.04414, -0.06149 ], [ 0.04414, -0.06149 ] ] ] } },
{ "type": "Feature", "properties": { "constituency_id": "E14000976", "constituency_name": "Stourbridge", "Main party name": "Conservative", "Main party abbreviation": "Con", "Election result summary": "Con hold", "Election URL": "https://electionresults.parliament.uk/elections/1202" }, "geometry": { "type": "Polygon", "coordinates": [ [ [ 0.04414, -0.06959 ], [ 0.04414, -0.07094 ], [ 0.04297, -0.07162 ], [ 0.0418, -0.07094 ], [ 0.0418, -0.06959 ], [ 0.04297, -0.06892 ], [ 0.04414, -0.06959 ], [ 0.04414, -0.06959 ] ] ] } },
{ "type": "Feature", "properties": { "constituency_id": "E14000977", "constituency_name": "Stratford-On-Avon", "Main party name": "Conservative", "Main party abbreviation": "Con", "Election result summary": "Con hold", "Election URL": "https://electionresults.parliament.uk/elections/1204" }, "geometry": { "type": "Polygon", "coordinates": [ [ [ 0.04883, -0.07365 ], [ 0.04883, -0.075 ], [ 0.04766, -0.07567 ], [ 0.04648, -0.075 ], [ 0.04648, -0.07365 ], [ 0.04766, -0.07297 ], [ 0.04883, -0.07365 ], [ 0.04883, -0.07365 ] ] ] } },
{ "type": "Feature", "properties": { "constituency_id": "E14000978", "constituency_name": "Streatham", "Main party name": "Labour", "Main party abbreviation": "Lab", "Election result summary": "Lab hold", "Election URL": "https://electionresults.parliament.uk/elections/1205" }, "geometry": { "type": "Polygon", "coordinates": [ [ [ 0.06641, -0.08783 ], [ 0.06641, -0.08919 ], [ 0.06524, -0.08986 ], [ 0.06406, -0.08919 ], [ 0.06406, -0.08783 ], [ 0.06524, -0.08716 ], [ 0.06641, -0.08783 ], [ 0.06641, -0.08783 ] ] ] } },
{ "type": "Feature", "properties": { "constituency_id": "E14000979", "constituency_name": "Stretford and Urmston", "Main party name": "Labour", "Main party abbreviation": "Lab", "Election result summary": "Lab hold", "Election URL": "https://electionresults.parliament.uk/elections/1206" }, "geometry": { "type": "Polygon", "coordinates": [ [ [ 0.03945, -0.05338 ], [ 0.03945, -0.05473 ], [ 0.03828, -0.0554 ], [ 0.03711, -0.05473 ], [ 0.03711, -0.05338 ], [ 0.03828, -0.0527 ], [ 0.03945, -0.05338 ], [ 0.03945, -0.05338 ] ] ] } },
{ "type": "Feature", "properties": { "constituency_id": "E14000980", "constituency_name": "Stroud", "Main party name": "Labour", "Main party abbreviation": "Lab", "Election result summary": "Lab gain from Con", "Election URL": "https://electionresults.parliament.uk/elections/1207" }, "geometry": { "type": "Polygon", "coordinates": [ [ [ 0.04297, -0.07567 ], [ 0.04297, -0.07702 ], [ 0.0418, -0.0777 ], [ 0.04062, -0.07702 ], [ 0.04062, -0.07567 ], [ 0.0418, -0.075 ], [ 0.04297, -0.07567 ], [ 0.04297, -0.07567 ] ] ] } },
{ "type": "Feature", "properties": { "constituency_id": "E14000981", "constituency_name": "Suffolk Coastal", "Main party name": "Conservative", "Main party abbreviation": "Con", "Election result summary": "Con hold", "Election URL": "https://electionresults.parliament.uk/elections/1208" }, "geometry": { "type": "Polygon", "coordinates": [ [ [ 0.07813, -0.05946 ], [ 0.07813, -0.06081 ], [ 0.07695, -0.06149 ], [ 0.07578, -0.06081 ], [ 0.07578, -0.05946 ], [ 0.07695, -0.05878 ], [ 0.07813, -0.05946 ], [ 0.07813, -0.05946 ] ] ] } },
{ "type": "Feature", "properties": { "constituency_id": "E14000982", "constituency_name": "Sunderland Central", "Main party name": "Labour", "Main party abbreviation": "Lab", "Election result summary": "Lab hold", "Election URL": "https://electionresults.parliament.uk/elections/1209" }, "geometry": { "type": "Polygon", "coordinates": [ [ [ 0.05703, -0.03108 ], [ 0.05703, -0.03243 ], [ 0.05586, -0.03311 ], [ 0.05469, -0.03243 ], [ 0.05469, -0.03108 ], [ 0.05586, -0.03041 ], [ 0.05703, -0.03108 ], [ 0.05703, -0.03108 ] ] ] } },
{ "type": "Feature", "properties": { "constituency_id": "E14000983", "constituency_name": "Surrey Heath", "Main party name": "Conservative", "Main party abbreviation": "Con", "Election result summary": "Con hold", "Election URL": "https://electionresults.parliament.uk/elections/1210" }, "geometry": { "type": "Polygon", "coordinates": [ [ [ 0.05352, -0.08175 ], [ 0.05352, -0.0831 ], [ 0.05234, -0.08378 ], [ 0.05117, -0.0831 ], [ 0.05117, -0.08175 ], [ 0.05234, -0.08108 ], [ 0.05352, -0.08175 ], [ 0.05352, -0.08175 ] ] ] } },
{ "type": "Feature", "properties": { "constituency_id": "E14000984", "constituency_name": "Sutton and Cheam", "Main party name": "Conservative", "Main party abbreviation": "Con", "Election result summary": "Con hold", "Election URL": "https://electionresults.parliament.uk/elections/1211" }, "geometry": { "type": "Polygon", "coordinates": [ [ [ 0.06172, -0.08783 ], [ 0.06172, -0.08919 ], [ 0.06055, -0.08986 ], [ 0.05938, -0.08919 ], [ 0.05938, -0.08783 ], [ 0.06055, -0.08716 ], [ 0.06172, -0.08783 ], [ 0.06172, -0.08783 ] ] ] } },
{ "type": "Feature", "properties": { "constituency_id": "E14000985", "constituency_name": "Sutton Coldfield", "Main party name": "Conservative", "Main party abbreviation": "Con", "Election result summary": "Con hold", "Election URL": "https://electionresults.parliament.uk/elections/1212" }, "geometry": { "type": "Polygon", "coordinates": [ [ [ 0.05234, -0.06351 ], [ 0.05234, -0.06486 ], [ 0.05117, -0.06554 ], [ 0.05, -0.06486 ], [ 0.05, -0.06351 ], [ 0.05117, -0.06284 ], [ 0.05234, -0.06351 ], [ 0.05234, -0.06351 ] ] ] } },
{ "type": "Feature", "properties": { "constituency_id": "E14000986", "constituency_name": "Tamworth", "Main party name": "Conservative", "Main party abbreviation": "Con", "Election result summary": "Con hold", "Election URL": "https://electionresults.parliament.uk/elections/1215" }, "geometry": { "type": "Polygon", "coordinates": [ [ [ 0.05352, -0.06149 ], [ 0.05352, -0.06284 ], [ 0.05234, -0.06351 ], [ 0.05117, -0.06284 ], [ 0.05117, -0.06149 ], [ 0.05234, -0.06081 ], [ 0.05352, -0.06149 ], [ 0.05352, -0.06149 ] ] ] } },
{ "type": "Feature", "properties": { "constituency_id": "E14000987", "constituency_name": "Tatton", "Main party name": "Conservative", "Main party abbreviation": "Con", "Election result summary": "Con hold", "Election URL": "https://electionresults.parliament.uk/elections/1216" }, "geometry": { "type": "Polygon", "coordinates": [ [ [ 0.0418, -0.05743 ], [ 0.0418, -0.05878 ], [ 0.04062, -0.05946 ], [ 0.03945, -0.05878 ], [ 0.03945, -0.05743 ], [ 0.04062, -0.05676 ], [ 0.0418, -0.05743 ], [ 0.0418, -0.05743 ] ] ] } },
{ "type": "Feature", "properties": { "constituency_id": "E14000988", "constituency_name": "Taunton Deane", "Main party name": "Conservative", "Main party abbreviation": "Con", "Election result summary": "Con hold", "Election URL": "https://electionresults.parliament.uk/elections/1217" }, "geometry": { "type": "Polygon", "coordinates": [ [ [ 0.03359, -0.08783 ], [ 0.03359, -0.08919 ], [ 0.03242, -0.08986 ], [ 0.03125, -0.08919 ], [ 0.03125, -0.08783 ], [ 0.03242, -0.08716 ], [ 0.03359, -0.08783 ], [ 0.03359, -0.08783 ] ] ] } },
{ "type": "Feature", "properties": { "constituency_id": "E14000989", "constituency_name": "Telford", "Main party name": "Conservative", "Main party abbreviation": "Con", "Election result summary": "Con hold", "Election URL": "https://electionresults.parliament.uk/elections/1218" }, "geometry": { "type": "Polygon", "coordinates": [ [ [ 0.03828, -0.06351 ], [ 0.03828, -0.06486 ], [ 0.03711, -0.06554 ], [ 0.03594, -0.06486 ], [ 0.03594, -0.06351 ], [ 0.03711, -0.06284 ], [ 0.03828, -0.06351 ], [ 0.03828, -0.06351 ] ] ] } },
{ "type": "Feature", "properties": { "constituency_id": "E14000990", "constituency_name": "Tewkesbury", "Main party name": "Conservative", "Main party abbreviation": "Con", "Election result summary": "Con hold", "Election URL": "https://electionresults.parliament.uk/elections/1219" }, "geometry": { "type": "Polygon", "coordinates": [ [ [ 0.0418, -0.07365 ], [ 0.0418, -0.075 ], [ 0.04062, -0.07567 ], [ 0.03945, -0.075 ], [ 0.03945, -0.07365 ], [ 0.04062, -0.07297 ], [ 0.0418, -0.07365 ], [ 0.0418, -0.07365 ] ] ] } },
{ "type": "Feature", "properties": { "constituency_id": "E14000991", "constituency_name": "The Cotswolds", "Main party name": "Conservative", "Main party abbreviation": "Con", "Election result summary": "Con hold", "Election URL": "https://electionresults.parliament.uk/elections/1220" }, "geometry": { "type": "Polygon", "coordinates": [ [ [ 0.04414, -0.07365 ], [ 0.04414, -0.075 ], [ 0.04297, -0.07567 ], [ 0.0418, -0.075 ], [ 0.0418, -0.07365 ], [ 0.04297, -0.07297 ], [ 0.04414, -0.07365 ], [ 0.04414, -0.07365 ] ] ] } },
{ "type": "Feature", "properties": { "constituency_id": "E14000992", "constituency_name": "The Wrekin", "Main party name": "Conservative", "Main party abbreviation": "Con", "Election result summary": "Con hold", "Election URL": "https://electionresults.parliament.uk/elections/1221" }, "geometry": { "type": "Polygon", "coordinates": [ [ [ 0.03945, -0.06149 ], [ 0.03945, -0.06284 ], [ 0.03828, -0.06351 ], [ 0.03711, -0.06284 ], [ 0.03711, -0.06149 ], [ 0.03828, -0.06081 ], [ 0.03945, -0.06149 ], [ 0.03945, -0.06149 ] ] ] } },
{ "type": "Feature", "properties": { "constituency_id": "E14000993", "constituency_name": "Thirsk and Malton", "Main party name": "Conservative", "Main party abbreviation": "Con", "Election result summary": "Con hold", "Election URL": "https://electionresults.parliament.uk/elections/1222" }, "geometry": { "type": "Polygon", "coordinates": [ [ [ 0.05938, -0.03919 ], [ 0.05938, -0.04054 ], [ 0.0582, -0.04122 ], [ 0.05703, -0.04054 ], [ 0.05703, -0.03919 ], [ 0.0582, -0.03851 ], [ 0.05938, -0.03919 ], [ 0.05938, -0.03919 ] ] ] } },
{ "type": "Feature", "properties": { "constituency_id": "E14000994", "constituency_name": "Thornbury and Yate", "Main party name": "Conservative", "Main party abbreviation": "Con", "Election result summary": "Con hold", "Election URL": "https://electionresults.parliament.uk/elections/1223" }, "geometry": { "type": "Polygon", "coordinates": [ [ [ 0.03828, -0.07567 ], [ 0.03828, -0.07702 ], [ 0.03711, -0.0777 ], [ 0.03594, -0.07702 ], [ 0.03594, -0.07567 ], [ 0.03711, -0.075 ], [ 0.03828, -0.07567 ], [ 0.03828, -0.07567 ] ] ] } },
{ "type": "Feature", "properties": { "constituency_id": "E14000995", "constituency_name": "Thurrock", "Main party name": "Conservative", "Main party abbreviation": "Con", "Election result summary": "Con hold", "Election URL": "https://electionresults.parliament.uk/elections/1224" }, "geometry": { "type": "Polygon", "coordinates": [ [ [ 0.07578, -0.07567 ], [ 0.07578, -0.07702 ], [ 0.07461, -0.0777 ], [ 0.07344, -0.07702 ], [ 0.07344, -0.07567 ], [ 0.07461, -0.075 ], [ 0.07578, -0.07567 ], [ 0.07578, -0.07567 ] ] ] } },
{ "type": "Feature", "properties": { "constituency_id": "E14000996", "constituency_name": "Tiverton and Honiton", "Main party name": "Conservative", "Main party abbreviation": "Con", "Election result summary": "Con hold", "Election URL": "https://electionresults.parliament.uk/elections/1225" }, "geometry": { "type": "Polygon", "coordinates": [ [ [ 0.03125, -0.08783 ], [ 0.03125, -0.08919 ], [ 0.03008, -0.08986 ], [ 0.02891, -0.08919 ], [ 0.02891, -0.08783 ], [ 0.03008, -0.08716 ], [ 0.03125, -0.08783 ], [ 0.03125, -0.08783 ] ] ] } },
{ "type": "Feature", "properties": { "constituency_id": "E14000997", "constituency_name": "Tonbridge and Malling", "Main party name": "Conservative", "Main party abbreviation": "Con", "Election result summary": "Con hold", "Election URL": "https://electionresults.parliament.uk/elections/1226" }, "geometry": { "type": "Polygon", "coordinates": [ [ [ 0.0793, -0.08581 ], [ 0.0793, -0.08716 ], [ 0.07813, -0.08783 ], [ 0.07695, -0.08716 ], [ 0.07695, -0.08581 ], [ 0.07813, -0.08513 ], [ 0.0793, -0.08581 ], [ 0.0793, -0.08581 ] ] ] } },
{ "type": "Feature", "properties": { "constituency_id": "E14000998", "constituency_name": "Tooting", "Main party name": "Labour", "Main party abbreviation": "Lab", "Election result summary": "Lab hold", "Election URL": "https://electionresults.parliament.uk/elections/1227" }, "geometry": { "type": "Polygon", "coordinates": [ [ [ 0.06406, -0.08783 ], [ 0.06406, -0.08919 ], [ 0.06289, -0.08986 ], [ 0.06172, -0.08919 ], [ 0.06172, -0.08783 ], [ 0.06289, -0.08716 ], [ 0.06406, -0.08783 ], [ 0.06406, -0.08783 ] ] ] } },
{ "type": "Feature", "properties": { "constituency_id": "E14000999", "constituency_name": "Torbay", "Main party name": "Conservative", "Main party abbreviation": "Con", "Election result summary": "Con hold", "Election URL": "https://electionresults.parliament.uk/elections/1228" }, "geometry": { "type": "Polygon", "coordinates": [ [ [ 0.02891, -0.09189 ], [ 0.02891, -0.09324 ], [ 0.02773, -0.09391 ], [ 0.02656, -0.09324 ], [ 0.02656, -0.09189 ], [ 0.02773, -0.09121 ], [ 0.02891, -0.09189 ], [ 0.02891, -0.09189 ] ] ] } },
{ "type": "Feature", "properties": { "constituency_id": "E14001000", "constituency_name": "Torridge and West Devon", "Main party name": "Conservative", "Main party abbreviation": "Con", "Election result summary": "Con hold", "Election URL": "https://electionresults.parliament.uk/elections/1230" }, "geometry": { "type": "Polygon", "coordinates": [ [ [ 0.02422, -0.08783 ], [ 0.02422, -0.08919 ], [ 0.02305, -0.08986 ], [ 0.02187, -0.08919 ], [ 0.02187, -0.08783 ], [ 0.02305, -0.08716 ], [ 0.02422, -0.08783 ], [ 0.02422, -0.08783 ] ] ] } },
{ "type": "Feature", "properties": { "constituency_id": "E14001001", "constituency_name": "Totnes", "Main party name": "Conservative", "Main party abbreviation": "Con", "Election result summary": "Con hold", "Election URL": "https://electionresults.parliament.uk/elections/1231" }, "geometry": { "type": "Polygon", "coordinates": [ [ [ 0.02773, -0.09391 ], [ 0.02773, -0.09527 ], [ 0.02656, -0.09594 ], [ 0.02539, -0.09527 ], [ 0.02539, -0.09391 ], [ 0.02656, -0.09324 ], [ 0.02773, -0.09391 ], [ 0.02773, -0.09391 ] ] ] } },
{ "type": "Feature", "properties": { "constituency_id": "E14001002", "constituency_name": "Tottenham", "Main party name": "Labour", "Main party abbreviation": "Lab", "Election result summary": "Lab hold", "Election URL": "https://electionresults.parliament.uk/elections/1232" }, "geometry": { "type": "Polygon", "coordinates": [ [ [ 0.06524, -0.0777 ], [ 0.06524, -0.07905 ], [ 0.06406, -0.07973 ], [ 0.06289, -0.07905 ], [ 0.06289, -0.0777 ], [ 0.06406, -0.07702 ], [ 0.06524, -0.0777 ], [ 0.06524, -0.0777 ] ] ] } },
{ "type": "Feature", "properties": { "constituency_id": "E14001003", "constituency_name": "Truro and Falmouth", "Main party name": "Conservative", "Main party abbreviation": "Con", "Election result summary": "Con hold", "Election URL": "https://electionresults.parliament.uk/elections/1233" }, "geometry": { "type": "Polygon", "coordinates": [ [ [ 0.0207, -0.09391 ], [ 0.0207, -0.09527 ], [ 0.01953, -0.09594 ], [ 0.01836, -0.09527 ], [ 0.01836, -0.09391 ], [ 0.01953, -0.09324 ], [ 0.0207, -0.09391 ], [ 0.0207, -0.09391 ] ] ] } },
{ "type": "Feature", "properties": { "constituency_id": "E14001004", "constituency_name": "Tunbridge Wells", "Main party name": "Conservative", "Main party abbreviation": "Con", "Election result summary": "Con hold", "Election URL": "https://electionresults.parliament.uk/elections/1234" }, "geometry": { "type": "Polygon", "coordinates": [ [ [ 0.08047, -0.08783 ], [ 0.08047, -0.08919 ], [ 0.0793, -0.08986 ], [ 0.07813, -0.08919 ], [ 0.07813, -0.08783 ], [ 0.0793, -0.08716 ], [ 0.08047, -0.08783 ], [ 0.08047, -0.08783 ] ] ] } },
{ "type": "Feature", "properties": { "constituency_id": "E14001005", "constituency_name": "Twickenham", "Main party name": "Liberal Democrat", "Main party abbreviation": "LD", "Election result summary": "LD gain from Con", "Election URL": "https://electionresults.parliament.uk/elections/1235" }, "geometry": { "type": "Polygon", "coordinates": [ [ [ 0.05586, -0.08581 ], [ 0.05586, -0.08716 ], [ 0.05469, -0.08783 ], [ 0.05352, -0.08716 ], [ 0.05352, -0.08581 ], [ 0.05469, -0.08513 ], [ 0.05586, -0.08581 ], [ 0.05586, -0.08581 ] ] ] } },
{ "type": "Feature", "properties": { "constituency_id": "E14001006", "constituency_name": "Tynemouth", "Main party name": "Labour", "Main party abbreviation": "Lab", "Election result summary": "Lab hold", "Election URL": "https://electionresults.parliament.uk/elections/1236" }, "geometry": { "type": "Polygon", "coordinates": [ [ [ 0.05469, -0.02703 ], [ 0.05469, -0.02838 ], [ 0.05352, -0.02906 ], [ 0.05234, -0.02838 ], [ 0.05234, -0.02703 ], [ 0.05352, -0.02635 ], [ 0.05469, -0.02703 ], [ 0.05469, -0.02703 ] ] ] } },
{ "type": "Feature", "properties": { "constituency_id": "E14001007", "constituency_name": "Uxbridge and South Ruislip", "Main party name": "Conservative", "Main party abbreviation": "Con", "Election result summary": "Con hold", "Election URL": "https://electionresults.parliament.uk/elections/1238" }, "geometry": { "type": "Polygon", "coordinates": [ [ [ 0.05586, -0.0777 ], [ 0.05586, -0.07905 ], [ 0.05469, -0.07973 ], [ 0.05352, -0.07905 ], [ 0.05352, -0.0777 ], [ 0.05469, -0.07702 ], [ 0.05586, -0.0777 ], [ 0.05586, -0.0777 ] ] ] } },
{ "type": "Feature", "properties": { "constituency_id": "E14001008", "constituency_name": "Vauxhall", "Main party name": "Labour", "Main party abbreviation": "Lab", "Election result summary": "Lab hold", "Election URL": "https://electionresults.parliament.uk/elections/1241" }, "geometry": { "type": "Polygon", "coordinates": [ [ [ 0.06758, -0.08581 ], [ 0.06758, -0.08716 ], [ 0.06641, -0.08783 ], [ 0.06524, -0.08716 ], [ 0.06524, -0.08581 ], [ 0.06641, -0.08513 ], [ 0.06758, -0.08581 ], [ 0.06758, -0.08581 ] ] ] } },
{ "type": "Feature", "properties": { "constituency_id": "E14001009", "constituency_name": "Wakefield", "Main party name": "Labour", "Main party abbreviation": "Lab", "Election result summary": "Lab hold", "Election URL": "https://electionresults.parliament.uk/elections/1242" }, "geometry": { "type": "Polygon", "coordinates": [ [ [ 0.05469, -0.0473 ], [ 0.05469, -0.04865 ], [ 0.05352, -0.04932 ], [ 0.05234, -0.04865 ], [ 0.05234, -0.0473 ], [ 0.05352, -0.04662 ], [ 0.05469, -0.0473 ], [ 0.05469, -0.0473 ] ] ] } },
{ "type": "Feature", "properties": { "constituency_id": "E14001010", "constituency_name": "Wallasey", "Main party name": "Labour", "Main party abbreviation": "Lab", "Election result summary": "Lab hold", "Election URL": "https://electionresults.parliament.uk/elections/1243" }, "geometry": { "type": "Polygon", "coordinates": [ [ [ 0.03125, -0.0554 ], [ 0.03125, -0.05676 ], [ 0.03008, -0.05743 ], [ 0.02891, -0.05676 ], [ 0.02891, -0.0554 ], [ 0.03008, -0.05473 ], [ 0.03125, -0.0554 ], [ 0.03125, -0.0554 ] ] ] } },
{ "type": "Feature", "properties": { "constituency_id": "E14001011", "constituency_name": "Walsall North", "Main party name": "Conservative", "Main party abbreviation": "Con", "Election result summary": "Con gain from Lab", "Election URL": "https://electionresults.parliament.uk/elections/1244" }, "geometry": { "type": "Polygon", "coordinates": [ [ [ 0.04297, -0.06351 ], [ 0.04297, -0.06486 ], [ 0.0418, -0.06554 ], [ 0.04062, -0.06486 ], [ 0.04062, -0.06351 ], [ 0.0418, -0.06284 ], [ 0.04297, -0.06351 ], [ 0.04297, -0.06351 ] ] ] } },
{ "type": "Feature", "properties": { "constituency_id": "E14001012", "constituency_name": "Walsall South", "Main party name": "Labour", "Main party abbreviation": "Lab", "Election result summary": "Lab hold", "Election URL": "https://electionresults.parliament.uk/elections/1245" }, "geometry": { "type": "Polygon", "coordinates": [ [ [ 0.04531, -0.06351 ], [ 0.04531, -0.06486 ], [ 0.04414, -0.06554 ], [ 0.04297, -0.06486 ], [ 0.04297, -0.06351 ], [ 0.04414, -0.06284 ], [ 0.04531, -0.06351 ], [ 0.04531, -0.06351 ] ] ] } },
{ "type": "Feature", "properties": { "constituency_id": "E14001013", "constituency_name": "Walthamstow", "Main party name": "Labour", "Main party abbreviation": "Lab", "Election result summary": "Lab hold", "Election URL": "https://electionresults.parliament.uk/elections/1246" }, "geometry": { "type": "Polygon", "coordinates": [ [ [ 0.06758, -0.0777 ], [ 0.06758, -0.07905 ], [ 0.06641, -0.07973 ], [ 0.06524, -0.07905 ], [ 0.06524, -0.0777 ], [ 0.06641, -0.07702 ], [ 0.06758, -0.0777 ], [ 0.06758, -0.0777 ] ] ] } },
{ "type": "Feature", "properties": { "constituency_id": "E14001014", "constituency_name": "Wansbeck", "Main party name": "Labour", "Main party abbreviation": "Lab", "Election result summary": "Lab hold", "Election URL": "https://electionresults.parliament.uk/elections/1247" }, "geometry": { "type": "Polygon", "coordinates": [ [ [ 0.05, -0.02703 ], [ 0.05, -0.02838 ], [ 0.04883, -0.02906 ], [ 0.04766, -0.02838 ], [ 0.04766, -0.02703 ], [ 0.04883, -0.02635 ], [ 0.05, -0.02703 ], [ 0.05, -0.02703 ] ] ] } },
{ "type": "Feature", "properties": { "constituency_id": "E14001015", "constituency_name": "Wantage", "Main party name": "Conservative", "Main party abbreviation": "Con", "Election result summary": "Con hold", "Election URL": "https://electionresults.parliament.uk/elections/1248" }, "geometry": { "type": "Polygon", "coordinates": [ [ [ 0.05117, -0.07365 ], [ 0.05117, -0.075 ], [ 0.05, -0.07567 ], [ 0.04883, -0.075 ], [ 0.04883, -0.07365 ], [ 0.05, -0.07297 ], [ 0.05117, -0.07365 ], [ 0.05117, -0.07365 ] ] ] } },
{ "type": "Feature", "properties": { "constituency_id": "E14001016", "constituency_name": "Warley", "Main party name": "Labour", "Main party abbreviation": "Lab", "Election result summary": "Lab hold", "Election URL": "https://electionresults.parliament.uk/elections/1249" }, "geometry": { "type": "Polygon", "coordinates": [ [ [ 0.04531, -0.06757 ], [ 0.04531, -0.06892 ], [ 0.04414, -0.06959 ], [ 0.04297, -0.06892 ], [ 0.04297, -0.06757 ], [ 0.04414, -0.06689 ], [ 0.04531, -0.06757 ], [ 0.04531, -0.06757 ] ] ] } },
{ "type": "Feature", "properties": { "constituency_id": "E14001017", "constituency_name": "Warrington North", "Main party name": "Labour", "Main party abbreviation": "Lab", "Election result summary": "Lab hold", "Election URL": "https://electionresults.parliament.uk/elections/1250" }, "geometry": { "type": "Polygon", "coordinates": [ [ [ 0.03711, -0.05338 ], [ 0.03711, -0.05473 ], [ 0.03594, -0.0554 ], [ 0.03476, -0.05473 ], [ 0.03476, -0.05338 ], [ 0.03594, -0.0527 ], [ 0.03711, -0.05338 ], [ 0.03711, -0.05338 ] ] ] } },
{ "type": "Feature", "properties": { "constituency_id": "E14001018", "constituency_name": "Warrington South", "Main party name": "Labour", "Main party abbreviation": "Lab", "Election result summary": "Lab gain from Con", "Election URL": "https://electionresults.parliament.uk/elections/1251" }, "geometry": { "type": "Polygon", "coordinates": [ [ [ 0.03828, -0.0554 ], [ 0.03828, -0.05676 ], [ 0.03711, -0.05743 ], [ 0.03594, -0.05676 ], [ 0.03594, -0.0554 ], [ 0.03711, -0.05473 ], [ 0.03828, -0.0554 ], [ 0.03828, -0.0554 ] ] ] } },
{ "type": "Feature", "properties": { "constituency_id": "E14001019", "constituency_name": "Warwick and Leamington", "Main party name": "Labour", "Main party abbreviation": "Lab", "Election result summary": "Lab gain from Con", "Election URL": "https://electionresults.parliament.uk/elections/1252" }, "geometry": { "type": "Polygon", "coordinates": [ [ [ 0.05469, -0.07162 ], [ 0.05469, -0.07297 ], [ 0.05352, -0.07365 ], [ 0.05234, -0.07297 ], [ 0.05234, -0.07162 ], [ 0.05352, -0.07094 ], [ 0.05469, -0.07162 ], [ 0.05469, -0.07162 ] ] ] } },
{ "type": "Feature", "properties": { "constituency_id": "E14001020", "constituency_name": "Washington and Sunderland West", "Main party name": "Labour", "Main party abbreviation": "Lab", "Election result summary": "Lab hold", "Election URL": "https://electionresults.parliament.uk/elections/1253" }, "geometry": { "type": "Polygon", "coordinates": [ [ [ 0.05234, -0.03108 ], [ 0.05234, -0.03243 ], [ 0.05117, -0.03311 ], [ 0.05, -0.03243 ], [ 0.05, -0.03108 ], [ 0.05117, -0.03041 ], [ 0.05234, -0.03108 ], [ 0.05234, -0.03108 ] ] ] } },
{ "type": "Feature", "properties": { "constituency_id": "E14001021", "constituency_name": "Watford", "Main party name": "Conservative", "Main party abbreviation": "Con", "Election result summary": "Con hold", "Election URL": "https://electionresults.parliament.uk/elections/1254" }, "geometry": { "type": "Polygon", "coordinates": [ [ [ 0.07227, -0.07365 ], [ 0.07227, -0.075 ], [ 0.07109, -0.07567 ], [ 0.06992, -0.075 ], [ 0.06992, -0.07365 ], [ 0.07109, -0.07297 ], [ 0.07227, -0.07365 ], [ 0.07227, -0.07365 ] ] ] } },
{ "type": "Feature", "properties": { "constituency_id": "E14001022", "constituency_name": "Waveney", "Main party name": "Conservative", "Main party abbreviation": "Con", "Election result summary": "Con hold", "Election URL": "https://electionresults.parliament.uk/elections/1255" }, "geometry": { "type": "Polygon", "coordinates": [ [ [ 0.07578, -0.05946 ], [ 0.07578, -0.06081 ], [ 0.07461, -0.06149 ], [ 0.07344, -0.06081 ], [ 0.07344, -0.05946 ], [ 0.07461, -0.05878 ], [ 0.07578, -0.05946 ], [ 0.07578, -0.05946 ] ] ] } },
{ "type": "Feature", "properties": { "constituency_id": "E14001023", "constituency_name": "Wealden", "Main party name": "Conservative", "Main party abbreviation": "Con", "Election result summary": "Con hold", "Election URL": "https://electionresults.parliament.uk/elections/1256" }, "geometry": { "type": "Polygon", "coordinates": [ [ [ 0.08281, -0.08783 ], [ 0.08281, -0.08919 ], [ 0.08164, -0.08986 ], [ 0.08047, -0.08919 ], [ 0.08047, -0.08783 ], [ 0.08164, -0.08716 ], [ 0.08281, -0.08783 ], [ 0.08281, -0.08783 ] ] ] } },
{ "type": "Feature", "properties": { "constituency_id": "E14001024", "constituency_name": "Weaver Vale", "Main party name": "Labour", "Main party abbreviation": "Lab", "Election result summary": "Lab gain from Con", "Election URL": "https://electionresults.parliament.uk/elections/1257" }, "geometry": { "type": "Polygon", "coordinates": [ [ [ 0.03945, -0.05743 ], [ 0.03945, -0.05878 ], [ 0.03828, -0.05946 ], [ 0.03711, -0.05878 ], [ 0.03711, -0.05743 ], [ 0.03828, -0.05676 ], [ 0.03945, -0.05743 ], [ 0.03945, -0.05743 ] ] ] } },
{ "type": "Feature", "properties": { "constituency_id": "E14001025", "constituency_name": "Wellingborough", "Main party name": "Conservative", "Main party abbreviation": "Con", "Election result summary": "Con hold", "Election URL": "https://electionresults.parliament.uk/elections/1258" }, "geometry": { "type": "Polygon", "coordinates": [ [ [ 0.06641, -0.06351 ], [ 0.06641, -0.06486 ], [ 0.06524, -0.06554 ], [ 0.06406, -0.06486 ], [ 0.06406, -0.06351 ], [ 0.06524, -0.06284 ], [ 0.06641, -0.06351 ], [ 0.06641, -0.06351 ] ] ] } },
{ "type": "Feature", "properties": { "constituency_id": "E14001026", "constituency_name": "Wells", "Main party name": "Conservative", "Main party abbreviation": "Con", "Election result summary": "Con hold", "Election URL": "https://electionresults.parliament.uk/elections/1259" }, "geometry": { "type": "Polygon", "coordinates": [ [ [ 0.03242, -0.08581 ], [ 0.03242, -0.08716 ], [ 0.03125, -0.08783 ], [ 0.03008, -0.08716 ], [ 0.03008, -0.08581 ], [ 0.03125, -0.08513 ], [ 0.03242, -0.08581 ], [ 0.03242, -0.08581 ] ] ] } },
{ "type": "Feature", "properties": { "constituency_id": "E14001027", "constituency_name": "Welwyn Hatfield", "Main party name": "Conservative", "Main party abbreviation": "Con", "Election result summary": "Con hold", "Election URL": "https://electionresults.parliament.uk/elections/1260" }, "geometry": { "type": "Polygon", "coordinates": [ [ [ 0.07227, -0.06959 ], [ 0.07227, -0.07094 ], [ 0.07109, -0.07162 ], [ 0.06992, -0.07094 ], [ 0.06992, -0.06959 ], [ 0.07109, -0.06892 ], [ 0.07227, -0.06959 ], [ 0.07227, -0.06959 ] ] ] } },
{ "type": "Feature", "properties": { "constituency_id": "E14001028", "constituency_name": "Wentworth and Dearne", "Main party name": "Labour", "Main party abbreviation": "Lab", "Election result summary": "Lab hold", "Election URL": "https://electionresults.parliament.uk/elections/1261" }, "geometry": { "type": "Polygon", "coordinates": [ [ [ 0.05469, -0.05135 ], [ 0.05469, -0.0527 ], [ 0.05352, -0.05338 ], [ 0.05234, -0.0527 ], [ 0.05234, -0.05135 ], [ 0.05352, -0.05068 ], [ 0.05469, -0.05135 ], [ 0.05469, -0.05135 ] ] ] } },
{ "type": "Feature", "properties": { "constituency_id": "E14001029", "constituency_name": "West Bromwich East", "Main party name": "Labour", "Main party abbreviation": "Lab", "Election result summary": "Lab hold", "Election URL": "https://electionresults.parliament.uk/elections/1263" }, "geometry": { "type": "Polygon", "coordinates": [ [ [ 0.04648, -0.06554 ], [ 0.04648, -0.06689 ], [ 0.04531, -0.06757 ], [ 0.04414, -0.06689 ], [ 0.04414, -0.06554 ], [ 0.04531, -0.06486 ], [ 0.04648, -0.06554 ], [ 0.04648, -0.06554 ] ] ] } },
{ "type": "Feature", "properties": { "constituency_id": "E14001030", "constituency_name": "West Bromwich West", "Main party name": "Labour", "Main party abbreviation": "Lab", "Election result summary": "Lab hold", "Election URL": "https://electionresults.parliament.uk/elections/1264" }, "geometry": { "type": "Polygon", "coordinates": [ [ [ 0.04414, -0.06554 ], [ 0.04414, -0.06689 ], [ 0.04297, -0.06757 ], [ 0.0418, -0.06689 ], [ 0.0418, -0.06554 ], [ 0.04297, -0.06486 ], [ 0.04414, -0.06554 ], [ 0.04414, -0.06554 ] ] ] } },
{ "type": "Feature", "properties": { "constituency_id": "E14001031", "constituency_name": "West Dorset", "Main party name": "Conservative", "Main party abbreviation": "Con", "Election result summary": "Con hold", "Election URL": "https://electionresults.parliament.uk/elections/1265" }, "geometry": { "type": "Polygon", "coordinates": [ [ [ 0.03476, -0.08986 ], [ 0.03476, -0.09121 ], [ 0.03359, -0.09189 ], [ 0.03242, -0.09121 ], [ 0.03242, -0.08986 ], [ 0.03359, -0.08919 ], [ 0.03476, -0.08986 ], [ 0.03476, -0.08986 ] ] ] } },
{ "type": "Feature", "properties": { "constituency_id": "E14001032", "constituency_name": "West Ham", "Main party name": "Labour", "Main party abbreviation": "Lab", "Election result summary": "Lab hold", "Election URL": "https://electionresults.parliament.uk/elections/1267" }, "geometry": { "type": "Polygon", "coordinates": [ [ [ 0.07109, -0.07973 ], [ 0.07109, -0.08108 ], [ 0.06992, -0.08175 ], [ 0.06875, -0.08108 ], [ 0.06875, -0.07973 ], [ 0.06992, -0.07905 ], [ 0.07109, -0.07973 ], [ 0.07109, -0.07973 ] ] ] } },
{ "type": "Feature", "properties": { "constituency_id": "E14001033", "constituency_name": "West Lancashire", "Main party name": "Labour", "Main party abbreviation": "Lab", "Election result summary": "Lab hold", "Election URL": "https://electionresults.parliament.uk/elections/1268" }, "geometry": { "type": "Polygon", "coordinates": [ [ [ 0.03711, -0.04527 ], [ 0.03711, -0.04662 ], [ 0.03594, -0.0473 ], [ 0.03476, -0.04662 ], [ 0.03476, -0.04527 ], [ 0.03594, -0.0446 ], [ 0.03711, -0.04527 ], [ 0.03711, -0.04527 ] ] ] } },
{ "type": "Feature", "properties": { "constituency_id": "E14001034", "constituency_name": "West Suffolk", "Main party name": "Conservative", "Main party abbreviation": "Con", "Election result summary": "Con hold", "Election URL": "https://electionresults.parliament.uk/elections/1269" }, "geometry": { "type": "Polygon", "coordinates": [ [ [ 0.07578, -0.06351 ], [ 0.07578, -0.06486 ], [ 0.07461, -0.06554 ], [ 0.07344, -0.06486 ], [ 0.07344, -0.06351 ], [ 0.07461, -0.06284 ], [ 0.07578, -0.06351 ], [ 0.07578, -0.06351 ] ] ] } },
{ "type": "Feature", "properties": { "constituency_id": "E14001035", "constituency_name": "West Worcestershire", "Main party name": "Conservative", "Main party abbreviation": "Con", "Election result summary": "Con hold", "Election URL": "https://electionresults.parliament.uk/elections/1271" }, "geometry": { "type": "Polygon", "coordinates": [ [ [ 0.03945, -0.06959 ], [ 0.03945, -0.07094 ], [ 0.03828, -0.07162 ], [ 0.03711, -0.07094 ], [ 0.03711, -0.06959 ], [ 0.03828, -0.06892 ], [ 0.03945, -0.06959 ], [ 0.03945, -0.06959 ] ] ] } },
{ "type": "Feature", "properties": { "constituency_id": "E14001036", "constituency_name": "Westminster North", "Main party name": "Labour", "Main party abbreviation": "Lab", "Election result summary": "Lab hold", "Election URL": "https://electionresults.parliament.uk/elections/1272" }, "geometry": { "type": "Polygon", "coordinates": [ [ [ 0.06406, -0.08378 ], [ 0.06406, -0.08513 ], [ 0.06289, -0.08581 ], [ 0.06172, -0.08513 ], [ 0.06172, -0.08378 ], [ 0.06289, -0.0831 ], [ 0.06406, -0.08378 ], [ 0.06406, -0.08378 ] ] ] } },
{ "type": "Feature", "properties": { "constituency_id": "E14001037", "constituency_name": "Westmorland and Lonsdale", "Main party name": "Liberal Democrat", "Main party abbreviation": "LD", "Election result summary": "LD hold", "Election URL": "https://electionresults.parliament.uk/elections/1273" }, "geometry": { "type": "Polygon", "coordinates": [ [ [ 0.04766, -0.03514 ], [ 0.04766, -0.03649 ], [ 0.04648, -0.03716 ], [ 0.04531, -0.03649 ], [ 0.04531, -0.03514 ], [ 0.04648, -0.03446 ], [ 0.04766, -0.03514 ], [ 0.04766, -0.03514 ] ] ] } },
{ "type": "Feature", "properties": { "constituency_id": "E14001038", "constituency_name": "Weston-Super-Mare", "Main party name": "Conservative", "Main party abbreviation": "Con", "Election result summary": "Con hold", "Election URL": "https://electionresults.parliament.uk/elections/1274" }, "geometry": { "type": "Polygon", "coordinates": [ [ [ 0.03476, -0.08581 ], [ 0.03476, -0.08716 ], [ 0.03359, -0.08783 ], [ 0.03242, -0.08716 ], [ 0.03242, -0.08581 ], [ 0.03359, -0.08513 ], [ 0.03476, -0.08581 ], [ 0.03476, -0.08581 ] ] ] } },
{ "type": "Feature", "properties": { "constituency_id": "E14001039", "constituency_name": "Wigan", "Main party name": "Labour", "Main party abbreviation": "Lab", "Election result summary": "Lab hold", "Election URL": "https://electionresults.parliament.uk/elections/1275" }, "geometry": { "type": "Polygon", "coordinates": [ [ [ 0.03945, -0.04527 ], [ 0.03945, -0.04662 ], [ 0.03828, -0.0473 ], [ 0.03711, -0.04662 ], [ 0.03711, -0.04527 ], [ 0.03828, -0.0446 ], [ 0.03945, -0.04527 ], [ 0.03945, -0.04527 ] ] ] } },
{ "type": "Feature", "properties": { "constituency_id": "E14001040", "constituency_name": "Wimbledon", "Main party name": "Conservative", "Main party abbreviation": "Con", "Election result summary": "Con hold", "Election URL": "https://electionresults.parliament.uk/elections/1276" }, "geometry": { "type": "Polygon", "coordinates": [ [ [ 0.06055, -0.08581 ], [ 0.06055, -0.08716 ], [ 0.05938, -0.08783 ], [ 0.0582, -0.08716 ], [ 0.0582, -0.08581 ], [ 0.05938, -0.08513 ], [ 0.06055, -0.08581 ], [ 0.06055, -0.08581 ] ] ] } },
{ "type": "Feature", "properties": { "constituency_id": "E14001041", "constituency_name": "Winchester", "Main party name": "Conservative", "Main party abbreviation": "Con", "Election result summary": "Con hold", "Election URL": "https://electionresults.parliament.uk/elections/1277" }, "geometry": { "type": "Polygon", "coordinates": [ [ [ 0.04766, -0.08378 ], [ 0.04766, -0.08513 ], [ 0.04648, -0.08581 ], [ 0.04531, -0.08513 ], [ 0.04531, -0.08378 ], [ 0.04648, -0.0831 ], [ 0.04766, -0.08378 ], [ 0.04766, -0.08378 ] ] ] } },
{ "type": "Feature", "properties": { "constituency_id": "E14001042", "constituency_name": "Windsor", "Main party name": "Conservative", "Main party abbreviation": "Con", "Election result summary": "Con hold", "Election URL": "https://electionresults.parliament.uk/elections/1278" }, "geometry": { "type": "Polygon", "coordinates": [ [ [ 0.05234, -0.07973 ], [ 0.05234, -0.08108 ], [ 0.05117, -0.08175 ], [ 0.05, -0.08108 ], [ 0.05, -0.07973 ], [ 0.05117, -0.07905 ], [ 0.05234, -0.07973 ], [ 0.05234, -0.07973 ] ] ] } },
{ "type": "Feature", "properties": { "constituency_id": "E14001043", "constituency_name": "Wirral South", "Main party name": "Labour", "Main party abbreviation": "Lab", "Election result summary": "Lab hold", "Election URL": "https://electionresults.parliament.uk/elections/1279" }, "geometry": { "type": "Polygon", "coordinates": [ [ [ 0.03476, -0.05743 ], [ 0.03476, -0.05878 ], [ 0.03359, -0.05946 ], [ 0.03242, -0.05878 ], [ 0.03242, -0.05743 ], [ 0.03359, -0.05676 ], [ 0.03476, -0.05743 ], [ 0.03476, -0.05743 ] ] ] } },
{ "type": "Feature", "properties": { "constituency_id": "E14001044", "constituency_name": "Wirral West", "Main party name": "Labour", "Main party abbreviation": "Lab", "Election result summary": "Lab hold", "Election URL": "https://electionresults.parliament.uk/elections/1280" }, "geometry": { "type": "Polygon", "coordinates": [ [ [ 0.03008, -0.05743 ], [ 0.03008, -0.05878 ], [ 0.02891, -0.05946 ], [ 0.02773, -0.05878 ], [ 0.02773, -0.05743 ], [ 0.02891, -0.05676 ], [ 0.03008, -0.05743 ], [ 0.03008, -0.05743 ] ] ] } },
{ "type": "Feature", "properties": { "constituency_id": "E14001045", "constituency_name": "Witham", "Main party name": "Conservative", "Main party abbreviation": "Con", "Election result summary": "Con hold", "Election URL": "https://electionresults.parliament.uk/elections/1281" }, "geometry": { "type": "Polygon", "coordinates": [ [ [ 0.0793, -0.06959 ], [ 0.0793, -0.07094 ], [ 0.07813, -0.07162 ], [ 0.07695, -0.07094 ], [ 0.07695, -0.06959 ], [ 0.07813, -0.06892 ], [ 0.0793, -0.06959 ], [ 0.0793, -0.06959 ] ] ] } },
{ "type": "Feature", "properties": { "constituency_id": "E14001046", "constituency_name": "Witney", "Main party name": "Conservative", "Main party abbreviation": "Con", "Election result summary": "Con hold", "Election URL": "https://electionresults.parliament.uk/elections/1282" }, "geometry": { "type": "Polygon", "coordinates": [ [ [ 0.05352, -0.07365 ], [ 0.05352, -0.075 ], [ 0.05234, -0.07567 ], [ 0.05117, -0.075 ], [ 0.05117, -0.07365 ], [ 0.05234, -0.07297 ], [ 0.05352, -0.07365 ], [ 0.05352, -0.07365 ] ] ] } },
{ "type": "Feature", "properties": { "constituency_id": "E14001047", "constituency_name": "Woking", "Main party name": "Conservative", "Main party abbreviation": "Con", "Election result summary": "Con hold", "Election URL": "https://electionresults.parliament.uk/elections/1283" }, "geometry": { "type": "Polygon", "coordinates": [ [ [ 0.05234, -0.08378 ], [ 0.05234, -0.08513 ], [ 0.05117, -0.08581 ], [ 0.05, -0.08513 ], [ 0.05, -0.08378 ], [ 0.05117, -0.0831 ], [ 0.05234, -0.08378 ], [ 0.05234, -0.08378 ] ] ] } },
{ "type": "Feature", "properties": { "constituency_id": "E14001048", "constituency_name": "Wokingham", "Main party name": "Conservative", "Main party abbreviation": "Con", "Election result summary": "Con hold", "Election URL": "https://electionresults.parliament.uk/elections/1284" }, "geometry": { "type": "Polygon", "coordinates": [ [ [ 0.04766, -0.07973 ], [ 0.04766, -0.08108 ], [ 0.04648, -0.08175 ], [ 0.04531, -0.08108 ], [ 0.04531, -0.07973 ], [ 0.04648, -0.07905 ], [ 0.04766, -0.07973 ], [ 0.04766, -0.07973 ] ] ] } },
{ "type": "Feature", "properties": { "constituency_id": "E14001049", "constituency_name": "Wolverhampton North East", "Main party name": "Labour", "Main party abbreviation": "Lab", "Election result summary": "Lab hold", "Election URL": "https://electionresults.parliament.uk/elections/1285" }, "geometry": { "type": "Polygon", "coordinates": [ [ [ 0.04062, -0.06351 ], [ 0.04062, -0.06486 ], [ 0.03945, -0.06554 ], [ 0.03828, -0.06486 ], [ 0.03828, -0.06351 ], [ 0.03945, -0.06284 ], [ 0.04062, -0.06351 ], [ 0.04062, -0.06351 ] ] ] } },
{ "type": "Feature", "properties": { "constituency_id": "E14001050", "constituency_name": "Wolverhampton South East", "Main party name": "Labour", "Main party abbreviation": "Lab", "Election result summary": "Lab hold", "Election URL": "https://electionresults.parliament.uk/elections/1286" }, "geometry": { "type": "Polygon", "coordinates": [ [ [ 0.0418, -0.06554 ], [ 0.0418, -0.06689 ], [ 0.04062, -0.06757 ], [ 0.03945, -0.06689 ], [ 0.03945, -0.06554 ], [ 0.04062, -0.06486 ], [ 0.0418, -0.06554 ], [ 0.0418, -0.06554 ] ] ] } },
{ "type": "Feature", "properties": { "constituency_id": "E14001051", "constituency_name": "Wolverhampton South West", "Main party name": "Labour", "Main party abbreviation": "Lab", "Election result summary": "Lab hold", "Election URL": "https://electionresults.parliament.uk/elections/1287" }, "geometry": { "type": "Polygon", "coordinates": [ [ [ 0.03945, -0.06554 ], [ 0.03945, -0.06689 ], [ 0.03828, -0.06757 ], [ 0.03711, -0.06689 ], [ 0.03711, -0.06554 ], [ 0.03828, -0.06486 ], [ 0.03945, -0.06554 ], [ 0.03945, -0.06554 ] ] ] } },
{ "type": "Feature", "properties": { "constituency_id": "E14001052", "constituency_name": "Worcester", "Main party name": "Conservative", "Main party abbreviation": "Con", "Election result summary": "Con hold", "Election URL": "https://electionresults.parliament.uk/elections/1288" }, "geometry": { "type": "Polygon", "coordinates": [ [ [ 0.04297, -0.07162 ], [ 0.04297, -0.07297 ], [ 0.0418, -0.07365 ], [ 0.04062, -0.07297 ], [ 0.04062, -0.07162 ], [ 0.0418, -0.07094 ], [ 0.04297, -0.07162 ], [ 0.04297, -0.07162 ] ] ] } },
{ "type": "Feature", "properties": { "constituency_id": "E14001053", "constituency_name": "Workington", "Main party name": "Labour", "Main party abbreviation": "Lab", "Election result summary": "Lab hold", "Election URL": "https://electionresults.parliament.uk/elections/1289" }, "geometry": { "type": "Polygon", "coordinates": [ [ [ 0.04414, -0.03311 ], [ 0.04414, -0.03446 ], [ 0.04297, -0.03514 ], [ 0.0418, -0.03446 ], [ 0.0418, -0.03311 ], [ 0.04297, -0.03243 ], [ 0.04414, -0.03311 ], [ 0.04414, -0.03311 ] ] ] } },
{ "type": "Feature", "properties": { "constituency_id": "E14001054", "constituency_name": "Worsley and Eccles South", "Main party name": "Labour", "Main party abbreviation": "Lab", "Election result summary": "Lab hold", "Election URL": "https://electionresults.parliament.uk/elections/1290" }, "geometry": { "type": "Polygon", "coordinates": [ [ [ 0.03828, -0.05135 ], [ 0.03828, -0.0527 ], [ 0.03711, -0.05338 ], [ 0.03594, -0.0527 ], [ 0.03594, -0.05135 ], [ 0.03711, -0.05068 ], [ 0.03828, -0.05135 ], [ 0.03828, -0.05135 ] ] ] } },
{ "type": "Feature", "properties": { "constituency_id": "E14001055", "constituency_name": "Worthing West", "Main party name": "Conservative", "Main party abbreviation": "Con", "Election result summary": "Con hold", "Election URL": "https://electionresults.parliament.uk/elections/1291" }, "geometry": { "type": "Polygon", "coordinates": [ [ [ 0.06406, -0.09189 ], [ 0.06406, -0.09324 ], [ 0.06289, -0.09391 ], [ 0.06172, -0.09324 ], [ 0.06172, -0.09189 ], [ 0.06289, -0.09121 ], [ 0.06406, -0.09189 ], [ 0.06406, -0.09189 ] ] ] } },
{ "type": "Feature", "properties": { "constituency_id": "E14001056", "constituency_name": "Wycombe", "Main party name": "Conservative", "Main party abbreviation": "Con", "Election result summary": "Con hold", "Election URL": "https://electionresults.parliament.uk/elections/1293" }, "geometry": { "type": "Polygon", "coordinates": [ [ [ 0.05469, -0.07567 ], [ 0.05469, -0.07702 ], [ 0.05352, -0.0777 ], [ 0.05234, -0.07702 ], [ 0.05234, -0.07567 ], [ 0.05352, -0.075 ], [ 0.05469, -0.07567 ], [ 0.05469, -0.07567 ] ] ] } },
{ "type": "Feature", "properties": { "constituency_id": "E14001057", "constituency_name": "Wyre and Preston North", "Main party name": "Conservative", "Main party abbreviation": "Con", "Election result summary": "Con hold", "Election URL": "https://electionresults.parliament.uk/elections/1294" }, "geometry": { "type": "Polygon", "coordinates": [ [ [ 0.04297, -0.03919 ], [ 0.04297, -0.04054 ], [ 0.0418, -0.04122 ], [ 0.04062, -0.04054 ], [ 0.04062, -0.03919 ], [ 0.0418, -0.03851 ], [ 0.04297, -0.03919 ], [ 0.04297, -0.03919 ] ] ] } },
{ "type": "Feature", "properties": { "constituency_id": "E14001058", "constituency_name": "Wyre Forest", "Main party name": "Conservative", "Main party abbreviation": "Con", "Election result summary": "Con hold", "Election URL": "https://electionresults.parliament.uk/elections/1295" }, "geometry": { "type": "Polygon", "coordinates": [ [ [ 0.03828, -0.06757 ], [ 0.03828, -0.06892 ], [ 0.03711, -0.06959 ], [ 0.03594, -0.06892 ], [ 0.03594, -0.06757 ], [ 0.03711, -0.06689 ], [ 0.03828, -0.06757 ], [ 0.03828, -0.06757 ] ] ] } },
{ "type": "Feature", "properties": { "constituency_id": "E14001059", "constituency_name": "Wythenshawe and Sale East", "Main party name": "Labour", "Main party abbreviation": "Lab", "Election result summary": "Lab hold", "Election URL": "https://electionresults.parliament.uk/elections/1296" }, "geometry": { "type": "Polygon", "coordinates": [ [ [ 0.04297, -0.0554 ], [ 0.04297, -0.05676 ], [ 0.0418, -0.05743 ], [ 0.04062, -0.05676 ], [ 0.04062, -0.0554 ], [ 0.0418, -0.05473 ], [ 0.04297, -0.0554 ], [ 0.04297, -0.0554 ] ] ] } },
{ "type": "Feature", "properties": { "constituency_id": "E14001060", "constituency_name": "Yeovil", "Main party name": "Conservative", "Main party abbreviation": "Con", "Election result summary": "Con hold", "Election URL": "https://electionresults.parliament.uk/elections/1297" }, "geometry": { "type": "Polygon", "coordinates": [ [ [ 0.03242, -0.08986 ], [ 0.03242, -0.09121 ], [ 0.03125, -0.09189 ], [ 0.03008, -0.09121 ], [ 0.03008, -0.08986 ], [ 0.03125, -0.08919 ], [ 0.03242, -0.08986 ], [ 0.03242, -0.08986 ] ] ] } },
{ "type": "Feature", "properties": { "constituency_id": "E14001061", "constituency_name": "York Central", "Main party name": "Labour", "Main party abbreviation": "Lab", "Election result summary": "Lab hold", "Election URL": "https://electionresults.parliament.uk/elections/1299" }, "geometry": { "type": "Polygon", "coordinates": [ [ [ 0.05703, -0.03919 ], [ 0.05703, -0.04054 ], [ 0.05586, -0.04122 ], [ 0.05469, -0.04054 ], [ 0.05469, -0.03919 ], [ 0.05586, -0.03851 ], [ 0.05703, -0.03919 ], [ 0.05703, -0.03919 ] ] ] } },
{ "type": "Feature", "properties": { "constituency_id": "E14001062", "constituency_name": "York Outer", "Main party name": "Conservative", "Main party abbreviation": "Con", "Election result summary": "Con hold", "Election URL": "https://electionresults.parliament.uk/elections/1300" }, "geometry": { "type": "Polygon", "coordinates": [ [ [ 0.05469, -0.03919 ], [ 0.05469, -0.04054 ], [ 0.05352, -0.04122 ], [ 0.05234, -0.04054 ], [ 0.05234, -0.03919 ], [ 0.05352, -0.03851 ], [ 0.05469, -0.03919 ], [ 0.05469, -0.03919 ] ] ] } },
{ "type": "Feature", "properties": { "constituency_id": "N06000001", "constituency_name": "Belfast East", "Main party name": "Democratic Unionist Party", "Main party abbreviation": "DUP", "Election result summary": "DUP hold", "Election URL": "https://electionresults.parliament.uk/elections/685" }, "geometry": { "type": "Polygon", "coordinates": [ [ [ 0.02422, -0.03514 ], [ 0.02422, -0.03649 ], [ 0.02305, -0.03716 ], [ 0.02187, -0.03649 ], [ 0.02187, -0.03514 ], [ 0.02305, -0.03446 ], [ 0.02422, -0.03514 ], [ 0.02422, -0.03514 ] ] ] } },
{ "type": "Feature", "properties": { "constituency_id": "N06000002", "constituency_name": "Belfast North", "Main party name": "Democratic Unionist Party", "Main party abbreviation": "DUP", "Election result summary": "DUP hold", "Election URL": "https://electionresults.parliament.uk/elections/686" }, "geometry": { "type": "Polygon", "coordinates": [ [ [ 0.02305, -0.03311 ], [ 0.02305, -0.03446 ], [ 0.02187, -0.03514 ], [ 0.0207, -0.03446 ], [ 0.0207, -0.03311 ], [ 0.02187, -0.03243 ], [ 0.02305, -0.03311 ], [ 0.02305, -0.03311 ] ] ] } },
{ "type": "Feature", "properties": { "constituency_id": "N06000003", "constituency_name": "Belfast South", "Main party name": "Democratic Unionist Party", "Main party abbreviation": "DUP", "Election result summary": "DUP gain from SDLP", "Election URL": "https://electionresults.parliament.uk/elections/687" }, "geometry": { "type": "Polygon", "coordinates": [ [ [ 0.02305, -0.03716 ], [ 0.02305, -0.03851 ], [ 0.02187, -0.03919 ], [ 0.0207, -0.03851 ], [ 0.0207, -0.03716 ], [ 0.02187, -0.03649 ], [ 0.02305, -0.03716 ], [ 0.02305, -0.03716 ] ] ] } },
{ "type": "Feature", "properties": { "constituency_id": "N06000004", "constituency_name": "Belfast West", "Main party name": "Sinn Féin", "Main party abbreviation": "SF", "Election result summary": "SF hold", "Election URL": "https://electionresults.parliament.uk/elections/688" }, "geometry": { "type": "Polygon", "coordinates": [ [ [ 0.02187, -0.03514 ], [ 0.02187, -0.03649 ], [ 0.0207, -0.03716 ], [ 0.01953, -0.03649 ], [ 0.01953, -0.03514 ], [ 0.0207, -0.03446 ], [ 0.02187, -0.03514 ], [ 0.02187, -0.03514 ] ] ] } },
{ "type": "Feature", "properties": { "constituency_id": "N06000005", "constituency_name": "East Antrim", "Main party name": "Democratic Unionist Party", "Main party abbreviation": "DUP", "Election result summary": "DUP hold", "Election URL": "https://electionresults.parliament.uk/elections/840" }, "geometry": { "type": "Polygon", "coordinates": [ [ [ 0.02422, -0.03108 ], [ 0.02422, -0.03243 ], [ 0.02305, -0.03311 ], [ 0.02187, -0.03243 ], [ 0.02187, -0.03108 ], [ 0.02305, -0.03041 ], [ 0.02422, -0.03108 ], [ 0.02422, -0.03108 ] ] ] } },
{ "type": "Feature", "properties": { "constituency_id": "N06000006", "constituency_name": "East Londonderry", "Main party name": "Democratic Unionist Party", "Main party abbreviation": "DUP", "Election result summary": "DUP hold", "Election URL": "https://electionresults.parliament.uk/elections/846" }, "geometry": { "type": "Polygon", "coordinates": [ [ [ 0.01953, -0.03108 ], [ 0.01953, -0.03243 ], [ 0.01836, -0.03311 ], [ 0.01719, -0.03243 ], [ 0.01719, -0.03108 ], [ 0.01836, -0.03041 ], [ 0.01953, -0.03108 ], [ 0.01953, -0.03108 ] ] ] } },
{ "type": "Feature", "properties": { "constituency_id": "N06000007", "constituency_name": "Fermanagh and South Tyrone", "Main party name": "Sinn Féin", "Main party abbreviation": "SF", "Election result summary": "SF gain from UUP", "Election URL": "https://electionresults.parliament.uk/elections/876" }, "geometry": { "type": "Polygon", "coordinates": [ [ [ 0.01719, -0.03514 ], [ 0.01719, -0.03649 ], [ 0.01601, -0.03716 ], [ 0.01484, -0.03649 ], [ 0.01484, -0.03514 ], [ 0.01601, -0.03446 ], [ 0.01719, -0.03514 ], [ 0.01719, -0.03514 ] ] ] } },
{ "type": "Feature", "properties": { "constituency_id": "N06000008", "constituency_name": "Foyle", "Main party name": "Sinn Féin", "Main party abbreviation": "SF", "Election result summary": "SF gain from SDLP", "Election URL": "https://electionresults.parliament.uk/elections/881" }, "geometry": { "type": "Polygon", "coordinates": [ [ [ 0.01719, -0.03108 ], [ 0.01719, -0.03243 ], [ 0.01601, -0.03311 ], [ 0.01484, -0.03243 ], [ 0.01484, -0.03108 ], [ 0.01601, -0.03041 ], [ 0.01719, -0.03108 ], [ 0.01719, -0.03108 ] ] ] } },
{ "type": "Feature", "properties": { "constituency_id": "N06000009", "constituency_name": "Lagan Valley", "Main party name": "Democratic Unionist Party", "Main party abbreviation": "DUP", "Election result summary": "DUP hold", "Election URL": "https://electionresults.parliament.uk/elections/967" }, "geometry": { "type": "Polygon", "coordinates": [ [ [ 0.0207, -0.03716 ], [ 0.0207, -0.03851 ], [ 0.01953, -0.03919 ], [ 0.01836, -0.03851 ], [ 0.01836, -0.03716 ], [ 0.01953, -0.03649 ], [ 0.0207, -0.03716 ], [ 0.0207, -0.03716 ] ] ] } },
{ "type": "Feature", "properties": { "constituency_id": "N06000010", "constituency_name": "Mid Ulster", "Main party name": "Sinn Féin", "Main party abbreviation": "SF", "Election result summary": "SF hold", "Election URL": "https://electionresults.parliament.uk/elections/1015" }, "geometry": { "type": "Polygon", "coordinates": [ [ [ 0.01836, -0.03311 ], [ 0.01836, -0.03446 ], [ 0.01719, -0.03514 ], [ 0.01601, -0.03446 ], [ 0.01601, -0.03311 ], [ 0.01719, -0.03243 ], [ 0.01836, -0.03311 ], [ 0.01836, -0.03311 ] ] ] } },
{ "type": "Feature", "properties": { "constituency_id": "N06000011", "constituency_name": "Newry and Armagh", "Main party name": "Sinn Féin", "Main party abbreviation": "SF", "Election result summary": "SF hold", "Election URL": "https://electionresults.parliament.uk/elections/1042" }, "geometry": { "type": "Polygon", "coordinates": [ [ [ 0.02187, -0.03919 ], [ 0.02187, -0.04054 ], [ 0.0207, -0.04122 ], [ 0.01953, -0.04054 ], [ 0.01953, -0.03919 ], [ 0.0207, -0.03851 ], [ 0.02187, -0.03919 ], [ 0.02187, -0.03919 ] ] ] } },
{ "type": "Feature", "properties": { "constituency_id": "N06000012", "constituency_name": "North Antrim", "Main party name": "Democratic Unionist Party", "Main party abbreviation": "DUP", "Election result summary": "DUP hold", "Election URL": "https://electionresults.parliament.uk/elections/1045" }, "geometry": { "type": "Polygon", "coordinates": [ [ [ 0.02187, -0.03108 ], [ 0.02187, -0.03243 ], [ 0.0207, -0.03311 ], [ 0.01953, -0.03243 ], [ 0.01953, -0.03108 ], [ 0.0207, -0.03041 ], [ 0.02187, -0.03108 ], [ 0.02187, -0.03108 ] ] ] } },
{ "type": "Feature", "properties": { "constituency_id": "N06000013", "constituency_name": "North Down", "Main party name": null, "Main party abbreviation": null, "Election result summary": "Ind hold", "Election URL": "https://electionresults.parliament.uk/elections/1050" }, "geometry": { "type": "Polygon", "coordinates": [ [ [ 0.02539, -0.03311 ], [ 0.02539, -0.03446 ], [ 0.02422, -0.03514 ], [ 0.02305, -0.03446 ], [ 0.02305, -0.03311 ], [ 0.02422, -0.03243 ], [ 0.02539, -0.03311 ], [ 0.02539, -0.03311 ] ] ] } },
{ "type": "Feature", "properties": { "constituency_id": "N06000014", "constituency_name": "South Antrim", "Main party name": "Democratic Unionist Party", "Main party abbreviation": "DUP", "Election result summary": "DUP gain from UUP", "Election URL": "https://electionresults.parliament.uk/elections/1156" }, "geometry": { "type": "Polygon", "coordinates": [ [ [ 0.0207, -0.03311 ], [ 0.0207, -0.03446 ], [ 0.01953, -0.03514 ], [ 0.01836, -0.03446 ], [ 0.01836, -0.03311 ], [ 0.01953, -0.03243 ], [ 0.0207, -0.03311 ], [ 0.0207, -0.03311 ] ] ] } },
{ "type": "Feature", "properties": { "constituency_id": "N06000015", "constituency_name": "South Down", "Main party name": "Sinn Féin", "Main party abbreviation": "SF", "Election result summary": "SF gain from SDLP", "Election URL": "https://electionresults.parliament.uk/elections/1161" }, "geometry": { "type": "Polygon", "coordinates": [ [ [ 0.02539, -0.03716 ], [ 0.02539, -0.03851 ], [ 0.02422, -0.03919 ], [ 0.02305, -0.03851 ], [ 0.02305, -0.03716 ], [ 0.02422, -0.03649 ], [ 0.02539, -0.03716 ], [ 0.02539, -0.03716 ] ] ] } },
{ "type": "Feature", "properties": { "constituency_id": "N06000016", "constituency_name": "Strangford", "Main party name": "Democratic Unionist Party", "Main party abbreviation": "DUP", "Election result summary": "DUP hold", "Election URL": "https://electionresults.parliament.uk/elections/1203" }, "geometry": { "type": "Polygon", "coordinates": [ [ [ 0.02656, -0.03514 ], [ 0.02656, -0.03649 ], [ 0.02539, -0.03716 ], [ 0.02422, -0.03649 ], [ 0.02422, -0.03514 ], [ 0.02539, -0.03446 ], [ 0.02656, -0.03514 ], [ 0.02656, -0.03514 ] ] ] } },
{ "type": "Feature", "properties": { "constituency_id": "N06000017", "constituency_name": "Upper Bann", "Main party name": "Democratic Unionist Party", "Main party abbreviation": "DUP", "Election result summary": "DUP hold", "Election URL": "https://electionresults.parliament.uk/elections/1237" }, "geometry": { "type": "Polygon", "coordinates": [ [ [ 0.01836, -0.03716 ], [ 0.01836, -0.03851 ], [ 0.01719, -0.03919 ], [ 0.01601, -0.03851 ], [ 0.01601, -0.03716 ], [ 0.01719, -0.03649 ], [ 0.01836, -0.03716 ], [ 0.01836, -0.03716 ] ] ] } },
{ "type": "Feature", "properties": { "constituency_id": "N06000018", "constituency_name": "West Tyrone", "Main party name": "Sinn Féin", "Main party abbreviation": "SF", "Election result summary": "SF hold", "Election URL": "https://electionresults.parliament.uk/elections/1270" }, "geometry": { "type": "Polygon", "coordinates": [ [ [ 0.01601, -0.03311 ], [ 0.01601, -0.03446 ], [ 0.01484, -0.03514 ], [ 0.01367, -0.03446 ], [ 0.01367, -0.03311 ], [ 0.01484, -0.03243 ], [ 0.01601, -0.03311 ], [ 0.01601, -0.03311 ] ] ] } },
{ "type": "Feature", "properties": { "constituency_id": "S14000001", "constituency_name": "Aberdeen North", "Main party name": "Scottish National Party", "Main party abbreviation": "SNP", "Election result summary": "SNP hold", "Election URL": "https://electionresults.parliament.uk/elections/653" }, "geometry": { "type": "Polygon", "coordinates": [ [ [ 0.04766, -0.01081 ], [ 0.04766, -0.01217 ], [ 0.04648, -0.01284 ], [ 0.04531, -0.01217 ], [ 0.04531, -0.01081 ], [ 0.04648, -0.01014 ], [ 0.04766, -0.01081 ], [ 0.04766, -0.01081 ] ] ] } },
{ "type": "Feature", "properties": { "constituency_id": "S14000002", "constituency_name": "Aberdeen South", "Main party name": "Conservative", "Main party abbreviation": "Con", "Election result summary": "Con gain from SNP", "Election URL": "https://electionresults.parliament.uk/elections/654" }, "geometry": { "type": "Polygon", "coordinates": [ [ [ 0.04883, -0.01284 ], [ 0.04883, -0.01419 ], [ 0.04766, -0.01487 ], [ 0.04648, -0.01419 ], [ 0.04648, -0.01284 ], [ 0.04766, -0.01217 ], [ 0.04883, -0.01284 ], [ 0.04883, -0.01284 ] ] ] } },
{ "type": "Feature", "properties": { "constituency_id": "S14000003", "constituency_name": "Airdrie and Shotts", "Main party name": "Scottish National Party", "Main party abbreviation": "SNP", "Election result summary": "SNP hold", "Election URL": "https://electionresults.parliament.uk/elections/655" }, "geometry": { "type": "Polygon", "coordinates": [ [ [ 0.03945, -0.02095 ], [ 0.03945, -0.0223 ], [ 0.03828, -0.02298 ], [ 0.03711, -0.0223 ], [ 0.03711, -0.02095 ], [ 0.03828, -0.02027 ], [ 0.03945, -0.02095 ], [ 0.03945, -0.02095 ] ] ] } },
{ "type": "Feature", "properties": { "constituency_id": "S14000004", "constituency_name": "Angus", "Main party name": "Conservative", "Main party abbreviation": "Con", "Election result summary": "Con gain from SNP", "Election URL": "https://electionresults.parliament.uk/elections/661" }, "geometry": { "type": "Polygon", "coordinates": [ [ [ 0.04531, -0.01487 ], [ 0.04531, -0.01622 ], [ 0.04414, -0.0169 ], [ 0.04297, -0.01622 ], [ 0.04297, -0.01487 ], [ 0.04414, -0.01419 ], [ 0.04531, -0.01487 ], [ 0.04531, -0.01487 ] ] ] } },
{ "type": "Feature", "properties": { "constituency_id": "S14000005", "constituency_name": "Argyll and Bute", "Main party name": "Scottish National Party", "Main party abbreviation": "SNP", "Election result summary": "SNP hold", "Election URL": "https://electionresults.parliament.uk/elections/663" }, "geometry": { "type": "Polygon", "coordinates": [ [ [ 0.03828, -0.01487 ], [ 0.03828, -0.01622 ], [ 0.03711, -0.0169 ], [ 0.03594, -0.01622 ], [ 0.03594, -0.01487 ], [ 0.03711, -0.01419 ], [ 0.03828, -0.01487 ], [ 0.03828, -0.01487 ] ] ] } },
{ "type": "Feature", "properties": { "constituency_id": "S14000006", "constituency_name": "Ayr, Carrick and Cumnock", "Main party name": "Conservative", "Main party abbreviation": "Con", "Election result summary": "Con gain from SNP", "Election URL": "https://electionresults.parliament.uk/elections/669" }, "geometry": { "type": "Polygon", "coordinates": [ [ [ 0.03711, -0.02906 ], [ 0.03711, -0.03041 ], [ 0.03594, -0.03108 ], [ 0.03476, -0.03041 ], [ 0.03476, -0.02906 ], [ 0.03594, -0.02838 ], [ 0.03711, -0.02906 ], [ 0.03711, -0.02906 ] ] ] } },
{ "type": "Feature", "properties": { "constituency_id": "S14000007", "constituency_name": "Banff and Buchan", "Main party name": "Conservative", "Main party abbreviation": "Con", "Election result summary": "Con gain from SNP", "Election URL": "https://electionresults.parliament.uk/elections/671" }, "geometry": { "type": "Polygon", "coordinates": [ [ [ 0.04414, -0.01284 ], [ 0.04414, -0.01419 ], [ 0.04297, -0.01487 ], [ 0.0418, -0.01419 ], [ 0.0418, -0.01284 ], [ 0.04297, -0.01217 ], [ 0.04414, -0.01284 ], [ 0.04414, -0.01284 ] ] ] } },
{ "type": "Feature", "properties": { "constituency_id": "S14000008", "constituency_name": "Berwickshire, Roxburgh and Selkirk", "Main party name": "Conservative", "Main party abbreviation": "Con", "Election result summary": "Con gain from SNP", "Election URL": "https://electionresults.parliament.uk/elections/690" }, "geometry": { "type": "Polygon", "coordinates": [ [ [ 0.04531, -0.02703 ], [ 0.04531, -0.02838 ], [ 0.04414, -0.02906 ], [ 0.04297, -0.02838 ], [ 0.04297, -0.02703 ], [ 0.04414, -0.02635 ], [ 0.04531, -0.02703 ], [ 0.04531, -0.02703 ] ] ] } },
{ "type": "Feature", "properties": { "constituency_id": "S14000009", "constituency_name": "Caithness, Sutherland and Easter Ross", "Main party name": "Liberal Democrat", "Main party abbreviation": "LD", "Election result summary": "LD gain from SNP", "Election URL": "https://electionresults.parliament.uk/elections/755" }, "geometry": { "type": "Polygon", "coordinates": [ [ [ 0.0418, -0.00879 ], [ 0.0418, -0.01014 ], [ 0.04062, -0.01081 ], [ 0.03945, -0.01014 ], [ 0.03945, -0.00879 ], [ 0.04062, -0.00811 ], [ 0.0418, -0.00879 ], [ 0.0418, -0.00879 ] ] ] } },
{ "type": "Feature", "properties": { "constituency_id": "S14000010", "constituency_name": "Central Ayrshire", "Main party name": "Scottish National Party", "Main party abbreviation": "SNP", "Election result summary": "SNP hold", "Election URL": "https://electionresults.parliament.uk/elections/771" }, "geometry": { "type": "Polygon", "coordinates": [ [ [ 0.03359, -0.02703 ], [ 0.03359, -0.02838 ], [ 0.03242, -0.02906 ], [ 0.03125, -0.02838 ], [ 0.03125, -0.02703 ], [ 0.03242, -0.02635 ], [ 0.03359, -0.02703 ], [ 0.03359, -0.02703 ] ] ] } },
{ "type": "Feature", "properties": { "constituency_id": "S14000011", "constituency_name": "Coatbridge, Chryston and Bellshill", "Main party name": "Labour", "Main party abbreviation": "Lab", "Election result summary": "Lab gain from SNP", "Election URL": "https://electionresults.parliament.uk/elections/796" }, "geometry": { "type": "Polygon", "coordinates": [ [ [ 0.03711, -0.02095 ], [ 0.03711, -0.0223 ], [ 0.03594, -0.02298 ], [ 0.03476, -0.0223 ], [ 0.03476, -0.02095 ], [ 0.03594, -0.02027 ], [ 0.03711, -0.02095 ], [ 0.03711, -0.02095 ] ] ] } },
{ "type": "Feature", "properties": { "constituency_id": "S14000012", "constituency_name": "Cumbernauld, Kilsyth and Kirkintilloch East", "Main party name": "Scottish National Party", "Main party abbreviation": "SNP", "Election result summary": "SNP hold", "Election URL": "https://electionresults.parliament.uk/elections/810" }, "geometry": { "type": "Polygon", "coordinates": [ [ [ 0.03828, -0.01892 ], [ 0.03828, -0.02027 ], [ 0.03711, -0.02095 ], [ 0.03594, -0.02027 ], [ 0.03594, -0.01892 ], [ 0.03711, -0.01825 ], [ 0.03828, -0.01892 ], [ 0.03828, -0.01892 ] ] ] } },
{ "type": "Feature", "properties": { "constituency_id": "S14000013", "constituency_name": "Dumfries and Galloway", "Main party name": "Conservative", "Main party abbreviation": "Con", "Election result summary": "Con gain from SNP", "Election URL": "https://electionresults.parliament.uk/elections/830" }, "geometry": { "type": "Polygon", "coordinates": [ [ [ 0.0418, -0.02906 ], [ 0.0418, -0.03041 ], [ 0.04062, -0.03108 ], [ 0.03945, -0.03041 ], [ 0.03945, -0.02906 ], [ 0.04062, -0.02838 ], [ 0.0418, -0.02906 ], [ 0.0418, -0.02906 ] ] ] } },
{ "type": "Feature", "properties": { "constituency_id": "S14000014", "constituency_name": "Dumfriesshire, Clydesdale and Tweeddale", "Main party name": "Conservative", "Main party abbreviation": "Con", "Election result summary": "Con hold", "Election URL": "https://electionresults.parliament.uk/elections/831" }, "geometry": { "type": "Polygon", "coordinates": [ [ [ 0.04414, -0.02906 ], [ 0.04414, -0.03041 ], [ 0.04297, -0.03108 ], [ 0.0418, -0.03041 ], [ 0.0418, -0.02906 ], [ 0.04297, -0.02838 ], [ 0.04414, -0.02906 ], [ 0.04414, -0.02906 ] ] ] } },
{ "type": "Feature", "properties": { "constituency_id": "S14000015", "constituency_name": "Dundee East", "Main party name": "Scottish National Party", "Main party abbreviation": "SNP", "Election result summary": "SNP hold", "Election URL": "https://electionresults.parliament.uk/elections/832" }, "geometry": { "type": "Polygon", "coordinates": [ [ [ 0.04414, -0.0169 ], [ 0.04414, -0.01825 ], [ 0.04297, -0.01892 ], [ 0.0418, -0.01825 ], [ 0.0418, -0.0169 ], [ 0.04297, -0.01622 ], [ 0.04414, -0.0169 ], [ 0.04414, -0.0169 ] ] ] } },
{ "type": "Feature", "properties": { "constituency_id": "S14000016", "constituency_name": "Dundee West", "Main party name": "Scottish National Party", "Main party abbreviation": "SNP", "Election result summary": "SNP hold", "Election URL": "https://electionresults.parliament.uk/elections/833" }, "geometry": { "type": "Polygon", "coordinates": [ [ [ 0.04297, -0.01487 ], [ 0.04297, -0.01622 ], [ 0.0418, -0.0169 ], [ 0.04062, -0.01622 ], [ 0.04062, -0.01487 ], [ 0.0418, -0.01419 ], [ 0.04297, -0.01487 ], [ 0.04297, -0.01487 ] ] ] } },
{ "type": "Feature", "properties": { "constituency_id": "S14000017", "constituency_name": "Dunfermline and West Fife", "Main party name": "Scottish National Party", "Main party abbreviation": "SNP", "Election result summary": "SNP hold", "Election URL": "https://electionresults.parliament.uk/elections/834" }, "geometry": { "type": "Polygon", "coordinates": [ [ [ 0.04297, -0.01892 ], [ 0.04297, -0.02027 ], [ 0.0418, -0.02095 ], [ 0.04062, -0.02027 ], [ 0.04062, -0.01892 ], [ 0.0418, -0.01825 ], [ 0.04297, -0.01892 ], [ 0.04297, -0.01892 ] ] ] } },
{ "type": "Feature", "properties": { "constituency_id": "S14000018", "constituency_name": "East Dunbartonshire", "Main party name": "Liberal Democrat", "Main party abbreviation": "LD", "Election result summary": "LD gain from SNP", "Election URL": "https://electionresults.parliament.uk/elections/842" }, "geometry": { "type": "Polygon", "coordinates": [ [ [ 0.03711, -0.0169 ], [ 0.03711, -0.01825 ], [ 0.03594, -0.01892 ], [ 0.03476, -0.01825 ], [ 0.03476, -0.0169 ], [ 0.03594, -0.01622 ], [ 0.03711, -0.0169 ], [ 0.03711, -0.0169 ] ] ] } },
{ "type": "Feature", "properties": { "constituency_id": "S14000019", "constituency_name": "East Kilbride, Strathaven and Lesmahagow", "Main party name": "Scottish National Party", "Main party abbreviation": "SNP", "Election result summary": "SNP hold", "Election URL": "https://electionresults.parliament.uk/elections/845" }, "geometry": { "type": "Polygon", "coordinates": [ [ [ 0.03828, -0.02703 ], [ 0.03828, -0.02838 ], [ 0.03711, -0.02906 ], [ 0.03594, -0.02838 ], [ 0.03594, -0.02703 ], [ 0.03711, -0.02635 ], [ 0.03828, -0.02703 ], [ 0.03828, -0.02703 ] ] ] } },
{ "type": "Feature", "properties": { "constituency_id": "S14000020", "constituency_name": "East Lothian", "Main party name": "Labour", "Main party abbreviation": "Lab", "Election result summary": "Lab gain from SNP", "Election URL": "https://electionresults.parliament.uk/elections/847" }, "geometry": { "type": "Polygon", "coordinates": [ [ [ 0.04648, -0.025 ], [ 0.04648, -0.02635 ], [ 0.04531, -0.02703 ], [ 0.04414, -0.02635 ], [ 0.04414, -0.025 ], [ 0.04531, -0.02433 ], [ 0.04648, -0.025 ], [ 0.04648, -0.025 ] ] ] } },
{ "type": "Feature", "properties": { "constituency_id": "S14000021", "constituency_name": "East Renfrewshire", "Main party name": "Conservative", "Main party abbreviation": "Con", "Election result summary": "Con gain from SNP", "Election URL": "https://electionresults.parliament.uk/elections/848" }, "geometry": { "type": "Polygon", "coordinates": [ [ [ 0.03242, -0.025 ], [ 0.03242, -0.02635 ], [ 0.03125, -0.02703 ], [ 0.03008, -0.02635 ], [ 0.03008, -0.025 ], [ 0.03125, -0.02433 ], [ 0.03242, -0.025 ], [ 0.03242, -0.025 ] ] ] } },
{ "type": "Feature", "properties": { "constituency_id": "S14000022", "constituency_name": "Edinburgh East", "Main party name": "Scottish National Party", "Main party abbreviation": "SNP", "Election result summary": "SNP hold", "Election URL": "https://electionresults.parliament.uk/elections/855" }, "geometry": { "type": "Polygon", "coordinates": [ [ [ 0.04531, -0.02298 ], [ 0.04531, -0.02433 ], [ 0.04414, -0.025 ], [ 0.04297, -0.02433 ], [ 0.04297, -0.02298 ], [ 0.04414, -0.0223 ], [ 0.04531, -0.02298 ], [ 0.04531, -0.02298 ] ] ] } },
{ "type": "Feature", "properties": { "constituency_id": "S14000023", "constituency_name": "Edinburgh North and Leith", "Main party name": "Scottish National Party", "Main party abbreviation": "SNP", "Election result summary": "SNP hold", "Election URL": "https://electionresults.parliament.uk/elections/856" }, "geometry": { "type": "Polygon", "coordinates": [ [ [ 0.04297, -0.02298 ], [ 0.04297, -0.02433 ], [ 0.0418, -0.025 ], [ 0.04062, -0.02433 ], [ 0.04062, -0.02298 ], [ 0.0418, -0.0223 ], [ 0.04297, -0.02298 ], [ 0.04297, -0.02298 ] ] ] } },
{ "type": "Feature", "properties": { "constituency_id": "S14000024", "constituency_name": "Edinburgh South", "Main party name": "Labour", "Main party abbreviation": "Lab", "Election result summary": "Lab hold", "Election URL": "https://electionresults.parliament.uk/elections/857" }, "geometry": { "type": "Polygon", "coordinates": [ [ [ 0.04414, -0.025 ], [ 0.04414, -0.02635 ], [ 0.04297, -0.02703 ], [ 0.0418, -0.02635 ], [ 0.0418, -0.025 ], [ 0.04297, -0.02433 ], [ 0.04414, -0.025 ], [ 0.04414, -0.025 ] ] ] } },
{ "type": "Feature", "properties": { "constituency_id": "S14000025", "constituency_name": "Edinburgh South West", "Main party name": "Scottish National Party", "Main party abbreviation": "SNP", "Election result summary": "SNP hold", "Election URL": "https://electionresults.parliament.uk/elections/858" }, "geometry": { "type": "Polygon", "coordinates": [ [ [ 0.0418, -0.025 ], [ 0.0418, -0.02635 ], [ 0.04062, -0.02703 ], [ 0.03945, -0.02635 ], [ 0.03945, -0.025 ], [ 0.04062, -0.02433 ], [ 0.0418, -0.025 ], [ 0.0418, -0.025 ] ] ] } },
{ "type": "Feature", "properties": { "constituency_id": "S14000026", "constituency_name": "Edinburgh West", "Main party name": "Liberal Democrat", "Main party abbreviation": "LD", "Election result summary": "LD gain from SNP", "Election URL": "https://electionresults.parliament.uk/elections/859" }, "geometry": { "type": "Polygon", "coordinates": [ [ [ 0.04062, -0.02298 ], [ 0.04062, -0.02433 ], [ 0.03945, -0.025 ], [ 0.03828, -0.02433 ], [ 0.03828, -0.02298 ], [ 0.03945, -0.0223 ], [ 0.04062, -0.02298 ], [ 0.04062, -0.02298 ] ] ] } },
{ "type": "Feature", "properties": { "constituency_id": "S14000027", "constituency_name": "Na h-Eileanan An Iar", "Main party name": "Scottish National Party", "Main party abbreviation": "SNP", "Election result summary": "SNP hold", "Election URL": "https://electionresults.parliament.uk/elections/1030" }, "geometry": { "type": "Polygon", "coordinates": [ [ [ 0.03711, -0.00879 ], [ 0.03711, -0.01014 ], [ 0.03594, -0.01081 ], [ 0.03476, -0.01014 ], [ 0.03476, -0.00879 ], [ 0.03594, -0.00811 ], [ 0.03711, -0.00879 ], [ 0.03711, -0.00879 ] ] ] } },
{ "type": "Feature", "properties": { "constituency_id": "S14000028", "constituency_name": "Falkirk", "Main party name": "Scottish National Party", "Main party abbreviation": "SNP", "Election result summary": "SNP hold", "Election URL": "https://electionresults.parliament.uk/elections/872" }, "geometry": { "type": "Polygon", "coordinates": [ [ [ 0.04062, -0.01892 ], [ 0.04062, -0.02027 ], [ 0.03945, -0.02095 ], [ 0.03828, -0.02027 ], [ 0.03828, -0.01892 ], [ 0.03945, -0.01825 ], [ 0.04062, -0.01892 ], [ 0.04062, -0.01892 ] ] ] } },
{ "type": "Feature", "properties": { "constituency_id": "S14000029", "constituency_name": "Glasgow Central", "Main party name": "Scottish National Party", "Main party abbreviation": "SNP", "Election result summary": "SNP hold", "Election URL": "https://electionresults.parliament.uk/elections/888" }, "geometry": { "type": "Polygon", "coordinates": [ [ [ 0.03594, -0.02298 ], [ 0.03594, -0.02433 ], [ 0.03476, -0.025 ], [ 0.03359, -0.02433 ], [ 0.03359, -0.02298 ], [ 0.03476, -0.0223 ], [ 0.03594, -0.02298 ], [ 0.03594, -0.02298 ] ] ] } },
{ "type": "Feature", "properties": { "constituency_id": "S14000030", "constituency_name": "Glasgow East", "Main party name": "Scottish National Party", "Main party abbreviation": "SNP", "Election result summary": "SNP hold", "Election URL": "https://electionresults.parliament.uk/elections/889" }, "geometry": { "type": "Polygon", "coordinates": [ [ [ 0.03711, -0.025 ], [ 0.03711, -0.02635 ], [ 0.03594, -0.02703 ], [ 0.03476, -0.02635 ], [ 0.03476, -0.025 ], [ 0.03594, -0.02433 ], [ 0.03711, -0.025 ], [ 0.03711, -0.025 ] ] ] } },
{ "type": "Feature", "properties": { "constituency_id": "S14000031", "constituency_name": "Glasgow North", "Main party name": "Scottish National Party", "Main party abbreviation": "SNP", "Election result summary": "SNP hold", "Election URL": "https://electionresults.parliament.uk/elections/890" }, "geometry": { "type": "Polygon", "coordinates": [ [ [ 0.03476, -0.02095 ], [ 0.03476, -0.0223 ], [ 0.03359, -0.02298 ], [ 0.03242, -0.0223 ], [ 0.03242, -0.02095 ], [ 0.03359, -0.02027 ], [ 0.03476, -0.02095 ], [ 0.03476, -0.02095 ] ] ] } },
{ "type": "Feature", "properties": { "constituency_id": "S14000032", "constituency_name": "Glasgow North East", "Main party name": "Labour", "Main party abbreviation": "Lab", "Election result summary": "Lab gain from SNP", "Election URL": "https://electionresults.parliament.uk/elections/891" }, "geometry": { "type": "Polygon", "coordinates": [ [ [ 0.03594, -0.01892 ], [ 0.03594, -0.02027 ], [ 0.03476, -0.02095 ], [ 0.03359, -0.02027 ], [ 0.03359, -0.01892 ], [ 0.03476, -0.01825 ], [ 0.03594, -0.01892 ], [ 0.03594, -0.01892 ] ] ] } },
{ "type": "Feature", "properties": { "constituency_id": "S14000033", "constituency_name": "Glasgow North West", "Main party name": "Scottish National Party", "Main party abbreviation": "SNP", "Election result summary": "SNP hold", "Election URL": "https://electionresults.parliament.uk/elections/892" }, "geometry": { "type": "Polygon", "coordinates": [ [ [ 0.03359, -0.01892 ], [ 0.03359, -0.02027 ], [ 0.03242, -0.02095 ], [ 0.03125, -0.02027 ], [ 0.03125, -0.01892 ], [ 0.03242, -0.01825 ], [ 0.03359, -0.01892 ], [ 0.03359, -0.01892 ] ] ] } },
{ "type": "Feature", "properties": { "constituency_id": "S14000034", "constituency_name": "Glasgow South", "Main party name": "Scottish National Party", "Main party abbreviation": "SNP", "Election result summary": "SNP hold", "Election URL": "https://electionresults.parliament.uk/elections/893" }, "geometry": { "type": "Polygon", "coordinates": [ [ [ 0.03476, -0.025 ], [ 0.03476, -0.02635 ], [ 0.03359, -0.02703 ], [ 0.03242, -0.02635 ], [ 0.03242, -0.025 ], [ 0.03359, -0.02433 ], [ 0.03476, -0.025 ], [ 0.03476, -0.025 ] ] ] } },
{ "type": "Feature", "properties": { "constituency_id": "S14000035", "constituency_name": "Glasgow South West", "Main party name": "Scottish National Party", "Main party abbreviation": "SNP", "Election result summary": "SNP hold", "Election URL": "https://electionresults.parliament.uk/elections/894" }, "geometry": { "type": "Polygon", "coordinates": [ [ [ 0.03359, -0.02298 ], [ 0.03359, -0.02433 ], [ 0.03242, -0.025 ], [ 0.03125, -0.02433 ], [ 0.03125, -0.02298 ], [ 0.03242, -0.0223 ], [ 0.03359, -0.02298 ], [ 0.03359, -0.02298 ] ] ] } },
{ "type": "Feature", "properties": { "constituency_id": "S14000036", "constituency_name": "Glenrothes", "Main party name": "Scottish National Party", "Main party abbreviation": "SNP", "Election result summary": "SNP hold", "Election URL": "https://electionresults.parliament.uk/elections/895" }, "geometry": { "type": "Polygon", "coordinates": [ [ [ 0.04648, -0.0169 ], [ 0.04648, -0.01825 ], [ 0.04531, -0.01892 ], [ 0.04414, -0.01825 ], [ 0.04414, -0.0169 ], [ 0.04531, -0.01622 ], [ 0.04648, -0.0169 ], [ 0.04648, -0.0169 ] ] ] } },
{ "type": "Feature", "properties": { "constituency_id": "S14000037", "constituency_name": "Gordon", "Main party name": "Conservative", "Main party abbreviation": "Con", "Election result summary": "Con gain from SNP", "Election URL": "https://electionresults.parliament.uk/elections/897" }, "geometry": { "type": "Polygon", "coordinates": [ [ [ 0.04531, -0.01081 ], [ 0.04531, -0.01217 ], [ 0.04414, -0.01284 ], [ 0.04297, -0.01217 ], [ 0.04297, -0.01081 ], [ 0.04414, -0.01014 ], [ 0.04531, -0.01081 ], [ 0.04531, -0.01081 ] ] ] } },
{ "type": "Feature", "properties": { "constituency_id": "S14000038", "constituency_name": "Inverclyde", "Main party name": "Scottish National Party", "Main party abbreviation": "SNP", "Election result summary": "SNP hold", "Election URL": "https://electionresults.parliament.uk/elections/947" }, "geometry": { "type": "Polygon", "coordinates": [ [ [ 0.03125, -0.01892 ], [ 0.03125, -0.02027 ], [ 0.03008, -0.02095 ], [ 0.02891, -0.02027 ], [ 0.02891, -0.01892 ], [ 0.03008, -0.01825 ], [ 0.03125, -0.01892 ], [ 0.03125, -0.01892 ] ] ] } },
{ "type": "Feature", "properties": { "constituency_id": "S14000039", "constituency_name": "Inverness, Nairn, Badenoch and Strathspey", "Main party name": "Scottish National Party", "Main party abbreviation": "SNP", "Election result summary": "SNP hold", "Election URL": "https://electionresults.parliament.uk/elections/948" }, "geometry": { "type": "Polygon", "coordinates": [ [ [ 0.04062, -0.01081 ], [ 0.04062, -0.01217 ], [ 0.03945, -0.01284 ], [ 0.03828, -0.01217 ], [ 0.03828, -0.01081 ], [ 0.03945, -0.01014 ], [ 0.04062, -0.01081 ], [ 0.04062, -0.01081 ] ] ] } },
{ "type": "Feature", "properties": { "constituency_id": "S14000040", "constituency_name": "Kilmarnock and Loudoun", "Main party name": "Scottish National Party", "Main party abbreviation": "SNP", "Election result summary": "SNP hold", "Election URL": "https://electionresults.parliament.uk/elections/959" }, "geometry": { "type": "Polygon", "coordinates": [ [ [ 0.03945, -0.02906 ], [ 0.03945, -0.03041 ], [ 0.03828, -0.03108 ], [ 0.03711, -0.03041 ], [ 0.03711, -0.02906 ], [ 0.03828, -0.02838 ], [ 0.03945, -0.02906 ], [ 0.03945, -0.02906 ] ] ] } },
{ "type": "Feature", "properties": { "constituency_id": "S14000041", "constituency_name": "Kirkcaldy and Cowdenbeath", "Main party name": "Labour", "Main party abbreviation": "Lab", "Election result summary": "Lab gain from SNP", "Election URL": "https://electionresults.parliament.uk/elections/965" }, "geometry": { "type": "Polygon", "coordinates": [ [ [ 0.04531, -0.01892 ], [ 0.04531, -0.02027 ], [ 0.04414, -0.02095 ], [ 0.04297, -0.02027 ], [ 0.04297, -0.01892 ], [ 0.04414, -0.01825 ], [ 0.04531, -0.01892 ], [ 0.04531, -0.01892 ] ] ] } },
{ "type": "Feature", "properties": { "constituency_id": "S14000042", "constituency_name": "Lanark and Hamilton East", "Main party name": "Scottish National Party", "Main party abbreviation": "SNP", "Election result summary": "SNP hold", "Election URL": "https://electionresults.parliament.uk/elections/968" }, "geometry": { "type": "Polygon", "coordinates": [ [ [ 0.04062, -0.02703 ], [ 0.04062, -0.02838 ], [ 0.03945, -0.02906 ], [ 0.03828, -0.02838 ], [ 0.03828, -0.02703 ], [ 0.03945, -0.02635 ], [ 0.04062, -0.02703 ], [ 0.04062, -0.02703 ] ] ] } },
{ "type": "Feature", "properties": { "constituency_id": "S14000043", "constituency_name": "Linlithgow and East Falkirk", "Main party name": "Scottish National Party", "Main party abbreviation": "SNP", "Election result summary": "SNP hold", "Election URL": "https://electionresults.parliament.uk/elections/986" }, "geometry": { "type": "Polygon", "coordinates": [ [ [ 0.0418, -0.02095 ], [ 0.0418, -0.0223 ], [ 0.04062, -0.02298 ], [ 0.03945, -0.0223 ], [ 0.03945, -0.02095 ], [ 0.04062, -0.02027 ], [ 0.0418, -0.02095 ], [ 0.0418, -0.02095 ] ] ] } },
{ "type": "Feature", "properties": { "constituency_id": "S14000044", "constituency_name": "Livingston", "Main party name": "Scottish National Party", "Main party abbreviation": "SNP", "Election result summary": "SNP hold", "Election URL": "https://electionresults.parliament.uk/elections/991" }, "geometry": { "type": "Polygon", "coordinates": [ [ [ 0.03945, -0.025 ], [ 0.03945, -0.02635 ], [ 0.03828, -0.02703 ], [ 0.03711, -0.02635 ], [ 0.03711, -0.025 ], [ 0.03828, -0.02433 ], [ 0.03945, -0.025 ], [ 0.03945, -0.025 ] ] ] } },
{ "type": "Feature", "properties": { "constituency_id": "S14000045", "constituency_name": "Midlothian", "Main party name": "Labour", "Main party abbreviation": "Lab", "Election result summary": "Lab gain from SNP", "Election URL": "https://electionresults.parliament.uk/elections/1019" }, "geometry": { "type": "Polygon", "coordinates": [ [ [ 0.04297, -0.02703 ], [ 0.04297, -0.02838 ], [ 0.0418, -0.02906 ], [ 0.04062, -0.02838 ], [ 0.04062, -0.02703 ], [ 0.0418, -0.02635 ], [ 0.04297, -0.02703 ], [ 0.04297, -0.02703 ] ] ] } },
{ "type": "Feature", "properties": { "constituency_id": "S14000046", "constituency_name": "Moray", "Main party name": "Conservative", "Main party abbreviation": "Con", "Election result summary": "Con gain from SNP", "Election URL": "https://electionresults.parliament.uk/elections/1026" }, "geometry": { "type": "Polygon", "coordinates": [ [ [ 0.0418, -0.01284 ], [ 0.0418, -0.01419 ], [ 0.04062, -0.01487 ], [ 0.03945, -0.01419 ], [ 0.03945, -0.01284 ], [ 0.04062, -0.01217 ], [ 0.0418, -0.01284 ], [ 0.0418, -0.01284 ] ] ] } },
{ "type": "Feature", "properties": { "constituency_id": "S14000047", "constituency_name": "Motherwell and Wishaw", "Main party name": "Scottish National Party", "Main party abbreviation": "SNP", "Election result summary": "SNP hold", "Election URL": "https://electionresults.parliament.uk/elections/1029" }, "geometry": { "type": "Polygon", "coordinates": [ [ [ 0.03828, -0.02298 ], [ 0.03828, -0.02433 ], [ 0.03711, -0.025 ], [ 0.03594, -0.02433 ], [ 0.03594, -0.02298 ], [ 0.03711, -0.0223 ], [ 0.03828, -0.02298 ], [ 0.03828, -0.02298 ] ] ] } },
{ "type": "Feature", "properties": { "constituency_id": "S14000048", "constituency_name": "North Ayrshire and Arran", "Main party name": "Scottish National Party", "Main party abbreviation": "SNP", "Election result summary": "SNP hold", "Election URL": "https://electionresults.parliament.uk/elections/1046" }, "geometry": { "type": "Polygon", "coordinates": [ [ [ 0.03008, -0.025 ], [ 0.03008, -0.02635 ], [ 0.02891, -0.02703 ], [ 0.02773, -0.02635 ], [ 0.02773, -0.025 ], [ 0.02891, -0.02433 ], [ 0.03008, -0.025 ], [ 0.03008, -0.025 ] ] ] } },
{ "type": "Feature", "properties": { "constituency_id": "S14000049", "constituency_name": "North East Fife", "Main party name": "Scottish National Party", "Main party abbreviation": "SNP", "Election result summary": "SNP hold", "Election URL": "https://electionresults.parliament.uk/elections/1055" }, "geometry": { "type": "Polygon", "coordinates": [ [ [ 0.04766, -0.01487 ], [ 0.04766, -0.01622 ], [ 0.04648, -0.0169 ], [ 0.04531, -0.01622 ], [ 0.04531, -0.01487 ], [ 0.04648, -0.01419 ], [ 0.04766, -0.01487 ], [ 0.04766, -0.01487 ] ] ] } },
{ "type": "Feature", "properties": { "constituency_id": "S14000050", "constituency_name": "Ochil and South Perthshire", "Main party name": "Conservative", "Main party abbreviation": "Con", "Election result summary": "Con gain from SNP", "Election URL": "https://electionresults.parliament.uk/elections/1081" }, "geometry": { "type": "Polygon", "coordinates": [ [ [ 0.0418, -0.0169 ], [ 0.0418, -0.01825 ], [ 0.04062, -0.01892 ], [ 0.03945, -0.01825 ], [ 0.03945, -0.0169 ], [ 0.04062, -0.01622 ], [ 0.0418, -0.0169 ], [ 0.0418, -0.0169 ] ] ] } },
{ "type": "Feature", "properties": { "constituency_id": "S14000051", "constituency_name": "Orkney and Shetland", "Main party name": "Liberal Democrat", "Main party abbreviation": "LD", "Election result summary": "LD hold", "Election URL": "https://electionresults.parliament.uk/elections/1086" }, "geometry": { "type": "Polygon", "coordinates": [ [ [ 0.04414, -0.00473 ], [ 0.04414, -0.00609 ], [ 0.04297, -0.00676 ], [ 0.0418, -0.00609 ], [ 0.0418, -0.00473 ], [ 0.04297, -0.00406 ], [ 0.04414, -0.00473 ], [ 0.04414, -0.00473 ] ] ] } },
{ "type": "Feature", "properties": { "constituency_id": "S14000052", "constituency_name": "Paisley and Renfrewshire North", "Main party name": "Scottish National Party", "Main party abbreviation": "SNP", "Election result summary": "SNP hold", "Election URL": "https://electionresults.parliament.uk/elections/1090" }, "geometry": { "type": "Polygon", "coordinates": [ [ [ 0.03242, -0.02095 ], [ 0.03242, -0.0223 ], [ 0.03125, -0.02298 ], [ 0.03008, -0.0223 ], [ 0.03008, -0.02095 ], [ 0.03125, -0.02027 ], [ 0.03242, -0.02095 ], [ 0.03242, -0.02095 ] ] ] } },
{ "type": "Feature", "properties": { "constituency_id": "S14000053", "constituency_name": "Paisley and Renfrewshire South", "Main party name": "Scottish National Party", "Main party abbreviation": "SNP", "Election result summary": "SNP hold", "Election URL": "https://electionresults.parliament.uk/elections/1091" }, "geometry": { "type": "Polygon", "coordinates": [ [ [ 0.03125, -0.02298 ], [ 0.03125, -0.02433 ], [ 0.03008, -0.025 ], [ 0.02891, -0.02433 ], [ 0.02891, -0.02298 ], [ 0.03008, -0.0223 ], [ 0.03125, -0.02298 ], [ 0.03125, -0.02298 ] ] ] } },
{ "type": "Feature", "properties": { "constituency_id": "S14000054", "constituency_name": "Perth and North Perthshire", "Main party name": "Scottish National Party", "Main party abbreviation": "SNP", "Election result summary": "SNP hold", "Election URL": "https://electionresults.parliament.uk/elections/1095" }, "geometry": { "type": "Polygon", "coordinates": [ [ [ 0.04062, -0.01487 ], [ 0.04062, -0.01622 ], [ 0.03945, -0.0169 ], [ 0.03828, -0.01622 ], [ 0.03828, -0.01487 ], [ 0.03945, -0.01419 ], [ 0.04062, -0.01487 ], [ 0.04062, -0.01487 ] ] ] } },
{ "type": "Feature", "properties": { "constituency_id": "S14000055", "constituency_name": "Ross, Skye and Lochaber", "Main party name": "Scottish National Party", "Main party abbreviation": "SNP", "Election result summary": "SNP hold", "Election URL": "https://electionresults.parliament.uk/elections/1123" }, "geometry": { "type": "Polygon", "coordinates": [ [ [ 0.03945, -0.01284 ], [ 0.03945, -0.01419 ], [ 0.03828, -0.01487 ], [ 0.03711, -0.01419 ], [ 0.03711, -0.01284 ], [ 0.03828, -0.01217 ], [ 0.03945, -0.01284 ], [ 0.03945, -0.01284 ] ] ] } },
{ "type": "Feature", "properties": { "constituency_id": "S14000056", "constituency_name": "Rutherglen and Hamilton West", "Main party name": "Labour", "Main party abbreviation": "Lab", "Election result summary": "Lab gain from SNP", "Election URL": "https://electionresults.parliament.uk/elections/1131" }, "geometry": { "type": "Polygon", "coordinates": [ [ [ 0.03594, -0.02703 ], [ 0.03594, -0.02838 ], [ 0.03476, -0.02906 ], [ 0.03359, -0.02838 ], [ 0.03359, -0.02703 ], [ 0.03476, -0.02635 ], [ 0.03594, -0.02703 ], [ 0.03594, -0.02703 ] ] ] } },
{ "type": "Feature", "properties": { "constituency_id": "S14000057", "constituency_name": "Stirling", "Main party name": "Conservative", "Main party abbreviation": "Con", "Election result summary": "Con gain from SNP", "Election URL": "https://electionresults.parliament.uk/elections/1194" }, "geometry": { "type": "Polygon", "coordinates": [ [ [ 0.03945, -0.0169 ], [ 0.03945, -0.01825 ], [ 0.03828, -0.01892 ], [ 0.03711, -0.01825 ], [ 0.03711, -0.0169 ], [ 0.03828, -0.01622 ], [ 0.03945, -0.0169 ], [ 0.03945, -0.0169 ] ] ] } },
{ "type": "Feature", "properties": { "constituency_id": "S14000058", "constituency_name": "West Aberdeenshire and Kincardine", "Main party name": "Conservative", "Main party abbreviation": "Con", "Election result summary": "Con gain from SNP", "Election URL": "https://electionresults.parliament.uk/elections/1262" }, "geometry": { "type": "Polygon", "coordinates": [ [ [ 0.04648, -0.01284 ], [ 0.04648, -0.01419 ], [ 0.04531, -0.01487 ], [ 0.04414, -0.01419 ], [ 0.04414, -0.01284 ], [ 0.04531, -0.01217 ], [ 0.04648, -0.01284 ], [ 0.04648, -0.01284 ] ] ] } },
{ "type": "Feature", "properties": { "constituency_id": "S14000059", "constituency_name": "West Dunbartonshire", "Main party name": "Scottish National Party", "Main party abbreviation": "SNP", "Election result summary": "SNP hold", "Election URL": "https://electionresults.parliament.uk/elections/1266" }, "geometry": { "type": "Polygon", "coordinates": [ [ [ 0.03476, -0.0169 ], [ 0.03476, -0.01825 ], [ 0.03359, -0.01892 ], [ 0.03242, -0.01825 ], [ 0.03242, -0.0169 ], [ 0.03359, -0.01622 ], [ 0.03476, -0.0169 ], [ 0.03476, -0.0169 ] ] ] } },
{ "type": "Feature", "properties": { "constituency_id": "W07000041", "constituency_name": "Ynys Môn", "Main party name": "Labour", "Main party abbreviation": "Lab", "Election result summary": "Lab hold", "Election URL": "https://electionresults.parliament.uk/elections/1298" }, "geometry": { "type": "Polygon", "coordinates": [ [ [ 0.02422, -0.05946 ], [ 0.02422, -0.06081 ], [ 0.02305, -0.06149 ], [ 0.02187, -0.06081 ], [ 0.02187, -0.05946 ], [ 0.02305, -0.05878 ], [ 0.02422, -0.05946 ], [ 0.02422, -0.05946 ] ] ] } },
{ "type": "Feature", "properties": { "constituency_id": "W07000042", "constituency_name": "Delyn", "Main party name": "Labour", "Main party abbreviation": "Lab", "Election result summary": "Lab hold", "Election URL": "https://electionresults.parliament.uk/elections/816" }, "geometry": { "type": "Polygon", "coordinates": [ [ [ 0.03125, -0.05946 ], [ 0.03125, -0.06081 ], [ 0.03008, -0.06149 ], [ 0.02891, -0.06081 ], [ 0.02891, -0.05946 ], [ 0.03008, -0.05878 ], [ 0.03125, -0.05946 ], [ 0.03125, -0.05946 ] ] ] } },
{ "type": "Feature", "properties": { "constituency_id": "W07000043", "constituency_name": "Alyn and Deeside", "Main party name": "Labour", "Main party abbreviation": "Lab", "Election result summary": "Lab hold", "Election URL": "https://electionresults.parliament.uk/elections/659" }, "geometry": { "type": "Polygon", "coordinates": [ [ [ 0.03359, -0.05946 ], [ 0.03359, -0.06081 ], [ 0.03242, -0.06149 ], [ 0.03125, -0.06081 ], [ 0.03125, -0.05946 ], [ 0.03242, -0.05878 ], [ 0.03359, -0.05946 ], [ 0.03359, -0.05946 ] ] ] } },
{ "type": "Feature", "properties": { "constituency_id": "W07000044", "constituency_name": "Wrexham", "Main party name": "Labour", "Main party abbreviation": "Lab", "Election result summary": "Lab hold", "Election URL": "https://electionresults.parliament.uk/elections/1292" }, "geometry": { "type": "Polygon", "coordinates": [ [ [ 0.03476, -0.06149 ], [ 0.03476, -0.06284 ], [ 0.03359, -0.06351 ], [ 0.03242, -0.06284 ], [ 0.03242, -0.06149 ], [ 0.03359, -0.06081 ], [ 0.03476, -0.06149 ], [ 0.03476, -0.06149 ] ] ] } },
{ "type": "Feature", "properties": { "constituency_id": "W07000045", "constituency_name": "Llanelli", "Main party name": "Labour", "Main party abbreviation": "Lab", "Election result summary": "Lab hold", "Election URL": "https://electionresults.parliament.uk/elections/992" }, "geometry": { "type": "Polygon", "coordinates": [ [ [ 0.02305, -0.0777 ], [ 0.02305, -0.07905 ], [ 0.02187, -0.07973 ], [ 0.0207, -0.07905 ], [ 0.0207, -0.0777 ], [ 0.02187, -0.07702 ], [ 0.02305, -0.0777 ], [ 0.02305, -0.0777 ] ] ] } },
{ "type": "Feature", "properties": { "constituency_id": "W07000046", "constituency_name": "Gower", "Main party name": "Labour", "Main party abbreviation": "Lab", "Election result summary": "Lab gain from Con", "Election URL": "https://electionresults.parliament.uk/elections/899" }, "geometry": { "type": "Polygon", "coordinates": [ [ [ 0.02422, -0.07973 ], [ 0.02422, -0.08108 ], [ 0.02305, -0.08175 ], [ 0.02187, -0.08108 ], [ 0.02187, -0.07973 ], [ 0.02305, -0.07905 ], [ 0.02422, -0.07973 ], [ 0.02422, -0.07973 ] ] ] } },
{ "type": "Feature", "properties": { "constituency_id": "W07000047", "constituency_name": "Swansea West", "Main party name": "Labour", "Main party abbreviation": "Lab", "Election result summary": "Lab hold", "Election URL": "https://electionresults.parliament.uk/elections/1214" }, "geometry": { "type": "Polygon", "coordinates": [ [ [ 0.02539, -0.0777 ], [ 0.02539, -0.07905 ], [ 0.02422, -0.07973 ], [ 0.02305, -0.07905 ], [ 0.02305, -0.0777 ], [ 0.02422, -0.07702 ], [ 0.02539, -0.0777 ], [ 0.02539, -0.0777 ] ] ] } },
{ "type": "Feature", "properties": { "constituency_id": "W07000048", "constituency_name": "Swansea East", "Main party name": "Labour", "Main party abbreviation": "Lab", "Election result summary": "Lab hold", "Election URL": "https://electionresults.parliament.uk/elections/1213" }, "geometry": { "type": "Polygon", "coordinates": [ [ [ 0.02656, -0.07567 ], [ 0.02656, -0.07702 ], [ 0.02539, -0.0777 ], [ 0.02422, -0.07702 ], [ 0.02422, -0.07567 ], [ 0.02539, -0.075 ], [ 0.02656, -0.07567 ], [ 0.02656, -0.07567 ] ] ] } },
{ "type": "Feature", "properties": { "constituency_id": "W07000049", "constituency_name": "Aberavon", "Main party name": "Labour", "Main party abbreviation": "Lab", "Election result summary": "Lab hold", "Election URL": "https://electionresults.parliament.uk/elections/651" }, "geometry": { "type": "Polygon", "coordinates": [ [ [ 0.02773, -0.0777 ], [ 0.02773, -0.07905 ], [ 0.02656, -0.07973 ], [ 0.02539, -0.07905 ], [ 0.02539, -0.0777 ], [ 0.02656, -0.07702 ], [ 0.02773, -0.0777 ], [ 0.02773, -0.0777 ] ] ] } },
{ "type": "Feature", "properties": { "constituency_id": "W07000050", "constituency_name": "Cardiff Central", "Main party name": "Labour", "Main party abbreviation": "Lab", "Election result summary": "Lab hold", "Election URL": "https://electionresults.parliament.uk/elections/762" }, "geometry": { "type": "Polygon", "coordinates": [ [ [ 0.03476, -0.0777 ], [ 0.03476, -0.07905 ], [ 0.03359, -0.07973 ], [ 0.03242, -0.07905 ], [ 0.03242, -0.0777 ], [ 0.03359, -0.07702 ], [ 0.03476, -0.0777 ], [ 0.03476, -0.0777 ] ] ] } },
{ "type": "Feature", "properties": { "constituency_id": "W07000051", "constituency_name": "Cardiff North", "Main party name": "Labour", "Main party abbreviation": "Lab", "Election result summary": "Lab gain from Con", "Election URL": "https://electionresults.parliament.uk/elections/763" }, "geometry": { "type": "Polygon", "coordinates": [ [ [ 0.03359, -0.07567 ], [ 0.03359, -0.07702 ], [ 0.03242, -0.0777 ], [ 0.03125, -0.07702 ], [ 0.03125, -0.07567 ], [ 0.03242, -0.075 ], [ 0.03359, -0.07567 ], [ 0.03359, -0.07567 ] ] ] } },
{ "type": "Feature", "properties": { "constituency_id": "W07000052", "constituency_name": "Rhondda", "Main party name": "Labour", "Main party abbreviation": "Lab", "Election result summary": "Lab hold", "Election URL": "https://electionresults.parliament.uk/elections/1114" }, "geometry": { "type": "Polygon", "coordinates": [ [ [ 0.03008, -0.07365 ], [ 0.03008, -0.075 ], [ 0.02891, -0.07567 ], [ 0.02773, -0.075 ], [ 0.02773, -0.07365 ], [ 0.02891, -0.07297 ], [ 0.03008, -0.07365 ], [ 0.03008, -0.07365 ] ] ] } },
{ "type": "Feature", "properties": { "constituency_id": "W07000053", "constituency_name": "Torfaen", "Main party name": "Labour", "Main party abbreviation": "Lab", "Election result summary": "Lab hold", "Election URL": "https://electionresults.parliament.uk/elections/1229" }, "geometry": { "type": "Polygon", "coordinates": [ [ [ 0.03594, -0.07162 ], [ 0.03594, -0.07297 ], [ 0.03476, -0.07365 ], [ 0.03359, -0.07297 ], [ 0.03359, -0.07162 ], [ 0.03476, -0.07094 ], [ 0.03594, -0.07162 ], [ 0.03594, -0.07162 ] ] ] } },
{ "type": "Feature", "properties": { "constituency_id": "W07000054", "constituency_name": "Monmouth", "Main party name": "Conservative", "Main party abbreviation": "Con", "Election result summary": "Con hold", "Election URL": "https://electionresults.parliament.uk/elections/1024" }, "geometry": { "type": "Polygon", "coordinates": [ [ [ 0.03828, -0.07162 ], [ 0.03828, -0.07297 ], [ 0.03711, -0.07365 ], [ 0.03594, -0.07297 ], [ 0.03594, -0.07162 ], [ 0.03711, -0.07094 ], [ 0.03828, -0.07162 ], [ 0.03828, -0.07162 ] ] ] } },
{ "type": "Feature", "properties": { "constituency_id": "W07000055", "constituency_name": "Newport East", "Main party name": "Labour", "Main party abbreviation": "Lab", "Election result summary": "Lab hold", "Election URL": "https://electionresults.parliament.uk/elections/1040" }, "geometry": { "type": "Polygon", "coordinates": [ [ [ 0.03711, -0.07365 ], [ 0.03711, -0.075 ], [ 0.03594, -0.07567 ], [ 0.03476, -0.075 ], [ 0.03476, -0.07365 ], [ 0.03594, -0.07297 ], [ 0.03711, -0.07365 ], [ 0.03711, -0.07365 ] ] ] } },
{ "type": "Feature", "properties": { "constituency_id": "W07000056", "constituency_name": "Newport West", "Main party name": "Labour", "Main party abbreviation": "Lab", "Election result summary": "Lab hold", "Election URL": "https://electionresults.parliament.uk/elections/1041" }, "geometry": { "type": "Polygon", "coordinates": [ [ [ 0.03594, -0.07567 ], [ 0.03594, -0.07702 ], [ 0.03476, -0.0777 ], [ 0.03359, -0.07702 ], [ 0.03359, -0.07567 ], [ 0.03476, -0.075 ], [ 0.03594, -0.07567 ], [ 0.03594, -0.07567 ] ] ] } },
{ "type": "Feature", "properties": { "constituency_id": "W07000057", "constituency_name": "Arfon", "Main party name": "Plaid Cymru", "Main party abbreviation": "PC", "Election result summary": "PC hold", "Election URL": "https://electionresults.parliament.uk/elections/662" }, "geometry": { "type": "Polygon", "coordinates": [ [ [ 0.02656, -0.06351 ], [ 0.02656, -0.06486 ], [ 0.02539, -0.06554 ], [ 0.02422, -0.06486 ], [ 0.02422, -0.06351 ], [ 0.02539, -0.06284 ], [ 0.02656, -0.06351 ], [ 0.02656, -0.06351 ] ] ] } },
{ "type": "Feature", "properties": { "constituency_id": "W07000058", "constituency_name": "Aberconwy", "Main party name": "Conservative", "Main party abbreviation": "Con", "Election result summary": "Con hold", "Election URL": "https://electionresults.parliament.uk/elections/652" }, "geometry": { "type": "Polygon", "coordinates": [ [ [ 0.02773, -0.06149 ], [ 0.02773, -0.06284 ], [ 0.02656, -0.06351 ], [ 0.02539, -0.06284 ], [ 0.02539, -0.06149 ], [ 0.02656, -0.06081 ], [ 0.02773, -0.06149 ], [ 0.02773, -0.06149 ] ] ] } },
{ "type": "Feature", "properties": { "constituency_id": "W07000059", "constituency_name": "Clwyd West", "Main party name": "Conservative", "Main party abbreviation": "Con", "Election result summary": "Con hold", "Election URL": "https://electionresults.parliament.uk/elections/795" }, "geometry": { "type": "Polygon", "coordinates": [ [ [ 0.03008, -0.06149 ], [ 0.03008, -0.06284 ], [ 0.02891, -0.06351 ], [ 0.02773, -0.06284 ], [ 0.02773, -0.06149 ], [ 0.02891, -0.06081 ], [ 0.03008, -0.06149 ], [ 0.03008, -0.06149 ] ] ] } },
{ "type": "Feature", "properties": { "constituency_id": "W07000060", "constituency_name": "Vale Of Clwyd", "Main party name": "Labour", "Main party abbreviation": "Lab", "Election result summary": "Lab gain from Con", "Election URL": "https://electionresults.parliament.uk/elections/1239" }, "geometry": { "type": "Polygon", "coordinates": [ [ [ 0.03242, -0.06149 ], [ 0.03242, -0.06284 ], [ 0.03125, -0.06351 ], [ 0.03008, -0.06284 ], [ 0.03008, -0.06149 ], [ 0.03125, -0.06081 ], [ 0.03242, -0.06149 ], [ 0.03242, -0.06149 ] ] ] } },
{ "type": "Feature", "properties": { "constituency_id": "W07000061", "constituency_name": "Dwyfor Meirionnydd", "Main party name": "Plaid Cymru", "Main party abbreviation": "PC", "Election result summary": "PC hold", "Election URL": "https://electionresults.parliament.uk/elections/835" }, "geometry": { "type": "Polygon", "coordinates": [ [ [ 0.02891, -0.06351 ], [ 0.02891, -0.06486 ], [ 0.02773, -0.06554 ], [ 0.02656, -0.06486 ], [ 0.02656, -0.06351 ], [ 0.02773, -0.06284 ], [ 0.02891, -0.06351 ], [ 0.02891, -0.06351 ] ] ] } },
{ "type": "Feature", "properties": { "constituency_id": "W07000062", "constituency_name": "Clwyd South", "Main party name": "Labour", "Main party abbreviation": "Lab", "Election result summary": "Lab hold", "Election URL": "https://electionresults.parliament.uk/elections/794" }, "geometry": { "type": "Polygon", "coordinates": [ [ [ 0.03359, -0.06351 ], [ 0.03359, -0.06486 ], [ 0.03242, -0.06554 ], [ 0.03125, -0.06486 ], [ 0.03125, -0.06351 ], [ 0.03242, -0.06284 ], [ 0.03359, -0.06351 ], [ 0.03359, -0.06351 ] ] ] } },
{ "type": "Feature", "properties": { "constituency_id": "W07000063", "constituency_name": "Montgomeryshire", "Main party name": "Conservative", "Main party abbreviation": "Con", "Election result summary": "Con hold", "Election URL": "https://electionresults.parliament.uk/elections/1025" }, "geometry": { "type": "Polygon", "coordinates": [ [ [ 0.03125, -0.06351 ], [ 0.03125, -0.06486 ], [ 0.03008, -0.06554 ], [ 0.02891, -0.06486 ], [ 0.02891, -0.06351 ], [ 0.03008, -0.06284 ], [ 0.03125, -0.06351 ], [ 0.03125, -0.06351 ] ] ] } },
{ "type": "Feature", "properties": { "constituency_id": "W07000064", "constituency_name": "Ceredigion", "Main party name": "Plaid Cymru", "Main party abbreviation": "PC", "Election result summary": "PC gain from LD", "Election URL": "https://electionresults.parliament.uk/elections/774" }, "geometry": { "type": "Polygon", "coordinates": [ [ [ 0.02773, -0.07365 ], [ 0.02773, -0.075 ], [ 0.02656, -0.07567 ], [ 0.02539, -0.075 ], [ 0.02539, -0.07365 ], [ 0.02656, -0.07297 ], [ 0.02773, -0.07365 ], [ 0.02773, -0.07365 ] ] ] } },
{ "type": "Feature", "properties": { "constituency_id": "W07000065", "constituency_name": "Preseli Pembrokeshire", "Main party name": "Conservative", "Main party abbreviation": "Con", "Election result summary": "Con hold", "Election URL": "https://electionresults.parliament.uk/elections/1104" }, "geometry": { "type": "Polygon", "coordinates": [ [ [ 0.02187, -0.07567 ], [ 0.02187, -0.07702 ], [ 0.0207, -0.0777 ], [ 0.01953, -0.07702 ], [ 0.01953, -0.07567 ], [ 0.0207, -0.075 ], [ 0.02187, -0.07567 ], [ 0.02187, -0.07567 ] ] ] } },
{ "type": "Feature", "properties": { "constituency_id": "W07000066", "constituency_name": "Carmarthen West and South Pembrokeshire", "Main party name": "Conservative", "Main party abbreviation": "Con", "Election result summary": "Con hold", "Election URL": "https://electionresults.parliament.uk/elections/768" }, "geometry": { "type": "Polygon", "coordinates": [ [ [ 0.0207, -0.0777 ], [ 0.0207, -0.07905 ], [ 0.01953, -0.07973 ], [ 0.01836, -0.07905 ], [ 0.01836, -0.0777 ], [ 0.01953, -0.07702 ], [ 0.0207, -0.0777 ], [ 0.0207, -0.0777 ] ] ] } },
{ "type": "Feature", "properties": { "constituency_id": "W07000067", "constituency_name": "Carmarthen East and Dinefwr", "Main party name": "Plaid Cymru", "Main party abbreviation": "PC", "Election result summary": "PC hold", "Election URL": "https://electionresults.parliament.uk/elections/767" }, "geometry": { "type": "Polygon", "coordinates": [ [ [ 0.02422, -0.07567 ], [ 0.02422, -0.07702 ], [ 0.02305, -0.0777 ], [ 0.02187, -0.07702 ], [ 0.02187, -0.07567 ], [ 0.02305, -0.075 ], [ 0.02422, -0.07567 ], [ 0.02422, -0.07567 ] ] ] } },
{ "type": "Feature", "properties": { "constituency_id": "W07000068", "constituency_name": "Brecon and Radnorshire", "Main party name": "Conservative", "Main party abbreviation": "Con", "Election result summary": "Con hold", "Election URL": "https://electionresults.parliament.uk/elections/729" }, "geometry": { "type": "Polygon", "coordinates": [ [ [ 0.03476, -0.06554 ], [ 0.03476, -0.06689 ], [ 0.03359, -0.06757 ], [ 0.03242, -0.06689 ], [ 0.03242, -0.06554 ], [ 0.03359, -0.06486 ], [ 0.03476, -0.06554 ], [ 0.03476, -0.06554 ] ] ] } },
{ "type": "Feature", "properties": { "constituency_id": "W07000069", "constituency_name": "Neath", "Main party name": "Labour", "Main party abbreviation": "Lab", "Election result summary": "Lab hold", "Election URL": "https://electionresults.parliament.uk/elections/1031" }, "geometry": { "type": "Polygon", "coordinates": [ [ [ 0.02891, -0.07567 ], [ 0.02891, -0.07702 ], [ 0.02773, -0.0777 ], [ 0.02656, -0.07702 ], [ 0.02656, -0.07567 ], [ 0.02773, -0.075 ], [ 0.02891, -0.07567 ], [ 0.02891, -0.07567 ] ] ] } },
{ "type": "Feature", "properties": { "constituency_id": "W07000070", "constituency_name": "Cynon Valley", "Main party name": "Labour", "Main party abbreviation": "Lab", "Election result summary": "Lab hold", "Election URL": "https://electionresults.parliament.uk/elections/811" }, "geometry": { "type": "Polygon", "coordinates": [ [ [ 0.03359, -0.07162 ], [ 0.03359, -0.07297 ], [ 0.03242, -0.07365 ], [ 0.03125, -0.07297 ], [ 0.03125, -0.07162 ], [ 0.03242, -0.07094 ], [ 0.03359, -0.07162 ], [ 0.03359, -0.07162 ] ] ] } },
{ "type": "Feature", "properties": { "constituency_id": "W07000071", "constituency_name": "Merthyr Tydfil and Rhymney", "Main party name": "Labour", "Main party abbreviation": "Lab", "Election result summary": "Lab hold", "Election URL": "https://electionresults.parliament.uk/elections/1009" }, "geometry": { "type": "Polygon", "coordinates": [ [ [ 0.03476, -0.06959 ], [ 0.03476, -0.07094 ], [ 0.03359, -0.07162 ], [ 0.03242, -0.07094 ], [ 0.03242, -0.06959 ], [ 0.03359, -0.06892 ], [ 0.03476, -0.06959 ], [ 0.03476, -0.06959 ] ] ] } },
{ "type": "Feature", "properties": { "constituency_id": "W07000072", "constituency_name": "Blaenau Gwent", "Main party name": "Labour", "Main party abbreviation": "Lab", "Election result summary": "Lab hold", "Election URL": "https://electionresults.parliament.uk/elections/711" }, "geometry": { "type": "Polygon", "coordinates": [ [ [ 0.03594, -0.06757 ], [ 0.03594, -0.06892 ], [ 0.03476, -0.06959 ], [ 0.03359, -0.06892 ], [ 0.03359, -0.06757 ], [ 0.03476, -0.06689 ], [ 0.03594, -0.06757 ], [ 0.03594, -0.06757 ] ] ] } },
{ "type": "Feature", "properties": { "constituency_id": "W07000073", "constituency_name": "Bridgend", "Main party name": "Labour", "Main party abbreviation": "Lab", "Election result summary": "Lab hold", "Election URL": "https://electionresults.parliament.uk/elections/734" }, "geometry": { "type": "Polygon", "coordinates": [ [ [ 0.02891, -0.07973 ], [ 0.02891, -0.08108 ], [ 0.02773, -0.08175 ], [ 0.02656, -0.08108 ], [ 0.02656, -0.07973 ], [ 0.02773, -0.07905 ], [ 0.02891, -0.07973 ], [ 0.02891, -0.07973 ] ] ] } },
{ "type": "Feature", "properties": { "constituency_id": "W07000074", "constituency_name": "Ogmore", "Main party name": "Labour", "Main party abbreviation": "Lab", "Election result summary": "Lab hold", "Election URL": "https://electionresults.parliament.uk/elections/1082" }, "geometry": { "type": "Polygon", "coordinates": [ [ [ 0.03008, -0.0777 ], [ 0.03008, -0.07905 ], [ 0.02891, -0.07973 ], [ 0.02773, -0.07905 ], [ 0.02773, -0.0777 ], [ 0.02891, -0.07702 ], [ 0.03008, -0.0777 ], [ 0.03008, -0.0777 ] ] ] } },
{ "type": "Feature", "properties": { "constituency_id": "W07000075", "constituency_name": "Pontypridd", "Main party name": "Labour", "Main party abbreviation": "Lab", "Election result summary": "Lab hold", "Election URL": "https://electionresults.parliament.uk/elections/1099" }, "geometry": { "type": "Polygon", "coordinates": [ [ [ 0.03125, -0.07567 ], [ 0.03125, -0.07702 ], [ 0.03008, -0.0777 ], [ 0.02891, -0.07702 ], [ 0.02891, -0.07567 ], [ 0.03008, -0.075 ], [ 0.03125, -0.07567 ], [ 0.03125, -0.07567 ] ] ] } },
{ "type": "Feature", "properties": { "constituency_id": "W07000076", "constituency_name": "Caerphilly", "Main party name": "Labour", "Main party abbreviation": "Lab", "Election result summary": "Lab hold", "Election URL": "https://electionresults.parliament.uk/elections/754" }, "geometry": { "type": "Polygon", "coordinates": [ [ [ 0.03242, -0.07365 ], [ 0.03242, -0.075 ], [ 0.03125, -0.07567 ], [ 0.03008, -0.075 ], [ 0.03008, -0.07365 ], [ 0.03125, -0.07297 ], [ 0.03242, -0.07365 ], [ 0.03242, -0.07365 ] ] ] } },
{ "type": "Feature", "properties": { "constituency_id": "W07000077", "constituency_name": "Islwyn", "Main party name": "Labour", "Main party abbreviation": "Lab", "Election result summary": "Lab hold", "Election URL": "https://electionresults.parliament.uk/elections/953" }, "geometry": { "type": "Polygon", "coordinates": [ [ [ 0.03476, -0.07365 ], [ 0.03476, -0.075 ], [ 0.03359, -0.07567 ], [ 0.03242, -0.075 ], [ 0.03242, -0.07365 ], [ 0.03359, -0.07297 ], [ 0.03476, -0.07365 ], [ 0.03476, -0.07365 ] ] ] } },
{ "type": "Feature", "properties": { "constituency_id": "W07000078", "constituency_name": "Vale Of Glamorgan", "Main party name": "Conservative", "Main party abbreviation": "Con", "Election result summary": "Con hold", "Election URL": "https://electionresults.parliament.uk/elections/1240" }, "geometry": { "type": "Polygon", "coordinates": [ [ [ 0.03125, -0.07973 ], [ 0.03125, -0.08108 ], [ 0.03008, -0.08175 ], [ 0.02891, -0.08108 ], [ 0.02891, -0.07973 ], [ 0.03008, -0.07905 ], [ 0.03125, -0.07973 ], [ 0.03125, -0.07973 ] ] ] } },
{ "type": "Feature", "properties": { "constituency_id": "W07000079", "constituency_name": "Cardiff West", "Main party name": "Labour", "Main party abbreviation": "Lab", "Election result summary": "Lab hold", "Election URL": "https://electionresults.parliament.uk/elections/765" }, "geometry": { "type": "Polygon", "coordinates": [ [ [ 0.03242, -0.0777 ], [ 0.03242, -0.07905 ], [ 0.03125, -0.07973 ], [ 0.03008, -0.07905 ], [ 0.03008, -0.0777 ], [ 0.03125, -0.07702 ], [ 0.03242, -0.0777 ], [ 0.03242, -0.0777 ] ] ] } },
{ "type": "Feature", "properties": { "constituency_id": "W07000080", "constituency_name": "Cardiff South and Penarth", "Main party name": "Labour", "Main party abbreviation": "Lab", "Election result summary": "Lab hold", "Election URL": "https://electionresults.parliament.uk/elections/764" }, "geometry": { "type": "Polygon", "coordinates": [ [ [ 0.03359, -0.07973 ], [ 0.03359, -0.08108 ], [ 0.03242, -0.08175 ], [ 0.03125, -0.08108 ], [ 0.03125, -0.07973 ], [ 0.03242, -0.07905 ], [ 0.03359, -0.07973 ], [ 0.03359, -0.07973 ] ] ] } }
]
}
