{
"type": "FeatureCollection",
"name": "data_2024",
"crs": { "type": "name", "properties": { "name": "urn:ogc:def:crs:OGC:1.3:CRS84" } },
"features": [
{ "type": "Feature", "properties": { "constituency_id": "E14001511", "constituency_name": "St Ives", "Main party name": "Liberal Democrat", "Main party abbreviation": "LD", "Election result summary": "LD gain from Con", "Election URL": "https://electionresults.parliament.uk/elections/3795" }, "geometry": { "type": "MultiPolygon", "coordinates": [ [ [ [ -6.800856067418282, 50.01522157099155 ], [ -6.710093617475159, 50.11613295023664 ], [ -6.528568717588912, 50.11613295023664 ], [ -6.437806267645789, 50.01522157099155 ], [ -6.528568717588912, 49.91409782263402 ], [ -6.710093617475159, 49.91409782263402 ], [ -6.800856067418282, 50.01522157099155 ] ] ] ] } },
{ "type": "Feature", "properties": { "constituency_id": "E14001148", "constituency_name": "Camborne and Redruth", "Main party name": "Labour", "Main party abbreviation": "Lab", "Election result summary": "Lab gain from Con", "Election URL": "https://electionresults.parliament.uk/elections/3360" }, "geometry": { "type": "MultiPolygon", "coordinates": [ [ [ [ -6.528568717588912, 50.11613295023664 ], [ -6.437806267645789, 50.216832093998903 ], [ -6.256281367759542, 50.216832093998903 ], [ -6.165518917816421, 50.11613295023664 ], [ -6.256281367759542, 50.01522157099155 ], [ -6.437806267645789, 50.01522157099155 ], [ -6.528568717588912, 50.11613295023664 ] ] ] ] } },
{ "type": "Feature", "properties": { "constituency_id": "E14001508", "constituency_name": "St Austell and Newquay", "Main party name": "Labour", "Main party abbreviation": "Lab", "Election result summary": "Lab gain from Con", "Election URL": "https://electionresults.parliament.uk/elections/3792" }, "geometry": { "type": "MultiPolygon", "coordinates": [ [ [ [ -6.256281367759541, 50.216832093998903 ], [ -6.165518917816419, 50.317319138251982 ], [ -5.983994017930172, 50.317319138251982 ], [ -5.89323156798705, 50.216832093998903 ], [ -5.983994017930172, 50.11613295023664 ], [ -6.165518917816419, 50.11613295023664 ], [ -6.256281367759541, 50.216832093998903 ] ] ] ] } },
{ "type": "Feature", "properties": { "constituency_id": "E14001554", "constituency_name": "Truro and Falmouth", "Main party name": "Labour", "Main party abbreviation": "Lab", "Election result summary": "Lab gain from Con", "Election URL": "https://electionresults.parliament.uk/elections/3842" }, "geometry": { "type": "MultiPolygon", "coordinates": [ [ [ [ -6.256281367759541, 50.01522157099155 ], [ -6.165518917816419, 50.11613295023664 ], [ -5.983994017930172, 50.11613295023664 ], [ -5.89323156798705, 50.01522157099155 ], [ -5.983994017930172, 49.91409782263402 ], [ -6.165518917816419, 49.91409782263402 ], [ -6.256281367759541, 50.01522157099155 ] ] ] ] } },
{ "type": "Feature", "properties": { "constituency_id": "N05000008", "constituency_name": "Foyle", "Main party name": "Social Democratic & Labour Party", "Main party abbreviation": "SDLP", "Election result summary": "SDLP hold", "Election URL": "https://electionresults.parliament.uk/elections/3480" }, "geometry": { "type": "MultiPolygon", "coordinates": [ [ [ [ -5.983994017930172, 55.788427681955966 ], [ -5.89323156798705, 55.876716121216546 ], [ -5.711706668100804, 55.876716121216546 ], [ -5.62094421815768, 55.788427681955966 ], [ -5.711706668100804, 55.699938689872425 ], [ -5.89323156798705, 55.699938689872425 ], [ -5.983994017930172, 55.788427681955966 ] ] ] ] } },
{ "type": "Feature", "properties": { "constituency_id": "N05000018", "constituency_name": "West Tyrone", "Main party name": "Sinn Féin", "Main party abbreviation": "SF", "Election result summary": "SF hold", "Election URL": "https://electionresults.parliament.uk/elections/3871" }, "geometry": { "type": "MultiPolygon", "coordinates": [ [ [ [ -5.983994017930172, 55.611248900945149 ], [ -5.89323156798705, 55.699938689872425 ], [ -5.711706668100804, 55.699938689872425 ], [ -5.62094421815768, 55.611248900945149 ], [ -5.711706668100804, 55.522358072521961 ], [ -5.89323156798705, 55.522358072521961 ], [ -5.983994017930172, 55.611248900945149 ] ] ] ] } },
{ "type": "Feature", "properties": { "constituency_id": "N05000007", "constituency_name": "Fermanagh and South Tyrone", "Main party name": "Sinn Féin", "Main party abbreviation": "SF", "Election result summary": "SF hold", "Election URL": "https://electionresults.parliament.uk/elections/3475" }, "geometry": { "type": "MultiPolygon", "coordinates": [ [ [ [ -5.983994017930172, 55.433265963334023 ], [ -5.89323156798705, 55.522358072521961 ], [ -5.711706668100804, 55.522358072521961 ], [ -5.62094421815768, 55.433265963334023 ], [ -5.711706668100804, 55.343972333510699 ], [ -5.89323156798705, 55.343972333510699 ], [ -5.983994017930172, 55.433265963334023 ] ] ] ] } },
{ "type": "Feature", "properties": { "constituency_id": "E14001385", "constituency_name": "North Cornwall", "Main party name": "Liberal Democrat", "Main party abbreviation": "LD", "Election result summary": "LD gain from Con", "Election URL": "https://electionresults.parliament.uk/elections/3658" }, "geometry": { "type": "MultiPolygon", "coordinates": [ [ [ [ -5.983994017930172, 50.317319138251982 ], [ -5.89323156798705, 50.417594221295502 ], [ -5.711706668100804, 50.417594221295502 ], [ -5.62094421815768, 50.317319138251982 ], [ -5.711706668100804, 50.216832093998903 ], [ -5.89323156798705, 50.216832093998903 ], [ -5.983994017930172, 50.317319138251982 ] ] ] ] } },
{ "type": "Feature", "properties": { "constituency_id": "E14001486", "constituency_name": "South East Cornwall", "Main party name": "Labour", "Main party abbreviation": "Lab", "Election result summary": "Lab gain from Con", "Election URL": "https://electionresults.parliament.uk/elections/3770" }, "geometry": { "type": "MultiPolygon", "coordinates": [ [ [ [ -5.983994017930172, 50.11613295023664 ], [ -5.89323156798705, 50.216832093998903 ], [ -5.711706668100804, 50.216832093998903 ], [ -5.62094421815768, 50.11613295023664 ], [ -5.711706668100804, 50.01522157099155 ], [ -5.89323156798705, 50.01522157099155 ], [ -5.983994017930172, 50.11613295023664 ] ] ] ] } },
{ "type": "Feature", "properties": { "constituency_id": "N05000006", "constituency_name": "East Londonderry", "Main party name": "Democratic Unionist Party", "Main party abbreviation": "DUP", "Election result summary": "DUP hold", "Election URL": "https://electionresults.parliament.uk/elections/3445" }, "geometry": { "type": "MultiPolygon", "coordinates": [ [ [ [ -5.711706668100804, 55.876716121216546 ], [ -5.62094421815768, 55.964804253028873 ], [ -5.439419318271433, 55.964804253028873 ], [ -5.34865686832831, 55.876716121216546 ], [ -5.439419318271433, 55.788427681955966 ], [ -5.62094421815768, 55.788427681955966 ], [ -5.711706668100804, 55.876716121216546 ] ] ] ] } },
{ "type": "Feature", "properties": { "constituency_id": "N05000010", "constituency_name": "Mid Ulster", "Main party name": "Sinn Féin", "Main party abbreviation": "SF", "Election result summary": "SF hold", "Election URL": "https://electionresults.parliament.uk/elections/3627" }, "geometry": { "type": "MultiPolygon", "coordinates": [ [ [ [ -5.711706668100804, 55.699938689872425 ], [ -5.62094421815768, 55.788427681955966 ], [ -5.439419318271433, 55.788427681955966 ], [ -5.34865686832831, 55.699938689872425 ], [ -5.439419318271433, 55.611248900945149 ], [ -5.62094421815768, 55.611248900945149 ], [ -5.711706668100804, 55.699938689872425 ] ] ] ] } },
{ "type": "Feature", "properties": { "constituency_id": "N05000017", "constituency_name": "Upper Bann", "Main party name": "Democratic Unionist Party", "Main party abbreviation": "DUP", "Election result summary": "DUP hold", "Election URL": "https://electionresults.parliament.uk/elections/3846" }, "geometry": { "type": "MultiPolygon", "coordinates": [ [ [ [ -5.711706668100804, 55.522358072521961 ], [ -5.62094421815768, 55.611248900945149 ], [ -5.439419318271433, 55.611248900945149 ], [ -5.34865686832831, 55.522358072521961 ], [ -5.439419318271433, 55.433265963334023 ], [ -5.62094421815768, 55.433265963334023 ], [ -5.711706668100804, 55.522358072521961 ] ] ] ] } },
{ "type": "Feature", "properties": { "constituency_id": "N05000011", "constituency_name": "Newry and Armagh", "Main party name": "Sinn Féin", "Main party abbreviation": "SF", "Election result summary": "SF hold", "Election URL": "https://electionresults.parliament.uk/elections/3651" }, "geometry": { "type": "MultiPolygon", "coordinates": [ [ [ [ -5.711706668100804, 55.343972333510699 ], [ -5.62094421815768, 55.433265963334023 ], [ -5.439419318271433, 55.433265963334023 ], [ -5.34865686832831, 55.343972333510699 ], [ -5.439419318271433, 55.254476944594387 ], [ -5.62094421815768, 55.254476944594387 ], [ -5.711706668100804, 55.343972333510699 ] ] ] ] } },
{ "type": "Feature", "properties": { "constituency_id": "W07000093", "constituency_name": "Ceredigion Preseli", "Main party name": "Plaid Cymru", "Main party abbreviation": "PC", "Election result summary": "PC hold", "Election URL": "https://electionresults.parliament.uk/elections/3374" }, "geometry": { "type": "MultiPolygon", "coordinates": [ [ [ [ -5.711706668100804, 51.99329041563827 ], [ -5.62094421815768, 52.089985485169159 ], [ -5.439419318271433, 52.089985485169159 ], [ -5.34865686832831, 51.99329041563827 ], [ -5.439419318271433, 51.896386074569342 ], [ -5.62094421815768, 51.896386074569342 ], [ -5.711706668100804, 51.99329041563827 ] ] ] ] } },
{ "type": "Feature", "properties": { "constituency_id": "W07000100", "constituency_name": "Mid and South Pembrokeshire", "Main party name": "Labour", "Main party abbreviation": "Lab", "Election result summary": "Lab gain from Con", "Election URL": "https://electionresults.parliament.uk/elections/3617" }, "geometry": { "type": "MultiPolygon", "coordinates": [ [ [ [ -5.711706668100804, 51.79927228684258 ], [ -5.62094421815768, 51.896386074569342 ], [ -5.439419318271433, 51.896386074569342 ], [ -5.34865686832831, 51.79927228684258 ], [ -5.439419318271433, 51.701948879363918 ], [ -5.62094421815768, 51.701948879363918 ], [ -5.711706668100804, 51.79927228684258 ] ] ] ] } },
{ "type": "Feature", "properties": { "constituency_id": "E14001552", "constituency_name": "Torridge and Tavistock", "Main party name": "Conservative", "Main party abbreviation": "Con", "Election result summary": "Con hold", "Election URL": "https://electionresults.parliament.uk/elections/3840" }, "geometry": { "type": "MultiPolygon", "coordinates": [ [ [ [ -5.711706668100804, 50.417594221295502 ], [ -5.62094421815768, 50.517657483737018 ], [ -5.439419318271433, 50.517657483737018 ], [ -5.34865686832831, 50.417594221295502 ], [ -5.439419318271433, 50.317319138251982 ], [ -5.62094421815768, 50.317319138251982 ], [ -5.711706668100804, 50.417594221295502 ] ] ] ] } },
{ "type": "Feature", "properties": { "constituency_id": "E14001426", "constituency_name": "Plymouth Moor View", "Main party name": "Labour", "Main party abbreviation": "Lab", "Election result summary": "Lab gain from Con", "Election URL": "https://electionresults.parliament.uk/elections/3705" }, "geometry": { "type": "MultiPolygon", "coordinates": [ [ [ [ -5.711706668100804, 50.216832093998903 ], [ -5.62094421815768, 50.317319138251982 ], [ -5.439419318271433, 50.317319138251982 ], [ -5.34865686832831, 50.216832093998903 ], [ -5.439419318271433, 50.11613295023664 ], [ -5.62094421815768, 50.11613295023664 ], [ -5.711706668100804, 50.216832093998903 ] ] ] ] } },
{ "type": "Feature", "properties": { "constituency_id": "N05000012", "constituency_name": "North Antrim", "Main party name": "Traditional Unionist Voice", "Main party abbreviation": "TUV", "Election result summary": "TUV gain from DUP", "Election URL": "https://electionresults.parliament.uk/elections/3655" }, "geometry": { "type": "MultiPolygon", "coordinates": [ [ [ [ -5.439419318271433, 55.788427681955966 ], [ -5.34865686832831, 55.876716121216546 ], [ -5.167131968442065, 55.876716121216546 ], [ -5.076369518498942, 55.788427681955966 ], [ -5.167131968442065, 55.699938689872425 ], [ -5.34865686832831, 55.699938689872425 ], [ -5.439419318271433, 55.788427681955966 ] ] ] ] } },
{ "type": "Feature", "properties": { "constituency_id": "N05000014", "constituency_name": "South Antrim", "Main party name": "Ulster Unionist Party", "Main party abbreviation": "UUP", "Election result summary": "UUP gain from DUP", "Election URL": "https://electionresults.parliament.uk/elections/3762" }, "geometry": { "type": "MultiPolygon", "coordinates": [ [ [ [ -5.439419318271433, 55.611248900945149 ], [ -5.34865686832831, 55.699938689872425 ], [ -5.167131968442065, 55.699938689872425 ], [ -5.076369518498942, 55.611248900945149 ], [ -5.167131968442065, 55.522358072521961 ], [ -5.34865686832831, 55.522358072521961 ], [ -5.439419318271433, 55.611248900945149 ] ] ] ] } },
{ "type": "Feature", "properties": { "constituency_id": "N05000009", "constituency_name": "Lagan Valley", "Main party name": "Alliance", "Main party abbreviation": "APNI", "Election result summary": "APNI gain from DUP", "Election URL": "https://electionresults.parliament.uk/elections/3571" }, "geometry": { "type": "MultiPolygon", "coordinates": [ [ [ [ -5.439419318271433, 55.433265963334023 ], [ -5.34865686832831, 55.522358072521961 ], [ -5.167131968442065, 55.522358072521961 ], [ -5.076369518498942, 55.433265963334023 ], [ -5.167131968442065, 55.343972333510699 ], [ -5.34865686832831, 55.343972333510699 ], [ -5.439419318271433, 55.433265963334023 ] ] ] ] } },
{ "type": "Feature", "properties": { "constituency_id": "W07000087", "constituency_name": "Caerfyrddin", "Main party name": "Plaid Cymru", "Main party abbreviation": "PC", "Election result summary": "PC gain from Con", "Election URL": "https://electionresults.parliament.uk/elections/3356" }, "geometry": { "type": "MultiPolygon", "coordinates": [ [ [ [ -5.439419318271433, 52.089985485169159 ], [ -5.34865686832831, 52.186471460290349 ], [ -5.167131968442065, 52.186471460290349 ], [ -5.076369518498942, 52.089985485169159 ], [ -5.167131968442065, 51.99329041563827 ], [ -5.34865686832831, 51.99329041563827 ], [ -5.439419318271433, 52.089985485169159 ] ] ] ] } },
{ "type": "Feature", "properties": { "constituency_id": "W07000098", "constituency_name": "Llanelli", "Main party name": "Labour", "Main party abbreviation": "Lab", "Election result summary": "Lab hold", "Election URL": "https://electionresults.parliament.uk/elections/3597" }, "geometry": { "type": "MultiPolygon", "coordinates": [ [ [ [ -5.439419318271433, 51.896386074569342 ], [ -5.34865686832831, 51.99329041563827 ], [ -5.167131968442065, 51.99329041563827 ], [ -5.076369518498942, 51.896386074569342 ], [ -5.167131968442065, 51.79927228684258 ], [ -5.34865686832831, 51.79927228684258 ], [ -5.439419318271433, 51.896386074569342 ] ] ] ] } },
{ "type": "Feature", "properties": { "constituency_id": "E14001387", "constituency_name": "North Devon", "Main party name": "Liberal Democrat", "Main party abbreviation": "LD", "Election result summary": "LD gain from Con", "Election URL": "https://electionresults.parliament.uk/elections/3660" }, "geometry": { "type": "MultiPolygon", "coordinates": [ [ [ [ -5.439419318271433, 50.717149120676005 ], [ -5.34865686832831, 50.816577787766647 ], [ -5.167131968442065, 50.816577787766647 ], [ -5.076369518498942, 50.717149120676005 ], [ -5.167131968442065, 50.617509068474007 ], [ -5.34865686832831, 50.617509068474007 ], [ -5.439419318271433, 50.717149120676005 ] ] ] ] } },
{ "type": "Feature", "properties": { "constituency_id": "E14001155", "constituency_name": "Central Devon", "Main party name": "Conservative", "Main party abbreviation": "Con", "Election result summary": "Con hold", "Election URL": "https://electionresults.parliament.uk/elections/3372" }, "geometry": { "type": "MultiPolygon", "coordinates": [ [ [ [ -5.439419318271433, 50.517657483737018 ], [ -5.34865686832831, 50.617509068474007 ], [ -5.167131968442065, 50.617509068474007 ], [ -5.076369518498942, 50.517657483737018 ], [ -5.167131968442065, 50.417594221295502 ], [ -5.34865686832831, 50.417594221295502 ], [ -5.439419318271433, 50.517657483737018 ] ] ] ] } },
{ "type": "Feature", "properties": { "constituency_id": "E14001495", "constituency_name": "South West Devon", "Main party name": "Conservative", "Main party abbreviation": "Con", "Election result summary": "Con hold", "Election URL": "https://electionresults.parliament.uk/elections/3779" }, "geometry": { "type": "MultiPolygon", "coordinates": [ [ [ [ -5.439419318271433, 50.317319138251982 ], [ -5.34865686832831, 50.417594221295502 ], [ -5.167131968442065, 50.417594221295502 ], [ -5.076369518498942, 50.317319138251982 ], [ -5.167131968442065, 50.216832093998903 ], [ -5.34865686832831, 50.216832093998903 ], [ -5.439419318271433, 50.317319138251982 ] ] ] ] } },
{ "type": "Feature", "properties": { "constituency_id": "E14001427", "constituency_name": "Plymouth Sutton and Devonport", "Main party name": "Labour", "Main party abbreviation": "Lab", "Election result summary": "Lab hold", "Election URL": "https://electionresults.parliament.uk/elections/3706" }, "geometry": { "type": "MultiPolygon", "coordinates": [ [ [ [ -5.439419318271433, 50.11613295023664 ], [ -5.34865686832831, 50.216832093998903 ], [ -5.167131968442065, 50.216832093998903 ], [ -5.076369518498942, 50.11613295023664 ], [ -5.167131968442065, 50.01522157099155 ], [ -5.34865686832831, 50.01522157099155 ], [ -5.439419318271433, 50.11613295023664 ] ] ] ] } },
{ "type": "Feature", "properties": { "constituency_id": "N05000005", "constituency_name": "East Antrim", "Main party name": "Democratic Unionist Party", "Main party abbreviation": "DUP", "Election result summary": "DUP hold", "Election URL": "https://electionresults.parliament.uk/elections/3440" }, "geometry": { "type": "MultiPolygon", "coordinates": [ [ [ [ -5.167131968442065, 55.876716121216546 ], [ -5.076369518498942, 55.964804253028873 ], [ -4.894844618612695, 55.964804253028873 ], [ -4.804082168669572, 55.876716121216546 ], [ -4.894844618612695, 55.788427681955966 ], [ -5.076369518498942, 55.788427681955966 ], [ -5.167131968442065, 55.876716121216546 ] ] ] ] } },
{ "type": "Feature", "properties": { "constituency_id": "N05000004", "constituency_name": "Belfast West", "Main party name": "Sinn Féin", "Main party abbreviation": "SF", "Election result summary": "SF hold", "Election URL": "https://electionresults.parliament.uk/elections/3289" }, "geometry": { "type": "MultiPolygon", "coordinates": [ [ [ [ -5.167131968442065, 55.699938689872425 ], [ -5.076369518498942, 55.788427681955966 ], [ -4.894844618612695, 55.788427681955966 ], [ -4.804082168669572, 55.699938689872425 ], [ -4.894844618612695, 55.611248900945149 ], [ -5.076369518498942, 55.611248900945149 ], [ -5.167131968442065, 55.699938689872425 ] ] ] ] } },
{ "type": "Feature", "properties": { "constituency_id": "N05000003", "constituency_name": "Belfast South and Mid Down", "Main party name": "Social Democratic & Labour Party", "Main party abbreviation": "SDLP", "Election result summary": "SDLP hold", "Election URL": "https://electionresults.parliament.uk/elections/3288" }, "geometry": { "type": "MultiPolygon", "coordinates": [ [ [ [ -5.167131968442065, 55.522358072521961 ], [ -5.076369518498942, 55.611248900945149 ], [ -4.894844618612695, 55.611248900945149 ], [ -4.804082168669572, 55.522358072521961 ], [ -4.894844618612695, 55.433265963334023 ], [ -5.076369518498942, 55.433265963334023 ], [ -5.167131968442065, 55.522358072521961 ] ] ] ] } },
{ "type": "Feature", "properties": { "constituency_id": "N05000015", "constituency_name": "South Down", "Main party name": "Sinn Féin", "Main party abbreviation": "SF", "Election result summary": "SF hold", "Election URL": "https://electionresults.parliament.uk/elections/3769" }, "geometry": { "type": "MultiPolygon", "coordinates": [ [ [ [ -5.167131968442065, 55.343972333510699 ], [ -5.076369518498942, 55.433265963334023 ], [ -4.894844618612695, 55.433265963334023 ], [ -4.804082168669572, 55.343972333510699 ], [ -4.894844618612695, 55.254476944594387 ], [ -5.076369518498942, 55.254476944594387 ], [ -5.167131968442065, 55.343972333510699 ] ] ] ] } },
{ "type": "Feature", "properties": { "constituency_id": "W07000112", "constituency_name": "Ynys Môn", "Main party name": "Plaid Cymru", "Main party abbreviation": "PC", "Election result summary": "PC gain from Con", "Election URL": "https://electionresults.parliament.uk/elections/3898" }, "geometry": { "type": "MultiPolygon", "coordinates": [ [ [ [ -5.167131968442065, 53.515424025184686 ], [ -5.076369518498942, 53.608796153338226 ], [ -4.894844618612695, 53.608796153338226 ], [ -4.804082168669572, 53.515424025184686 ], [ -4.894844618612695, 53.421845689035351 ], [ -5.076369518498942, 53.421845689035351 ], [ -5.167131968442065, 53.515424025184686 ] ] ] ] } },
{ "type": "Feature", "properties": { "constituency_id": "W07000097", "constituency_name": "Gower", "Main party name": "Labour", "Main party abbreviation": "Lab", "Election result summary": "Lab hold", "Election URL": "https://electionresults.parliament.uk/elections/3501" }, "geometry": { "type": "MultiPolygon", "coordinates": [ [ [ [ -5.167131968442065, 52.186471460290349 ], [ -5.076369518498942, 52.282748520121601 ], [ -4.894844618612695, 52.282748520121601 ], [ -4.804082168669572, 52.186471460290349 ], [ -4.894844618612695, 52.089985485169159 ], [ -5.076369518498942, 52.089985485169159 ], [ -5.167131968442065, 52.186471460290349 ] ] ] ] } },
{ "type": "Feature", "properties": { "constituency_id": "W07000108", "constituency_name": "Swansea West", "Main party name": "Labour", "Main party abbreviation": "Lab", "Election result summary": "Lab hold", "Election URL": "https://electionresults.parliament.uk/elections/3822" }, "geometry": { "type": "MultiPolygon", "coordinates": [ [ [ [ -5.167131968442065, 51.99329041563827 ], [ -5.076369518498942, 52.089985485169159 ], [ -4.894844618612695, 52.089985485169159 ], [ -4.804082168669572, 51.99329041563827 ], [ -4.894844618612695, 51.896386074569342 ], [ -5.076369518498942, 51.896386074569342 ], [ -5.167131968442065, 51.99329041563827 ] ] ] ] } },
{ "type": "Feature", "properties": { "constituency_id": "W07000103", "constituency_name": "Neath and Swansea East", "Main party name": "Labour", "Main party abbreviation": "Lab", "Election result summary": "Lab hold", "Election URL": "https://electionresults.parliament.uk/elections/3640" }, "geometry": { "type": "MultiPolygon", "coordinates": [ [ [ [ -5.167131968442065, 51.79927228684258 ], [ -5.076369518498942, 51.896386074569342 ], [ -4.894844618612695, 51.896386074569342 ], [ -4.804082168669572, 51.79927228684258 ], [ -4.894844618612695, 51.701948879363918 ], [ -5.076369518498942, 51.701948879363918 ], [ -5.167131968442065, 51.79927228684258 ] ] ] ] } },
{ "type": "Feature", "properties": { "constituency_id": "E14001548", "constituency_name": "Tiverton and Minehead", "Main party name": "Liberal Democrat", "Main party abbreviation": "LD", "Election result summary": "LD gain from Con", "Election URL": "https://electionresults.parliament.uk/elections/3835" }, "geometry": { "type": "MultiPolygon", "coordinates": [ [ [ [ -5.167131968442065, 50.816577787766647 ], [ -5.076369518498942, 50.915795219405837 ], [ -4.894844618612695, 50.915795219405837 ], [ -4.804082168669572, 50.816577787766647 ], [ -4.894844618612695, 50.717149120676005 ], [ -5.076369518498942, 50.717149120676005 ], [ -5.167131968442065, 50.816577787766647 ] ] ] ] } },
{ "type": "Feature", "properties": { "constituency_id": "E14001231", "constituency_name": "Exeter", "Main party name": "Labour", "Main party abbreviation": "Lab", "Election result summary": "Lab hold", "Election URL": "https://electionresults.parliament.uk/elections/3468" }, "geometry": { "type": "MultiPolygon", "coordinates": [ [ [ [ -5.167131968442065, 50.617509068474007 ], [ -5.076369518498942, 50.717149120676005 ], [ -4.894844618612695, 50.717149120676005 ], [ -4.804082168669572, 50.617509068474007 ], [ -4.894844618612695, 50.517657483737018 ], [ -5.076369518498942, 50.517657483737018 ], [ -5.167131968442065, 50.617509068474007 ] ] ] ] } },
{ "type": "Feature", "properties": { "constituency_id": "E14001381", "constituency_name": "Newton Abbot", "Main party name": "Liberal Democrat", "Main party abbreviation": "LD", "Election result summary": "LD gain from Con", "Election URL": "https://electionresults.parliament.uk/elections/3652" }, "geometry": { "type": "MultiPolygon", "coordinates": [ [ [ [ -5.167131968442065, 50.417594221295502 ], [ -5.076369518498942, 50.517657483737018 ], [ -4.894844618612695, 50.517657483737018 ], [ -4.804082168669572, 50.417594221295502 ], [ -4.894844618612695, 50.317319138251982 ], [ -5.076369518498942, 50.317319138251982 ], [ -5.167131968442065, 50.417594221295502 ] ] ] ] } },
{ "type": "Feature", "properties": { "constituency_id": "E14001551", "constituency_name": "Torbay", "Main party name": "Liberal Democrat", "Main party abbreviation": "LD", "Election result summary": "LD gain from Con", "Election URL": "https://electionresults.parliament.uk/elections/3838" }, "geometry": { "type": "MultiPolygon", "coordinates": [ [ [ [ -5.167131968442065, 50.216832093998903 ], [ -5.076369518498942, 50.317319138251982 ], [ -4.894844618612695, 50.317319138251982 ], [ -4.804082168669572, 50.216832093998903 ], [ -4.894844618612695, 50.11613295023664 ], [ -5.076369518498942, 50.11613295023664 ], [ -5.167131968442065, 50.216832093998903 ] ] ] ] } },
{ "type": "Feature", "properties": { "constituency_id": "E14001484", "constituency_name": "South Devon", "Main party name": "Liberal Democrat", "Main party abbreviation": "LD", "Election result summary": "LD gain from Con", "Election URL": "https://electionresults.parliament.uk/elections/3767" }, "geometry": { "type": "MultiPolygon", "coordinates": [ [ [ [ -5.167131968442065, 50.01522157099155 ], [ -5.076369518498942, 50.11613295023664 ], [ -4.894844618612695, 50.11613295023664 ], [ -4.804082168669572, 50.01522157099155 ], [ -4.894844618612695, 49.91409782263402 ], [ -5.076369518498942, 49.91409782263402 ], [ -5.167131968442065, 50.01522157099155 ] ] ] ] } },
{ "type": "Feature", "properties": { "constituency_id": "S14000027", "constituency_name": "Na h-Eileanan an Iar", "Main party name": "Labour", "Main party abbreviation": "Lab", "Election result summary": "Lab gain from SNP", "Election URL": "https://electionresults.parliament.uk/elections/3639" }, "geometry": { "type": "MultiPolygon", "coordinates": [ [ [ [ -4.894844618612694, 57.516425502669513 ], [ -4.804082168669572, 57.600756109783759 ], [ -4.622557268783325, 57.600756109783759 ], [ -4.531794818840202, 57.516425502669513 ], [ -4.622557268783325, 57.431899488446454 ], [ -4.804082168669572, 57.431899488446454 ], [ -4.894844618612694, 57.516425502669513 ] ] ] ] } },
{ "type": "Feature", "properties": { "constituency_id": "N05000002", "constituency_name": "Belfast North", "Main party name": "Sinn Féin", "Main party abbreviation": "SF", "Election result summary": "SF hold", "Election URL": "https://electionresults.parliament.uk/elections/3287" }, "geometry": { "type": "MultiPolygon", "coordinates": [ [ [ [ -4.894844618612694, 55.788427681955966 ], [ -4.804082168669572, 55.876716121216546 ], [ -4.622557268783325, 55.876716121216546 ], [ -4.531794818840202, 55.788427681955966 ], [ -4.622557268783325, 55.699938689872425 ], [ -4.804082168669572, 55.699938689872425 ], [ -4.894844618612694, 55.788427681955966 ] ] ] ] } },
{ "type": "Feature", "properties": { "constituency_id": "N05000001", "constituency_name": "Belfast East", "Main party name": "Democratic Unionist Party", "Main party abbreviation": "DUP", "Election result summary": "DUP hold", "Election URL": "https://electionresults.parliament.uk/elections/3286" }, "geometry": { "type": "MultiPolygon", "coordinates": [ [ [ [ -4.894844618612694, 55.611248900945149 ], [ -4.804082168669572, 55.699938689872425 ], [ -4.622557268783325, 55.699938689872425 ], [ -4.531794818840202, 55.611248900945149 ], [ -4.622557268783325, 55.522358072521961 ], [ -4.804082168669572, 55.522358072521961 ], [ -4.894844618612694, 55.611248900945149 ] ] ] ] } },
{ "type": "Feature", "properties": { "constituency_id": "N05000016", "constituency_name": "Strangford", "Main party name": "Democratic Unionist Party", "Main party abbreviation": "DUP", "Election result summary": "DUP hold", "Election URL": "https://electionresults.parliament.uk/elections/3810" }, "geometry": { "type": "MultiPolygon", "coordinates": [ [ [ [ -4.894844618612694, 55.433265963334023 ], [ -4.804082168669572, 55.522358072521961 ], [ -4.622557268783325, 55.522358072521961 ], [ -4.531794818840202, 55.433265963334023 ], [ -4.622557268783325, 55.343972333510699 ], [ -4.804082168669572, 55.343972333510699 ], [ -4.894844618612694, 55.433265963334023 ] ] ] ] } },
{ "type": "Feature", "properties": { "constituency_id": "W07000096", "constituency_name": "Dwyfor Meirionnydd", "Main party name": "Plaid Cymru", "Main party abbreviation": "PC", "Election result summary": "PC hold", "Election URL": "https://electionresults.parliament.uk/elections/3434" }, "geometry": { "type": "MultiPolygon", "coordinates": [ [ [ [ -4.894844618612694, 53.421845689035351 ], [ -4.804082168669572, 53.515424025184686 ], [ -4.622557268783325, 53.515424025184686 ], [ -4.531794818840202, 53.421845689035351 ], [ -4.622557268783325, 53.328060939661697 ], [ -4.804082168669572, 53.328060939661697 ], [ -4.894844618612694, 53.421845689035351 ] ] ] ] } },
{ "type": "Feature", "properties": { "constituency_id": "W07000099", "constituency_name": "Merthyr Tydfil and Aberdare", "Main party name": "Labour", "Main party abbreviation": "Lab", "Election result summary": "Lab hold", "Election URL": "https://electionresults.parliament.uk/elections/3616" }, "geometry": { "type": "MultiPolygon", "coordinates": [ [ [ [ -4.894844618612694, 52.282748520121601 ], [ -4.804082168669572, 52.37881684575693 ], [ -4.622557268783325, 52.37881684575693 ], [ -4.531794818840202, 52.282748520121601 ], [ -4.622557268783325, 52.186471460290349 ], [ -4.804082168669572, 52.186471460290349 ], [ -4.894844618612694, 52.282748520121601 ] ] ] ] } },
{ "type": "Feature", "properties": { "constituency_id": "W07000107", "constituency_name": "Rhondda and Ogmore", "Main party name": "Labour", "Main party abbreviation": "Lab", "Election result summary": "Lab hold", "Election URL": "https://electionresults.parliament.uk/elections/3723" }, "geometry": { "type": "MultiPolygon", "coordinates": [ [ [ [ -4.894844618612694, 52.089985485169159 ], [ -4.804082168669572, 52.186471460290349 ], [ -4.622557268783325, 52.186471460290349 ], [ -4.531794818840202, 52.089985485169159 ], [ -4.622557268783325, 51.99329041563827 ], [ -4.804082168669572, 51.99329041563827 ], [ -4.894844618612694, 52.089985485169159 ] ] ] ] } },
{ "type": "Feature", "properties": { "constituency_id": "W07000086", "constituency_name": "Bridgend", "Main party name": "Labour", "Main party abbreviation": "Lab", "Election result summary": "Lab gain from Con", "Election URL": "https://electionresults.parliament.uk/elections/3334" }, "geometry": { "type": "MultiPolygon", "coordinates": [ [ [ [ -4.894844618612694, 51.896386074569342 ], [ -4.804082168669572, 51.99329041563827 ], [ -4.622557268783325, 51.99329041563827 ], [ -4.531794818840202, 51.896386074569342 ], [ -4.622557268783325, 51.79927228684258 ], [ -4.804082168669572, 51.79927228684258 ], [ -4.894844618612694, 51.896386074569342 ] ] ] ] } },
{ "type": "Feature", "properties": { "constituency_id": "W07000081", "constituency_name": "Aberafan Maesteg", "Main party name": "Labour", "Main party abbreviation": "Lab", "Election result summary": "Lab hold", "Election URL": "https://electionresults.parliament.uk/elections/3251" }, "geometry": { "type": "MultiPolygon", "coordinates": [ [ [ [ -4.894844618612694, 51.701948879363918 ], [ -4.804082168669572, 51.79927228684258 ], [ -4.622557268783325, 51.79927228684258 ], [ -4.531794818840202, 51.701948879363918 ], [ -4.622557268783325, 51.604415681082358 ], [ -4.804082168669572, 51.604415681082358 ], [ -4.894844618612694, 51.701948879363918 ] ] ] ] } },
{ "type": "Feature", "properties": { "constituency_id": "E14001540", "constituency_name": "Taunton and Wellington", "Main party name": "Liberal Democrat", "Main party abbreviation": "LD", "Election result summary": "LD gain from Con", "Election URL": "https://electionresults.parliament.uk/elections/3827" }, "geometry": { "type": "MultiPolygon", "coordinates": [ [ [ [ -4.894844618612694, 50.915795219405837 ], [ -4.804082168669572, 51.014801567471935 ], [ -4.622557268783325, 51.014801567471935 ], [ -4.531794818840202, 50.915795219405837 ], [ -4.622557268783325, 50.816577787766647 ], [ -4.804082168669572, 50.816577787766647 ], [ -4.894844618612694, 50.915795219405837 ] ] ] ] } },
{ "type": "Feature", "properties": { "constituency_id": "E14001603", "constituency_name": "Yeovil", "Main party name": "Liberal Democrat", "Main party abbreviation": "LD", "Election result summary": "LD gain from Con", "Election URL": "https://electionresults.parliament.uk/elections/3897" }, "geometry": { "type": "MultiPolygon", "coordinates": [ [ [ [ -4.894844618612694, 50.717149120676005 ], [ -4.804082168669572, 50.816577787766647 ], [ -4.622557268783325, 50.816577787766647 ], [ -4.531794818840202, 50.717149120676005 ], [ -4.622557268783325, 50.617509068474007 ], [ -4.804082168669572, 50.617509068474007 ], [ -4.894844618612694, 50.717149120676005 ] ] ] ] } },
{ "type": "Feature", "properties": { "constituency_id": "E14001291", "constituency_name": "Honiton and Sidmouth", "Main party name": "Liberal Democrat", "Main party abbreviation": "LD", "Election result summary": "LD gain from Con", "Election URL": "https://electionresults.parliament.uk/elections/3541" }, "geometry": { "type": "MultiPolygon", "coordinates": [ [ [ [ -4.894844618612694, 50.517657483737018 ], [ -4.804082168669572, 50.617509068474007 ], [ -4.622557268783325, 50.617509068474007 ], [ -4.531794818840202, 50.517657483737018 ], [ -4.622557268783325, 50.417594221295502 ], [ -4.804082168669572, 50.417594221295502 ], [ -4.894844618612694, 50.517657483737018 ] ] ] ] } },
{ "type": "Feature", "properties": { "constituency_id": "E14001232", "constituency_name": "Exmouth and Exeter East", "Main party name": "Conservative", "Main party abbreviation": "Con", "Election result summary": "Con hold", "Election URL": "https://electionresults.parliament.uk/elections/3469" }, "geometry": { "type": "MultiPolygon", "coordinates": [ [ [ [ -4.894844618612694, 50.317319138251982 ], [ -4.804082168669572, 50.417594221295502 ], [ -4.622557268783325, 50.417594221295502 ], [ -4.531794818840202, 50.317319138251982 ], [ -4.622557268783325, 50.216832093998903 ], [ -4.804082168669572, 50.216832093998903 ], [ -4.894844618612694, 50.317319138251982 ] ] ] ] } },
{ "type": "Feature", "properties": { "constituency_id": "S14000048", "constituency_name": "North Ayrshire and Arran", "Main party name": "Labour", "Main party abbreviation": "Lab", "Election result summary": "Lab gain from SNP", "Election URL": "https://electionresults.parliament.uk/elections/3656" }, "geometry": { "type": "MultiPolygon", "coordinates": [ [ [ [ -4.622557268783325, 56.575833456243259 ], [ -4.531794818840202, 56.662328119638808 ], [ -4.350269918953955, 56.662328119638808 ], [ -4.259507469010832, 56.575833456243259 ], [ -4.350269918953955, 56.489140495399049 ], [ -4.531794818840202, 56.489140495399049 ], [ -4.622557268783325, 56.575833456243259 ] ] ] ] } },
{ "type": "Feature", "properties": { "constituency_id": "N05000013", "constituency_name": "North Down", "Main party name": null, "Main party abbreviation": null, "Election result summary": "Ind gain from APNI", "Election URL": "https://electionresults.parliament.uk/elections/3662" }, "geometry": { "type": "MultiPolygon", "coordinates": [ [ [ [ -4.622557268783325, 55.699938689872425 ], [ -4.531794818840202, 55.788427681955966 ], [ -4.350269918953955, 55.788427681955966 ], [ -4.259507469010832, 55.699938689872425 ], [ -4.350269918953955, 55.611248900945149 ], [ -4.531794818840202, 55.611248900945149 ], [ -4.622557268783325, 55.699938689872425 ] ] ] ] } },
{ "type": "Feature", "properties": { "constituency_id": "E14001561", "constituency_name": "Wallasey", "Main party name": "Labour", "Main party abbreviation": "Lab", "Election result summary": "Lab hold", "Election URL": "https://electionresults.parliament.uk/elections/3851" }, "geometry": { "type": "MultiPolygon", "coordinates": [ [ [ [ -4.622557268783325, 54.256644827202436 ], [ -4.531794818840202, 54.348374885110502 ], [ -4.350269918953955, 54.348374885110502 ], [ -4.259507469010832, 54.256644827202436 ], [ -4.350269918953955, 54.16471026443709 ], [ -4.531794818840202, 54.16471026443709 ], [ -4.622557268783325, 54.256644827202436 ] ] ] ] } },
{ "type": "Feature", "properties": { "constituency_id": "E14001091", "constituency_name": "Birkenhead", "Main party name": "Labour", "Main party abbreviation": "Lab", "Election result summary": "Lab hold", "Election URL": "https://electionresults.parliament.uk/elections/3297" }, "geometry": { "type": "MultiPolygon", "coordinates": [ [ [ [ -4.622557268783325, 54.072570978111266 ], [ -4.531794818840202, 54.16471026443709 ], [ -4.350269918953955, 54.16471026443709 ], [ -4.259507469010832, 54.072570978111266 ], [ -4.350269918953955, 53.980226751150099 ], [ -4.531794818840202, 53.980226751150099 ], [ -4.622557268783325, 54.072570978111266 ] ] ] ] } },
{ "type": "Feature", "properties": { "constituency_id": "E14001589", "constituency_name": "Wirral West", "Main party name": "Labour", "Main party abbreviation": "Lab", "Election result summary": "Lab hold", "Election URL": "https://electionresults.parliament.uk/elections/3882" }, "geometry": { "type": "MultiPolygon", "coordinates": [ [ [ [ -4.622557268783325, 53.887677368122986 ], [ -4.531794818840202, 53.980226751150099 ], [ -4.350269918953955, 53.980226751150099 ], [ -4.259507469010832, 53.887677368122986 ], [ -4.350269918953955, 53.794922615259459 ], [ -4.531794818840202, 53.794922615259459 ], [ -4.622557268783325, 53.887677368122986 ] ] ] ] } },
{ "type": "Feature", "properties": { "constituency_id": "W07000095", "constituency_name": "Clwyd North", "Main party name": "Labour", "Main party abbreviation": "Lab", "Election result summary": "Lab gain from Con", "Election URL": "https://electionresults.parliament.uk/elections/3395" }, "geometry": { "type": "MultiPolygon", "coordinates": [ [ [ [ -4.622557268783325, 53.515424025184686 ], [ -4.531794818840202, 53.608796153338226 ], [ -4.350269918953955, 53.608796153338226 ], [ -4.259507469010832, 53.515424025184686 ], [ -4.350269918953955, 53.421845689035351 ], [ -4.531794818840202, 53.421845689035351 ], [ -4.622557268783325, 53.515424025184686 ] ] ] ] } },
{ "type": "Feature", "properties": { "constituency_id": "W07000083", "constituency_name": "Bangor Aberconwy", "Main party name": "Labour", "Main party abbreviation": "Lab", "Election result summary": "Lab gain from Con", "Election URL": "https://electionresults.parliament.uk/elections/3272" }, "geometry": { "type": "MultiPolygon", "coordinates": [ [ [ [ -4.622557268783325, 53.328060939661697 ], [ -4.531794818840202, 53.421845689035351 ], [ -4.350269918953955, 53.421845689035351 ], [ -4.259507469010832, 53.328060939661697 ], [ -4.350269918953955, 53.234069573592272 ], [ -4.531794818840202, 53.234069573592272 ], [ -4.622557268783325, 53.328060939661697 ] ] ] ] } },
{ "type": "Feature", "properties": { "constituency_id": "W07000106", "constituency_name": "Pontypridd", "Main party name": "Labour", "Main party abbreviation": "Lab", "Election result summary": "Lab hold", "Election URL": "https://electionresults.parliament.uk/elections/3708" }, "geometry": { "type": "MultiPolygon", "coordinates": [ [ [ [ -4.622557268783325, 52.37881684575693 ], [ -4.531794818840202, 52.474676620247592 ], [ -4.350269918953955, 52.474676620247592 ], [ -4.259507469010832, 52.37881684575693 ], [ -4.350269918953955, 52.282748520121601 ], [ -4.531794818840202, 52.282748520121601 ], [ -4.622557268783325, 52.37881684575693 ] ] ] ] } },
{ "type": "Feature", "properties": { "constituency_id": "W07000090", "constituency_name": "Cardiff North", "Main party name": "Labour", "Main party abbreviation": "Lab", "Election result summary": "Lab hold", "Election URL": "https://electionresults.parliament.uk/elections/3365" }, "geometry": { "type": "MultiPolygon", "coordinates": [ [ [ [ -4.622557268783325, 52.186471460290349 ], [ -4.531794818840202, 52.282748520121601 ], [ -4.350269918953955, 52.282748520121601 ], [ -4.259507469010832, 52.186471460290349 ], [ -4.350269918953955, 52.089985485169159 ], [ -4.531794818840202, 52.089985485169159 ], [ -4.622557268783325, 52.186471460290349 ] ] ] ] } },
{ "type": "Feature", "properties": { "constituency_id": "W07000092", "constituency_name": "Cardiff West", "Main party name": "Labour", "Main party abbreviation": "Lab", "Election result summary": "Lab hold", "Election URL": "https://electionresults.parliament.uk/elections/3367" }, "geometry": { "type": "MultiPolygon", "coordinates": [ [ [ [ -4.622557268783325, 51.99329041563827 ], [ -4.531794818840202, 52.089985485169159 ], [ -4.350269918953955, 52.089985485169159 ], [ -4.259507469010832, 51.99329041563827 ], [ -4.350269918953955, 51.896386074569342 ], [ -4.531794818840202, 51.896386074569342 ], [ -4.622557268783325, 51.99329041563827 ] ] ] ] } },
{ "type": "Feature", "properties": { "constituency_id": "W07000110", "constituency_name": "Vale of Glamorgan", "Main party name": "Labour", "Main party abbreviation": "Lab", "Election result summary": "Lab gain from Con", "Election URL": "https://electionresults.parliament.uk/elections/3848" }, "geometry": { "type": "MultiPolygon", "coordinates": [ [ [ [ -4.622557268783325, 51.79927228684258 ], [ -4.531794818840202, 51.896386074569342 ], [ -4.350269918953955, 51.896386074569342 ], [ -4.259507469010832, 51.79927228684258 ], [ -4.350269918953955, 51.701948879363918 ], [ -4.531794818840202, 51.701948879363918 ], [ -4.622557268783325, 51.79927228684258 ] ] ] ] } },
{ "type": "Feature", "properties": { "constituency_id": "E14001581", "constituency_name": "Weston-super-Mare", "Main party name": "Labour", "Main party abbreviation": "Lab", "Election result summary": "Lab gain from Con", "Election URL": "https://electionresults.parliament.uk/elections/3874" }, "geometry": { "type": "MultiPolygon", "coordinates": [ [ [ [ -4.622557268783325, 51.212181631384112 ], [ -4.531794818840202, 51.310555661919615 ], [ -4.350269918953955, 51.310555661919615 ], [ -4.259507469010832, 51.212181631384112 ], [ -4.350269918953955, 51.113596986044008 ], [ -4.531794818840202, 51.113596986044008 ], [ -4.622557268783325, 51.212181631384112 ] ] ] ] } },
{ "type": "Feature", "properties": { "constituency_id": "E14001572", "constituency_name": "Wells and Mendip Hills", "Main party name": "Liberal Democrat", "Main party abbreviation": "LD", "Election result summary": "LD gain from Con", "Election URL": "https://electionresults.parliament.uk/elections/3862" }, "geometry": { "type": "MultiPolygon", "coordinates": [ [ [ [ -4.622557268783325, 51.014801567471935 ], [ -4.531794818840202, 51.113596986044008 ], [ -4.350269918953955, 51.113596986044008 ], [ -4.259507469010832, 51.014801567471935 ], [ -4.350269918953955, 50.915795219405837 ], [ -4.531794818840202, 50.915795219405837 ], [ -4.622557268783325, 51.014801567471935 ] ] ] ] } },
{ "type": "Feature", "properties": { "constituency_id": "E14001247", "constituency_name": "Glastonbury and Somerton", "Main party name": "Liberal Democrat", "Main party abbreviation": "LD", "Election result summary": "LD gain from Con", "Election URL": "https://electionresults.parliament.uk/elections/3493" }, "geometry": { "type": "MultiPolygon", "coordinates": [ [ [ [ -4.622557268783325, 50.816577787766647 ], [ -4.531794818840202, 50.915795219405837 ], [ -4.350269918953955, 50.915795219405837 ], [ -4.259507469010832, 50.816577787766647 ], [ -4.350269918953955, 50.717149120676005 ], [ -4.531794818840202, 50.717149120676005 ], [ -4.622557268783325, 50.816577787766647 ] ] ] ] } },
{ "type": "Feature", "properties": { "constituency_id": "E14001575", "constituency_name": "West Dorset", "Main party name": "Liberal Democrat", "Main party abbreviation": "LD", "Election result summary": "LD gain from Con", "Election URL": "https://electionresults.parliament.uk/elections/3866" }, "geometry": { "type": "MultiPolygon", "coordinates": [ [ [ [ -4.622557268783325, 50.617509068474007 ], [ -4.531794818840202, 50.717149120676005 ], [ -4.350269918953955, 50.717149120676005 ], [ -4.259507469010832, 50.617509068474007 ], [ -4.350269918953955, 50.517657483737018 ], [ -4.531794818840202, 50.517657483737018 ], [ -4.622557268783325, 50.617509068474007 ] ] ] ] } },
{ "type": "Feature", "properties": { "constituency_id": "S14000106", "constituency_name": "West Dunbartonshire", "Main party name": "Labour", "Main party abbreviation": "Lab", "Election result summary": "Lab gain from SNP", "Election URL": "https://electionresults.parliament.uk/elections/3867" }, "geometry": { "type": "MultiPolygon", "coordinates": [ [ [ [ -4.350269918953955, 57.006328955026333 ], [ -4.259507469010832, 57.091836008846769 ], [ -4.077982569124586, 57.091836008846769 ], [ -3.987220119181463, 57.006328955026333 ], [ -4.077982569124586, 56.92062490028011 ], [ -4.259507469010832, 56.92062490028011 ], [ -4.350269918953955, 57.006328955026333 ] ] ] ] } },
{ "type": "Feature", "properties": { "constituency_id": "S14000089", "constituency_name": "Glasgow West", "Main party name": "Labour", "Main party abbreviation": "Lab", "Election result summary": "Lab gain from SNP", "Election URL": "https://electionresults.parliament.uk/elections/3492" }, "geometry": { "type": "MultiPolygon", "coordinates": [ [ [ [ -4.350269918953955, 56.834723582937279 ], [ -4.259507469010832, 56.92062490028011 ], [ -4.077982569124586, 56.92062490028011 ], [ -3.987220119181463, 56.834723582937279 ], [ -4.077982569124586, 56.748624742496325 ], [ -4.259507469010832, 56.748624742496325 ], [ -4.350269918953955, 56.834723582937279 ] ] ] ] } },
{ "type": "Feature", "properties": { "constituency_id": "S14000101", "constituency_name": "Paisley and Renfrewshire North", "Main party name": "Labour", "Main party abbreviation": "Lab", "Election result summary": "Lab gain from SNP", "Election URL": "https://electionresults.parliament.uk/elections/3697" }, "geometry": { "type": "MultiPolygon", "coordinates": [ [ [ [ -4.350269918953955, 56.662328119638808 ], [ -4.259507469010832, 56.748624742496325 ], [ -4.077982569124586, 56.748624742496325 ], [ -3.987220119181463, 56.662328119638808 ], [ -4.077982569124586, 56.575833456243259 ], [ -4.259507469010832, 56.575833456243259 ], [ -4.350269918953955, 56.662328119638808 ] ] ] ] } },
{ "type": "Feature", "properties": { "constituency_id": "S14000102", "constituency_name": "Paisley and Renfrewshire South", "Main party name": "Labour", "Main party abbreviation": "Lab", "Election result summary": "Lab gain from SNP", "Election URL": "https://electionresults.parliament.uk/elections/3698" }, "geometry": { "type": "MultiPolygon", "coordinates": [ [ [ [ -4.350269918953955, 56.489140495399049 ], [ -4.259507469010832, 56.575833456243259 ], [ -4.077982569124586, 56.575833456243259 ], [ -3.987220119181463, 56.489140495399049 ], [ -4.077982569124586, 56.402248981420442 ], [ -4.259507469010832, 56.402248981420442 ], [ -4.350269918953955, 56.489140495399049 ] ] ] ] } },
{ "type": "Feature", "properties": { "constituency_id": "S14000093", "constituency_name": "Inverclyde and Renfrewshire West", "Main party name": "Labour", "Main party abbreviation": "Lab", "Election result summary": "Lab gain from SNP", "Election URL": "https://electionresults.parliament.uk/elections/3552" }, "geometry": { "type": "MultiPolygon", "coordinates": [ [ [ [ -4.622557268783326, 56.748624742496325 ], [ -4.531794818840202, 56.834723582937279 ], [ -4.350269918953955, 56.834723582937279 ], [ -4.259507469010832, 56.748624742496325 ], [ -4.350269918953955, 56.662328119638808 ], [ -4.531794818840202, 56.662328119638808 ], [ -4.622557268783326, 56.748624742496325 ] ] ] ] } },
{ "type": "Feature", "properties": { "constituency_id": "S14000021", "constituency_name": "East Renfrewshire", "Main party name": "Labour", "Main party abbreviation": "Lab", "Election result summary": "Lab gain from SNP", "Election URL": "https://electionresults.parliament.uk/elections/3446" }, "geometry": { "type": "MultiPolygon", "coordinates": [ [ [ [ -4.350269918953955, 56.315158659860622 ], [ -4.259507469010832, 56.402248981420442 ], [ -4.077982569124586, 56.402248981420442 ], [ -3.987220119181463, 56.315158659860622 ], [ -4.077982569124586, 56.227869277525834 ], [ -4.259507469010832, 56.227869277525834 ], [ -4.350269918953955, 56.315158659860622 ] ] ] ] } },
{ "type": "Feature", "properties": { "constituency_id": "S14000109", "constituency_name": "Central Ayrshire", "Main party name": "Labour", "Main party abbreviation": "Lab", "Election result summary": "Lab gain from SNP", "Election URL": "https://electionresults.parliament.uk/elections/3371" }, "geometry": { "type": "MultiPolygon", "coordinates": [ [ [ [ -4.350269918953955, 56.140380582489598 ], [ -4.259507469010832, 56.227869277525834 ], [ -4.077982569124586, 56.227869277525834 ], [ -3.987220119181463, 56.140380582489598 ], [ -4.077982569124586, 56.052692324106971 ], [ -4.259507469010832, 56.052692324106971 ], [ -4.350269918953955, 56.140380582489598 ] ] ] ] } },
{ "type": "Feature", "properties": { "constituency_id": "E14001113", "constituency_name": "Bootle", "Main party name": "Labour", "Main party abbreviation": "Lab", "Election result summary": "Lab hold", "Election URL": "https://electionresults.parliament.uk/elections/3320" }, "geometry": { "type": "MultiPolygon", "coordinates": [ [ [ [ -4.350269918953955, 54.713254498344575 ], [ -4.259507469010832, 54.803965368405159 ], [ -4.077982569124586, 54.803965368405159 ], [ -3.987220119181463, 54.713254498344575 ], [ -4.077982569124586, 54.622340240817586 ], [ -4.259507469010832, 54.622340240817586 ], [ -4.350269918953955, 54.713254498344575 ] ] ] ] } },
{ "type": "Feature", "properties": { "constituency_id": "E14001338", "constituency_name": "Liverpool Riverside", "Main party name": "Labour", "Main party abbreviation": "Lab", "Election result summary": "Lab hold", "Election URL": "https://electionresults.parliament.uk/elections/3592" }, "geometry": { "type": "MultiPolygon", "coordinates": [ [ [ [ -4.350269918953955, 54.531222369214881 ], [ -4.259507469010832, 54.622340240817586 ], [ -4.077982569124586, 54.622340240817586 ], [ -3.987220119181463, 54.531222369214881 ], [ -4.077982569124586, 54.439900658477114 ], [ -4.259507469010832, 54.439900658477114 ], [ -4.350269918953955, 54.531222369214881 ] ] ] ] } },
{ "type": "Feature", "properties": { "constituency_id": "E14001340", "constituency_name": "Liverpool Wavertree", "Main party name": "Labour", "Main party abbreviation": "Lab", "Election result summary": "Lab hold", "Election URL": "https://electionresults.parliament.uk/elections/3594" }, "geometry": { "type": "MultiPolygon", "coordinates": [ [ [ [ -4.350269918953955, 54.348374885110502 ], [ -4.259507469010832, 54.439900658477114 ], [ -4.077982569124586, 54.439900658477114 ], [ -3.987220119181463, 54.348374885110502 ], [ -4.077982569124586, 54.256644827202436 ], [ -4.259507469010832, 54.256644827202436 ], [ -4.350269918953955, 54.348374885110502 ] ] ] ] } },
{ "type": "Feature", "properties": { "constituency_id": "E14001509", "constituency_name": "St Helens North", "Main party name": "Labour", "Main party abbreviation": "Lab", "Election result summary": "Lab hold", "Election URL": "https://electionresults.parliament.uk/elections/3793" }, "geometry": { "type": "MultiPolygon", "coordinates": [ [ [ [ -4.350269918953955, 54.16471026443709 ], [ -4.259507469010832, 54.256644827202436 ], [ -4.077982569124586, 54.256644827202436 ], [ -3.987220119181463, 54.16471026443709 ], [ -4.077982569124586, 54.072570978111266 ], [ -4.259507469010832, 54.072570978111266 ], [ -4.350269918953955, 54.16471026443709 ] ] ] ] } },
{ "type": "Feature", "properties": { "constituency_id": "E14001510", "constituency_name": "St Helens South and Whiston", "Main party name": "Labour", "Main party abbreviation": "Lab", "Election result summary": "Lab hold", "Election URL": "https://electionresults.parliament.uk/elections/3794" }, "geometry": { "type": "MultiPolygon", "coordinates": [ [ [ [ -4.350269918953955, 53.980226751150099 ], [ -4.259507469010832, 54.072570978111266 ], [ -4.077982569124586, 54.072570978111266 ], [ -3.987220119181463, 53.980226751150099 ], [ -4.077982569124586, 53.887677368122986 ], [ -4.259507469010832, 53.887677368122986 ], [ -4.350269918953955, 53.980226751150099 ] ] ] ] } },
{ "type": "Feature", "properties": { "constituency_id": "E14001222", "constituency_name": "Ellesmere Port and Bromborough", "Main party name": "Labour", "Main party abbreviation": "Lab", "Election result summary": "Lab hold", "Election URL": "https://electionresults.parliament.uk/elections/3459" }, "geometry": { "type": "MultiPolygon", "coordinates": [ [ [ [ -4.350269918953955, 53.794922615259459 ], [ -4.259507469010832, 53.887677368122986 ], [ -4.077982569124586, 53.887677368122986 ], [ -3.987220119181463, 53.794922615259459 ], [ -4.077982569124586, 53.701962280465231 ], [ -4.259507469010832, 53.701962280465231 ], [ -4.350269918953955, 53.794922615259459 ] ] ] ] } },
{ "type": "Feature", "properties": { "constituency_id": "W07000094", "constituency_name": "Clwyd East", "Main party name": "Labour", "Main party abbreviation": "Lab", "Election result summary": "Lab gain from Con", "Election URL": "https://electionresults.parliament.uk/elections/3394" }, "geometry": { "type": "MultiPolygon", "coordinates": [ [ [ [ -4.350269918953955, 53.421845689035351 ], [ -4.259507469010832, 53.515424025184686 ], [ -4.077982569124586, 53.515424025184686 ], [ -3.987220119181463, 53.421845689035351 ], [ -4.077982569124586, 53.328060939661697 ], [ -4.259507469010832, 53.328060939661697 ], [ -4.350269918953955, 53.421845689035351 ] ] ] ] } },
{ "type": "Feature", "properties": { "constituency_id": "W07000084", "constituency_name": "Blaenau Gwent and Rhymney", "Main party name": "Labour", "Main party abbreviation": "Lab", "Election result summary": "Lab hold", "Election URL": "https://electionresults.parliament.uk/elections/3312" }, "geometry": { "type": "MultiPolygon", "coordinates": [ [ [ [ -4.350269918953955, 52.474676620247592 ], [ -4.259507469010832, 52.570328028585067 ], [ -4.077982569124586, 52.570328028585067 ], [ -3.987220119181463, 52.474676620247592 ], [ -4.077982569124586, 52.37881684575693 ], [ -4.259507469010832, 52.37881684575693 ], [ -4.350269918953955, 52.474676620247592 ] ] ] ] } },
{ "type": "Feature", "properties": { "constituency_id": "W07000088", "constituency_name": "Caerphilly", "Main party name": "Labour", "Main party abbreviation": "Lab", "Election result summary": "Lab hold", "Election URL": "https://electionresults.parliament.uk/elections/3357" }, "geometry": { "type": "MultiPolygon", "coordinates": [ [ [ [ -4.350269918953955, 52.282748520121601 ], [ -4.259507469010832, 52.37881684575693 ], [ -4.077982569124586, 52.37881684575693 ], [ -3.987220119181463, 52.282748520121601 ], [ -4.077982569124586, 52.186471460290349 ], [ -4.259507469010832, 52.186471460290349 ], [ -4.350269918953955, 52.282748520121601 ] ] ] ] } },
{ "type": "Feature", "properties": { "constituency_id": "W07000089", "constituency_name": "Cardiff East", "Main party name": "Labour", "Main party abbreviation": "Lab", "Election result summary": "Lab hold", "Election URL": "https://electionresults.parliament.uk/elections/3364" }, "geometry": { "type": "MultiPolygon", "coordinates": [ [ [ [ -4.350269918953955, 52.089985485169159 ], [ -4.259507469010832, 52.186471460290349 ], [ -4.077982569124586, 52.186471460290349 ], [ -3.987220119181463, 52.089985485169159 ], [ -4.077982569124586, 51.99329041563827 ], [ -4.259507469010832, 51.99329041563827 ], [ -4.350269918953955, 52.089985485169159 ] ] ] ] } },
{ "type": "Feature", "properties": { "constituency_id": "W07000091", "constituency_name": "Cardiff South and Penarth", "Main party name": "Labour", "Main party abbreviation": "Lab", "Election result summary": "Lab hold", "Election URL": "https://electionresults.parliament.uk/elections/3366" }, "geometry": { "type": "MultiPolygon", "coordinates": [ [ [ [ -4.350269918953955, 51.896386074569342 ], [ -4.259507469010832, 51.99329041563827 ], [ -4.077982569124586, 51.99329041563827 ], [ -3.987220119181463, 51.896386074569342 ], [ -4.077982569124586, 51.79927228684258 ], [ -4.259507469010832, 51.79927228684258 ], [ -4.350269918953955, 51.896386074569342 ] ] ] ] } },
{ "type": "Feature", "properties": { "constituency_id": "E14001399", "constituency_name": "North Somerset", "Main party name": "Labour", "Main party abbreviation": "Lab", "Election result summary": "Lab gain from Con", "Election URL": "https://electionresults.parliament.uk/elections/3674" }, "geometry": { "type": "MultiPolygon", "coordinates": [ [ [ [ -4.350269918953955, 51.310555661919615 ], [ -4.259507469010832, 51.408719238225579 ], [ -4.077982569124586, 51.408719238225579 ], [ -3.987220119181463, 51.310555661919615 ], [ -4.077982569124586, 51.212181631384112 ], [ -4.259507469010832, 51.212181631384112 ], [ -4.350269918953955, 51.310555661919615 ] ] ] ] } },
{ "type": "Feature", "properties": { "constituency_id": "E14001394", "constituency_name": "North East Somerset and Hanham", "Main party name": "Labour", "Main party abbreviation": "Lab", "Election result summary": "Lab gain from Con", "Election URL": "https://electionresults.parliament.uk/elections/3669" }, "geometry": { "type": "MultiPolygon", "coordinates": [ [ [ [ -4.350269918953955, 51.113596986044008 ], [ -4.259507469010832, 51.212181631384112 ], [ -4.077982569124586, 51.212181631384112 ], [ -3.987220119181463, 51.113596986044008 ], [ -4.077982569124586, 51.014801567471935 ], [ -4.259507469010832, 51.014801567471935 ], [ -4.350269918953955, 51.113596986044008 ] ] ] ] } },
{ "type": "Feature", "properties": { "constituency_id": "E14001241", "constituency_name": "Frome and East Somerset", "Main party name": "Liberal Democrat", "Main party abbreviation": "LD", "Election result summary": "LD gain from Con", "Election URL": "https://electionresults.parliament.uk/elections/3481" }, "geometry": { "type": "MultiPolygon", "coordinates": [ [ [ [ -4.350269918953955, 50.915795219405837 ], [ -4.259507469010832, 51.014801567471935 ], [ -4.077982569124586, 51.014801567471935 ], [ -3.987220119181463, 50.915795219405837 ], [ -4.077982569124586, 50.816577787766647 ], [ -4.259507469010832, 50.816577787766647 ], [ -4.350269918953955, 50.915795219405837 ] ] ] ] } },
{ "type": "Feature", "properties": { "constituency_id": "E14001388", "constituency_name": "North Dorset", "Main party name": "Conservative", "Main party abbreviation": "Con", "Election result summary": "Con hold", "Election URL": "https://electionresults.parliament.uk/elections/3661" }, "geometry": { "type": "MultiPolygon", "coordinates": [ [ [ [ -4.350269918953955, 50.717149120676005 ], [ -4.259507469010832, 50.816577787766647 ], [ -4.077982569124586, 50.816577787766647 ], [ -3.987220119181463, 50.717149120676005 ], [ -4.077982569124586, 50.617509068474007 ], [ -4.259507469010832, 50.617509068474007 ], [ -4.350269918953955, 50.717149120676005 ] ] ] ] } },
{ "type": "Feature", "properties": { "constituency_id": "E14001485", "constituency_name": "South Dorset", "Main party name": "Labour", "Main party abbreviation": "Lab", "Election result summary": "Lab gain from Con", "Election URL": "https://electionresults.parliament.uk/elections/3768" }, "geometry": { "type": "MultiPolygon", "coordinates": [ [ [ [ -4.350269918953955, 50.517657483737018 ], [ -4.259507469010832, 50.617509068474007 ], [ -4.077982569124586, 50.617509068474007 ], [ -3.987220119181463, 50.517657483737018 ], [ -4.077982569124586, 50.417594221295502 ], [ -4.259507469010832, 50.417594221295502 ], [ -4.350269918953955, 50.517657483737018 ] ] ] ] } },
{ "type": "Feature", "properties": { "constituency_id": "S14000094", "constituency_name": "Inverness, Skye and West Ross-shire", "Main party name": "Liberal Democrat", "Main party abbreviation": "LD", "Election result summary": "LD gain from SNP", "Election URL": "https://electionresults.parliament.uk/elections/3553" }, "geometry": { "type": "MultiPolygon", "coordinates": [ [ [ [ -4.077982569124586, 57.431899488446454 ], [ -3.987220119181463, 57.516425502669513 ], [ -3.805695219295217, 57.516425502669513 ], [ -3.714932769352094, 57.431899488446454 ], [ -3.805695219295217, 57.347177798713538 ], [ -3.987220119181463, 57.347177798713538 ], [ -4.077982569124586, 57.431899488446454 ] ] ] ] } },
{ "type": "Feature", "properties": { "constituency_id": "S14000067", "constituency_name": "Argyll, Bute and South Lochaber", "Main party name": "Scottish National Party", "Main party abbreviation": "SNP", "Election result summary": "SNP hold", "Election URL": "https://electionresults.parliament.uk/elections/3264" }, "geometry": { "type": "MultiPolygon", "coordinates": [ [ [ [ -4.077982569124586, 57.262260166157866 ], [ -3.987220119181463, 57.347177798713538 ], [ -3.805695219295217, 57.347177798713538 ], [ -3.714932769352094, 57.262260166157866 ], [ -3.805695219295217, 57.177146324567836 ], [ -3.987220119181463, 57.177146324567836 ], [ -4.077982569124586, 57.262260166157866 ] ] ] ] } },
{ "type": "Feature", "properties": { "constituency_id": "S14000097", "constituency_name": "Mid Dunbartonshire", "Main party name": "Liberal Democrat", "Main party abbreviation": "LD", "Election result summary": "LD gain from SNP", "Election URL": "https://electionresults.parliament.uk/elections/3623" }, "geometry": { "type": "MultiPolygon", "coordinates": [ [ [ [ -4.077982569124586, 57.091836008846769 ], [ -3.987220119181463, 57.177146324567836 ], [ -3.805695219295217, 57.177146324567836 ], [ -3.714932769352094, 57.091836008846769 ], [ -3.805695219295217, 57.006328955026333 ], [ -3.987220119181463, 57.006328955026333 ], [ -4.077982569124586, 57.091836008846769 ] ] ] ] } },
{ "type": "Feature", "properties": { "constituency_id": "S14000085", "constituency_name": "Glasgow North", "Main party name": "Labour", "Main party abbreviation": "Lab", "Election result summary": "Lab gain from SNP", "Election URL": "https://electionresults.parliament.uk/elections/3488" }, "geometry": { "type": "MultiPolygon", "coordinates": [ [ [ [ -4.077982569124586, 56.92062490028011 ], [ -3.987220119181463, 57.006328955026333 ], [ -3.805695219295217, 57.006328955026333 ], [ -3.714932769352094, 56.92062490028011 ], [ -3.805695219295217, 56.834723582937279 ], [ -3.987220119181463, 56.834723582937279 ], [ -4.077982569124586, 56.92062490028011 ] ] ] ] } },
{ "type": "Feature", "properties": { "constituency_id": "S14000088", "constituency_name": "Glasgow South West", "Main party name": "Labour", "Main party abbreviation": "Lab", "Election result summary": "Lab gain from SNP", "Election URL": "https://electionresults.parliament.uk/elections/3491" }, "geometry": { "type": "MultiPolygon", "coordinates": [ [ [ [ -4.077982569124586, 56.748624742496325 ], [ -3.987220119181463, 56.834723582937279 ], [ -3.805695219295217, 56.834723582937279 ], [ -3.714932769352094, 56.748624742496325 ], [ -3.805695219295217, 56.662328119638808 ], [ -3.987220119181463, 56.662328119638808 ], [ -4.077982569124586, 56.748624742496325 ] ] ] ] } },
{ "type": "Feature", "properties": { "constituency_id": "S14000087", "constituency_name": "Glasgow South", "Main party name": "Labour", "Main party abbreviation": "Lab", "Election result summary": "Lab gain from SNP", "Election URL": "https://electionresults.parliament.uk/elections/3490" }, "geometry": { "type": "MultiPolygon", "coordinates": [ [ [ [ -4.077982569124586, 56.575833456243259 ], [ -3.987220119181463, 56.662328119638808 ], [ -3.805695219295217, 56.662328119638808 ], [ -3.714932769352094, 56.575833456243259 ], [ -3.805695219295217, 56.489140495399049 ], [ -3.987220119181463, 56.489140495399049 ], [ -4.077982569124586, 56.575833456243259 ] ] ] ] } },
{ "type": "Feature", "properties": { "constituency_id": "S14000104", "constituency_name": "Rutherglen", "Main party name": "Labour", "Main party abbreviation": "Lab", "Election result summary": "Lab gain from SNP", "Election URL": "https://electionresults.parliament.uk/elections/3739" }, "geometry": { "type": "MultiPolygon", "coordinates": [ [ [ [ -4.077982569124586, 56.402248981420442 ], [ -3.987220119181463, 56.489140495399049 ], [ -3.805695219295217, 56.489140495399049 ], [ -3.714932769352094, 56.402248981420442 ], [ -3.805695219295217, 56.315158659860622 ], [ -3.987220119181463, 56.315158659860622 ], [ -4.077982569124586, 56.402248981420442 ] ] ] ] } },
{ "type": "Feature", "properties": { "constituency_id": "S14000077", "constituency_name": "East Kilbride and Strathaven", "Main party name": "Labour", "Main party abbreviation": "Lab", "Election result summary": "Lab gain from SNP", "Election URL": "https://electionresults.parliament.uk/elections/3444" }, "geometry": { "type": "MultiPolygon", "coordinates": [ [ [ [ -4.077982569124586, 56.227869277525834 ], [ -3.987220119181463, 56.315158659860622 ], [ -3.805695219295217, 56.315158659860622 ], [ -3.714932769352094, 56.227869277525834 ], [ -3.805695219295217, 56.140380582489598 ], [ -3.987220119181463, 56.140380582489598 ], [ -4.077982569124586, 56.227869277525834 ] ] ] ] } },
{ "type": "Feature", "properties": { "constituency_id": "S14000110", "constituency_name": "Kilmarnock and Loudoun", "Main party name": "Labour", "Main party abbreviation": "Lab", "Election result summary": "Lab gain from SNP", "Election URL": "https://electionresults.parliament.uk/elections/3564" }, "geometry": { "type": "MultiPolygon", "coordinates": [ [ [ [ -4.077982569124586, 56.052692324106971 ], [ -3.987220119181463, 56.140380582489598 ], [ -3.805695219295217, 56.140380582489598 ], [ -3.714932769352094, 56.052692324106971 ], [ -3.805695219295217, 55.964804253028873 ], [ -3.987220119181463, 55.964804253028873 ], [ -4.077982569124586, 56.052692324106971 ] ] ] ] } },
{ "type": "Feature", "properties": { "constituency_id": "E14001463", "constituency_name": "Sefton Central", "Main party name": "Labour", "Main party abbreviation": "Lab", "Election result summary": "Lab hold", "Election URL": "https://electionresults.parliament.uk/elections/3745" }, "geometry": { "type": "MultiPolygon", "coordinates": [ [ [ [ -4.077982569124586, 54.803965368405159 ], [ -3.987220119181463, 54.894473079143232 ], [ -3.805695219295217, 54.894473079143232 ], [ -3.714932769352094, 54.803965368405159 ], [ -3.805695219295217, 54.713254498344575 ], [ -3.987220119181463, 54.713254498344575 ], [ -4.077982569124586, 54.803965368405159 ] ] ] ] } },
{ "type": "Feature", "properties": { "constituency_id": "E14001339", "constituency_name": "Liverpool Walton", "Main party name": "Labour", "Main party abbreviation": "Lab", "Election result summary": "Lab hold", "Election URL": "https://electionresults.parliament.uk/elections/3593" }, "geometry": { "type": "MultiPolygon", "coordinates": [ [ [ [ -4.077982569124586, 54.622340240817586 ], [ -3.987220119181463, 54.713254498344575 ], [ -3.805695219295217, 54.713254498344575 ], [ -3.714932769352094, 54.622340240817586 ], [ -3.805695219295217, 54.531222369214881 ], [ -3.987220119181463, 54.531222369214881 ], [ -4.077982569124586, 54.622340240817586 ] ] ] ] } },
{ "type": "Feature", "properties": { "constituency_id": "E14001341", "constituency_name": "Liverpool West Derby", "Main party name": "Labour", "Main party abbreviation": "Lab", "Election result summary": "Lab hold", "Election URL": "https://electionresults.parliament.uk/elections/3595" }, "geometry": { "type": "MultiPolygon", "coordinates": [ [ [ [ -4.077982569124586, 54.439900658477114 ], [ -3.987220119181463, 54.531222369214881 ], [ -3.805695219295217, 54.531222369214881 ], [ -3.714932769352094, 54.439900658477114 ], [ -3.805695219295217, 54.348374885110502 ], [ -3.987220119181463, 54.348374885110502 ], [ -4.077982569124586, 54.439900658477114 ] ] ] ] } },
{ "type": "Feature", "properties": { "constituency_id": "E14001337", "constituency_name": "Liverpool Garston", "Main party name": "Labour", "Main party abbreviation": "Lab", "Election result summary": "Lab hold", "Election URL": "https://electionresults.parliament.uk/elections/3591" }, "geometry": { "type": "MultiPolygon", "coordinates": [ [ [ [ -4.077982569124586, 54.256644827202436 ], [ -3.987220119181463, 54.348374885110502 ], [ -3.805695219295217, 54.348374885110502 ], [ -3.714932769352094, 54.256644827202436 ], [ -3.805695219295217, 54.16471026443709 ], [ -3.987220119181463, 54.16471026443709 ], [ -4.077982569124586, 54.256644827202436 ] ] ] ] } },
{ "type": "Feature", "properties": { "constituency_id": "E14001584", "constituency_name": "Widnes and Halewood", "Main party name": "Labour", "Main party abbreviation": "Lab", "Election result summary": "Lab hold", "Election URL": "https://electionresults.parliament.uk/elections/3877" }, "geometry": { "type": "MultiPolygon", "coordinates": [ [ [ [ -4.077982569124586, 54.072570978111266 ], [ -3.987220119181463, 54.16471026443709 ], [ -3.805695219295217, 54.16471026443709 ], [ -3.714932769352094, 54.072570978111266 ], [ -3.805695219295217, 53.980226751150099 ], [ -3.987220119181463, 53.980226751150099 ], [ -4.077982569124586, 54.072570978111266 ] ] ] ] } },
{ "type": "Feature", "properties": { "constituency_id": "E14001455", "constituency_name": "Runcorn and Helsby", "Main party name": "Labour", "Main party abbreviation": "Lab", "Election result summary": "Lab hold", "Election URL": "https://electionresults.parliament.uk/elections/3736" }, "geometry": { "type": "MultiPolygon", "coordinates": [ [ [ [ -4.077982569124586, 53.887677368122986 ], [ -3.987220119181463, 53.980226751150099 ], [ -3.805695219295217, 53.980226751150099 ], [ -3.714932769352094, 53.887677368122986 ], [ -3.805695219295217, 53.794922615259459 ], [ -3.987220119181463, 53.794922615259459 ], [ -4.077982569124586, 53.887677368122986 ] ] ] ] } },
{ "type": "Feature", "properties": { "constituency_id": "E14001163", "constituency_name": "Chester North and Neston", "Main party name": "Labour", "Main party abbreviation": "Lab", "Election result summary": "Lab hold", "Election URL": "https://electionresults.parliament.uk/elections/3381" }, "geometry": { "type": "MultiPolygon", "coordinates": [ [ [ [ -4.077982569124586, 53.701962280465231 ], [ -3.987220119181463, 53.794922615259459 ], [ -3.805695219295217, 53.794922615259459 ], [ -3.714932769352094, 53.701962280465231 ], [ -3.805695219295217, 53.608796153338226 ], [ -3.987220119181463, 53.608796153338226 ], [ -4.077982569124586, 53.701962280465231 ] ] ] ] } },
{ "type": "Feature", "properties": { "constituency_id": "E14001164", "constituency_name": "Chester South and Eddisbury", "Main party name": "Conservative", "Main party abbreviation": "Con", "Election result summary": "Con hold", "Election URL": "https://electionresults.parliament.uk/elections/3382" }, "geometry": { "type": "MultiPolygon", "coordinates": [ [ [ [ -4.077982569124586, 53.515424025184686 ], [ -3.987220119181463, 53.608796153338226 ], [ -3.805695219295217, 53.608796153338226 ], [ -3.714932769352094, 53.515424025184686 ], [ -3.805695219295217, 53.421845689035351 ], [ -3.987220119181463, 53.421845689035351 ], [ -4.077982569124586, 53.515424025184686 ] ] ] ] } },
{ "type": "Feature", "properties": { "constituency_id": "W07000082", "constituency_name": "Alyn and Deeside", "Main party name": "Labour", "Main party abbreviation": "Lab", "Election result summary": "Lab hold", "Election URL": "https://electionresults.parliament.uk/elections/3260" }, "geometry": { "type": "MultiPolygon", "coordinates": [ [ [ [ -4.077982569124586, 53.328060939661697 ], [ -3.987220119181463, 53.421845689035351 ], [ -3.805695219295217, 53.421845689035351 ], [ -3.714932769352094, 53.328060939661697 ], [ -3.805695219295217, 53.234069573592272 ], [ -3.987220119181463, 53.234069573592272 ], [ -4.077982569124586, 53.328060939661697 ] ] ] ] } },
{ "type": "Feature", "properties": { "constituency_id": "W07000111", "constituency_name": "Wrexham", "Main party name": "Labour", "Main party abbreviation": "Lab", "Election result summary": "Lab gain from Con", "Election URL": "https://electionresults.parliament.uk/elections/3893" }, "geometry": { "type": "MultiPolygon", "coordinates": [ [ [ [ -4.077982569124586, 53.139871389128984 ], [ -3.987220119181463, 53.234069573592272 ], [ -3.805695219295217, 53.234069573592272 ], [ -3.714932769352094, 53.139871389128984 ], [ -3.805695219295217, 53.045466186363591 ], [ -3.987220119181463, 53.045466186363591 ], [ -4.077982569124586, 53.139871389128984 ] ] ] ] } },
{ "type": "Feature", "properties": { "constituency_id": "W07000102", "constituency_name": "Montgomeryshire and Glyndŵr", "Main party name": "Labour", "Main party abbreviation": "Lab", "Election result summary": "Lab gain from Con", "Election URL": "https://electionresults.parliament.uk/elections/3635" }, "geometry": { "type": "MultiPolygon", "coordinates": [ [ [ [ -4.077982569124586, 52.950853767194133 ], [ -3.987220119181463, 53.045466186363591 ], [ -3.805695219295217, 53.045466186363591 ], [ -3.714932769352094, 52.950853767194133 ], [ -3.805695219295217, 52.856033935341522 ], [ -3.987220119181463, 52.856033935341522 ], [ -4.077982569124586, 52.950853767194133 ] ] ] ] } },
{ "type": "Feature", "properties": { "constituency_id": "W07000085", "constituency_name": "Brecon, Radnor and Cwm Tawe", "Main party name": "Liberal Democrat", "Main party abbreviation": "LD", "Election result summary": "LD gain from Con", "Election URL": "https://electionresults.parliament.uk/elections/3329" }, "geometry": { "type": "MultiPolygon", "coordinates": [ [ [ [ -4.077982569124586, 52.761006496366051 ], [ -3.987220119181463, 52.856033935341522 ], [ -3.805695219295217, 52.856033935341522 ], [ -3.714932769352094, 52.761006496366051 ], [ -3.805695219295217, 52.665771257684156 ], [ -3.987220119181463, 52.665771257684156 ], [ -4.077982569124586, 52.761006496366051 ] ] ] ] } },
{ "type": "Feature", "properties": { "constituency_id": "W07000101", "constituency_name": "Monmouthshire", "Main party name": "Labour", "Main party abbreviation": "Lab", "Election result summary": "Lab gain from Con", "Election URL": "https://electionresults.parliament.uk/elections/3634" }, "geometry": { "type": "MultiPolygon", "coordinates": [ [ [ [ -4.077982569124586, 52.570328028585067 ], [ -3.987220119181463, 52.665771257684156 ], [ -3.805695219295217, 52.665771257684156 ], [ -3.714932769352094, 52.570328028585067 ], [ -3.805695219295217, 52.474676620247592 ], [ -3.987220119181463, 52.474676620247592 ], [ -4.077982569124586, 52.570328028585067 ] ] ] ] } },
{ "type": "Feature", "properties": { "constituency_id": "W07000109", "constituency_name": "Torfaen", "Main party name": "Labour", "Main party abbreviation": "Lab", "Election result summary": "Lab hold", "Election URL": "https://electionresults.parliament.uk/elections/3839" }, "geometry": { "type": "MultiPolygon", "coordinates": [ [ [ [ -4.077982569124586, 52.37881684575693 ], [ -3.987220119181463, 52.474676620247592 ], [ -3.805695219295217, 52.474676620247592 ], [ -3.714932769352094, 52.37881684575693 ], [ -3.805695219295217, 52.282748520121601 ], [ -3.987220119181463, 52.282748520121601 ], [ -4.077982569124586, 52.37881684575693 ] ] ] ] } },
{ "type": "Feature", "properties": { "constituency_id": "W07000104", "constituency_name": "Newport East", "Main party name": "Labour", "Main party abbreviation": "Lab", "Election result summary": "Lab hold", "Election URL": "https://electionresults.parliament.uk/elections/3649" }, "geometry": { "type": "MultiPolygon", "coordinates": [ [ [ [ -4.077982569124586, 52.186471460290349 ], [ -3.987220119181463, 52.282748520121601 ], [ -3.805695219295217, 52.282748520121601 ], [ -3.714932769352094, 52.186471460290349 ], [ -3.805695219295217, 52.089985485169159 ], [ -3.987220119181463, 52.089985485169159 ], [ -4.077982569124586, 52.186471460290349 ] ] ] ] } },
{ "type": "Feature", "properties": { "constituency_id": "W07000105", "constituency_name": "Newport West and Islwyn", "Main party name": "Labour", "Main party abbreviation": "Lab", "Election result summary": "Lab hold", "Election URL": "https://electionresults.parliament.uk/elections/3650" }, "geometry": { "type": "MultiPolygon", "coordinates": [ [ [ [ -4.077982569124586, 51.99329041563827 ], [ -3.987220119181463, 52.089985485169159 ], [ -3.805695219295217, 52.089985485169159 ], [ -3.714932769352094, 51.99329041563827 ], [ -3.805695219295217, 51.896386074569342 ], [ -3.987220119181463, 51.896386074569342 ], [ -4.077982569124586, 51.99329041563827 ] ] ] ] } },
{ "type": "Feature", "properties": { "constituency_id": "E14001240", "constituency_name": "Forest of Dean", "Main party name": "Labour", "Main party abbreviation": "Lab", "Election result summary": "Lab gain from Con", "Election URL": "https://electionresults.parliament.uk/elections/3479" }, "geometry": { "type": "MultiPolygon", "coordinates": [ [ [ [ -4.077982569124586, 51.79927228684258 ], [ -3.987220119181463, 51.896386074569342 ], [ -3.805695219295217, 51.896386074569342 ], [ -3.714932769352094, 51.79927228684258 ], [ -3.805695219295217, 51.701948879363918 ], [ -3.987220119181463, 51.701948879363918 ], [ -4.077982569124586, 51.79927228684258 ] ] ] ] } },
{ "type": "Feature", "properties": { "constituency_id": "E14001529", "constituency_name": "Stroud", "Main party name": "Labour", "Main party abbreviation": "Lab", "Election result summary": "Lab gain from Con", "Election URL": "https://electionresults.parliament.uk/elections/3815" }, "geometry": { "type": "MultiPolygon", "coordinates": [ [ [ [ -4.077982569124586, 51.604415681082358 ], [ -3.987220119181463, 51.701948879363918 ], [ -3.805695219295217, 51.701948879363918 ], [ -3.714932769352094, 51.604415681082358 ], [ -3.805695219295217, 51.506672523007225 ], [ -3.987220119181463, 51.506672523007225 ], [ -4.077982569124586, 51.604415681082358 ] ] ] ] } },
{ "type": "Feature", "properties": { "constituency_id": "E14001545", "constituency_name": "Thornbury and Yate", "Main party name": "Liberal Democrat", "Main party abbreviation": "LD", "Election result summary": "LD gain from Con", "Election URL": "https://electionresults.parliament.uk/elections/3832" }, "geometry": { "type": "MultiPolygon", "coordinates": [ [ [ [ -4.077982569124586, 51.408719238225579 ], [ -3.987220119181463, 51.506672523007225 ], [ -3.805695219295217, 51.506672523007225 ], [ -3.714932769352094, 51.408719238225579 ], [ -3.805695219295217, 51.310555661919615 ], [ -3.987220119181463, 51.310555661919615 ], [ -4.077982569124586, 51.408719238225579 ] ] ] ] } },
{ "type": "Feature", "properties": { "constituency_id": "E14001134", "constituency_name": "Bristol North West", "Main party name": "Labour", "Main party abbreviation": "Lab", "Election result summary": "Lab hold", "Election URL": "https://electionresults.parliament.uk/elections/3343" }, "geometry": { "type": "MultiPolygon", "coordinates": [ [ [ [ -4.077982569124586, 51.212181631384112 ], [ -3.987220119181463, 51.310555661919615 ], [ -3.805695219295217, 51.310555661919615 ], [ -3.714932769352094, 51.212181631384112 ], [ -3.805695219295217, 51.113596986044008 ], [ -3.987220119181463, 51.113596986044008 ], [ -4.077982569124586, 51.212181631384112 ] ] ] ] } },
{ "type": "Feature", "properties": { "constituency_id": "E14001131", "constituency_name": "Bristol Central", "Main party name": "Green Party", "Main party abbreviation": "Green", "Election result summary": "Green gain from Lab", "Election URL": "https://electionresults.parliament.uk/elections/3340" }, "geometry": { "type": "MultiPolygon", "coordinates": [ [ [ [ -4.077982569124586, 51.014801567471935 ], [ -3.987220119181463, 51.113596986044008 ], [ -3.805695219295217, 51.113596986044008 ], [ -3.714932769352094, 51.014801567471935 ], [ -3.805695219295217, 50.915795219405837 ], [ -3.987220119181463, 50.915795219405837 ], [ -4.077982569124586, 51.014801567471935 ] ] ] ] } },
{ "type": "Feature", "properties": { "constituency_id": "E14001116", "constituency_name": "Bournemouth West", "Main party name": "Labour", "Main party abbreviation": "Lab", "Election result summary": "Lab gain from Con", "Election URL": "https://electionresults.parliament.uk/elections/3323" }, "geometry": { "type": "MultiPolygon", "coordinates": [ [ [ [ -4.077982569124586, 50.816577787766647 ], [ -3.987220119181463, 50.915795219405837 ], [ -3.805695219295217, 50.915795219405837 ], [ -3.714932769352094, 50.816577787766647 ], [ -3.805695219295217, 50.717149120676005 ], [ -3.987220119181463, 50.717149120676005 ], [ -4.077982569124586, 50.816577787766647 ] ] ] ] } },
{ "type": "Feature", "properties": { "constituency_id": "E14001363", "constituency_name": "Mid Dorset and North Poole", "Main party name": "Liberal Democrat", "Main party abbreviation": "LD", "Election result summary": "LD gain from Con", "Election URL": "https://electionresults.parliament.uk/elections/3622" }, "geometry": { "type": "MultiPolygon", "coordinates": [ [ [ [ -4.077982569124586, 50.617509068474007 ], [ -3.987220119181463, 50.717149120676005 ], [ -3.805695219295217, 50.717149120676005 ], [ -3.714932769352094, 50.617509068474007 ], [ -3.805695219295217, 50.517657483737018 ], [ -3.987220119181463, 50.517657483737018 ], [ -4.077982569124586, 50.617509068474007 ] ] ] ] } },
{ "type": "Feature", "properties": { "constituency_id": "E14001429", "constituency_name": "Poole", "Main party name": "Labour", "Main party abbreviation": "Lab", "Election result summary": "Lab gain from Con", "Election URL": "https://electionresults.parliament.uk/elections/3709" }, "geometry": { "type": "MultiPolygon", "coordinates": [ [ [ [ -4.077982569124586, 50.417594221295502 ], [ -3.987220119181463, 50.517657483737018 ], [ -3.805695219295217, 50.517657483737018 ], [ -3.714932769352094, 50.417594221295502 ], [ -3.805695219295217, 50.317319138251982 ], [ -3.987220119181463, 50.317319138251982 ], [ -4.077982569124586, 50.417594221295502 ] ] ] ] } },
{ "type": "Feature", "properties": { "constituency_id": "S14000069", "constituency_name": "Caithness, Sutherland and Easter Ross", "Main party name": "Liberal Democrat", "Main party abbreviation": "LD", "Election result summary": "LD gain from SNP", "Election URL": "https://electionresults.parliament.uk/elections/3358" }, "geometry": { "type": "MultiPolygon", "coordinates": [ [ [ [ -3.805695219295217, 57.516425502669513 ], [ -3.714932769352094, 57.600756109783759 ], [ -3.533407869465847, 57.600756109783759 ], [ -3.442645419522724, 57.516425502669513 ], [ -3.533407869465847, 57.431899488446454 ], [ -3.714932769352094, 57.431899488446454 ], [ -3.805695219295217, 57.516425502669513 ] ] ] ] } },
{ "type": "Feature", "properties": { "constituency_id": "S14000105", "constituency_name": "Stirling and Strathallan", "Main party name": "Labour", "Main party abbreviation": "Lab", "Election result summary": "Lab gain from SNP", "Election URL": "https://electionresults.parliament.uk/elections/3801" }, "geometry": { "type": "MultiPolygon", "coordinates": [ [ [ [ -3.805695219295217, 57.347177798713538 ], [ -3.714932769352094, 57.431899488446454 ], [ -3.533407869465847, 57.431899488446454 ], [ -3.442645419522724, 57.347177798713538 ], [ -3.533407869465847, 57.262260166157866 ], [ -3.714932769352094, 57.262260166157866 ], [ -3.805695219295217, 57.347177798713538 ] ] ] ] } },
{ "type": "Feature", "properties": { "constituency_id": "S14000072", "constituency_name": "Cumbernauld and Kirkintilloch", "Main party name": "Labour", "Main party abbreviation": "Lab", "Election result summary": "Lab gain from SNP", "Election URL": "https://electionresults.parliament.uk/elections/3411" }, "geometry": { "type": "MultiPolygon", "coordinates": [ [ [ [ -3.805695219295217, 57.177146324567836 ], [ -3.714932769352094, 57.262260166157866 ], [ -3.533407869465847, 57.262260166157866 ], [ -3.442645419522724, 57.177146324567836 ], [ -3.533407869465847, 57.091836008846769 ], [ -3.714932769352094, 57.091836008846769 ], [ -3.805695219295217, 57.177146324567836 ] ] ] ] } },
{ "type": "Feature", "properties": { "constituency_id": "S14000086", "constituency_name": "Glasgow North East", "Main party name": "Labour", "Main party abbreviation": "Lab", "Election result summary": "Lab gain from SNP", "Election URL": "https://electionresults.parliament.uk/elections/3489" }, "geometry": { "type": "MultiPolygon", "coordinates": [ [ [ [ -3.805695219295217, 57.006328955026333 ], [ -3.714932769352094, 57.091836008846769 ], [ -3.533407869465847, 57.091836008846769 ], [ -3.442645419522724, 57.006328955026333 ], [ -3.533407869465847, 56.92062490028011 ], [ -3.714932769352094, 56.92062490028011 ], [ -3.805695219295217, 57.006328955026333 ] ] ] ] } },
{ "type": "Feature", "properties": { "constituency_id": "S14000084", "constituency_name": "Glasgow East", "Main party name": "Labour", "Main party abbreviation": "Lab", "Election result summary": "Lab gain from SNP", "Election URL": "https://electionresults.parliament.uk/elections/3487" }, "geometry": { "type": "MultiPolygon", "coordinates": [ [ [ [ -3.805695219295217, 56.834723582937279 ], [ -3.714932769352094, 56.92062490028011 ], [ -3.533407869465847, 56.92062490028011 ], [ -3.442645419522724, 56.834723582937279 ], [ -3.533407869465847, 56.748624742496325 ], [ -3.714932769352094, 56.748624742496325 ], [ -3.805695219295217, 56.834723582937279 ] ] ] ] } },
{ "type": "Feature", "properties": { "constituency_id": "S14000070", "constituency_name": "Coatbridge and Bellshill", "Main party name": "Labour", "Main party abbreviation": "Lab", "Election result summary": "Lab gain from SNP", "Election URL": "https://electionresults.parliament.uk/elections/3396" }, "geometry": { "type": "MultiPolygon", "coordinates": [ [ [ [ -3.805695219295217, 56.662328119638808 ], [ -3.714932769352094, 56.748624742496325 ], [ -3.533407869465847, 56.748624742496325 ], [ -3.442645419522724, 56.662328119638808 ], [ -3.533407869465847, 56.575833456243259 ], [ -3.714932769352094, 56.575833456243259 ], [ -3.805695219295217, 56.662328119638808 ] ] ] ] } },
{ "type": "Feature", "properties": { "constituency_id": "S14000063", "constituency_name": "Airdrie and Shotts", "Main party name": "Labour", "Main party abbreviation": "Lab", "Election result summary": "Lab gain from SNP", "Election URL": "https://electionresults.parliament.uk/elections/3255" }, "geometry": { "type": "MultiPolygon", "coordinates": [ [ [ [ -3.805695219295217, 56.489140495399049 ], [ -3.714932769352094, 56.575833456243259 ], [ -3.533407869465847, 56.575833456243259 ], [ -3.442645419522724, 56.489140495399049 ], [ -3.533407869465847, 56.402248981420442 ], [ -3.714932769352094, 56.402248981420442 ], [ -3.805695219295217, 56.489140495399049 ] ] ] ] } },
{ "type": "Feature", "properties": { "constituency_id": "S14000099", "constituency_name": "Motherwell, Wishaw and Carluke", "Main party name": "Labour", "Main party abbreviation": "Lab", "Election result summary": "Lab gain from SNP", "Election URL": "https://electionresults.parliament.uk/elections/3638" }, "geometry": { "type": "MultiPolygon", "coordinates": [ [ [ [ -3.805695219295217, 56.315158659860622 ], [ -3.714932769352094, 56.402248981420442 ], [ -3.533407869465847, 56.402248981420442 ], [ -3.442645419522724, 56.315158659860622 ], [ -3.533407869465847, 56.227869277525834 ], [ -3.714932769352094, 56.227869277525834 ], [ -3.805695219295217, 56.315158659860622 ] ] ] ] } },
{ "type": "Feature", "properties": { "constituency_id": "S14000092", "constituency_name": "Hamilton and Clyde Valley", "Main party name": "Labour", "Main party abbreviation": "Lab", "Election result summary": "Lab gain from SNP", "Election URL": "https://electionresults.parliament.uk/elections/3513" }, "geometry": { "type": "MultiPolygon", "coordinates": [ [ [ [ -3.805695219295217, 56.140380582489598 ], [ -3.714932769352094, 56.227869277525834 ], [ -3.533407869465847, 56.227869277525834 ], [ -3.442645419522724, 56.140380582489598 ], [ -3.533407869465847, 56.052692324106971 ], [ -3.714932769352094, 56.052692324106971 ], [ -3.805695219295217, 56.140380582489598 ] ] ] ] } },
{ "type": "Feature", "properties": { "constituency_id": "S14000107", "constituency_name": "Ayr, Carrick and Cumnock", "Main party name": "Labour", "Main party abbreviation": "Lab", "Election result summary": "Lab gain from SNP", "Election URL": "https://electionresults.parliament.uk/elections/3270" }, "geometry": { "type": "MultiPolygon", "coordinates": [ [ [ [ -3.805695219295217, 55.964804253028873 ], [ -3.714932769352094, 56.052692324106971 ], [ -3.533407869465847, 56.052692324106971 ], [ -3.442645419522724, 55.964804253028873 ], [ -3.533407869465847, 55.876716121216546 ], [ -3.714932769352094, 55.876716121216546 ], [ -3.805695219295217, 55.964804253028873 ] ] ] ] } },
{ "type": "Feature", "properties": { "constituency_id": "E14001242", "constituency_name": "Fylde", "Main party name": "Conservative", "Main party abbreviation": "Con", "Election result summary": "Con hold", "Election URL": "https://electionresults.parliament.uk/elections/3482" }, "geometry": { "type": "MultiPolygon", "coordinates": [ [ [ [ -3.805695219295217, 55.254476944594387 ], [ -3.714932769352094, 55.343972333510699 ], [ -3.533407869465847, 55.343972333510699 ], [ -3.442645419522724, 55.254476944594387 ], [ -3.533407869465847, 55.164779559555484 ], [ -3.714932769352094, 55.164779559555484 ], [ -3.805695219295217, 55.254476944594387 ] ] ] ] } },
{ "type": "Feature", "properties": { "constituency_id": "E14001577", "constituency_name": "West Lancashire", "Main party name": "Labour", "Main party abbreviation": "Lab", "Election result summary": "Lab hold", "Election URL": "https://electionresults.parliament.uk/elections/3869" }, "geometry": { "type": "MultiPolygon", "coordinates": [ [ [ [ -3.805695219295217, 55.074879942807421 ], [ -3.714932769352094, 55.164779559555484 ], [ -3.533407869465847, 55.164779559555484 ], [ -3.442645419522724, 55.074879942807421 ], [ -3.533407869465847, 54.98477786022174 ], [ -3.714932769352094, 54.98477786022174 ], [ -3.805695219295217, 55.074879942807421 ] ] ] ] } },
{ "type": "Feature", "properties": { "constituency_id": "E14001504", "constituency_name": "Southport", "Main party name": "Labour", "Main party abbreviation": "Lab", "Election result summary": "Lab gain from Con", "Election URL": "https://electionresults.parliament.uk/elections/3788" }, "geometry": { "type": "MultiPolygon", "coordinates": [ [ [ [ -3.805695219295217, 54.894473079143232 ], [ -3.714932769352094, 54.98477786022174 ], [ -3.533407869465847, 54.98477786022174 ], [ -3.442645419522724, 54.894473079143232 ], [ -3.533407869465847, 54.803965368405159 ], [ -3.714932769352094, 54.803965368405159 ], [ -3.805695219295217, 54.894473079143232 ] ] ] ] } },
{ "type": "Feature", "properties": { "constituency_id": "E14001317", "constituency_name": "Knowsley", "Main party name": "Labour", "Main party abbreviation": "Lab", "Election result summary": "Lab hold", "Election URL": "https://electionresults.parliament.uk/elections/3570" }, "geometry": { "type": "MultiPolygon", "coordinates": [ [ [ [ -3.805695219295217, 54.713254498344575 ], [ -3.714932769352094, 54.803965368405159 ], [ -3.533407869465847, 54.803965368405159 ], [ -3.442645419522724, 54.713254498344575 ], [ -3.533407869465847, 54.622340240817586 ], [ -3.714932769352094, 54.622340240817586 ], [ -3.805695219295217, 54.713254498344575 ] ] ] ] } },
{ "type": "Feature", "properties": { "constituency_id": "E14001528", "constituency_name": "Stretford and Urmston", "Main party name": "Labour", "Main party abbreviation": "Lab", "Election result summary": "Lab hold", "Election URL": "https://electionresults.parliament.uk/elections/3814" }, "geometry": { "type": "MultiPolygon", "coordinates": [ [ [ [ -3.805695219295217, 54.531222369214881 ], [ -3.714932769352094, 54.622340240817586 ], [ -3.533407869465847, 54.622340240817586 ], [ -3.442645419522724, 54.531222369214881 ], [ -3.533407869465847, 54.439900658477114 ], [ -3.714932769352094, 54.439900658477114 ], [ -3.805695219295217, 54.531222369214881 ] ] ] ] } },
{ "type": "Feature", "properties": { "constituency_id": "E14001065", "constituency_name": "Altrincham and Sale West", "Main party name": "Labour", "Main party abbreviation": "Lab", "Election result summary": "Lab gain from Con", "Election URL": "https://electionresults.parliament.uk/elections/3259" }, "geometry": { "type": "MultiPolygon", "coordinates": [ [ [ [ -3.805695219295217, 54.348374885110502 ], [ -3.714932769352094, 54.439900658477114 ], [ -3.533407869465847, 54.439900658477114 ], [ -3.442645419522724, 54.348374885110502 ], [ -3.533407869465847, 54.256644827202436 ], [ -3.714932769352094, 54.256644827202436 ], [ -3.805695219295217, 54.348374885110502 ] ] ] ] } },
{ "type": "Feature", "properties": { "constituency_id": "E14001564", "constituency_name": "Warrington North", "Main party name": "Labour", "Main party abbreviation": "Lab", "Election result summary": "Lab hold", "Election URL": "https://electionresults.parliament.uk/elections/3854" }, "geometry": { "type": "MultiPolygon", "coordinates": [ [ [ [ -3.805695219295217, 54.16471026443709 ], [ -3.714932769352094, 54.256644827202436 ], [ -3.533407869465847, 54.256644827202436 ], [ -3.442645419522724, 54.16471026443709 ], [ -3.533407869465847, 54.072570978111266 ], [ -3.714932769352094, 54.072570978111266 ], [ -3.805695219295217, 54.16471026443709 ] ] ] ] } },
{ "type": "Feature", "properties": { "constituency_id": "E14001565", "constituency_name": "Warrington South", "Main party name": "Labour", "Main party abbreviation": "Lab", "Election result summary": "Lab hold", "Election URL": "https://electionresults.parliament.uk/elections/3855" }, "geometry": { "type": "MultiPolygon", "coordinates": [ [ [ [ -3.805695219295217, 53.980226751150099 ], [ -3.714932769352094, 54.072570978111266 ], [ -3.533407869465847, 54.072570978111266 ], [ -3.442645419522724, 53.980226751150099 ], [ -3.533407869465847, 53.887677368122986 ], [ -3.714932769352094, 53.887677368122986 ], [ -3.805695219295217, 53.980226751150099 ] ] ] ] } },
{ "type": "Feature", "properties": { "constituency_id": "E14001361", "constituency_name": "Mid Cheshire", "Main party name": "Labour", "Main party abbreviation": "Lab", "Election result summary": "Lab gain from Con", "Election URL": "https://electionresults.parliament.uk/elections/3620" }, "geometry": { "type": "MultiPolygon", "coordinates": [ [ [ [ -3.805695219295217, 53.794922615259459 ], [ -3.714932769352094, 53.887677368122986 ], [ -3.533407869465847, 53.887677368122986 ], [ -3.442645419522724, 53.794922615259459 ], [ -3.533407869465847, 53.701962280465231 ], [ -3.714932769352094, 53.701962280465231 ], [ -3.805695219295217, 53.794922615259459 ] ] ] ] } },
{ "type": "Feature", "properties": { "constituency_id": "E14001185", "constituency_name": "Crewe and Nantwich", "Main party name": "Labour", "Main party abbreviation": "Lab", "Election result summary": "Lab gain from Con", "Election URL": "https://electionresults.parliament.uk/elections/3407" }, "geometry": { "type": "MultiPolygon", "coordinates": [ [ [ [ -3.805695219295217, 53.608796153338226 ], [ -3.714932769352094, 53.701962280465231 ], [ -3.533407869465847, 53.701962280465231 ], [ -3.442645419522724, 53.608796153338226 ], [ -3.533407869465847, 53.515424025184686 ], [ -3.714932769352094, 53.515424025184686 ], [ -3.805695219295217, 53.608796153338226 ] ] ] ] } },
{ "type": "Feature", "properties": { "constituency_id": "E14001398", "constituency_name": "North Shropshire", "Main party name": "Liberal Democrat", "Main party abbreviation": "LD", "Election result summary": "LD gain from Con", "Election URL": "https://electionresults.parliament.uk/elections/3673" }, "geometry": { "type": "MultiPolygon", "coordinates": [ [ [ [ -3.805695219295217, 53.421845689035351 ], [ -3.714932769352094, 53.515424025184686 ], [ -3.533407869465847, 53.515424025184686 ], [ -3.442645419522724, 53.421845689035351 ], [ -3.533407869465847, 53.328060939661697 ], [ -3.714932769352094, 53.328060939661697 ], [ -3.805695219295217, 53.421845689035351 ] ] ] ] } },
{ "type": "Feature", "properties": { "constituency_id": "E14001473", "constituency_name": "Shrewsbury", "Main party name": "Labour", "Main party abbreviation": "Lab", "Election result summary": "Lab gain from Con", "Election URL": "https://electionresults.parliament.uk/elections/3755" }, "geometry": { "type": "MultiPolygon", "coordinates": [ [ [ [ -3.805695219295217, 53.234069573592272 ], [ -3.714932769352094, 53.328060939661697 ], [ -3.533407869465847, 53.328060939661697 ], [ -3.442645419522724, 53.234069573592272 ], [ -3.533407869465847, 53.139871389128984 ], [ -3.714932769352094, 53.139871389128984 ], [ -3.805695219295217, 53.234069573592272 ] ] ] ] } },
{ "type": "Feature", "properties": { "constituency_id": "E14001543", "constituency_name": "The Wrekin", "Main party name": "Conservative", "Main party abbreviation": "Con", "Election result summary": "Con hold", "Election URL": "https://electionresults.parliament.uk/elections/3830" }, "geometry": { "type": "MultiPolygon", "coordinates": [ [ [ [ -3.805695219295217, 53.045466186363591 ], [ -3.714932769352094, 53.139871389128984 ], [ -3.533407869465847, 53.139871389128984 ], [ -3.442645419522724, 53.045466186363591 ], [ -3.533407869465847, 52.950853767194133 ], [ -3.714932769352094, 52.950853767194133 ], [ -3.805695219295217, 53.045466186363591 ] ] ] ] } },
{ "type": "Feature", "properties": { "constituency_id": "E14001541", "constituency_name": "Telford", "Main party name": "Labour", "Main party abbreviation": "Lab", "Election result summary": "Lab gain from Con", "Election URL": "https://electionresults.parliament.uk/elections/3828" }, "geometry": { "type": "MultiPolygon", "coordinates": [ [ [ [ -3.805695219295217, 52.856033935341522 ], [ -3.714932769352094, 52.950853767194133 ], [ -3.533407869465847, 52.950853767194133 ], [ -3.442645419522724, 52.856033935341522 ], [ -3.533407869465847, 52.761006496366051 ], [ -3.714932769352094, 52.761006496366051 ], [ -3.805695219295217, 52.856033935341522 ] ] ] ] } },
{ "type": "Feature", "properties": { "constituency_id": "E14001493", "constituency_name": "South Shropshire", "Main party name": "Conservative", "Main party abbreviation": "Con", "Election result summary": "Con hold", "Election URL": "https://electionresults.parliament.uk/elections/3777" }, "geometry": { "type": "MultiPolygon", "coordinates": [ [ [ [ -3.805695219295217, 52.665771257684156 ], [ -3.714932769352094, 52.761006496366051 ], [ -3.533407869465847, 52.761006496366051 ], [ -3.442645419522724, 52.665771257684156 ], [ -3.533407869465847, 52.570328028585067 ], [ -3.714932769352094, 52.570328028585067 ], [ -3.805695219295217, 52.665771257684156 ] ] ] ] } },
{ "type": "Feature", "properties": { "constituency_id": "E14001395", "constituency_name": "North Herefordshire", "Main party name": "Green Party", "Main party abbreviation": "Green", "Election result summary": "Green gain from Con", "Election URL": "https://electionresults.parliament.uk/elections/3670" }, "geometry": { "type": "MultiPolygon", "coordinates": [ [ [ [ -3.805695219295217, 52.474676620247592 ], [ -3.714932769352094, 52.570328028585067 ], [ -3.533407869465847, 52.570328028585067 ], [ -3.442645419522724, 52.474676620247592 ], [ -3.533407869465847, 52.37881684575693 ], [ -3.714932769352094, 52.37881684575693 ], [ -3.805695219295217, 52.474676620247592 ] ] ] ] } },
{ "type": "Feature", "properties": { "constituency_id": "E14001281", "constituency_name": "Hereford and South Herefordshire", "Main party name": "Conservative", "Main party abbreviation": "Con", "Election result summary": "Con hold", "Election URL": "https://electionresults.parliament.uk/elections/3531" }, "geometry": { "type": "MultiPolygon", "coordinates": [ [ [ [ -3.805695219295217, 52.282748520121601 ], [ -3.714932769352094, 52.37881684575693 ], [ -3.533407869465847, 52.37881684575693 ], [ -3.442645419522724, 52.282748520121601 ], [ -3.533407869465847, 52.186471460290349 ], [ -3.714932769352094, 52.186471460290349 ], [ -3.805695219295217, 52.282748520121601 ] ] ] ] } },
{ "type": "Feature", "properties": { "constituency_id": "E14001591", "constituency_name": "Witney", "Main party name": "Liberal Democrat", "Main party abbreviation": "LD", "Election result summary": "LD gain from Con", "Election URL": "https://electionresults.parliament.uk/elections/3884" }, "geometry": { "type": "MultiPolygon", "coordinates": [ [ [ [ -3.805695219295217, 52.089985485169159 ], [ -3.714932769352094, 52.186471460290349 ], [ -3.533407869465847, 52.186471460290349 ], [ -3.442645419522724, 52.089985485169159 ], [ -3.533407869465847, 51.99329041563827 ], [ -3.714932769352094, 51.99329041563827 ], [ -3.805695219295217, 52.089985485169159 ] ] ] ] } },
{ "type": "Feature", "properties": { "constituency_id": "E14001420", "constituency_name": "Oxford West and Abingdon", "Main party name": "Liberal Democrat", "Main party abbreviation": "LD", "Election result summary": "LD hold", "Election URL": "https://electionresults.parliament.uk/elections/3696" }, "geometry": { "type": "MultiPolygon", "coordinates": [ [ [ [ -3.805695219295217, 51.896386074569342 ], [ -3.714932769352094, 51.99329041563827 ], [ -3.533407869465847, 51.99329041563827 ], [ -3.442645419522724, 51.896386074569342 ], [ -3.533407869465847, 51.79927228684258 ], [ -3.714932769352094, 51.79927228684258 ], [ -3.805695219295217, 51.896386074569342 ] ] ] ] } },
{ "type": "Feature", "properties": { "constituency_id": "E14001248", "constituency_name": "Gloucester", "Main party name": "Labour", "Main party abbreviation": "Lab", "Election result summary": "Lab gain from Con", "Election URL": "https://electionresults.parliament.uk/elections/3495" }, "geometry": { "type": "MultiPolygon", "coordinates": [ [ [ [ -3.805695219295217, 51.701948879363918 ], [ -3.714932769352094, 51.79927228684258 ], [ -3.533407869465847, 51.79927228684258 ], [ -3.442645419522724, 51.701948879363918 ], [ -3.533407869465847, 51.604415681082358 ], [ -3.714932769352094, 51.604415681082358 ], [ -3.805695219295217, 51.701948879363918 ] ] ] ] } },
{ "type": "Feature", "properties": { "constituency_id": "E14001237", "constituency_name": "Filton and Bradley Stoke", "Main party name": "Labour", "Main party abbreviation": "Lab", "Election result summary": "Lab gain from Con", "Election URL": "https://electionresults.parliament.uk/elections/3476" }, "geometry": { "type": "MultiPolygon", "coordinates": [ [ [ [ -3.805695219295217, 51.506672523007225 ], [ -3.714932769352094, 51.604415681082358 ], [ -3.533407869465847, 51.604415681082358 ], [ -3.442645419522724, 51.506672523007225 ], [ -3.533407869465847, 51.408719238225579 ], [ -3.714932769352094, 51.408719238225579 ], [ -3.805695219295217, 51.506672523007225 ] ] ] ] } },
{ "type": "Feature", "properties": { "constituency_id": "E14001133", "constituency_name": "Bristol North East", "Main party name": "Labour", "Main party abbreviation": "Lab", "Election result summary": "Lab hold", "Election URL": "https://electionresults.parliament.uk/elections/3342" }, "geometry": { "type": "MultiPolygon", "coordinates": [ [ [ [ -3.805695219295217, 51.310555661919615 ], [ -3.714932769352094, 51.408719238225579 ], [ -3.533407869465847, 51.408719238225579 ], [ -3.442645419522724, 51.310555661919615 ], [ -3.533407869465847, 51.212181631384112 ], [ -3.714932769352094, 51.212181631384112 ], [ -3.805695219295217, 51.310555661919615 ] ] ] ] } },
{ "type": "Feature", "properties": { "constituency_id": "E14001132", "constituency_name": "Bristol East", "Main party name": "Labour", "Main party abbreviation": "Lab", "Election result summary": "Lab hold", "Election URL": "https://electionresults.parliament.uk/elections/3341" }, "geometry": { "type": "MultiPolygon", "coordinates": [ [ [ [ -3.805695219295217, 51.113596986044008 ], [ -3.714932769352094, 51.212181631384112 ], [ -3.533407869465847, 51.212181631384112 ], [ -3.442645419522724, 51.113596986044008 ], [ -3.533407869465847, 51.014801567471935 ], [ -3.714932769352094, 51.014801567471935 ], [ -3.805695219295217, 51.113596986044008 ] ] ] ] } },
{ "type": "Feature", "properties": { "constituency_id": "E14001135", "constituency_name": "Bristol South", "Main party name": "Labour", "Main party abbreviation": "Lab", "Election result summary": "Lab hold", "Election URL": "https://electionresults.parliament.uk/elections/3344" }, "geometry": { "type": "MultiPolygon", "coordinates": [ [ [ [ -3.805695219295217, 50.915795219405837 ], [ -3.714932769352094, 51.014801567471935 ], [ -3.533407869465847, 51.014801567471935 ], [ -3.442645419522724, 50.915795219405837 ], [ -3.533407869465847, 50.816577787766647 ], [ -3.714932769352094, 50.816577787766647 ], [ -3.805695219295217, 50.915795219405837 ] ] ] ] } },
{ "type": "Feature", "properties": { "constituency_id": "E14001115", "constituency_name": "Bournemouth East", "Main party name": "Labour", "Main party abbreviation": "Lab", "Election result summary": "Lab gain from Con", "Election URL": "https://electionresults.parliament.uk/elections/3322" }, "geometry": { "type": "MultiPolygon", "coordinates": [ [ [ [ -3.805695219295217, 50.717149120676005 ], [ -3.714932769352094, 50.816577787766647 ], [ -3.533407869465847, 50.816577787766647 ], [ -3.442645419522724, 50.717149120676005 ], [ -3.533407869465847, 50.617509068474007 ], [ -3.714932769352094, 50.617509068474007 ], [ -3.805695219295217, 50.717149120676005 ] ] ] ] } },
{ "type": "Feature", "properties": { "constituency_id": "S14000098", "constituency_name": "Moray West, Nairn and Strathspey", "Main party name": "Scottish National Party", "Main party abbreviation": "SNP", "Election result summary": "SNP hold", "Election URL": "https://electionresults.parliament.uk/elections/3636" }, "geometry": { "type": "MultiPolygon", "coordinates": [ [ [ [ -3.533407869465846, 57.431899488446454 ], [ -3.442645419522723, 57.516425502669513 ], [ -3.261120519636477, 57.516425502669513 ], [ -3.170358069693353, 57.431899488446454 ], [ -3.261120519636477, 57.347177798713538 ], [ -3.442645419522723, 57.347177798713538 ], [ -3.533407869465846, 57.431899488446454 ] ] ] ] } },
{ "type": "Feature", "properties": { "constituency_id": "S14000103", "constituency_name": "Perth and Kinross-shire", "Main party name": "Scottish National Party", "Main party abbreviation": "SNP", "Election result summary": "SNP hold", "Election URL": "https://electionresults.parliament.uk/elections/3703" }, "geometry": { "type": "MultiPolygon", "coordinates": [ [ [ [ -3.533407869465846, 57.262260166157866 ], [ -3.442645419522723, 57.347177798713538 ], [ -3.261120519636477, 57.347177798713538 ], [ -3.170358069693353, 57.262260166157866 ], [ -3.261120519636477, 57.177146324567836 ], [ -3.442645419522723, 57.177146324567836 ], [ -3.533407869465846, 57.262260166157866 ] ] ] ] } },
{ "type": "Feature", "properties": { "constituency_id": "S14000064", "constituency_name": "Alloa and Grangemouth", "Main party name": "Labour", "Main party abbreviation": "Lab", "Election result summary": "Lab gain from SNP", "Election URL": "https://electionresults.parliament.uk/elections/3258" }, "geometry": { "type": "MultiPolygon", "coordinates": [ [ [ [ -3.533407869465846, 57.091836008846769 ], [ -3.442645419522723, 57.177146324567836 ], [ -3.261120519636477, 57.177146324567836 ], [ -3.170358069693353, 57.091836008846769 ], [ -3.261120519636477, 57.006328955026333 ], [ -3.442645419522723, 57.006328955026333 ], [ -3.533407869465846, 57.091836008846769 ] ] ] ] } },
{ "type": "Feature", "properties": { "constituency_id": "S14000083", "constituency_name": "Falkirk", "Main party name": "Labour", "Main party abbreviation": "Lab", "Election result summary": "Lab gain from SNP", "Election URL": "https://electionresults.parliament.uk/elections/3470" }, "geometry": { "type": "MultiPolygon", "coordinates": [ [ [ [ -3.533407869465846, 56.92062490028011 ], [ -3.442645419522723, 57.006328955026333 ], [ -3.261120519636477, 57.006328955026333 ], [ -3.170358069693353, 56.92062490028011 ], [ -3.261120519636477, 56.834723582937279 ], [ -3.442645419522723, 56.834723582937279 ], [ -3.533407869465846, 56.92062490028011 ] ] ] ] } },
{ "type": "Feature", "properties": { "constituency_id": "S14000076", "constituency_name": "Dunfermline and Dollar", "Main party name": "Labour", "Main party abbreviation": "Lab", "Election result summary": "Lab gain from SNP", "Election URL": "https://electionresults.parliament.uk/elections/3432" }, "geometry": { "type": "MultiPolygon", "coordinates": [ [ [ [ -3.533407869465846, 56.748624742496325 ], [ -3.442645419522723, 56.834723582937279 ], [ -3.261120519636477, 56.834723582937279 ], [ -3.170358069693353, 56.748624742496325 ], [ -3.261120519636477, 56.662328119638808 ], [ -3.442645419522723, 56.662328119638808 ], [ -3.533407869465846, 56.748624742496325 ] ] ] ] } },
{ "type": "Feature", "properties": { "constituency_id": "S14000082", "constituency_name": "Edinburgh West", "Main party name": "Liberal Democrat", "Main party abbreviation": "LD", "Election result summary": "LD hold", "Election URL": "https://electionresults.parliament.uk/elections/3457" }, "geometry": { "type": "MultiPolygon", "coordinates": [ [ [ [ -3.533407869465846, 56.575833456243259 ], [ -3.442645419522723, 56.662328119638808 ], [ -3.261120519636477, 56.662328119638808 ], [ -3.170358069693353, 56.575833456243259 ], [ -3.261120519636477, 56.489140495399049 ], [ -3.442645419522723, 56.489140495399049 ], [ -3.533407869465846, 56.575833456243259 ] ] ] ] } },
{ "type": "Feature", "properties": { "constituency_id": "S14000068", "constituency_name": "Bathgate and Linlithgow", "Main party name": "Labour", "Main party abbreviation": "Lab", "Election result summary": "Lab gain from SNP", "Election URL": "https://electionresults.parliament.uk/elections/3281" }, "geometry": { "type": "MultiPolygon", "coordinates": [ [ [ [ -3.533407869465846, 56.402248981420442 ], [ -3.442645419522723, 56.489140495399049 ], [ -3.261120519636477, 56.489140495399049 ], [ -3.170358069693353, 56.402248981420442 ], [ -3.261120519636477, 56.315158659860622 ], [ -3.442645419522723, 56.315158659860622 ], [ -3.533407869465846, 56.402248981420442 ] ] ] ] } },
{ "type": "Feature", "properties": { "constituency_id": "S14000095", "constituency_name": "Livingston", "Main party name": "Labour", "Main party abbreviation": "Lab", "Election result summary": "Lab gain from SNP", "Election URL": "https://electionresults.parliament.uk/elections/3596" }, "geometry": { "type": "MultiPolygon", "coordinates": [ [ [ [ -3.533407869465846, 56.227869277525834 ], [ -3.442645419522723, 56.315158659860622 ], [ -3.261120519636477, 56.315158659860622 ], [ -3.170358069693353, 56.227869277525834 ], [ -3.261120519636477, 56.140380582489598 ], [ -3.442645419522723, 56.140380582489598 ], [ -3.533407869465846, 56.227869277525834 ] ] ] ] } },
{ "type": "Feature", "properties": { "constituency_id": "S14000073", "constituency_name": "Dumfries and Galloway", "Main party name": "Conservative", "Main party abbreviation": "Con", "Election result summary": "Con hold", "Election URL": "https://electionresults.parliament.uk/elections/3429" }, "geometry": { "type": "MultiPolygon", "coordinates": [ [ [ [ -3.533407869465846, 56.052692324106971 ], [ -3.442645419522723, 56.140380582489598 ], [ -3.261120519636477, 56.140380582489598 ], [ -3.170358069693353, 56.052692324106971 ], [ -3.261120519636477, 55.964804253028873 ], [ -3.442645419522723, 55.964804253028873 ], [ -3.533407869465846, 56.052692324106971 ] ] ] ] } },
{ "type": "Feature", "properties": { "constituency_id": "E14001105", "constituency_name": "Blackpool South", "Main party name": "Labour", "Main party abbreviation": "Lab", "Election result summary": "Lab gain from Con", "Election URL": "https://electionresults.parliament.uk/elections/3311" }, "geometry": { "type": "MultiPolygon", "coordinates": [ [ [ [ -3.533407869465846, 55.343972333510699 ], [ -3.442645419522723, 55.433265963334023 ], [ -3.261120519636477, 55.433265963334023 ], [ -3.170358069693353, 55.343972333510699 ], [ -3.261120519636477, 55.254476944594387 ], [ -3.442645419522723, 55.254476944594387 ], [ -3.533407869465846, 55.343972333510699 ] ] ] ] } },
{ "type": "Feature", "properties": { "constituency_id": "E14001170", "constituency_name": "Chorley", "Main party name": null, "Main party abbreviation": null, "Election result summary": "Spk hold", "Election URL": "https://electionresults.parliament.uk/elections/3388" }, "geometry": { "type": "MultiPolygon", "coordinates": [ [ [ [ -3.533407869465846, 55.164779559555484 ], [ -3.442645419522723, 55.254476944594387 ], [ -3.261120519636477, 55.254476944594387 ], [ -3.170358069693353, 55.164779559555484 ], [ -3.261120519636477, 55.074879942807421 ], [ -3.442645419522723, 55.074879942807421 ], [ -3.533407869465846, 55.164779559555484 ] ] ] ] } },
{ "type": "Feature", "properties": { "constituency_id": "E14001585", "constituency_name": "Wigan", "Main party name": "Labour", "Main party abbreviation": "Lab", "Election result summary": "Lab hold", "Election URL": "https://electionresults.parliament.uk/elections/3878" }, "geometry": { "type": "MultiPolygon", "coordinates": [ [ [ [ -3.533407869465846, 54.98477786022174 ], [ -3.442645419522723, 55.074879942807421 ], [ -3.261120519636477, 55.074879942807421 ], [ -3.170358069693353, 54.98477786022174 ], [ -3.261120519636477, 54.894473079143232 ], [ -3.442645419522723, 54.894473079143232 ], [ -3.533407869465846, 54.98477786022174 ] ] ] ] } },
{ "type": "Feature", "properties": { "constituency_id": "E14001350", "constituency_name": "Makerfield", "Main party name": "Labour", "Main party abbreviation": "Lab", "Election result summary": "Lab hold", "Election URL": "https://electionresults.parliament.uk/elections/3607" }, "geometry": { "type": "MultiPolygon", "coordinates": [ [ [ [ -3.533407869465846, 54.803965368405159 ], [ -3.442645419522723, 54.894473079143232 ], [ -3.261120519636477, 54.894473079143232 ], [ -3.170358069693353, 54.803965368405159 ], [ -3.261120519636477, 54.713254498344575 ], [ -3.442645419522723, 54.713254498344575 ], [ -3.533407869465846, 54.803965368405159 ] ] ] ] } },
{ "type": "Feature", "properties": { "constituency_id": "E14001598", "constituency_name": "Worsley and Eccles", "Main party name": "Labour", "Main party abbreviation": "Lab", "Election result summary": "Lab hold", "Election URL": "https://electionresults.parliament.uk/elections/3891" }, "geometry": { "type": "MultiPolygon", "coordinates": [ [ [ [ -3.533407869465846, 54.622340240817586 ], [ -3.442645419522723, 54.713254498344575 ], [ -3.261120519636477, 54.713254498344575 ], [ -3.170358069693353, 54.622340240817586 ], [ -3.261120519636477, 54.531222369214881 ], [ -3.442645419522723, 54.531222369214881 ], [ -3.533407869465846, 54.622340240817586 ] ] ] ] } },
{ "type": "Feature", "properties": { "constituency_id": "E14001602", "constituency_name": "Wythenshawe and Sale East", "Main party name": "Labour", "Main party abbreviation": "Lab", "Election result summary": "Lab hold", "Election URL": "https://electionresults.parliament.uk/elections/3896" }, "geometry": { "type": "MultiPolygon", "coordinates": [ [ [ [ -3.533407869465846, 54.439900658477114 ], [ -3.442645419522723, 54.531222369214881 ], [ -3.261120519636477, 54.531222369214881 ], [ -3.170358069693353, 54.439900658477114 ], [ -3.261120519636477, 54.348374885110502 ], [ -3.442645419522723, 54.348374885110502 ], [ -3.533407869465846, 54.439900658477114 ] ] ] ] } },
{ "type": "Feature", "properties": { "constituency_id": "E14001539", "constituency_name": "Tatton", "Main party name": "Conservative", "Main party abbreviation": "Con", "Election result summary": "Con hold", "Election URL": "https://electionresults.parliament.uk/elections/3826" }, "geometry": { "type": "MultiPolygon", "coordinates": [ [ [ [ -3.533407869465846, 54.256644827202436 ], [ -3.442645419522723, 54.348374885110502 ], [ -3.261120519636477, 54.348374885110502 ], [ -3.170358069693353, 54.256644827202436 ], [ -3.261120519636477, 54.16471026443709 ], [ -3.442645419522723, 54.16471026443709 ], [ -3.533407869465846, 54.256644827202436 ] ] ] ] } },
{ "type": "Feature", "properties": { "constituency_id": "E14001347", "constituency_name": "Macclesfield", "Main party name": "Labour", "Main party abbreviation": "Lab", "Election result summary": "Lab gain from Con", "Election URL": "https://electionresults.parliament.uk/elections/3604" }, "geometry": { "type": "MultiPolygon", "coordinates": [ [ [ [ -3.533407869465846, 54.072570978111266 ], [ -3.442645419522723, 54.16471026443709 ], [ -3.261120519636477, 54.16471026443709 ], [ -3.170358069693353, 54.072570978111266 ], [ -3.261120519636477, 53.980226751150099 ], [ -3.442645419522723, 53.980226751150099 ], [ -3.533407869465846, 54.072570978111266 ] ] ] ] } },
{ "type": "Feature", "properties": { "constituency_id": "E14001178", "constituency_name": "Congleton", "Main party name": "Labour", "Main party abbreviation": "Lab", "Election result summary": "Lab gain from Con", "Election URL": "https://electionresults.parliament.uk/elections/3399" }, "geometry": { "type": "MultiPolygon", "coordinates": [ [ [ [ -3.533407869465846, 53.887677368122986 ], [ -3.442645419522723, 53.980226751150099 ], [ -3.261120519636477, 53.980226751150099 ], [ -3.170358069693353, 53.887677368122986 ], [ -3.261120519636477, 53.794922615259459 ], [ -3.442645419522723, 53.794922615259459 ], [ -3.533407869465846, 53.887677368122986 ] ] ] ] } },
{ "type": "Feature", "properties": { "constituency_id": "E14001150", "constituency_name": "Cannock Chase", "Main party name": "Labour", "Main party abbreviation": "Lab", "Election result summary": "Lab gain from Con", "Election URL": "https://electionresults.parliament.uk/elections/3362" }, "geometry": { "type": "MultiPolygon", "coordinates": [ [ [ [ -3.533407869465846, 53.701962280465231 ], [ -3.442645419522723, 53.794922615259459 ], [ -3.261120519636477, 53.794922615259459 ], [ -3.170358069693353, 53.701962280465231 ], [ -3.261120519636477, 53.608796153338226 ], [ -3.442645419522723, 53.608796153338226 ], [ -3.533407869465846, 53.701962280465231 ] ] ] ] } },
{ "type": "Feature", "properties": { "constituency_id": "E14001523", "constituency_name": "Stone, Great Wyrley and Penkridge", "Main party name": "Conservative", "Main party abbreviation": "Con", "Election result summary": "Con hold", "Election URL": "https://electionresults.parliament.uk/elections/3808" }, "geometry": { "type": "MultiPolygon", "coordinates": [ [ [ [ -3.533407869465846, 53.515424025184686 ], [ -3.442645419522723, 53.608796153338226 ], [ -3.261120519636477, 53.608796153338226 ], [ -3.170358069693353, 53.515424025184686 ], [ -3.261120519636477, 53.421845689035351 ], [ -3.442645419522723, 53.421845689035351 ], [ -3.533407869465846, 53.515424025184686 ] ] ] ] } },
{ "type": "Feature", "properties": { "constituency_id": "E14001594", "constituency_name": "Wolverhampton North East", "Main party name": "Labour", "Main party abbreviation": "Lab", "Election result summary": "Lab gain from Con", "Election URL": "https://electionresults.parliament.uk/elections/3887" }, "geometry": { "type": "MultiPolygon", "coordinates": [ [ [ [ -3.533407869465846, 53.328060939661697 ], [ -3.442645419522723, 53.421845689035351 ], [ -3.261120519636477, 53.421845689035351 ], [ -3.170358069693353, 53.328060939661697 ], [ -3.261120519636477, 53.234069573592272 ], [ -3.442645419522723, 53.234069573592272 ], [ -3.533407869465846, 53.328060939661697 ] ] ] ] } },
{ "type": "Feature", "properties": { "constituency_id": "E14001596", "constituency_name": "Wolverhampton West", "Main party name": "Labour", "Main party abbreviation": "Lab", "Election result summary": "Lab gain from Con", "Election URL": "https://electionresults.parliament.uk/elections/3889" }, "geometry": { "type": "MultiPolygon", "coordinates": [ [ [ [ -3.533407869465846, 53.139871389128984 ], [ -3.442645419522723, 53.234069573592272 ], [ -3.261120519636477, 53.234069573592272 ], [ -3.170358069693353, 53.139871389128984 ], [ -3.261120519636477, 53.045466186363591 ], [ -3.442645419522723, 53.045466186363591 ], [ -3.533407869465846, 53.139871389128984 ] ] ] ] } },
{ "type": "Feature", "properties": { "constituency_id": "E14001204", "constituency_name": "Dudley", "Main party name": "Labour", "Main party abbreviation": "Lab", "Election result summary": "Lab gain from Con", "Election URL": "https://electionresults.parliament.uk/elections/3427" }, "geometry": { "type": "MultiPolygon", "coordinates": [ [ [ [ -3.533407869465846, 52.950853767194133 ], [ -3.442645419522723, 53.045466186363591 ], [ -3.261120519636477, 53.045466186363591 ], [ -3.170358069693353, 52.950853767194133 ], [ -3.261120519636477, 52.856033935341522 ], [ -3.442645419522723, 52.856033935341522 ], [ -3.533407869465846, 52.950853767194133 ] ] ] ] } },
{ "type": "Feature", "properties": { "constituency_id": "E14001316", "constituency_name": "Kingswinford and South Staffordshire", "Main party name": "Conservative", "Main party abbreviation": "Con", "Election result summary": "Con hold", "Election URL": "https://electionresults.parliament.uk/elections/3569" }, "geometry": { "type": "MultiPolygon", "coordinates": [ [ [ [ -3.533407869465846, 52.761006496366051 ], [ -3.442645419522723, 52.856033935341522 ], [ -3.261120519636477, 52.856033935341522 ], [ -3.170358069693353, 52.761006496366051 ], [ -3.261120519636477, 52.665771257684156 ], [ -3.442645419522723, 52.665771257684156 ], [ -3.533407869465846, 52.761006496366051 ] ] ] ] } },
{ "type": "Feature", "properties": { "constituency_id": "E14001524", "constituency_name": "Stourbridge", "Main party name": "Labour", "Main party abbreviation": "Lab", "Election result summary": "Lab gain from Con", "Election URL": "https://electionresults.parliament.uk/elections/3809" }, "geometry": { "type": "MultiPolygon", "coordinates": [ [ [ [ -3.533407869465846, 52.570328028585067 ], [ -3.442645419522723, 52.665771257684156 ], [ -3.261120519636477, 52.665771257684156 ], [ -3.170358069693353, 52.570328028585067 ], [ -3.261120519636477, 52.474676620247592 ], [ -3.442645419522723, 52.474676620247592 ], [ -3.533407869465846, 52.570328028585067 ] ] ] ] } },
{ "type": "Feature", "properties": { "constituency_id": "E14001579", "constituency_name": "West Worcestershire", "Main party name": "Conservative", "Main party abbreviation": "Con", "Election result summary": "Con hold", "Election URL": "https://electionresults.parliament.uk/elections/3872" }, "geometry": { "type": "MultiPolygon", "coordinates": [ [ [ [ -3.533407869465846, 52.37881684575693 ], [ -3.442645419522723, 52.474676620247592 ], [ -3.261120519636477, 52.474676620247592 ], [ -3.170358069693353, 52.37881684575693 ], [ -3.261120519636477, 52.282748520121601 ], [ -3.442645419522723, 52.282748520121601 ], [ -3.533407869465846, 52.37881684575693 ] ] ] ] } },
{ "type": "Feature", "properties": { "constituency_id": "E14001072", "constituency_name": "Banbury", "Main party name": "Labour", "Main party abbreviation": "Lab", "Election result summary": "Lab gain from Con", "Election URL": "https://electionresults.parliament.uk/elections/3271" }, "geometry": { "type": "MultiPolygon", "coordinates": [ [ [ [ -3.533407869465846, 52.186471460290349 ], [ -3.442645419522723, 52.282748520121601 ], [ -3.261120519636477, 52.282748520121601 ], [ -3.170358069693353, 52.186471460290349 ], [ -3.261120519636477, 52.089985485169159 ], [ -3.442645419522723, 52.089985485169159 ], [ -3.533407869465846, 52.186471460290349 ] ] ] ] } },
{ "type": "Feature", "properties": { "constituency_id": "E14001419", "constituency_name": "Oxford East", "Main party name": "Labour", "Main party abbreviation": "Lab", "Election result summary": "Lab hold", "Election URL": "https://electionresults.parliament.uk/elections/3695" }, "geometry": { "type": "MultiPolygon", "coordinates": [ [ [ [ -3.533407869465846, 51.99329041563827 ], [ -3.442645419522723, 52.089985485169159 ], [ -3.261120519636477, 52.089985485169159 ], [ -3.170358069693353, 51.99329041563827 ], [ -3.261120519636477, 51.896386074569342 ], [ -3.442645419522723, 51.896386074569342 ], [ -3.533407869465846, 51.99329041563827 ] ] ] ] } },
{ "type": "Feature", "properties": { "constituency_id": "E14001542", "constituency_name": "Tewkesbury", "Main party name": "Liberal Democrat", "Main party abbreviation": "LD", "Election result summary": "LD gain from Con", "Election URL": "https://electionresults.parliament.uk/elections/3829" }, "geometry": { "type": "MultiPolygon", "coordinates": [ [ [ [ -3.533407869465846, 51.79927228684258 ], [ -3.442645419522723, 51.896386074569342 ], [ -3.261120519636477, 51.896386074569342 ], [ -3.170358069693353, 51.79927228684258 ], [ -3.261120519636477, 51.701948879363918 ], [ -3.442645419522723, 51.701948879363918 ], [ -3.533407869465846, 51.79927228684258 ] ] ] ] } },
{ "type": "Feature", "properties": { "constituency_id": "E14001161", "constituency_name": "Cheltenham", "Main party name": "Liberal Democrat", "Main party abbreviation": "LD", "Election result summary": "LD gain from Con", "Election URL": "https://electionresults.parliament.uk/elections/3379" }, "geometry": { "type": "MultiPolygon", "coordinates": [ [ [ [ -3.533407869465846, 51.604415681082358 ], [ -3.442645419522723, 51.701948879363918 ], [ -3.261120519636477, 51.701948879363918 ], [ -3.170358069693353, 51.604415681082358 ], [ -3.261120519636477, 51.506672523007225 ], [ -3.442645419522723, 51.506672523007225 ], [ -3.533407869465846, 51.604415681082358 ] ] ] ] } },
{ "type": "Feature", "properties": { "constituency_id": "E14001168", "constituency_name": "Chippenham", "Main party name": "Liberal Democrat", "Main party abbreviation": "LD", "Election result summary": "LD gain from Con", "Election URL": "https://electionresults.parliament.uk/elections/3386" }, "geometry": { "type": "MultiPolygon", "coordinates": [ [ [ [ -3.533407869465846, 51.408719238225579 ], [ -3.442645419522723, 51.506672523007225 ], [ -3.261120519636477, 51.506672523007225 ], [ -3.170358069693353, 51.408719238225579 ], [ -3.261120519636477, 51.310555661919615 ], [ -3.442645419522723, 51.310555661919615 ], [ -3.533407869465846, 51.408719238225579 ] ] ] ] } },
{ "type": "Feature", "properties": { "constituency_id": "E14001080", "constituency_name": "Bath", "Main party name": "Liberal Democrat", "Main party abbreviation": "LD", "Election result summary": "LD hold", "Election URL": "https://electionresults.parliament.uk/elections/3280" }, "geometry": { "type": "MultiPolygon", "coordinates": [ [ [ [ -3.533407869465846, 51.212181631384112 ], [ -3.442645419522723, 51.310555661919615 ], [ -3.261120519636477, 51.310555661919615 ], [ -3.170358069693353, 51.212181631384112 ], [ -3.261120519636477, 51.113596986044008 ], [ -3.442645419522723, 51.113596986044008 ], [ -3.533407869465846, 51.212181631384112 ] ] ] ] } },
{ "type": "Feature", "properties": { "constituency_id": "E14001356", "constituency_name": "Melksham and Devizes", "Main party name": "Liberal Democrat", "Main party abbreviation": "LD", "Election result summary": "LD gain from Con", "Election URL": "https://electionresults.parliament.uk/elections/3613" }, "geometry": { "type": "MultiPolygon", "coordinates": [ [ [ [ -3.533407869465846, 51.014801567471935 ], [ -3.442645419522723, 51.113596986044008 ], [ -3.261120519636477, 51.113596986044008 ], [ -3.170358069693353, 51.014801567471935 ], [ -3.261120519636477, 50.915795219405837 ], [ -3.442645419522723, 50.915795219405837 ], [ -3.533407869465846, 51.014801567471935 ] ] ] ] } },
{ "type": "Feature", "properties": { "constituency_id": "E14001498", "constituency_name": "South West Wiltshire", "Main party name": "Conservative", "Main party abbreviation": "Con", "Election result summary": "Con hold", "Election URL": "https://electionresults.parliament.uk/elections/3782" }, "geometry": { "type": "MultiPolygon", "coordinates": [ [ [ [ -3.533407869465846, 50.816577787766647 ], [ -3.442645419522723, 50.915795219405837 ], [ -3.261120519636477, 50.915795219405837 ], [ -3.170358069693353, 50.816577787766647 ], [ -3.261120519636477, 50.717149120676005 ], [ -3.442645419522723, 50.717149120676005 ], [ -3.533407869465846, 50.816577787766647 ] ] ] ] } },
{ "type": "Feature", "properties": { "constituency_id": "E14001171", "constituency_name": "Christchurch", "Main party name": "Conservative", "Main party abbreviation": "Con", "Election result summary": "Con hold", "Election URL": "https://electionresults.parliament.uk/elections/3389" }, "geometry": { "type": "MultiPolygon", "coordinates": [ [ [ [ -3.533407869465846, 50.617509068474007 ], [ -3.442645419522723, 50.717149120676005 ], [ -3.261120519636477, 50.717149120676005 ], [ -3.170358069693353, 50.617509068474007 ], [ -3.261120519636477, 50.517657483737018 ], [ -3.442645419522723, 50.517657483737018 ], [ -3.533407869465846, 50.617509068474007 ] ] ] ] } },
{ "type": "Feature", "properties": { "constituency_id": "S14000062", "constituency_name": "Aberdeenshire North and Moray East", "Main party name": "Scottish National Party", "Main party abbreviation": "SNP", "Election result summary": "SNP gain from Con", "Election URL": "https://electionresults.parliament.uk/elections/3254" }, "geometry": { "type": "MultiPolygon", "coordinates": [ [ [ [ -3.261120519636478, 57.516425502669513 ], [ -3.170358069693355, 57.600756109783759 ], [ -2.988833169807108, 57.600756109783759 ], [ -2.898070719863985, 57.516425502669513 ], [ -2.988833169807108, 57.431899488446454 ], [ -3.170358069693355, 57.431899488446454 ], [ -3.261120519636478, 57.516425502669513 ] ] ] ] } },
{ "type": "Feature", "properties": { "constituency_id": "S14000111", "constituency_name": "West Aberdeenshire and Kincardine", "Main party name": "Conservative", "Main party abbreviation": "Con", "Election result summary": "Con hold", "Election URL": "https://electionresults.parliament.uk/elections/3864" }, "geometry": { "type": "MultiPolygon", "coordinates": [ [ [ [ -3.261120519636478, 57.347177798713538 ], [ -3.170358069693355, 57.431899488446454 ], [ -2.988833169807108, 57.431899488446454 ], [ -2.898070719863985, 57.347177798713538 ], [ -2.988833169807108, 57.262260166157866 ], [ -3.170358069693355, 57.262260166157866 ], [ -3.261120519636478, 57.347177798713538 ] ] ] ] } },
{ "type": "Feature", "properties": { "constituency_id": "S14000065", "constituency_name": "Angus and Perthshire Glens", "Main party name": "Scottish National Party", "Main party abbreviation": "SNP", "Election result summary": "SNP hold", "Election URL": "https://electionresults.parliament.uk/elections/3262" }, "geometry": { "type": "MultiPolygon", "coordinates": [ [ [ [ -3.261120519636478, 57.177146324567836 ], [ -3.170358069693355, 57.262260166157866 ], [ -2.988833169807108, 57.262260166157866 ], [ -2.898070719863985, 57.177146324567836 ], [ -2.988833169807108, 57.091836008846769 ], [ -3.170358069693355, 57.091836008846769 ], [ -3.261120519636478, 57.177146324567836 ] ] ] ] } },
{ "type": "Feature", "properties": { "constituency_id": "S14000090", "constituency_name": "Glenrothes and Mid Fife", "Main party name": "Labour", "Main party abbreviation": "Lab", "Election result summary": "Lab gain from SNP", "Election URL": "https://electionresults.parliament.uk/elections/3494" }, "geometry": { "type": "MultiPolygon", "coordinates": [ [ [ [ -3.261120519636478, 57.006328955026333 ], [ -3.170358069693355, 57.091836008846769 ], [ -2.988833169807108, 57.091836008846769 ], [ -2.898070719863985, 57.006328955026333 ], [ -2.988833169807108, 56.92062490028011 ], [ -3.170358069693355, 56.92062490028011 ], [ -3.261120519636478, 57.006328955026333 ] ] ] ] } },
{ "type": "Feature", "properties": { "constituency_id": "S14000071", "constituency_name": "Cowdenbeath and Kirkcaldy", "Main party name": "Labour", "Main party abbreviation": "Lab", "Election result summary": "Lab gain from SNP", "Election URL": "https://electionresults.parliament.uk/elections/3404" }, "geometry": { "type": "MultiPolygon", "coordinates": [ [ [ [ -3.261120519636478, 56.834723582937279 ], [ -3.170358069693355, 56.92062490028011 ], [ -2.988833169807108, 56.92062490028011 ], [ -2.898070719863985, 56.834723582937279 ], [ -2.988833169807108, 56.748624742496325 ], [ -3.170358069693355, 56.748624742496325 ], [ -3.261120519636478, 56.834723582937279 ] ] ] ] } },
{ "type": "Feature", "properties": { "constituency_id": "S14000079", "constituency_name": "Edinburgh North and Leith", "Main party name": "Labour", "Main party abbreviation": "Lab", "Election result summary": "Lab gain from SNP", "Election URL": "https://electionresults.parliament.uk/elections/3454" }, "geometry": { "type": "MultiPolygon", "coordinates": [ [ [ [ -3.261120519636478, 56.662328119638808 ], [ -3.170358069693355, 56.748624742496325 ], [ -2.988833169807108, 56.748624742496325 ], [ -2.898070719863985, 56.662328119638808 ], [ -2.988833169807108, 56.575833456243259 ], [ -3.170358069693355, 56.575833456243259 ], [ -3.261120519636478, 56.662328119638808 ] ] ] ] } },
{ "type": "Feature", "properties": { "constituency_id": "S14000081", "constituency_name": "Edinburgh South West", "Main party name": "Labour", "Main party abbreviation": "Lab", "Election result summary": "Lab gain from SNP", "Election URL": "https://electionresults.parliament.uk/elections/3456" }, "geometry": { "type": "MultiPolygon", "coordinates": [ [ [ [ -3.261120519636478, 56.489140495399049 ], [ -3.170358069693355, 56.575833456243259 ], [ -2.988833169807108, 56.575833456243259 ], [ -2.898070719863985, 56.489140495399049 ], [ -2.988833169807108, 56.402248981420442 ], [ -3.170358069693355, 56.402248981420442 ], [ -3.261120519636478, 56.489140495399049 ] ] ] ] } },
{ "type": "Feature", "properties": { "constituency_id": "S14000080", "constituency_name": "Edinburgh South", "Main party name": "Labour", "Main party abbreviation": "Lab", "Election result summary": "Lab hold", "Election URL": "https://electionresults.parliament.uk/elections/3455" }, "geometry": { "type": "MultiPolygon", "coordinates": [ [ [ [ -3.261120519636478, 56.315158659860622 ], [ -3.170358069693355, 56.402248981420442 ], [ -2.988833169807108, 56.402248981420442 ], [ -2.898070719863985, 56.315158659860622 ], [ -2.988833169807108, 56.227869277525834 ], [ -3.170358069693355, 56.227869277525834 ], [ -3.261120519636478, 56.315158659860622 ] ] ] ] } },
{ "type": "Feature", "properties": { "constituency_id": "S14000074", "constituency_name": "Dumfriesshire, Clydesdale and Tweeddale", "Main party name": "Conservative", "Main party abbreviation": "Con", "Election result summary": "Con hold", "Election URL": "https://electionresults.parliament.uk/elections/3430" }, "geometry": { "type": "MultiPolygon", "coordinates": [ [ [ [ -3.261120519636478, 56.140380582489598 ], [ -3.170358069693355, 56.227869277525834 ], [ -2.988833169807108, 56.227869277525834 ], [ -2.898070719863985, 56.140380582489598 ], [ -2.988833169807108, 56.052692324106971 ], [ -3.170358069693355, 56.052692324106971 ], [ -3.261120519636478, 56.140380582489598 ] ] ] ] } },
{ "type": "Feature", "properties": { "constituency_id": "E14001424", "constituency_name": "Penrith and Solway", "Main party name": "Labour", "Main party abbreviation": "Lab", "Election result summary": "Lab gain from Con", "Election URL": "https://electionresults.parliament.uk/elections/3702" }, "geometry": { "type": "MultiPolygon", "coordinates": [ [ [ [ -3.261120519636478, 55.964804253028873 ], [ -3.170358069693355, 56.052692324106971 ], [ -2.988833169807108, 56.052692324106971 ], [ -2.898070719863985, 55.964804253028873 ], [ -2.988833169807108, 55.876716121216546 ], [ -3.170358069693355, 55.876716121216546 ], [ -3.261120519636478, 55.964804253028873 ] ] ] ] } },
{ "type": "Feature", "properties": { "constituency_id": "E14001583", "constituency_name": "Whitehaven and Workington", "Main party name": "Labour", "Main party abbreviation": "Lab", "Election result summary": "Lab gain from Con", "Election URL": "https://electionresults.parliament.uk/elections/3876" }, "geometry": { "type": "MultiPolygon", "coordinates": [ [ [ [ -3.261120519636478, 55.788427681955966 ], [ -3.170358069693355, 55.876716121216546 ], [ -2.988833169807108, 55.876716121216546 ], [ -2.898070719863985, 55.788427681955966 ], [ -2.988833169807108, 55.699938689872425 ], [ -3.170358069693355, 55.699938689872425 ], [ -3.261120519636478, 55.788427681955966 ] ] ] ] } },
{ "type": "Feature", "properties": { "constituency_id": "E14001076", "constituency_name": "Barrow and Furness", "Main party name": "Labour", "Main party abbreviation": "Lab", "Election result summary": "Lab gain from Con", "Election URL": "https://electionresults.parliament.uk/elections/3276" }, "geometry": { "type": "MultiPolygon", "coordinates": [ [ [ [ -3.261120519636478, 55.611248900945149 ], [ -3.170358069693355, 55.699938689872425 ], [ -2.988833169807108, 55.699938689872425 ], [ -2.898070719863985, 55.611248900945149 ], [ -2.988833169807108, 55.522358072521961 ], [ -3.170358069693355, 55.522358072521961 ], [ -3.261120519636478, 55.611248900945149 ] ] ] ] } },
{ "type": "Feature", "properties": { "constituency_id": "E14001104", "constituency_name": "Blackpool North and Fleetwood", "Main party name": "Labour", "Main party abbreviation": "Lab", "Election result summary": "Lab gain from Con", "Election URL": "https://electionresults.parliament.uk/elections/3310" }, "geometry": { "type": "MultiPolygon", "coordinates": [ [ [ [ -3.261120519636478, 55.433265963334023 ], [ -3.170358069693355, 55.522358072521961 ], [ -2.988833169807108, 55.522358072521961 ], [ -2.898070719863985, 55.433265963334023 ], [ -2.988833169807108, 55.343972333510699 ], [ -3.170358069693355, 55.343972333510699 ], [ -3.261120519636478, 55.433265963334023 ] ] ] ] } },
{ "type": "Feature", "properties": { "constituency_id": "E14001102", "constituency_name": "Blackburn", "Main party name": null, "Main party abbreviation": null, "Election result summary": "Ind gain from Lab", "Election URL": "https://electionresults.parliament.uk/elections/3308" }, "geometry": { "type": "MultiPolygon", "coordinates": [ [ [ [ -3.261120519636478, 55.254476944594387 ], [ -3.170358069693355, 55.343972333510699 ], [ -2.988833169807108, 55.343972333510699 ], [ -2.898070719863985, 55.254476944594387 ], [ -2.988833169807108, 55.164779559555484 ], [ -3.170358069693355, 55.164779559555484 ], [ -3.261120519636478, 55.254476944594387 ] ] ] ] } },
{ "type": "Feature", "properties": { "constituency_id": "E14001112", "constituency_name": "Bolton West", "Main party name": "Labour", "Main party abbreviation": "Lab", "Election result summary": "Lab gain from Con", "Election URL": "https://electionresults.parliament.uk/elections/3319" }, "geometry": { "type": "MultiPolygon", "coordinates": [ [ [ [ -3.261120519636478, 55.074879942807421 ], [ -3.170358069693355, 55.164779559555484 ], [ -2.988833169807108, 55.164779559555484 ], [ -2.898070719863985, 55.074879942807421 ], [ -2.988833169807108, 54.98477786022174 ], [ -3.170358069693355, 54.98477786022174 ], [ -3.261120519636478, 55.074879942807421 ] ] ] ] } },
{ "type": "Feature", "properties": { "constituency_id": "E14001329", "constituency_name": "Leigh and Atherton", "Main party name": "Labour", "Main party abbreviation": "Lab", "Election result summary": "Lab gain from Con", "Election URL": "https://electionresults.parliament.uk/elections/3583" }, "geometry": { "type": "MultiPolygon", "coordinates": [ [ [ [ -3.261120519636478, 54.894473079143232 ], [ -3.170358069693355, 54.98477786022174 ], [ -2.988833169807108, 54.98477786022174 ], [ -2.898070719863985, 54.894473079143232 ], [ -2.988833169807108, 54.803965368405159 ], [ -3.170358069693355, 54.803965368405159 ], [ -3.261120519636478, 54.894473079143232 ] ] ] ] } },
{ "type": "Feature", "properties": { "constituency_id": "E14001459", "constituency_name": "Salford", "Main party name": "Labour", "Main party abbreviation": "Lab", "Election result summary": "Lab hold", "Election URL": "https://electionresults.parliament.uk/elections/3741" }, "geometry": { "type": "MultiPolygon", "coordinates": [ [ [ [ -3.261120519636478, 54.713254498344575 ], [ -3.170358069693355, 54.803965368405159 ], [ -2.988833169807108, 54.803965368405159 ], [ -2.898070719863985, 54.713254498344575 ], [ -2.988833169807108, 54.622340240817586 ], [ -3.170358069693355, 54.622340240817586 ], [ -3.261120519636478, 54.713254498344575 ] ] ] ] } },
{ "type": "Feature", "properties": { "constituency_id": "E14001354", "constituency_name": "Manchester Withington", "Main party name": "Labour", "Main party abbreviation": "Lab", "Election result summary": "Lab hold", "Election URL": "https://electionresults.parliament.uk/elections/3611" }, "geometry": { "type": "MultiPolygon", "coordinates": [ [ [ [ -3.261120519636478, 54.531222369214881 ], [ -3.170358069693355, 54.622340240817586 ], [ -2.988833169807108, 54.622340240817586 ], [ -2.898070719863985, 54.531222369214881 ], [ -2.988833169807108, 54.439900658477114 ], [ -3.170358069693355, 54.439900658477114 ], [ -3.261120519636478, 54.531222369214881 ] ] ] ] } },
{ "type": "Feature", "properties": { "constituency_id": "E14001521", "constituency_name": "Stoke-on-Trent North", "Main party name": "Labour", "Main party abbreviation": "Lab", "Election result summary": "Lab gain from Con", "Election URL": "https://electionresults.parliament.uk/elections/3806" }, "geometry": { "type": "MultiPolygon", "coordinates": [ [ [ [ -3.261120519636478, 54.348374885110502 ], [ -3.170358069693355, 54.439900658477114 ], [ -2.988833169807108, 54.439900658477114 ], [ -2.898070719863985, 54.348374885110502 ], [ -2.988833169807108, 54.256644827202436 ], [ -3.170358069693355, 54.256644827202436 ], [ -3.261120519636478, 54.348374885110502 ] ] ] ] } },
{ "type": "Feature", "properties": { "constituency_id": "E14001380", "constituency_name": "Newcastle-under-Lyme", "Main party name": "Labour", "Main party abbreviation": "Lab", "Election result summary": "Lab gain from Con", "Election URL": "https://electionresults.parliament.uk/elections/3648" }, "geometry": { "type": "MultiPolygon", "coordinates": [ [ [ [ -3.261120519636478, 54.16471026443709 ], [ -3.170358069693355, 54.256644827202436 ], [ -2.988833169807108, 54.256644827202436 ], [ -2.898070719863985, 54.16471026443709 ], [ -2.988833169807108, 54.072570978111266 ], [ -3.170358069693355, 54.072570978111266 ], [ -3.261120519636478, 54.16471026443709 ] ] ] ] } },
{ "type": "Feature", "properties": { "constituency_id": "E14001513", "constituency_name": "Stafford", "Main party name": "Labour", "Main party abbreviation": "Lab", "Election result summary": "Lab gain from Con", "Election URL": "https://electionresults.parliament.uk/elections/3797" }, "geometry": { "type": "MultiPolygon", "coordinates": [ [ [ [ -3.261120519636478, 53.980226751150099 ], [ -3.170358069693355, 54.072570978111266 ], [ -2.988833169807108, 54.072570978111266 ], [ -2.898070719863985, 53.980226751150099 ], [ -2.988833169807108, 53.887677368122986 ], [ -3.170358069693355, 53.887677368122986 ], [ -3.261120519636478, 53.980226751150099 ] ] ] ] } },
{ "type": "Feature", "properties": { "constituency_id": "E14001335", "constituency_name": "Lichfield", "Main party name": "Labour", "Main party abbreviation": "Lab", "Election result summary": "Lab gain from Con", "Election URL": "https://electionresults.parliament.uk/elections/3589" }, "geometry": { "type": "MultiPolygon", "coordinates": [ [ [ [ -3.261120519636478, 53.794922615259459 ], [ -3.170358069693355, 53.887677368122986 ], [ -2.988833169807108, 53.887677368122986 ], [ -2.898070719863985, 53.794922615259459 ], [ -2.988833169807108, 53.701962280465231 ], [ -3.170358069693355, 53.701962280465231 ], [ -3.261120519636478, 53.794922615259459 ] ] ] ] } },
{ "type": "Feature", "properties": { "constituency_id": "E14001562", "constituency_name": "Walsall and Bloxwich", "Main party name": "Labour", "Main party abbreviation": "Lab", "Election result summary": "Lab gain from Con", "Election URL": "https://electionresults.parliament.uk/elections/3852" }, "geometry": { "type": "MultiPolygon", "coordinates": [ [ [ [ -3.261120519636478, 53.608796153338226 ], [ -3.170358069693355, 53.701962280465231 ], [ -2.988833169807108, 53.701962280465231 ], [ -2.898070719863985, 53.608796153338226 ], [ -2.988833169807108, 53.515424025184686 ], [ -3.170358069693355, 53.515424025184686 ], [ -3.261120519636478, 53.608796153338226 ] ] ] ] } },
{ "type": "Feature", "properties": { "constituency_id": "E14001547", "constituency_name": "Tipton and Wednesbury", "Main party name": "Labour", "Main party abbreviation": "Lab", "Election result summary": "Lab gain from Con", "Election URL": "https://electionresults.parliament.uk/elections/3834" }, "geometry": { "type": "MultiPolygon", "coordinates": [ [ [ [ -3.261120519636478, 53.421845689035351 ], [ -3.170358069693355, 53.515424025184686 ], [ -2.988833169807108, 53.515424025184686 ], [ -2.898070719863985, 53.421845689035351 ], [ -2.988833169807108, 53.328060939661697 ], [ -3.170358069693355, 53.328060939661697 ], [ -3.261120519636478, 53.421845689035351 ] ] ] ] } },
{ "type": "Feature", "properties": { "constituency_id": "E14001595", "constituency_name": "Wolverhampton South East", "Main party name": "Labour", "Main party abbreviation": "Lab", "Election result summary": "Lab hold", "Election URL": "https://electionresults.parliament.uk/elections/3888" }, "geometry": { "type": "MultiPolygon", "coordinates": [ [ [ [ -3.261120519636478, 53.234069573592272 ], [ -3.170358069693355, 53.328060939661697 ], [ -2.988833169807108, 53.328060939661697 ], [ -2.898070719863985, 53.234069573592272 ], [ -2.988833169807108, 53.139871389128984 ], [ -3.170358069693355, 53.139871389128984 ], [ -3.261120519636478, 53.234069573592272 ] ] ] ] } },
{ "type": "Feature", "properties": { "constituency_id": "E14001478", "constituency_name": "Smethwick", "Main party name": "Labour", "Main party abbreviation": "Lab", "Election result summary": "Lab hold", "Election URL": "https://electionresults.parliament.uk/elections/3760" }, "geometry": { "type": "MultiPolygon", "coordinates": [ [ [ [ -3.261120519636478, 53.045466186363591 ], [ -3.170358069693355, 53.139871389128984 ], [ -2.988833169807108, 53.139871389128984 ], [ -2.898070719863985, 53.045466186363591 ], [ -2.988833169807108, 52.950853767194133 ], [ -3.170358069693355, 52.950853767194133 ], [ -3.261120519636478, 53.045466186363591 ] ] ] ] } },
{ "type": "Feature", "properties": { "constituency_id": "E14001092", "constituency_name": "Birmingham Edgbaston", "Main party name": "Labour", "Main party abbreviation": "Lab", "Election result summary": "Lab hold", "Election URL": "https://electionresults.parliament.uk/elections/3298" }, "geometry": { "type": "MultiPolygon", "coordinates": [ [ [ [ -3.261120519636478, 52.856033935341522 ], [ -3.170358069693355, 52.950853767194133 ], [ -2.988833169807108, 52.950853767194133 ], [ -2.898070719863985, 52.856033935341522 ], [ -2.988833169807108, 52.761006496366051 ], [ -3.170358069693355, 52.761006496366051 ], [ -3.261120519636478, 52.856033935341522 ] ] ] ] } },
{ "type": "Feature", "properties": { "constituency_id": "E14001261", "constituency_name": "Halesowen", "Main party name": "Labour", "Main party abbreviation": "Lab", "Election result summary": "Lab gain from Con", "Election URL": "https://electionresults.parliament.uk/elections/3510" }, "geometry": { "type": "MultiPolygon", "coordinates": [ [ [ [ -3.261120519636478, 52.665771257684156 ], [ -3.170358069693355, 52.761006496366051 ], [ -2.988833169807108, 52.761006496366051 ], [ -2.898070719863985, 52.665771257684156 ], [ -2.988833169807108, 52.570328028585067 ], [ -3.170358069693355, 52.570328028585067 ], [ -3.261120519636478, 52.665771257684156 ] ] ] ] } },
{ "type": "Feature", "properties": { "constituency_id": "E14001601", "constituency_name": "Wyre Forest", "Main party name": "Conservative", "Main party abbreviation": "Con", "Election result summary": "Con hold", "Election URL": "https://electionresults.parliament.uk/elections/3895" }, "geometry": { "type": "MultiPolygon", "coordinates": [ [ [ [ -3.261120519636478, 52.474676620247592 ], [ -3.170358069693355, 52.570328028585067 ], [ -2.988833169807108, 52.570328028585067 ], [ -2.898070719863985, 52.474676620247592 ], [ -2.988833169807108, 52.37881684575693 ], [ -3.170358069693355, 52.37881684575693 ], [ -3.261120519636478, 52.474676620247592 ] ] ] ] } },
{ "type": "Feature", "properties": { "constituency_id": "E14001597", "constituency_name": "Worcester", "Main party name": "Labour", "Main party abbreviation": "Lab", "Election result summary": "Lab gain from Con", "Election URL": "https://electionresults.parliament.uk/elections/3890" }, "geometry": { "type": "MultiPolygon", "coordinates": [ [ [ [ -3.261120519636478, 52.282748520121601 ], [ -3.170358069693355, 52.37881684575693 ], [ -2.988833169807108, 52.37881684575693 ], [ -2.898070719863985, 52.282748520121601 ], [ -2.988833169807108, 52.186471460290349 ], [ -3.170358069693355, 52.186471460290349 ], [ -3.261120519636478, 52.282748520121601 ] ] ] ] } },
{ "type": "Feature", "properties": { "constituency_id": "E14001090", "constituency_name": "Bicester and Woodstock", "Main party name": "Liberal Democrat", "Main party abbreviation": "LD", "Election result summary": "LD gain from Con", "Election URL": "https://electionresults.parliament.uk/elections/3296" }, "geometry": { "type": "MultiPolygon", "coordinates": [ [ [ [ -3.261120519636478, 52.089985485169159 ], [ -3.170358069693355, 52.186471460290349 ], [ -2.988833169807108, 52.186471460290349 ], [ -2.898070719863985, 52.089985485169159 ], [ -2.988833169807108, 51.99329041563827 ], [ -3.170358069693355, 51.99329041563827 ], [ -3.261120519636478, 52.089985485169159 ] ] ] ] } },
{ "type": "Feature", "properties": { "constituency_id": "E14001197", "constituency_name": "Didcot and Wantage", "Main party name": "Liberal Democrat", "Main party abbreviation": "LD", "Election result summary": "LD gain from Con", "Election URL": "https://electionresults.parliament.uk/elections/3420" }, "geometry": { "type": "MultiPolygon", "coordinates": [ [ [ [ -3.261120519636478, 51.896386074569342 ], [ -3.170358069693355, 51.99329041563827 ], [ -2.988833169807108, 51.99329041563827 ], [ -2.898070719863985, 51.896386074569342 ], [ -2.988833169807108, 51.79927228684258 ], [ -3.170358069693355, 51.79927228684258 ], [ -3.261120519636478, 51.896386074569342 ] ] ] ] } },
{ "type": "Feature", "properties": { "constituency_id": "E14001386", "constituency_name": "North Cotswolds", "Main party name": "Conservative", "Main party abbreviation": "Con", "Election result summary": "Con hold", "Election URL": "https://electionresults.parliament.uk/elections/3659" }, "geometry": { "type": "MultiPolygon", "coordinates": [ [ [ [ -3.261120519636478, 51.701948879363918 ], [ -3.170358069693355, 51.79927228684258 ], [ -2.988833169807108, 51.79927228684258 ], [ -2.898070719863985, 51.701948879363918 ], [ -2.988833169807108, 51.604415681082358 ], [ -3.170358069693355, 51.604415681082358 ], [ -3.261120519636478, 51.701948879363918 ] ] ] ] } },
{ "type": "Feature", "properties": { "constituency_id": "E14001482", "constituency_name": "South Cotswolds", "Main party name": "Liberal Democrat", "Main party abbreviation": "LD", "Election result summary": "LD gain from Con", "Election URL": "https://electionresults.parliament.uk/elections/3765" }, "geometry": { "type": "MultiPolygon", "coordinates": [ [ [ [ -3.261120519636478, 51.506672523007225 ], [ -3.170358069693355, 51.604415681082358 ], [ -2.988833169807108, 51.604415681082358 ], [ -2.898070719863985, 51.506672523007225 ], [ -2.988833169807108, 51.408719238225579 ], [ -3.170358069693355, 51.408719238225579 ], [ -3.261120519636478, 51.506672523007225 ] ] ] ] } },
{ "type": "Feature", "properties": { "constituency_id": "E14001536", "constituency_name": "Swindon North", "Main party name": "Labour", "Main party abbreviation": "Lab", "Election result summary": "Lab gain from Con", "Election URL": "https://electionresults.parliament.uk/elections/3823" }, "geometry": { "type": "MultiPolygon", "coordinates": [ [ [ [ -3.261120519636478, 51.310555661919615 ], [ -3.170358069693355, 51.408719238225579 ], [ -2.988833169807108, 51.408719238225579 ], [ -2.898070719863985, 51.310555661919615 ], [ -2.988833169807108, 51.212181631384112 ], [ -3.170358069693355, 51.212181631384112 ], [ -3.261120519636478, 51.310555661919615 ] ] ] ] } },
{ "type": "Feature", "properties": { "constituency_id": "E14001537", "constituency_name": "Swindon South", "Main party name": "Labour", "Main party abbreviation": "Lab", "Election result summary": "Lab gain from Con", "Election URL": "https://electionresults.parliament.uk/elections/3824" }, "geometry": { "type": "MultiPolygon", "coordinates": [ [ [ [ -3.261120519636478, 51.113596986044008 ], [ -3.170358069693355, 51.212181631384112 ], [ -2.988833169807108, 51.212181631384112 ], [ -2.898070719863985, 51.113596986044008 ], [ -2.988833169807108, 51.014801567471935 ], [ -3.170358069693355, 51.014801567471935 ], [ -3.261120519636478, 51.113596986044008 ] ] ] ] } },
{ "type": "Feature", "properties": { "constituency_id": "E14001217", "constituency_name": "East Wiltshire", "Main party name": "Conservative", "Main party abbreviation": "Con", "Election result summary": "Con hold", "Election URL": "https://electionresults.parliament.uk/elections/3449" }, "geometry": { "type": "MultiPolygon", "coordinates": [ [ [ [ -3.261120519636478, 50.915795219405837 ], [ -3.170358069693355, 51.014801567471935 ], [ -2.988833169807108, 51.014801567471935 ], [ -2.898070719863985, 50.915795219405837 ], [ -2.988833169807108, 50.816577787766647 ], [ -3.170358069693355, 50.816577787766647 ], [ -3.261120519636478, 50.915795219405837 ] ] ] ] } },
{ "type": "Feature", "properties": { "constituency_id": "E14001460", "constituency_name": "Salisbury", "Main party name": "Conservative", "Main party abbreviation": "Con", "Election result summary": "Con hold", "Election URL": "https://electionresults.parliament.uk/elections/3742" }, "geometry": { "type": "MultiPolygon", "coordinates": [ [ [ [ -3.261120519636478, 50.717149120676005 ], [ -3.170358069693355, 50.816577787766647 ], [ -2.988833169807108, 50.816577787766647 ], [ -2.898070719863985, 50.717149120676005 ], [ -2.988833169807108, 50.617509068474007 ], [ -3.170358069693355, 50.617509068474007 ], [ -3.261120519636478, 50.717149120676005 ] ] ] ] } },
{ "type": "Feature", "properties": { "constituency_id": "E14001126", "constituency_name": "Bridgwater", "Main party name": "Conservative", "Main party abbreviation": "Con", "Election result summary": "Con hold", "Election URL": "https://electionresults.parliament.uk/elections/3335" }, "geometry": { "type": "MultiPolygon", "coordinates": [ [ [ [ -4.894844618612694, 51.113596986044008 ], [ -4.804082168669572, 51.212181631384112 ], [ -4.622557268783326, 51.212181631384112 ], [ -4.531794818840202, 51.113596986044008 ], [ -4.622557268783326, 51.014801567471935 ], [ -4.804082168669572, 51.014801567471935 ], [ -4.894844618612694, 51.113596986044008 ] ] ] ] } },
{ "type": "Feature", "properties": { "constituency_id": "S14000051", "constituency_name": "Orkney and Shetland", "Main party name": "Liberal Democrat", "Main party abbreviation": "LD", "Election result summary": "LD hold", "Election URL": "https://electionresults.parliament.uk/elections/3692" }, "geometry": { "type": "MultiPolygon", "coordinates": [ [ [ [ -2.988833169807108, 57.936129872511437 ], [ -2.898070719863985, 58.019487507251206 ], [ -2.716545819977739, 58.019487507251206 ], [ -2.625783370034614, 57.936129872511437 ], [ -2.716545819977739, 57.852578188525527 ], [ -2.898070719863985, 57.852578188525527 ], [ -2.988833169807108, 57.936129872511437 ] ] ] ] } },
{ "type": "Feature", "properties": { "constituency_id": "S14000091", "constituency_name": "Gordon and Buchan", "Main party name": "Conservative", "Main party abbreviation": "Con", "Election result summary": "Con hold", "Election URL": "https://electionresults.parliament.uk/elections/3498" }, "geometry": { "type": "MultiPolygon", "coordinates": [ [ [ [ -2.988833169807108, 57.431899488446454 ], [ -2.898070719863985, 57.516425502669513 ], [ -2.716545819977739, 57.516425502669513 ], [ -2.625783370034614, 57.431899488446454 ], [ -2.716545819977739, 57.347177798713538 ], [ -2.898070719863985, 57.347177798713538 ], [ -2.988833169807108, 57.431899488446454 ] ] ] ] } },
{ "type": "Feature", "properties": { "constituency_id": "S14000061", "constituency_name": "Aberdeen South", "Main party name": "Scottish National Party", "Main party abbreviation": "SNP", "Election result summary": "SNP hold", "Election URL": "https://electionresults.parliament.uk/elections/3253" }, "geometry": { "type": "MultiPolygon", "coordinates": [ [ [ [ -2.988833169807108, 57.262260166157866 ], [ -2.898070719863985, 57.347177798713538 ], [ -2.716545819977739, 57.347177798713538 ], [ -2.625783370034614, 57.262260166157866 ], [ -2.716545819977739, 57.177146324567836 ], [ -2.898070719863985, 57.177146324567836 ], [ -2.988833169807108, 57.262260166157866 ] ] ] ] } },
{ "type": "Feature", "properties": { "constituency_id": "S14000075", "constituency_name": "Dundee Central", "Main party name": "Scottish National Party", "Main party abbreviation": "SNP", "Election result summary": "SNP hold", "Election URL": "https://electionresults.parliament.uk/elections/3431" }, "geometry": { "type": "MultiPolygon", "coordinates": [ [ [ [ -2.988833169807108, 57.091836008846769 ], [ -2.898070719863985, 57.177146324567836 ], [ -2.716545819977739, 57.177146324567836 ], [ -2.625783370034614, 57.091836008846769 ], [ -2.716545819977739, 57.006328955026333 ], [ -2.898070719863985, 57.006328955026333 ], [ -2.988833169807108, 57.091836008846769 ] ] ] ] } },
{ "type": "Feature", "properties": { "constituency_id": "S14000100", "constituency_name": "North East Fife", "Main party name": "Liberal Democrat", "Main party abbreviation": "LD", "Election result summary": "LD gain from SNP", "Election URL": "https://electionresults.parliament.uk/elections/3666" }, "geometry": { "type": "MultiPolygon", "coordinates": [ [ [ [ -2.988833169807108, 56.92062490028011 ], [ -2.898070719863985, 57.006328955026333 ], [ -2.716545819977739, 57.006328955026333 ], [ -2.625783370034614, 56.92062490028011 ], [ -2.716545819977739, 56.834723582937279 ], [ -2.898070719863985, 56.834723582937279 ], [ -2.988833169807108, 56.92062490028011 ] ] ] ] } },
{ "type": "Feature", "properties": { "constituency_id": "S14000078", "constituency_name": "Edinburgh East and Musselburgh", "Main party name": "Labour", "Main party abbreviation": "Lab", "Election result summary": "Lab gain from SNP", "Election URL": "https://electionresults.parliament.uk/elections/3453" }, "geometry": { "type": "MultiPolygon", "coordinates": [ [ [ [ -2.988833169807108, 56.575833456243259 ], [ -2.898070719863985, 56.662328119638808 ], [ -2.716545819977739, 56.662328119638808 ], [ -2.625783370034614, 56.575833456243259 ], [ -2.716545819977739, 56.489140495399049 ], [ -2.898070719863985, 56.489140495399049 ], [ -2.988833169807108, 56.575833456243259 ] ] ] ] } },
{ "type": "Feature", "properties": { "constituency_id": "S14000045", "constituency_name": "Midlothian", "Main party name": "Labour", "Main party abbreviation": "Lab", "Election result summary": "Lab gain from SNP", "Election URL": "https://electionresults.parliament.uk/elections/3630" }, "geometry": { "type": "MultiPolygon", "coordinates": [ [ [ [ -2.988833169807108, 56.402248981420442 ], [ -2.898070719863985, 56.489140495399049 ], [ -2.716545819977739, 56.489140495399049 ], [ -2.625783370034614, 56.402248981420442 ], [ -2.716545819977739, 56.315158659860622 ], [ -2.898070719863985, 56.315158659860622 ], [ -2.988833169807108, 56.402248981420442 ] ] ] ] } },
{ "type": "Feature", "properties": { "constituency_id": "S14000108", "constituency_name": "Berwickshire, Roxburgh and Selkirk", "Main party name": "Conservative", "Main party abbreviation": "Con", "Election result summary": "Con hold", "Election URL": "https://electionresults.parliament.uk/elections/3291" }, "geometry": { "type": "MultiPolygon", "coordinates": [ [ [ [ -2.988833169807108, 56.227869277525834 ], [ -2.898070719863985, 56.315158659860622 ], [ -2.716545819977739, 56.315158659860622 ], [ -2.625783370034614, 56.227869277525834 ], [ -2.716545819977739, 56.140380582489598 ], [ -2.898070719863985, 56.140380582489598 ], [ -2.988833169807108, 56.227869277525834 ] ] ] ] } },
{ "type": "Feature", "properties": { "constituency_id": "E14001152", "constituency_name": "Carlisle", "Main party name": "Labour", "Main party abbreviation": "Lab", "Election result summary": "Lab gain from Con", "Election URL": "https://electionresults.parliament.uk/elections/3368" }, "geometry": { "type": "MultiPolygon", "coordinates": [ [ [ [ -2.988833169807108, 56.052692324106971 ], [ -2.898070719863985, 56.140380582489598 ], [ -2.716545819977739, 56.140380582489598 ], [ -2.625783370034614, 56.052692324106971 ], [ -2.716545819977739, 55.964804253028873 ], [ -2.898070719863985, 55.964804253028873 ], [ -2.988833169807108, 56.052692324106971 ] ] ] ] } },
{ "type": "Feature", "properties": { "constituency_id": "E14001372", "constituency_name": "Morecambe and Lunesdale", "Main party name": "Labour", "Main party abbreviation": "Lab", "Election result summary": "Lab gain from Con", "Election URL": "https://electionresults.parliament.uk/elections/3637" }, "geometry": { "type": "MultiPolygon", "coordinates": [ [ [ [ -2.988833169807108, 55.876716121216546 ], [ -2.898070719863985, 55.964804253028873 ], [ -2.716545819977739, 55.964804253028873 ], [ -2.625783370034614, 55.876716121216546 ], [ -2.716545819977739, 55.788427681955966 ], [ -2.898070719863985, 55.788427681955966 ], [ -2.988833169807108, 55.876716121216546 ] ] ] ] } },
{ "type": "Feature", "properties": { "constituency_id": "E14001318", "constituency_name": "Lancaster and Wyre", "Main party name": "Labour", "Main party abbreviation": "Lab", "Election result summary": "Lab gain from Con", "Election URL": "https://electionresults.parliament.uk/elections/3572" }, "geometry": { "type": "MultiPolygon", "coordinates": [ [ [ [ -2.988833169807108, 55.699938689872425 ], [ -2.898070719863985, 55.788427681955966 ], [ -2.716545819977739, 55.788427681955966 ], [ -2.625783370034614, 55.699938689872425 ], [ -2.716545819977739, 55.611248900945149 ], [ -2.898070719863985, 55.611248900945149 ], [ -2.988833169807108, 55.699938689872425 ] ] ] ] } },
{ "type": "Feature", "properties": { "constituency_id": "E14001491", "constituency_name": "South Ribble", "Main party name": "Labour", "Main party abbreviation": "Lab", "Election result summary": "Lab gain from Con", "Election URL": "https://electionresults.parliament.uk/elections/3775" }, "geometry": { "type": "MultiPolygon", "coordinates": [ [ [ [ -2.988833169807108, 55.522358072521961 ], [ -2.898070719863985, 55.611248900945149 ], [ -2.716545819977739, 55.611248900945149 ], [ -2.625783370034614, 55.522358072521961 ], [ -2.716545819977739, 55.433265963334023 ], [ -2.898070719863985, 55.433265963334023 ], [ -2.988833169807108, 55.522358072521961 ] ] ] ] } },
{ "type": "Feature", "properties": { "constituency_id": "E14001450", "constituency_name": "Rossendale and Darwen", "Main party name": "Labour", "Main party abbreviation": "Lab", "Election result summary": "Lab gain from Con", "Election URL": "https://electionresults.parliament.uk/elections/3731" }, "geometry": { "type": "MultiPolygon", "coordinates": [ [ [ [ -2.988833169807108, 55.343972333510699 ], [ -2.898070719863985, 55.433265963334023 ], [ -2.716545819977739, 55.433265963334023 ], [ -2.625783370034614, 55.343972333510699 ], [ -2.716545819977739, 55.254476944594387 ], [ -2.898070719863985, 55.254476944594387 ], [ -2.988833169807108, 55.343972333510699 ] ] ] ] } },
{ "type": "Feature", "properties": { "constituency_id": "E14001110", "constituency_name": "Bolton North East", "Main party name": "Labour", "Main party abbreviation": "Lab", "Election result summary": "Lab gain from Con", "Election URL": "https://electionresults.parliament.uk/elections/3317" }, "geometry": { "type": "MultiPolygon", "coordinates": [ [ [ [ -2.988833169807108, 55.164779559555484 ], [ -2.898070719863985, 55.254476944594387 ], [ -2.716545819977739, 55.254476944594387 ], [ -2.625783370034614, 55.164779559555484 ], [ -2.716545819977739, 55.074879942807421 ], [ -2.898070719863985, 55.074879942807421 ], [ -2.988833169807108, 55.164779559555484 ] ] ] ] } },
{ "type": "Feature", "properties": { "constituency_id": "E14001111", "constituency_name": "Bolton South and Walkden", "Main party name": "Labour", "Main party abbreviation": "Lab", "Election result summary": "Lab hold", "Election URL": "https://electionresults.parliament.uk/elections/3318" }, "geometry": { "type": "MultiPolygon", "coordinates": [ [ [ [ -2.988833169807108, 54.98477786022174 ], [ -2.898070719863985, 55.074879942807421 ], [ -2.716545819977739, 55.074879942807421 ], [ -2.625783370034614, 54.98477786022174 ], [ -2.716545819977739, 54.894473079143232 ], [ -2.898070719863985, 54.894473079143232 ], [ -2.988833169807108, 54.98477786022174 ] ] ] ] } },
{ "type": "Feature", "properties": { "constituency_id": "E14001352", "constituency_name": "Manchester Central", "Main party name": "Labour", "Main party abbreviation": "Lab", "Election result summary": "Lab hold", "Election URL": "https://electionresults.parliament.uk/elections/3609" }, "geometry": { "type": "MultiPolygon", "coordinates": [ [ [ [ -2.988833169807108, 54.803965368405159 ], [ -2.898070719863985, 54.894473079143232 ], [ -2.716545819977739, 54.894473079143232 ], [ -2.625783370034614, 54.803965368405159 ], [ -2.716545819977739, 54.713254498344575 ], [ -2.898070719863985, 54.713254498344575 ], [ -2.988833169807108, 54.803965368405159 ] ] ] ] } },
{ "type": "Feature", "properties": { "constituency_id": "E14001353", "constituency_name": "Manchester Rusholme", "Main party name": "Labour", "Main party abbreviation": "Lab", "Election result summary": "Lab hold", "Election URL": "https://electionresults.parliament.uk/elections/3610" }, "geometry": { "type": "MultiPolygon", "coordinates": [ [ [ [ -2.988833169807108, 54.622340240817586 ], [ -2.898070719863985, 54.713254498344575 ], [ -2.716545819977739, 54.713254498344575 ], [ -2.625783370034614, 54.622340240817586 ], [ -2.716545819977739, 54.531222369214881 ], [ -2.898070719863985, 54.531222369214881 ], [ -2.988833169807108, 54.622340240817586 ] ] ] ] } },
{ "type": "Feature", "properties": { "constituency_id": "E14001514", "constituency_name": "Staffordshire Moorlands", "Main party name": "Conservative", "Main party abbreviation": "Con", "Election result summary": "Con hold", "Election URL": "https://electionresults.parliament.uk/elections/3798" }, "geometry": { "type": "MultiPolygon", "coordinates": [ [ [ [ -2.988833169807108, 54.439900658477114 ], [ -2.898070719863985, 54.531222369214881 ], [ -2.716545819977739, 54.531222369214881 ], [ -2.625783370034614, 54.439900658477114 ], [ -2.716545819977739, 54.348374885110502 ], [ -2.898070719863985, 54.348374885110502 ], [ -2.988833169807108, 54.439900658477114 ] ] ] ] } },
{ "type": "Feature", "properties": { "constituency_id": "E14001520", "constituency_name": "Stoke-on-Trent Central", "Main party name": "Labour", "Main party abbreviation": "Lab", "Election result summary": "Lab gain from Con", "Election URL": "https://electionresults.parliament.uk/elections/3805" }, "geometry": { "type": "MultiPolygon", "coordinates": [ [ [ [ -2.988833169807108, 54.256644827202436 ], [ -2.898070719863985, 54.348374885110502 ], [ -2.716545819977739, 54.348374885110502 ], [ -2.625783370034614, 54.256644827202436 ], [ -2.716545819977739, 54.16471026443709 ], [ -2.898070719863985, 54.16471026443709 ], [ -2.988833169807108, 54.256644827202436 ] ] ] ] } },
{ "type": "Feature", "properties": { "constituency_id": "E14001522", "constituency_name": "Stoke-on-Trent South", "Main party name": "Labour", "Main party abbreviation": "Lab", "Election result summary": "Lab gain from Con", "Election URL": "https://electionresults.parliament.uk/elections/3807" }, "geometry": { "type": "MultiPolygon", "coordinates": [ [ [ [ -2.988833169807108, 54.072570978111266 ], [ -2.898070719863985, 54.16471026443709 ], [ -2.716545819977739, 54.16471026443709 ], [ -2.625783370034614, 54.072570978111266 ], [ -2.716545819977739, 53.980226751150099 ], [ -2.898070719863985, 53.980226751150099 ], [ -2.988833169807108, 54.072570978111266 ] ] ] ] } },
{ "type": "Feature", "properties": { "constituency_id": "E14001538", "constituency_name": "Tamworth", "Main party name": "Labour", "Main party abbreviation": "Lab", "Election result summary": "Lab gain from Con", "Election URL": "https://electionresults.parliament.uk/elections/3825" }, "geometry": { "type": "MultiPolygon", "coordinates": [ [ [ [ -2.988833169807108, 53.887677368122986 ], [ -2.898070719863985, 53.980226751150099 ], [ -2.716545819977739, 53.980226751150099 ], [ -2.625783370034614, 53.887677368122986 ], [ -2.716545819977739, 53.794922615259459 ], [ -2.898070719863985, 53.794922615259459 ], [ -2.988833169807108, 53.887677368122986 ] ] ] ] } },
{ "type": "Feature", "properties": { "constituency_id": "E14001064", "constituency_name": "Aldridge-Brownhills", "Main party name": "Conservative", "Main party abbreviation": "Con", "Election result summary": "Con hold", "Election URL": "https://electionresults.parliament.uk/elections/3257" }, "geometry": { "type": "MultiPolygon", "coordinates": [ [ [ [ -2.988833169807108, 53.701962280465231 ], [ -2.898070719863985, 53.794922615259459 ], [ -2.716545819977739, 53.794922615259459 ], [ -2.625783370034614, 53.701962280465231 ], [ -2.716545819977739, 53.608796153338226 ], [ -2.898070719863985, 53.608796153338226 ], [ -2.988833169807108, 53.701962280465231 ] ] ] ] } },
{ "type": "Feature", "properties": { "constituency_id": "E14001574", "constituency_name": "West Bromwich", "Main party name": "Labour", "Main party abbreviation": "Lab", "Election result summary": "Lab gain from Con", "Election URL": "https://electionresults.parliament.uk/elections/3865" }, "geometry": { "type": "MultiPolygon", "coordinates": [ [ [ [ -2.988833169807108, 53.515424025184686 ], [ -2.898070719863985, 53.608796153338226 ], [ -2.716545819977739, 53.608796153338226 ], [ -2.625783370034614, 53.515424025184686 ], [ -2.716545819977739, 53.421845689035351 ], [ -2.898070719863985, 53.421845689035351 ], [ -2.988833169807108, 53.515424025184686 ] ] ] ] } },
{ "type": "Feature", "properties": { "constituency_id": "E14001098", "constituency_name": "Birmingham Perry Barr", "Main party name": null, "Main party abbreviation": null, "Election result summary": "Ind gain from Lab", "Election URL": "https://electionresults.parliament.uk/elections/3304" }, "geometry": { "type": "MultiPolygon", "coordinates": [ [ [ [ -2.988833169807108, 53.328060939661697 ], [ -2.898070719863985, 53.421845689035351 ], [ -2.716545819977739, 53.421845689035351 ], [ -2.625783370034614, 53.328060939661697 ], [ -2.716545819977739, 53.234069573592272 ], [ -2.898070719863985, 53.234069573592272 ], [ -2.988833169807108, 53.328060939661697 ] ] ] ] } },
{ "type": "Feature", "properties": { "constituency_id": "E14001096", "constituency_name": "Birmingham Ladywood", "Main party name": "Labour", "Main party abbreviation": "Lab", "Election result summary": "Lab hold", "Election URL": "https://electionresults.parliament.uk/elections/3302" }, "geometry": { "type": "MultiPolygon", "coordinates": [ [ [ [ -2.988833169807108, 53.139871389128984 ], [ -2.898070719863985, 53.234069573592272 ], [ -2.716545819977739, 53.234069573592272 ], [ -2.625783370034614, 53.139871389128984 ], [ -2.716545819977739, 53.045466186363591 ], [ -2.898070719863985, 53.045466186363591 ], [ -2.988833169807108, 53.139871389128984 ] ] ] ] } },
{ "type": "Feature", "properties": { "constituency_id": "E14001099", "constituency_name": "Birmingham Selly Oak", "Main party name": "Labour", "Main party abbreviation": "Lab", "Election result summary": "Lab hold", "Election URL": "https://electionresults.parliament.uk/elections/3305" }, "geometry": { "type": "MultiPolygon", "coordinates": [ [ [ [ -2.988833169807108, 52.950853767194133 ], [ -2.898070719863985, 53.045466186363591 ], [ -2.716545819977739, 53.045466186363591 ], [ -2.625783370034614, 52.950853767194133 ], [ -2.716545819977739, 52.856033935341522 ], [ -2.898070719863985, 52.856033935341522 ], [ -2.988833169807108, 52.950853767194133 ] ] ] ] } },
{ "type": "Feature", "properties": { "constituency_id": "E14001097", "constituency_name": "Birmingham Northfield", "Main party name": "Labour", "Main party abbreviation": "Lab", "Election result summary": "Lab gain from Con", "Election URL": "https://electionresults.parliament.uk/elections/3303" }, "geometry": { "type": "MultiPolygon", "coordinates": [ [ [ [ -2.988833169807108, 52.761006496366051 ], [ -2.898070719863985, 52.856033935341522 ], [ -2.716545819977739, 52.856033935341522 ], [ -2.625783370034614, 52.761006496366051 ], [ -2.716545819977739, 52.665771257684156 ], [ -2.898070719863985, 52.665771257684156 ], [ -2.988833169807108, 52.761006496366051 ] ] ] ] } },
{ "type": "Feature", "properties": { "constituency_id": "E14001138", "constituency_name": "Bromsgrove", "Main party name": "Conservative", "Main party abbreviation": "Con", "Election result summary": "Con hold", "Election URL": "https://electionresults.parliament.uk/elections/3347" }, "geometry": { "type": "MultiPolygon", "coordinates": [ [ [ [ -2.988833169807108, 52.570328028585067 ], [ -2.898070719863985, 52.665771257684156 ], [ -2.716545819977739, 52.665771257684156 ], [ -2.625783370034614, 52.570328028585067 ], [ -2.716545819977739, 52.474676620247592 ], [ -2.898070719863985, 52.474676620247592 ], [ -2.988833169807108, 52.570328028585067 ] ] ] ] } },
{ "type": "Feature", "properties": { "constituency_id": "E14001203", "constituency_name": "Droitwich and Evesham", "Main party name": "Conservative", "Main party abbreviation": "Con", "Election result summary": "Con hold", "Election URL": "https://electionresults.parliament.uk/elections/3426" }, "geometry": { "type": "MultiPolygon", "coordinates": [ [ [ [ -2.988833169807108, 52.37881684575693 ], [ -2.898070719863985, 52.474676620247592 ], [ -2.716545819977739, 52.474676620247592 ], [ -2.625783370034614, 52.37881684575693 ], [ -2.716545819977739, 52.282748520121601 ], [ -2.898070719863985, 52.282748520121601 ], [ -2.988833169807108, 52.37881684575693 ] ] ] ] } },
{ "type": "Feature", "properties": { "constituency_id": "E14001369", "constituency_name": "Milton Keynes Central", "Main party name": "Labour", "Main party abbreviation": "Lab", "Election result summary": "Lab gain from Con", "Election URL": "https://electionresults.parliament.uk/elections/3631" }, "geometry": { "type": "MultiPolygon", "coordinates": [ [ [ [ -2.988833169807108, 52.186471460290349 ], [ -2.898070719863985, 52.282748520121601 ], [ -2.716545819977739, 52.282748520121601 ], [ -2.625783370034614, 52.186471460290349 ], [ -2.716545819977739, 52.089985485169159 ], [ -2.898070719863985, 52.089985485169159 ], [ -2.988833169807108, 52.186471460290349 ] ] ] ] } },
{ "type": "Feature", "properties": { "constituency_id": "E14001141", "constituency_name": "Buckingham and Bletchley", "Main party name": "Labour", "Main party abbreviation": "Lab", "Election result summary": "Lab gain from Con", "Election URL": "https://electionresults.parliament.uk/elections/3350" }, "geometry": { "type": "MultiPolygon", "coordinates": [ [ [ [ -2.988833169807108, 51.99329041563827 ], [ -2.898070719863985, 52.089985485169159 ], [ -2.716545819977739, 52.089985485169159 ], [ -2.625783370034614, 51.99329041563827 ], [ -2.716545819977739, 51.896386074569342 ], [ -2.898070719863985, 51.896386074569342 ], [ -2.988833169807108, 51.99329041563827 ] ] ] ] } },
{ "type": "Feature", "properties": { "constituency_id": "E14001280", "constituency_name": "Henley and Thame", "Main party name": "Liberal Democrat", "Main party abbreviation": "LD", "Election result summary": "LD gain from Con", "Election URL": "https://electionresults.parliament.uk/elections/3530" }, "geometry": { "type": "MultiPolygon", "coordinates": [ [ [ [ -2.988833169807108, 51.79927228684258 ], [ -2.898070719863985, 51.896386074569342 ], [ -2.716545819977739, 51.896386074569342 ], [ -2.625783370034614, 51.79927228684258 ], [ -2.716545819977739, 51.701948879363918 ], [ -2.898070719863985, 51.701948879363918 ], [ -2.988833169807108, 51.79927228684258 ] ] ] ] } },
{ "type": "Feature", "properties": { "constituency_id": "E14001210", "constituency_name": "Earley and Woodley", "Main party name": "Labour", "Main party abbreviation": "Lab", "Election result summary": "Lab gain from Con", "Election URL": "https://electionresults.parliament.uk/elections/3438" }, "geometry": { "type": "MultiPolygon", "coordinates": [ [ [ [ -2.988833169807108, 51.604415681082358 ], [ -2.898070719863985, 51.701948879363918 ], [ -2.716545819977739, 51.701948879363918 ], [ -2.625783370034614, 51.604415681082358 ], [ -2.716545819977739, 51.506672523007225 ], [ -2.898070719863985, 51.506672523007225 ], [ -2.988833169807108, 51.604415681082358 ] ] ] ] } },
{ "type": "Feature", "properties": { "constituency_id": "E14001439", "constituency_name": "Reading West and Mid Berkshire", "Main party name": "Labour", "Main party abbreviation": "Lab", "Election result summary": "Lab gain from Con", "Election URL": "https://electionresults.parliament.uk/elections/3719" }, "geometry": { "type": "MultiPolygon", "coordinates": [ [ [ [ -2.988833169807108, 51.408719238225579 ], [ -2.898070719863985, 51.506672523007225 ], [ -2.716545819977739, 51.506672523007225 ], [ -2.625783370034614, 51.408719238225579 ], [ -2.716545819977739, 51.310555661919615 ], [ -2.898070719863985, 51.310555661919615 ], [ -2.988833169807108, 51.408719238225579 ] ] ] ] } },
{ "type": "Feature", "properties": { "constituency_id": "E14001376", "constituency_name": "Newbury", "Main party name": "Liberal Democrat", "Main party abbreviation": "LD", "Election result summary": "LD gain from Con", "Election URL": "https://electionresults.parliament.uk/elections/3644" }, "geometry": { "type": "MultiPolygon", "coordinates": [ [ [ [ -2.988833169807108, 51.212181631384112 ], [ -2.898070719863985, 51.310555661919615 ], [ -2.716545819977739, 51.310555661919615 ], [ -2.625783370034614, 51.212181631384112 ], [ -2.716545819977739, 51.113596986044008 ], [ -2.898070719863985, 51.113596986044008 ], [ -2.988833169807108, 51.212181631384112 ] ] ] ] } },
{ "type": "Feature", "properties": { "constituency_id": "E14001403", "constituency_name": "North West Hampshire", "Main party name": "Conservative", "Main party abbreviation": "Con", "Election result summary": "Con hold", "Election URL": "https://electionresults.parliament.uk/elections/3678" }, "geometry": { "type": "MultiPolygon", "coordinates": [ [ [ [ -2.988833169807108, 51.014801567471935 ], [ -2.898070719863985, 51.113596986044008 ], [ -2.716545819977739, 51.113596986044008 ], [ -2.625783370034614, 51.014801567471935 ], [ -2.716545819977739, 50.915795219405837 ], [ -2.898070719863985, 50.915795219405837 ], [ -2.988833169807108, 51.014801567471935 ] ] ] ] } },
{ "type": "Feature", "properties": { "constituency_id": "E14001587", "constituency_name": "Winchester", "Main party name": "Liberal Democrat", "Main party abbreviation": "LD", "Election result summary": "LD gain from Con", "Election URL": "https://electionresults.parliament.uk/elections/3880" }, "geometry": { "type": "MultiPolygon", "coordinates": [ [ [ [ -2.988833169807108, 50.816577787766647 ], [ -2.898070719863985, 50.915795219405837 ], [ -2.716545819977739, 50.915795219405837 ], [ -2.625783370034614, 50.816577787766647 ], [ -2.716545819977739, 50.717149120676005 ], [ -2.898070719863985, 50.717149120676005 ], [ -2.988833169807108, 50.816577787766647 ] ] ] ] } },
{ "type": "Feature", "properties": { "constituency_id": "E14001374", "constituency_name": "New Forest West", "Main party name": "Conservative", "Main party abbreviation": "Con", "Election result summary": "Con hold", "Election URL": "https://electionresults.parliament.uk/elections/3642" }, "geometry": { "type": "MultiPolygon", "coordinates": [ [ [ [ -2.988833169807108, 50.617509068474007 ], [ -2.898070719863985, 50.717149120676005 ], [ -2.716545819977739, 50.717149120676005 ], [ -2.625783370034614, 50.617509068474007 ], [ -2.716545819977739, 50.517657483737018 ], [ -2.898070719863985, 50.517657483737018 ], [ -2.988833169807108, 50.617509068474007 ] ] ] ] } },
{ "type": "Feature", "properties": { "constituency_id": "S14000060", "constituency_name": "Aberdeen North", "Main party name": "Scottish National Party", "Main party abbreviation": "SNP", "Election result summary": "SNP hold", "Election URL": "https://electionresults.parliament.uk/elections/3252" }, "geometry": { "type": "MultiPolygon", "coordinates": [ [ [ [ -2.716545819977737, 57.347177798713538 ], [ -2.625783370034614, 57.431899488446454 ], [ -2.444258470148368, 57.431899488446454 ], [ -2.353496020205244, 57.347177798713538 ], [ -2.444258470148368, 57.262260166157866 ], [ -2.625783370034614, 57.262260166157866 ], [ -2.716545819977737, 57.347177798713538 ] ] ] ] } },
{ "type": "Feature", "properties": { "constituency_id": "S14000066", "constituency_name": "Arbroath and Broughty Ferry", "Main party name": "Scottish National Party", "Main party abbreviation": "SNP", "Election result summary": "SNP hold", "Election URL": "https://electionresults.parliament.uk/elections/3263" }, "geometry": { "type": "MultiPolygon", "coordinates": [ [ [ [ -2.716545819977737, 57.006328955026333 ], [ -2.625783370034614, 57.091836008846769 ], [ -2.444258470148368, 57.091836008846769 ], [ -2.353496020205244, 57.006328955026333 ], [ -2.444258470148368, 56.92062490028011 ], [ -2.625783370034614, 56.92062490028011 ], [ -2.716545819977737, 57.006328955026333 ] ] ] ] } },
{ "type": "Feature", "properties": { "constituency_id": "S14000096", "constituency_name": "Lothian East", "Main party name": "Labour", "Main party abbreviation": "Lab", "Election result summary": "Lab gain from SNP", "Election URL": "https://electionresults.parliament.uk/elections/3598" }, "geometry": { "type": "MultiPolygon", "coordinates": [ [ [ [ -2.716545819977737, 56.489140495399049 ], [ -2.625783370034614, 56.575833456243259 ], [ -2.444258470148368, 56.575833456243259 ], [ -2.353496020205244, 56.489140495399049 ], [ -2.444258470148368, 56.402248981420442 ], [ -2.625783370034614, 56.402248981420442 ], [ -2.716545819977737, 56.489140495399049 ] ] ] ] } },
{ "type": "Feature", "properties": { "constituency_id": "E14001285", "constituency_name": "Hexham", "Main party name": "Labour", "Main party abbreviation": "Lab", "Election result summary": "Lab gain from Con", "Election URL": "https://electionresults.parliament.uk/elections/3535" }, "geometry": { "type": "MultiPolygon", "coordinates": [ [ [ [ -2.716545819977737, 56.140380582489598 ], [ -2.625783370034614, 56.227869277525834 ], [ -2.444258470148368, 56.227869277525834 ], [ -2.353496020205244, 56.140380582489598 ], [ -2.444258470148368, 56.052692324106971 ], [ -2.625783370034614, 56.052692324106971 ], [ -2.716545819977737, 56.140380582489598 ] ] ] ] } },
{ "type": "Feature", "properties": { "constituency_id": "E14001580", "constituency_name": "Westmorland and Lonsdale", "Main party name": "Liberal Democrat", "Main party abbreviation": "LD", "Election result summary": "LD gain from Con", "Election URL": "https://electionresults.parliament.uk/elections/3873" }, "geometry": { "type": "MultiPolygon", "coordinates": [ [ [ [ -2.716545819977737, 55.964804253028873 ], [ -2.625783370034614, 56.052692324106971 ], [ -2.444258470148368, 56.052692324106971 ], [ -2.353496020205244, 55.964804253028873 ], [ -2.444258470148368, 55.876716121216546 ], [ -2.625783370034614, 55.876716121216546 ], [ -2.716545819977737, 55.964804253028873 ] ] ] ] } },
{ "type": "Feature", "properties": { "constituency_id": "E14001443", "constituency_name": "Ribble Valley", "Main party name": "Labour", "Main party abbreviation": "Lab", "Election result summary": "Lab gain from Con", "Election URL": "https://electionresults.parliament.uk/elections/3724" }, "geometry": { "type": "MultiPolygon", "coordinates": [ [ [ [ -2.716545819977737, 55.788427681955966 ], [ -2.625783370034614, 55.876716121216546 ], [ -2.444258470148368, 55.876716121216546 ], [ -2.353496020205244, 55.788427681955966 ], [ -2.444258470148368, 55.699938689872425 ], [ -2.625783370034614, 55.699938689872425 ], [ -2.716545819977737, 55.788427681955966 ] ] ] ] } },
{ "type": "Feature", "properties": { "constituency_id": "E14001433", "constituency_name": "Preston", "Main party name": "Labour", "Main party abbreviation": "Lab", "Election result summary": "Lab hold", "Election URL": "https://electionresults.parliament.uk/elections/3713" }, "geometry": { "type": "MultiPolygon", "coordinates": [ [ [ [ -2.716545819977737, 55.611248900945149 ], [ -2.625783370034614, 55.699938689872425 ], [ -2.444258470148368, 55.699938689872425 ], [ -2.353496020205244, 55.611248900945149 ], [ -2.444258470148368, 55.522358072521961 ], [ -2.625783370034614, 55.522358072521961 ], [ -2.716545819977737, 55.611248900945149 ] ] ] ] } },
{ "type": "Feature", "properties": { "constituency_id": "E14001299", "constituency_name": "Hyndburn", "Main party name": "Labour", "Main party abbreviation": "Lab", "Election result summary": "Lab gain from Con", "Election URL": "https://electionresults.parliament.uk/elections/3549" }, "geometry": { "type": "MultiPolygon", "coordinates": [ [ [ [ -2.716545819977737, 55.433265963334023 ], [ -2.625783370034614, 55.522358072521961 ], [ -2.444258470148368, 55.522358072521961 ], [ -2.353496020205244, 55.433265963334023 ], [ -2.444258470148368, 55.343972333510699 ], [ -2.625783370034614, 55.343972333510699 ], [ -2.716545819977737, 55.433265963334023 ] ] ] ] } },
{ "type": "Feature", "properties": { "constituency_id": "E14001144", "constituency_name": "Bury North", "Main party name": "Labour", "Main party abbreviation": "Lab", "Election result summary": "Lab gain from Con", "Election URL": "https://electionresults.parliament.uk/elections/3353" }, "geometry": { "type": "MultiPolygon", "coordinates": [ [ [ [ -2.716545819977737, 55.254476944594387 ], [ -2.625783370034614, 55.343972333510699 ], [ -2.444258470148368, 55.343972333510699 ], [ -2.353496020205244, 55.254476944594387 ], [ -2.444258470148368, 55.164779559555484 ], [ -2.625783370034614, 55.164779559555484 ], [ -2.716545819977737, 55.254476944594387 ] ] ] ] } },
{ "type": "Feature", "properties": { "constituency_id": "E14001145", "constituency_name": "Bury South", "Main party name": "Labour", "Main party abbreviation": "Lab", "Election result summary": "Lab gain from Con", "Election URL": "https://electionresults.parliament.uk/elections/3354" }, "geometry": { "type": "MultiPolygon", "coordinates": [ [ [ [ -2.716545819977737, 55.074879942807421 ], [ -2.625783370034614, 55.164779559555484 ], [ -2.444258470148368, 55.164779559555484 ], [ -2.353496020205244, 55.074879942807421 ], [ -2.444258470148368, 54.98477786022174 ], [ -2.625783370034614, 54.98477786022174 ], [ -2.716545819977737, 55.074879942807421 ] ] ] ] } },
{ "type": "Feature", "properties": { "constituency_id": "E14001251", "constituency_name": "Gorton and Denton", "Main party name": "Labour", "Main party abbreviation": "Lab", "Election result summary": "Lab hold", "Election URL": "https://electionresults.parliament.uk/elections/3499" }, "geometry": { "type": "MultiPolygon", "coordinates": [ [ [ [ -2.716545819977737, 54.894473079143232 ], [ -2.625783370034614, 54.98477786022174 ], [ -2.444258470148368, 54.98477786022174 ], [ -2.353496020205244, 54.894473079143232 ], [ -2.444258470148368, 54.803965368405159 ], [ -2.625783370034614, 54.803965368405159 ], [ -2.716545819977737, 54.894473079143232 ] ] ] ] } },
{ "type": "Feature", "properties": { "constituency_id": "E14001517", "constituency_name": "Stockport", "Main party name": "Labour", "Main party abbreviation": "Lab", "Election result summary": "Lab hold", "Election URL": "https://electionresults.parliament.uk/elections/3802" }, "geometry": { "type": "MultiPolygon", "coordinates": [ [ [ [ -2.716545819977737, 54.713254498344575 ], [ -2.625783370034614, 54.803965368405159 ], [ -2.444258470148368, 54.803965368405159 ], [ -2.353496020205244, 54.713254498344575 ], [ -2.444258470148368, 54.622340240817586 ], [ -2.625783370034614, 54.622340240817586 ], [ -2.716545819977737, 54.713254498344575 ] ] ] ] } },
{ "type": "Feature", "properties": { "constituency_id": "E14001195", "constituency_name": "Derbyshire Dales", "Main party name": "Labour", "Main party abbreviation": "Lab", "Election result summary": "Lab gain from Con", "Election URL": "https://electionresults.parliament.uk/elections/3418" }, "geometry": { "type": "MultiPolygon", "coordinates": [ [ [ [ -2.716545819977737, 54.531222369214881 ], [ -2.625783370034614, 54.622340240817586 ], [ -2.444258470148368, 54.622340240817586 ], [ -2.353496020205244, 54.531222369214881 ], [ -2.444258470148368, 54.439900658477114 ], [ -2.625783370034614, 54.439900658477114 ], [ -2.716545819977737, 54.531222369214881 ] ] ] ] } },
{ "type": "Feature", "properties": { "constituency_id": "E14001362", "constituency_name": "Mid Derbyshire", "Main party name": "Labour", "Main party abbreviation": "Lab", "Election result summary": "Lab gain from Con", "Election URL": "https://electionresults.parliament.uk/elections/3621" }, "geometry": { "type": "MultiPolygon", "coordinates": [ [ [ [ -2.716545819977737, 54.348374885110502 ], [ -2.625783370034614, 54.439900658477114 ], [ -2.444258470148368, 54.439900658477114 ], [ -2.353496020205244, 54.348374885110502 ], [ -2.444258470148368, 54.256644827202436 ], [ -2.625783370034614, 54.256644827202436 ], [ -2.716545819977737, 54.348374885110502 ] ] ] ] } },
{ "type": "Feature", "properties": { "constituency_id": "E14001483", "constituency_name": "South Derbyshire", "Main party name": "Labour", "Main party abbreviation": "Lab", "Election result summary": "Lab gain from Con", "Election URL": "https://electionresults.parliament.uk/elections/3766" }, "geometry": { "type": "MultiPolygon", "coordinates": [ [ [ [ -2.716545819977737, 54.16471026443709 ], [ -2.625783370034614, 54.256644827202436 ], [ -2.444258470148368, 54.256644827202436 ], [ -2.353496020205244, 54.16471026443709 ], [ -2.444258470148368, 54.072570978111266 ], [ -2.625783370034614, 54.072570978111266 ], [ -2.716545819977737, 54.16471026443709 ] ] ] ] } },
{ "type": "Feature", "properties": { "constituency_id": "E14001143", "constituency_name": "Burton and Uttoxeter", "Main party name": "Labour", "Main party abbreviation": "Lab", "Election result summary": "Lab gain from Con", "Election URL": "https://electionresults.parliament.uk/elections/3352" }, "geometry": { "type": "MultiPolygon", "coordinates": [ [ [ [ -2.716545819977737, 53.980226751150099 ], [ -2.625783370034614, 54.072570978111266 ], [ -2.444258470148368, 54.072570978111266 ], [ -2.353496020205244, 53.980226751150099 ], [ -2.444258470148368, 53.887677368122986 ], [ -2.625783370034614, 53.887677368122986 ], [ -2.716545819977737, 53.980226751150099 ] ] ] ] } },
{ "type": "Feature", "properties": { "constituency_id": "E14001535", "constituency_name": "Sutton Coldfield", "Main party name": "Conservative", "Main party abbreviation": "Con", "Election result summary": "Con hold", "Election URL": "https://electionresults.parliament.uk/elections/3821" }, "geometry": { "type": "MultiPolygon", "coordinates": [ [ [ [ -2.716545819977737, 53.794922615259459 ], [ -2.625783370034614, 53.887677368122986 ], [ -2.444258470148368, 53.887677368122986 ], [ -2.353496020205244, 53.794922615259459 ], [ -2.444258470148368, 53.701962280465231 ], [ -2.625783370034614, 53.701962280465231 ], [ -2.716545819977737, 53.794922615259459 ] ] ] ] } },
{ "type": "Feature", "properties": { "constituency_id": "E14001093", "constituency_name": "Birmingham Erdington", "Main party name": "Labour", "Main party abbreviation": "Lab", "Election result summary": "Lab hold", "Election URL": "https://electionresults.parliament.uk/elections/3299" }, "geometry": { "type": "MultiPolygon", "coordinates": [ [ [ [ -2.716545819977737, 53.608796153338226 ], [ -2.625783370034614, 53.701962280465231 ], [ -2.444258470148368, 53.701962280465231 ], [ -2.353496020205244, 53.608796153338226 ], [ -2.444258470148368, 53.515424025184686 ], [ -2.625783370034614, 53.515424025184686 ], [ -2.716545819977737, 53.608796153338226 ] ] ] ] } },
{ "type": "Feature", "properties": { "constituency_id": "E14001095", "constituency_name": "Birmingham Hodge Hill and Solihull North", "Main party name": "Labour", "Main party abbreviation": "Lab", "Election result summary": "Lab hold", "Election URL": "https://electionresults.parliament.uk/elections/3301" }, "geometry": { "type": "MultiPolygon", "coordinates": [ [ [ [ -2.716545819977737, 53.421845689035351 ], [ -2.625783370034614, 53.515424025184686 ], [ -2.444258470148368, 53.515424025184686 ], [ -2.353496020205244, 53.421845689035351 ], [ -2.444258470148368, 53.328060939661697 ], [ -2.625783370034614, 53.328060939661697 ], [ -2.716545819977737, 53.421845689035351 ] ] ] ] } },
{ "type": "Feature", "properties": { "constituency_id": "E14001100", "constituency_name": "Birmingham Yardley", "Main party name": "Labour", "Main party abbreviation": "Lab", "Election result summary": "Lab hold", "Election URL": "https://electionresults.parliament.uk/elections/3306" }, "geometry": { "type": "MultiPolygon", "coordinates": [ [ [ [ -2.716545819977737, 53.234069573592272 ], [ -2.625783370034614, 53.328060939661697 ], [ -2.444258470148368, 53.328060939661697 ], [ -2.353496020205244, 53.234069573592272 ], [ -2.444258470148368, 53.139871389128984 ], [ -2.625783370034614, 53.139871389128984 ], [ -2.716545819977737, 53.234069573592272 ] ] ] ] } },
{ "type": "Feature", "properties": { "constituency_id": "E14001094", "constituency_name": "Birmingham Hall Green and Moseley", "Main party name": "Labour", "Main party abbreviation": "Lab", "Election result summary": "Lab hold", "Election URL": "https://electionresults.parliament.uk/elections/3300" }, "geometry": { "type": "MultiPolygon", "coordinates": [ [ [ [ -2.716545819977737, 53.045466186363591 ], [ -2.625783370034614, 53.139871389128984 ], [ -2.444258470148368, 53.139871389128984 ], [ -2.353496020205244, 53.045466186363591 ], [ -2.444258470148368, 52.950853767194133 ], [ -2.625783370034614, 52.950853767194133 ], [ -2.716545819977737, 53.045466186363591 ] ] ] ] } },
{ "type": "Feature", "properties": { "constituency_id": "E14001566", "constituency_name": "Warwick and Leamington", "Main party name": "Labour", "Main party abbreviation": "Lab", "Election result summary": "Lab hold", "Election URL": "https://electionresults.parliament.uk/elections/3856" }, "geometry": { "type": "MultiPolygon", "coordinates": [ [ [ [ -2.716545819977737, 52.856033935341522 ], [ -2.625783370034614, 52.950853767194133 ], [ -2.444258470148368, 52.950853767194133 ], [ -2.353496020205244, 52.856033935341522 ], [ -2.444258470148368, 52.761006496366051 ], [ -2.625783370034614, 52.761006496366051 ], [ -2.716545819977737, 52.856033935341522 ] ] ] ] } },
{ "type": "Feature", "properties": { "constituency_id": "E14001526", "constituency_name": "Stratford-on-Avon", "Main party name": "Liberal Democrat", "Main party abbreviation": "LD", "Election result summary": "LD gain from Con", "Election URL": "https://electionresults.parliament.uk/elections/3812" }, "geometry": { "type": "MultiPolygon", "coordinates": [ [ [ [ -2.716545819977737, 52.665771257684156 ], [ -2.625783370034614, 52.761006496366051 ], [ -2.444258470148368, 52.761006496366051 ], [ -2.353496020205244, 52.665771257684156 ], [ -2.444258470148368, 52.570328028585067 ], [ -2.625783370034614, 52.570328028585067 ], [ -2.716545819977737, 52.665771257684156 ] ] ] ] } },
{ "type": "Feature", "properties": { "constituency_id": "E14001441", "constituency_name": "Redditch", "Main party name": "Labour", "Main party abbreviation": "Lab", "Election result summary": "Lab gain from Con", "Election URL": "https://electionresults.parliament.uk/elections/3721" }, "geometry": { "type": "MultiPolygon", "coordinates": [ [ [ [ -2.716545819977737, 52.474676620247592 ], [ -2.625783370034614, 52.570328028585067 ], [ -2.444258470148368, 52.570328028585067 ], [ -2.353496020205244, 52.474676620247592 ], [ -2.444258470148368, 52.37881684575693 ], [ -2.625783370034614, 52.37881684575693 ], [ -2.716545819977737, 52.474676620247592 ] ] ] ] } },
{ "type": "Feature", "properties": { "constituency_id": "E14001370", "constituency_name": "Milton Keynes North", "Main party name": "Labour", "Main party abbreviation": "Lab", "Election result summary": "Lab gain from Con", "Election URL": "https://electionresults.parliament.uk/elections/3632" }, "geometry": { "type": "MultiPolygon", "coordinates": [ [ [ [ -2.716545819977737, 52.282748520121601 ], [ -2.625783370034614, 52.37881684575693 ], [ -2.444258470148368, 52.37881684575693 ], [ -2.353496020205244, 52.282748520121601 ], [ -2.444258470148368, 52.186471460290349 ], [ -2.625783370034614, 52.186471460290349 ], [ -2.716545819977737, 52.282748520121601 ] ] ] ] } },
{ "type": "Feature", "properties": { "constituency_id": "E14001360", "constituency_name": "Mid Buckinghamshire", "Main party name": "Conservative", "Main party abbreviation": "Con", "Election result summary": "Con hold", "Election URL": "https://electionresults.parliament.uk/elections/3619" }, "geometry": { "type": "MultiPolygon", "coordinates": [ [ [ [ -2.716545819977737, 52.089985485169159 ], [ -2.625783370034614, 52.186471460290349 ], [ -2.444258470148368, 52.186471460290349 ], [ -2.353496020205244, 52.089985485169159 ], [ -2.444258470148368, 51.99329041563827 ], [ -2.625783370034614, 51.99329041563827 ], [ -2.716545819977737, 52.089985485169159 ] ] ] ] } },
{ "type": "Feature", "properties": { "constituency_id": "E14001600", "constituency_name": "Wycombe", "Main party name": "Labour", "Main party abbreviation": "Lab", "Election result summary": "Lab gain from Con", "Election URL": "https://electionresults.parliament.uk/elections/3894" }, "geometry": { "type": "MultiPolygon", "coordinates": [ [ [ [ -2.716545819977737, 51.896386074569342 ], [ -2.625783370034614, 51.99329041563827 ], [ -2.444258470148368, 51.99329041563827 ], [ -2.353496020205244, 51.896386074569342 ], [ -2.444258470148368, 51.79927228684258 ], [ -2.625783370034614, 51.79927228684258 ], [ -2.716545819977737, 51.896386074569342 ] ] ] ] } },
{ "type": "Feature", "properties": { "constituency_id": "E14001348", "constituency_name": "Maidenhead", "Main party name": "Liberal Democrat", "Main party abbreviation": "LD", "Election result summary": "LD gain from Con", "Election URL": "https://electionresults.parliament.uk/elections/3605" }, "geometry": { "type": "MultiPolygon", "coordinates": [ [ [ [ -2.716545819977737, 51.701948879363918 ], [ -2.625783370034614, 51.79927228684258 ], [ -2.444258470148368, 51.79927228684258 ], [ -2.353496020205244, 51.701948879363918 ], [ -2.444258470148368, 51.604415681082358 ], [ -2.625783370034614, 51.604415681082358 ], [ -2.716545819977737, 51.701948879363918 ] ] ] ] } },
{ "type": "Feature", "properties": { "constituency_id": "E14001438", "constituency_name": "Reading Central", "Main party name": "Labour", "Main party abbreviation": "Lab", "Election result summary": "Lab hold", "Election URL": "https://electionresults.parliament.uk/elections/3718" }, "geometry": { "type": "MultiPolygon", "coordinates": [ [ [ [ -2.716545819977737, 51.506672523007225 ], [ -2.625783370034614, 51.604415681082358 ], [ -2.444258470148368, 51.604415681082358 ], [ -2.353496020205244, 51.506672523007225 ], [ -2.444258470148368, 51.408719238225579 ], [ -2.625783370034614, 51.408719238225579 ], [ -2.716545819977737, 51.506672523007225 ] ] ] ] } },
{ "type": "Feature", "properties": { "constituency_id": "E14001593", "constituency_name": "Wokingham", "Main party name": "Liberal Democrat", "Main party abbreviation": "LD", "Election result summary": "LD gain from Con", "Election URL": "https://electionresults.parliament.uk/elections/3886" }, "geometry": { "type": "MultiPolygon", "coordinates": [ [ [ [ -2.716545819977737, 51.310555661919615 ], [ -2.625783370034614, 51.408719238225579 ], [ -2.444258470148368, 51.408719238225579 ], [ -2.353496020205244, 51.310555661919615 ], [ -2.444258470148368, 51.212181631384112 ], [ -2.625783370034614, 51.212181631384112 ], [ -2.716545819977737, 51.310555661919615 ] ] ] ] } },
{ "type": "Feature", "properties": { "constituency_id": "E14001078", "constituency_name": "Basingstoke", "Main party name": "Labour", "Main party abbreviation": "Lab", "Election result summary": "Lab gain from Con", "Election URL": "https://electionresults.parliament.uk/elections/3278" }, "geometry": { "type": "MultiPolygon", "coordinates": [ [ [ [ -2.716545819977737, 51.113596986044008 ], [ -2.625783370034614, 51.212181631384112 ], [ -2.444258470148368, 51.212181631384112 ], [ -2.353496020205244, 51.113596986044008 ], [ -2.444258470148368, 51.014801567471935 ], [ -2.625783370034614, 51.014801567471935 ], [ -2.716545819977737, 51.113596986044008 ] ] ] ] } },
{ "type": "Feature", "properties": { "constituency_id": "E14001449", "constituency_name": "Romsey and Southampton North", "Main party name": "Conservative", "Main party abbreviation": "Con", "Election result summary": "Con hold", "Election URL": "https://electionresults.parliament.uk/elections/3730" }, "geometry": { "type": "MultiPolygon", "coordinates": [ [ [ [ -2.716545819977737, 50.915795219405837 ], [ -2.625783370034614, 51.014801567471935 ], [ -2.444258470148368, 51.014801567471935 ], [ -2.353496020205244, 50.915795219405837 ], [ -2.444258470148368, 50.816577787766647 ], [ -2.625783370034614, 50.816577787766647 ], [ -2.716545819977737, 50.915795219405837 ] ] ] ] } },
{ "type": "Feature", "properties": { "constituency_id": "E14001373", "constituency_name": "New Forest East", "Main party name": "Conservative", "Main party abbreviation": "Con", "Election result summary": "Con hold", "Election URL": "https://electionresults.parliament.uk/elections/3641" }, "geometry": { "type": "MultiPolygon", "coordinates": [ [ [ [ -2.716545819977737, 50.717149120676005 ], [ -2.625783370034614, 50.816577787766647 ], [ -2.444258470148368, 50.816577787766647 ], [ -2.353496020205244, 50.717149120676005 ], [ -2.444258470148368, 50.617509068474007 ], [ -2.625783370034614, 50.617509068474007 ], [ -2.716545819977737, 50.717149120676005 ] ] ] ] } },
{ "type": "Feature", "properties": { "constituency_id": "E14001304", "constituency_name": "Isle of Wight West", "Main party name": "Labour", "Main party abbreviation": "Lab", "Election result summary": "Lab gain from Con", "Election URL": "https://electionresults.parliament.uk/elections/3556" }, "geometry": { "type": "MultiPolygon", "coordinates": [ [ [ [ -2.716545819977737, 50.317319138251982 ], [ -2.625783370034614, 50.417594221295502 ], [ -2.444258470148368, 50.417594221295502 ], [ -2.353496020205244, 50.317319138251982 ], [ -2.444258470148368, 50.216832093998903 ], [ -2.625783370034614, 50.216832093998903 ], [ -2.716545819977737, 50.317319138251982 ] ] ] ] } },
{ "type": "Feature", "properties": { "constituency_id": "E14001397", "constituency_name": "North Northumberland", "Main party name": "Labour", "Main party abbreviation": "Lab", "Election result summary": "Lab gain from Con", "Election URL": "https://electionresults.parliament.uk/elections/3672" }, "geometry": { "type": "MultiPolygon", "coordinates": [ [ [ [ -2.444258470148369, 56.227869277525834 ], [ -2.353496020205246, 56.315158659860622 ], [ -2.171971120318999, 56.315158659860622 ], [ -2.081208670375876, 56.227869277525834 ], [ -2.171971120318999, 56.140380582489598 ], [ -2.353496020205246, 56.140380582489598 ], [ -2.444258470148369, 56.227869277525834 ] ] ] ] } },
{ "type": "Feature", "properties": { "constituency_id": "E14001379", "constituency_name": "Newcastle upon Tyne North", "Main party name": "Labour", "Main party abbreviation": "Lab", "Election result summary": "Lab hold", "Election URL": "https://electionresults.parliament.uk/elections/3647" }, "geometry": { "type": "MultiPolygon", "coordinates": [ [ [ [ -2.444258470148369, 56.052692324106971 ], [ -2.353496020205246, 56.140380582489598 ], [ -2.171971120318999, 56.140380582489598 ], [ -2.081208670375876, 56.052692324106971 ], [ -2.171971120318999, 55.964804253028873 ], [ -2.353496020205246, 55.964804253028873 ], [ -2.444258470148369, 56.052692324106971 ] ] ] ] } },
{ "type": "Feature", "properties": { "constituency_id": "E14001106", "constituency_name": "Blaydon and Consett", "Main party name": "Labour", "Main party abbreviation": "Lab", "Election result summary": "Lab hold", "Election URL": "https://electionresults.parliament.uk/elections/3313" }, "geometry": { "type": "MultiPolygon", "coordinates": [ [ [ [ -2.444258470148369, 55.876716121216546 ], [ -2.353496020205246, 55.964804253028873 ], [ -2.171971120318999, 55.964804253028873 ], [ -2.081208670375876, 55.876716121216546 ], [ -2.171971120318999, 55.788427681955966 ], [ -2.353496020205246, 55.788427681955966 ], [ -2.444258470148369, 55.876716121216546 ] ] ] ] } },
{ "type": "Feature", "properties": { "constituency_id": "E14001422", "constituency_name": "Pendle and Clitheroe", "Main party name": "Labour", "Main party abbreviation": "Lab", "Election result summary": "Lab gain from Con", "Election URL": "https://electionresults.parliament.uk/elections/3700" }, "geometry": { "type": "MultiPolygon", "coordinates": [ [ [ [ -2.444258470148369, 55.699938689872425 ], [ -2.353496020205246, 55.788427681955966 ], [ -2.171971120318999, 55.788427681955966 ], [ -2.081208670375876, 55.699938689872425 ], [ -2.171971120318999, 55.611248900945149 ], [ -2.353496020205246, 55.611248900945149 ], [ -2.444258470148369, 55.699938689872425 ] ] ] ] } },
{ "type": "Feature", "properties": { "constituency_id": "E14001142", "constituency_name": "Burnley", "Main party name": "Labour", "Main party abbreviation": "Lab", "Election result summary": "Lab gain from Con", "Election URL": "https://electionresults.parliament.uk/elections/3351" }, "geometry": { "type": "MultiPolygon", "coordinates": [ [ [ [ -2.444258470148369, 55.522358072521961 ], [ -2.353496020205246, 55.611248900945149 ], [ -2.171971120318999, 55.611248900945149 ], [ -2.081208670375876, 55.522358072521961 ], [ -2.171971120318999, 55.433265963334023 ], [ -2.353496020205246, 55.433265963334023 ], [ -2.444258470148369, 55.522358072521961 ] ] ] ] } },
{ "type": "Feature", "properties": { "constituency_id": "E14001286", "constituency_name": "Heywood and Middleton North", "Main party name": "Labour", "Main party abbreviation": "Lab", "Election result summary": "Lab hold", "Election URL": "https://electionresults.parliament.uk/elections/3536" }, "geometry": { "type": "MultiPolygon", "coordinates": [ [ [ [ -2.444258470148369, 55.343972333510699 ], [ -2.353496020205246, 55.433265963334023 ], [ -2.171971120318999, 55.433265963334023 ], [ -2.081208670375876, 55.343972333510699 ], [ -2.171971120318999, 55.254476944594387 ], [ -2.353496020205246, 55.254476944594387 ], [ -2.444258470148369, 55.343972333510699 ] ] ] ] } },
{ "type": "Feature", "properties": { "constituency_id": "E14001103", "constituency_name": "Blackley and Middleton South", "Main party name": "Labour", "Main party abbreviation": "Lab", "Election result summary": "Lab hold", "Election URL": "https://electionresults.parliament.uk/elections/3309" }, "geometry": { "type": "MultiPolygon", "coordinates": [ [ [ [ -2.444258470148369, 55.164779559555484 ], [ -2.353496020205246, 55.254476944594387 ], [ -2.171971120318999, 55.254476944594387 ], [ -2.081208670375876, 55.164779559555484 ], [ -2.171971120318999, 55.074879942807421 ], [ -2.353496020205246, 55.074879942807421 ], [ -2.444258470148369, 55.164779559555484 ] ] ] ] } },
{ "type": "Feature", "properties": { "constituency_id": "E14001070", "constituency_name": "Ashton-under-Lyne", "Main party name": "Labour", "Main party abbreviation": "Lab", "Election result summary": "Lab hold", "Election URL": "https://electionresults.parliament.uk/elections/3268" }, "geometry": { "type": "MultiPolygon", "coordinates": [ [ [ [ -2.444258470148369, 54.98477786022174 ], [ -2.353496020205246, 55.074879942807421 ], [ -2.171971120318999, 55.074879942807421 ], [ -2.081208670375876, 54.98477786022174 ], [ -2.171971120318999, 54.894473079143232 ], [ -2.353496020205246, 54.894473079143232 ], [ -2.444258470148369, 54.98477786022174 ] ] ] ] } },
{ "type": "Feature", "properties": { "constituency_id": "E14001158", "constituency_name": "Cheadle", "Main party name": "Liberal Democrat", "Main party abbreviation": "LD", "Election result summary": "LD gain from Con", "Election URL": "https://electionresults.parliament.uk/elections/3376" }, "geometry": { "type": "MultiPolygon", "coordinates": [ [ [ [ -2.444258470148369, 54.803965368405159 ], [ -2.353496020205246, 54.894473079143232 ], [ -2.171971120318999, 54.894473079143232 ], [ -2.081208670375876, 54.803965368405159 ], [ -2.171971120318999, 54.713254498344575 ], [ -2.353496020205246, 54.713254498344575 ], [ -2.444258470148369, 54.803965368405159 ] ] ] ] } },
{ "type": "Feature", "properties": { "constituency_id": "E14001287", "constituency_name": "High Peak", "Main party name": "Labour", "Main party abbreviation": "Lab", "Election result summary": "Lab gain from Con", "Election URL": "https://electionresults.parliament.uk/elections/3537" }, "geometry": { "type": "MultiPolygon", "coordinates": [ [ [ [ -2.444258470148369, 54.622340240817586 ], [ -2.353496020205246, 54.713254498344575 ], [ -2.171971120318999, 54.713254498344575 ], [ -2.081208670375876, 54.622340240817586 ], [ -2.171971120318999, 54.531222369214881 ], [ -2.353496020205246, 54.531222369214881 ], [ -2.444258470148369, 54.622340240817586 ] ] ] ] } },
{ "type": "Feature", "properties": { "constituency_id": "E14001066", "constituency_name": "Amber Valley", "Main party name": "Labour", "Main party abbreviation": "Lab", "Election result summary": "Lab gain from Con", "Election URL": "https://electionresults.parliament.uk/elections/3261" }, "geometry": { "type": "MultiPolygon", "coordinates": [ [ [ [ -2.444258470148369, 54.439900658477114 ], [ -2.353496020205246, 54.531222369214881 ], [ -2.171971120318999, 54.531222369214881 ], [ -2.081208670375876, 54.439900658477114 ], [ -2.171971120318999, 54.348374885110502 ], [ -2.353496020205246, 54.348374885110502 ], [ -2.444258470148369, 54.439900658477114 ] ] ] ] } },
{ "type": "Feature", "properties": { "constituency_id": "E14001193", "constituency_name": "Derby North", "Main party name": "Labour", "Main party abbreviation": "Lab", "Election result summary": "Lab gain from Con", "Election URL": "https://electionresults.parliament.uk/elections/3416" }, "geometry": { "type": "MultiPolygon", "coordinates": [ [ [ [ -2.444258470148369, 54.256644827202436 ], [ -2.353496020205246, 54.348374885110502 ], [ -2.171971120318999, 54.348374885110502 ], [ -2.081208670375876, 54.256644827202436 ], [ -2.171971120318999, 54.16471026443709 ], [ -2.353496020205246, 54.16471026443709 ], [ -2.444258470148369, 54.256644827202436 ] ] ] ] } },
{ "type": "Feature", "properties": { "constituency_id": "E14001194", "constituency_name": "Derby South", "Main party name": "Labour", "Main party abbreviation": "Lab", "Election result summary": "Lab hold", "Election URL": "https://electionresults.parliament.uk/elections/3417" }, "geometry": { "type": "MultiPolygon", "coordinates": [ [ [ [ -2.444258470148369, 54.072570978111266 ], [ -2.353496020205246, 54.16471026443709 ], [ -2.171971120318999, 54.16471026443709 ], [ -2.081208670375876, 54.072570978111266 ], [ -2.171971120318999, 53.980226751150099 ], [ -2.353496020205246, 53.980226751150099 ], [ -2.444258470148369, 54.072570978111266 ] ] ] ] } },
{ "type": "Feature", "properties": { "constituency_id": "E14001140", "constituency_name": "Broxtowe", "Main party name": "Labour", "Main party abbreviation": "Lab", "Election result summary": "Lab gain from Con", "Election URL": "https://electionresults.parliament.uk/elections/3349" }, "geometry": { "type": "MultiPolygon", "coordinates": [ [ [ [ -2.444258470148369, 53.887677368122986 ], [ -2.353496020205246, 53.980226751150099 ], [ -2.171971120318999, 53.980226751150099 ], [ -2.081208670375876, 53.887677368122986 ], [ -2.171971120318999, 53.794922615259459 ], [ -2.353496020205246, 53.794922615259459 ], [ -2.444258470148369, 53.887677368122986 ] ] ] ] } },
{ "type": "Feature", "properties": { "constituency_id": "E14001181", "constituency_name": "Coventry North West", "Main party name": "Labour", "Main party abbreviation": "Lab", "Election result summary": "Lab hold", "Election URL": "https://electionresults.parliament.uk/elections/3402" }, "geometry": { "type": "MultiPolygon", "coordinates": [ [ [ [ -2.444258470148369, 53.701962280465231 ], [ -2.353496020205246, 53.794922615259459 ], [ -2.171971120318999, 53.794922615259459 ], [ -2.081208670375876, 53.701962280465231 ], [ -2.171971120318999, 53.608796153338226 ], [ -2.353496020205246, 53.608796153338226 ], [ -2.444258470148369, 53.701962280465231 ] ] ] ] } },
{ "type": "Feature", "properties": { "constituency_id": "E14001182", "constituency_name": "Coventry South", "Main party name": "Labour", "Main party abbreviation": "Lab", "Election result summary": "Lab hold", "Election URL": "https://electionresults.parliament.uk/elections/3403" }, "geometry": { "type": "MultiPolygon", "coordinates": [ [ [ [ -2.444258470148369, 53.515424025184686 ], [ -2.353496020205246, 53.608796153338226 ], [ -2.171971120318999, 53.608796153338226 ], [ -2.081208670375876, 53.515424025184686 ], [ -2.171971120318999, 53.421845689035351 ], [ -2.353496020205246, 53.421845689035351 ], [ -2.444258470148369, 53.515424025184686 ] ] ] ] } },
{ "type": "Feature", "properties": { "constituency_id": "E14001358", "constituency_name": "Meriden and Solihull East", "Main party name": "Conservative", "Main party abbreviation": "Con", "Election result summary": "Con hold", "Election URL": "https://electionresults.parliament.uk/elections/3615" }, "geometry": { "type": "MultiPolygon", "coordinates": [ [ [ [ -2.444258470148369, 53.328060939661697 ], [ -2.353496020205246, 53.421845689035351 ], [ -2.171971120318999, 53.421845689035351 ], [ -2.081208670375876, 53.328060939661697 ], [ -2.171971120318999, 53.234069573592272 ], [ -2.353496020205246, 53.234069573592272 ], [ -2.444258470148369, 53.328060939661697 ] ] ] ] } },
{ "type": "Feature", "properties": { "constituency_id": "E14001479", "constituency_name": "Solihull West and Shirley", "Main party name": "Conservative", "Main party abbreviation": "Con", "Election result summary": "Con hold", "Election URL": "https://electionresults.parliament.uk/elections/3761" }, "geometry": { "type": "MultiPolygon", "coordinates": [ [ [ [ -2.444258470148369, 53.139871389128984 ], [ -2.353496020205246, 53.234069573592272 ], [ -2.171971120318999, 53.234069573592272 ], [ -2.081208670375876, 53.139871389128984 ], [ -2.171971120318999, 53.045466186363591 ], [ -2.353496020205246, 53.045466186363591 ], [ -2.444258470148369, 53.139871389128984 ] ] ] ] } },
{ "type": "Feature", "properties": { "constituency_id": "E14001309", "constituency_name": "Kenilworth and Southam", "Main party name": "Conservative", "Main party abbreviation": "Con", "Election result summary": "Con hold", "Election URL": "https://electionresults.parliament.uk/elections/3561" }, "geometry": { "type": "MultiPolygon", "coordinates": [ [ [ [ -2.444258470148369, 52.950853767194133 ], [ -2.353496020205246, 53.045466186363591 ], [ -2.171971120318999, 53.045466186363591 ], [ -2.081208670375876, 52.950853767194133 ], [ -2.171971120318999, 52.856033935341522 ], [ -2.353496020205246, 52.856033935341522 ], [ -2.444258470148369, 52.950853767194133 ] ] ] ] } },
{ "type": "Feature", "properties": { "constituency_id": "E14001206", "constituency_name": "Dunstable and Leighton Buzzard", "Main party name": "Labour", "Main party abbreviation": "Lab", "Election result summary": "Lab gain from Con", "Election URL": "https://electionresults.parliament.uk/elections/3433" }, "geometry": { "type": "MultiPolygon", "coordinates": [ [ [ [ -2.444258470148369, 52.761006496366051 ], [ -2.353496020205246, 52.856033935341522 ], [ -2.171971120318999, 52.856033935341522 ], [ -2.081208670375876, 52.761006496366051 ], [ -2.171971120318999, 52.665771257684156 ], [ -2.353496020205246, 52.665771257684156 ], [ -2.444258470148369, 52.761006496366051 ] ] ] ] } },
{ "type": "Feature", "properties": { "constituency_id": "E14001568", "constituency_name": "Watford", "Main party name": "Labour", "Main party abbreviation": "Lab", "Election result summary": "Lab gain from Con", "Election URL": "https://electionresults.parliament.uk/elections/3858" }, "geometry": { "type": "MultiPolygon", "coordinates": [ [ [ [ -2.444258470148369, 52.570328028585067 ], [ -2.353496020205246, 52.665771257684156 ], [ -2.171971120318999, 52.665771257684156 ], [ -2.081208670375876, 52.570328028585067 ], [ -2.171971120318999, 52.474676620247592 ], [ -2.353496020205246, 52.474676620247592 ], [ -2.444258470148369, 52.570328028585067 ] ] ] ] } },
{ "type": "Feature", "properties": { "constituency_id": "E14001496", "constituency_name": "South West Hertfordshire", "Main party name": "Conservative", "Main party abbreviation": "Con", "Election result summary": "Con hold", "Election URL": "https://electionresults.parliament.uk/elections/3780" }, "geometry": { "type": "MultiPolygon", "coordinates": [ [ [ [ -2.444258470148369, 52.37881684575693 ], [ -2.353496020205246, 52.474676620247592 ], [ -2.171971120318999, 52.474676620247592 ], [ -2.081208670375876, 52.37881684575693 ], [ -2.171971120318999, 52.282748520121601 ], [ -2.353496020205246, 52.282748520121601 ], [ -2.444258470148369, 52.37881684575693 ] ] ] ] } },
{ "type": "Feature", "properties": { "constituency_id": "E14001071", "constituency_name": "Aylesbury", "Main party name": "Labour", "Main party abbreviation": "Lab", "Election result summary": "Lab gain from Con", "Election URL": "https://electionresults.parliament.uk/elections/3269" }, "geometry": { "type": "MultiPolygon", "coordinates": [ [ [ [ -2.444258470148369, 52.186471460290349 ], [ -2.353496020205246, 52.282748520121601 ], [ -2.171971120318999, 52.282748520121601 ], [ -2.081208670375876, 52.186471460290349 ], [ -2.171971120318999, 52.089985485169159 ], [ -2.353496020205246, 52.089985485169159 ], [ -2.444258470148369, 52.186471460290349 ] ] ] ] } },
{ "type": "Feature", "properties": { "constituency_id": "E14001162", "constituency_name": "Chesham and Amersham", "Main party name": "Liberal Democrat", "Main party abbreviation": "LD", "Election result summary": "LD gain from Con", "Election URL": "https://electionresults.parliament.uk/elections/3380" }, "geometry": { "type": "MultiPolygon", "coordinates": [ [ [ [ -2.444258470148369, 51.99329041563827 ], [ -2.353496020205246, 52.089985485169159 ], [ -2.171971120318999, 52.089985485169159 ], [ -2.081208670375876, 51.99329041563827 ], [ -2.171971120318999, 51.896386074569342 ], [ -2.353496020205246, 51.896386074569342 ], [ -2.444258470148369, 51.99329041563827 ] ] ] ] } },
{ "type": "Feature", "properties": { "constituency_id": "E14001082", "constituency_name": "Beaconsfield", "Main party name": "Conservative", "Main party abbreviation": "Con", "Election result summary": "Con hold", "Election URL": "https://electionresults.parliament.uk/elections/3283" }, "geometry": { "type": "MultiPolygon", "coordinates": [ [ [ [ -2.444258470148369, 51.79927228684258 ], [ -2.353496020205246, 51.896386074569342 ], [ -2.171971120318999, 51.896386074569342 ], [ -2.081208670375876, 51.79927228684258 ], [ -2.171971120318999, 51.701948879363918 ], [ -2.353496020205246, 51.701948879363918 ], [ -2.444258470148369, 51.79927228684258 ] ] ] ] } },
{ "type": "Feature", "properties": { "constituency_id": "E14001477", "constituency_name": "Slough", "Main party name": "Labour", "Main party abbreviation": "Lab", "Election result summary": "Lab hold", "Election URL": "https://electionresults.parliament.uk/elections/3759" }, "geometry": { "type": "MultiPolygon", "coordinates": [ [ [ [ -2.444258470148369, 51.604415681082358 ], [ -2.353496020205246, 51.701948879363918 ], [ -2.171971120318999, 51.701948879363918 ], [ -2.081208670375876, 51.604415681082358 ], [ -2.171971120318999, 51.506672523007225 ], [ -2.353496020205246, 51.506672523007225 ], [ -2.444258470148369, 51.604415681082358 ] ] ] ] } },
{ "type": "Feature", "properties": { "constituency_id": "E14001588", "constituency_name": "Windsor", "Main party name": "Conservative", "Main party abbreviation": "Con", "Election result summary": "Con hold", "Election URL": "https://electionresults.parliament.uk/elections/3881" }, "geometry": { "type": "MultiPolygon", "coordinates": [ [ [ [ -2.444258470148369, 51.408719238225579 ], [ -2.353496020205246, 51.506672523007225 ], [ -2.171971120318999, 51.506672523007225 ], [ -2.081208670375876, 51.408719238225579 ], [ -2.171971120318999, 51.310555661919615 ], [ -2.353496020205246, 51.310555661919615 ], [ -2.444258470148369, 51.408719238225579 ] ] ] ] } },
{ "type": "Feature", "properties": { "constituency_id": "E14001117", "constituency_name": "Bracknell", "Main party name": "Labour", "Main party abbreviation": "Lab", "Election result summary": "Lab gain from Con", "Election URL": "https://electionresults.parliament.uk/elections/3324" }, "geometry": { "type": "MultiPolygon", "coordinates": [ [ [ [ -2.444258470148369, 51.212181631384112 ], [ -2.353496020205246, 51.310555661919615 ], [ -2.171971120318999, 51.310555661919615 ], [ -2.081208670375876, 51.212181631384112 ], [ -2.171971120318999, 51.113596986044008 ], [ -2.353496020205246, 51.113596986044008 ], [ -2.444258470148369, 51.212181631384112 ] ] ] ] } },
{ "type": "Feature", "properties": { "constituency_id": "E14001392", "constituency_name": "North East Hampshire", "Main party name": "Liberal Democrat", "Main party abbreviation": "LD", "Election result summary": "LD gain from Con", "Election URL": "https://electionresults.parliament.uk/elections/3667" }, "geometry": { "type": "MultiPolygon", "coordinates": [ [ [ [ -2.444258470148369, 51.014801567471935 ], [ -2.353496020205246, 51.113596986044008 ], [ -2.171971120318999, 51.113596986044008 ], [ -2.081208670375876, 51.014801567471935 ], [ -2.171971120318999, 50.915795219405837 ], [ -2.353496020205246, 50.915795219405837 ], [ -2.444258470148369, 51.014801567471935 ] ] ] ] } },
{ "type": "Feature", "properties": { "constituency_id": "E14001500", "constituency_name": "Southampton Test", "Main party name": "Labour", "Main party abbreviation": "Lab", "Election result summary": "Lab hold", "Election URL": "https://electionresults.parliament.uk/elections/3784" }, "geometry": { "type": "MultiPolygon", "coordinates": [ [ [ [ -2.444258470148369, 50.816577787766647 ], [ -2.353496020205246, 50.915795219405837 ], [ -2.171971120318999, 50.915795219405837 ], [ -2.081208670375876, 50.816577787766647 ], [ -2.171971120318999, 50.717149120676005 ], [ -2.353496020205246, 50.717149120676005 ], [ -2.444258470148369, 50.816577787766647 ] ] ] ] } },
{ "type": "Feature", "properties": { "constituency_id": "E14001499", "constituency_name": "Southampton Itchen", "Main party name": "Labour", "Main party abbreviation": "Lab", "Election result summary": "Lab gain from Con", "Election URL": "https://electionresults.parliament.uk/elections/3783" }, "geometry": { "type": "MultiPolygon", "coordinates": [ [ [ [ -2.444258470148369, 50.617509068474007 ], [ -2.353496020205246, 50.717149120676005 ], [ -2.171971120318999, 50.717149120676005 ], [ -2.081208670375876, 50.617509068474007 ], [ -2.171971120318999, 50.517657483737018 ], [ -2.353496020205246, 50.517657483737018 ], [ -2.444258470148369, 50.617509068474007 ] ] ] ] } },
{ "type": "Feature", "properties": { "constituency_id": "E14001303", "constituency_name": "Isle of Wight East", "Main party name": "Conservative", "Main party abbreviation": "Con", "Election result summary": "Con hold", "Election URL": "https://electionresults.parliament.uk/elections/3555" }, "geometry": { "type": "MultiPolygon", "coordinates": [ [ [ [ -2.444258470148369, 50.216832093998903 ], [ -2.353496020205246, 50.317319138251982 ], [ -2.171971120318999, 50.317319138251982 ], [ -2.081208670375876, 50.216832093998903 ], [ -2.171971120318999, 50.11613295023664 ], [ -2.353496020205246, 50.11613295023664 ], [ -2.444258470148369, 50.216832093998903 ] ] ] ] } },
{ "type": "Feature", "properties": { "constituency_id": "E14001107", "constituency_name": "Blyth and Ashington", "Main party name": "Labour", "Main party abbreviation": "Lab", "Election result summary": "Lab hold", "Election URL": "https://electionresults.parliament.uk/elections/3314" }, "geometry": { "type": "MultiPolygon", "coordinates": [ [ [ [ -2.171971120318998, 56.140380582489598 ], [ -2.081208670375875, 56.227869277525834 ], [ -1.899683770489629, 56.227869277525834 ], [ -1.808921320546506, 56.140380582489598 ], [ -1.899683770489629, 56.052692324106971 ], [ -2.081208670375875, 56.052692324106971 ], [ -2.171971120318998, 56.140380582489598 ] ] ] ] } },
{ "type": "Feature", "properties": { "constituency_id": "E14001377", "constituency_name": "Newcastle upon Tyne Central and West", "Main party name": "Labour", "Main party abbreviation": "Lab", "Election result summary": "Lab hold", "Election URL": "https://electionresults.parliament.uk/elections/3645" }, "geometry": { "type": "MultiPolygon", "coordinates": [ [ [ [ -2.171971120318998, 55.964804253028873 ], [ -2.081208670375875, 56.052692324106971 ], [ -1.899683770489629, 56.052692324106971 ], [ -1.808921320546506, 55.964804253028873 ], [ -1.899683770489629, 55.876716121216546 ], [ -2.081208670375875, 55.876716121216546 ], [ -2.171971120318998, 55.964804253028873 ] ] ] ] } },
{ "type": "Feature", "properties": { "constituency_id": "E14001244", "constituency_name": "Gateshead Central and Whickham", "Main party name": "Labour", "Main party abbreviation": "Lab", "Election result summary": "Lab hold", "Election URL": "https://electionresults.parliament.uk/elections/3484" }, "geometry": { "type": "MultiPolygon", "coordinates": [ [ [ [ -2.171971120318998, 55.788427681955966 ], [ -2.081208670375875, 55.876716121216546 ], [ -1.899683770489629, 55.876716121216546 ], [ -1.808921320546506, 55.788427681955966 ], [ -1.899683770489629, 55.699938689872425 ], [ -2.081208670375875, 55.699938689872425 ], [ -2.171971120318998, 55.788427681955966 ] ] ] ] } },
{ "type": "Feature", "properties": { "constituency_id": "E14001389", "constituency_name": "North Durham", "Main party name": "Labour", "Main party abbreviation": "Lab", "Election result summary": "Lab hold", "Election URL": "https://electionresults.parliament.uk/elections/3663" }, "geometry": { "type": "MultiPolygon", "coordinates": [ [ [ [ -2.171971120318998, 55.611248900945149 ], [ -2.081208670375875, 55.699938689872425 ], [ -1.899683770489629, 55.699938689872425 ], [ -1.808921320546506, 55.611248900945149 ], [ -1.899683770489629, 55.522358072521961 ], [ -2.081208670375875, 55.522358072521961 ], [ -2.171971120318998, 55.611248900945149 ] ] ] ] } },
{ "type": "Feature", "properties": { "constituency_id": "E14001446", "constituency_name": "Rochdale", "Main party name": "Labour", "Main party abbreviation": "Lab", "Election result summary": "Lab hold", "Election URL": "https://electionresults.parliament.uk/elections/3727" }, "geometry": { "type": "MultiPolygon", "coordinates": [ [ [ [ -2.171971120318998, 55.433265963334023 ], [ -2.081208670375875, 55.522358072521961 ], [ -1.899683770489629, 55.522358072521961 ], [ -1.808921320546506, 55.433265963334023 ], [ -1.899683770489629, 55.343972333510699 ], [ -2.081208670375875, 55.343972333510699 ], [ -2.171971120318998, 55.433265963334023 ] ] ] ] } },
{ "type": "Feature", "properties": { "constituency_id": "E14001416", "constituency_name": "Oldham West, Chadderton and Royton", "Main party name": "Labour", "Main party abbreviation": "Lab", "Election result summary": "Lab hold", "Election URL": "https://electionresults.parliament.uk/elections/3691" }, "geometry": { "type": "MultiPolygon", "coordinates": [ [ [ [ -2.171971120318998, 55.254476944594387 ], [ -2.081208670375875, 55.343972333510699 ], [ -1.899683770489629, 55.343972333510699 ], [ -1.808921320546506, 55.254476944594387 ], [ -1.899683770489629, 55.164779559555484 ], [ -2.081208670375875, 55.164779559555484 ], [ -2.171971120318998, 55.254476944594387 ] ] ] ] } },
{ "type": "Feature", "properties": { "constituency_id": "E14001515", "constituency_name": "Stalybridge and Hyde", "Main party name": "Labour", "Main party abbreviation": "Lab", "Election result summary": "Lab hold", "Election URL": "https://electionresults.parliament.uk/elections/3799" }, "geometry": { "type": "MultiPolygon", "coordinates": [ [ [ [ -2.171971120318998, 55.074879942807421 ], [ -2.081208670375875, 55.164779559555484 ], [ -1.899683770489629, 55.164779559555484 ], [ -1.808921320546506, 55.074879942807421 ], [ -1.899683770489629, 54.98477786022174 ], [ -2.081208670375875, 54.98477786022174 ], [ -2.171971120318998, 55.074879942807421 ] ] ] ] } },
{ "type": "Feature", "properties": { "constituency_id": "E14001277", "constituency_name": "Hazel Grove", "Main party name": "Liberal Democrat", "Main party abbreviation": "LD", "Election result summary": "LD gain from Con", "Election URL": "https://electionresults.parliament.uk/elections/3527" }, "geometry": { "type": "MultiPolygon", "coordinates": [ [ [ [ -2.171971120318998, 54.894473079143232 ], [ -2.081208670375875, 54.98477786022174 ], [ -1.899683770489629, 54.98477786022174 ], [ -1.808921320546506, 54.894473079143232 ], [ -1.899683770489629, 54.803965368405159 ], [ -2.081208670375875, 54.803965368405159 ], [ -2.171971120318998, 54.894473079143232 ] ] ] ] } },
{ "type": "Feature", "properties": { "constituency_id": "E14001262", "constituency_name": "Halifax", "Main party name": "Labour", "Main party abbreviation": "Lab", "Election result summary": "Lab hold", "Election URL": "https://electionresults.parliament.uk/elections/3511" }, "geometry": { "type": "MultiPolygon", "coordinates": [ [ [ [ -2.171971120318998, 54.713254498344575 ], [ -2.081208670375875, 54.803965368405159 ], [ -1.899683770489629, 54.803965368405159 ], [ -1.808921320546506, 54.713254498344575 ], [ -1.899683770489629, 54.622340240817586 ], [ -2.081208670375875, 54.622340240817586 ], [ -2.171971120318998, 54.713254498344575 ] ] ] ] } },
{ "type": "Feature", "properties": { "constituency_id": "E14001147", "constituency_name": "Calder Valley", "Main party name": "Labour", "Main party abbreviation": "Lab", "Election result summary": "Lab gain from Con", "Election URL": "https://electionresults.parliament.uk/elections/3359" }, "geometry": { "type": "MultiPolygon", "coordinates": [ [ [ [ -2.171971120318998, 54.531222369214881 ], [ -2.081208670375875, 54.622340240817586 ], [ -1.899683770489629, 54.622340240817586 ], [ -1.808921320546506, 54.531222369214881 ], [ -1.899683770489629, 54.439900658477114 ], [ -2.081208670375875, 54.439900658477114 ], [ -2.171971120318998, 54.531222369214881 ] ] ] ] } },
{ "type": "Feature", "properties": { "constituency_id": "E14001165", "constituency_name": "Chesterfield", "Main party name": "Labour", "Main party abbreviation": "Lab", "Election result summary": "Lab hold", "Election URL": "https://electionresults.parliament.uk/elections/3383" }, "geometry": { "type": "MultiPolygon", "coordinates": [ [ [ [ -2.171971120318998, 54.348374885110502 ], [ -2.081208670375875, 54.439900658477114 ], [ -1.899683770489629, 54.439900658477114 ], [ -1.808921320546506, 54.348374885110502 ], [ -1.899683770489629, 54.256644827202436 ], [ -2.081208670375875, 54.256644827202436 ], [ -2.171971120318998, 54.348374885110502 ] ] ] ] } },
{ "type": "Feature", "properties": { "constituency_id": "E14001228", "constituency_name": "Erewash", "Main party name": "Labour", "Main party abbreviation": "Lab", "Election result summary": "Lab gain from Con", "Election URL": "https://electionresults.parliament.uk/elections/3465" }, "geometry": { "type": "MultiPolygon", "coordinates": [ [ [ [ -2.171971120318998, 54.16471026443709 ], [ -2.081208670375875, 54.256644827202436 ], [ -1.899683770489629, 54.256644827202436 ], [ -1.808921320546506, 54.16471026443709 ], [ -1.899683770489629, 54.072570978111266 ], [ -2.081208670375875, 54.072570978111266 ], [ -2.171971120318998, 54.16471026443709 ] ] ] ] } },
{ "type": "Feature", "properties": { "constituency_id": "E14001412", "constituency_name": "Nottingham South", "Main party name": "Labour", "Main party abbreviation": "Lab", "Election result summary": "Lab hold", "Election URL": "https://electionresults.parliament.uk/elections/3687" }, "geometry": { "type": "MultiPolygon", "coordinates": [ [ [ [ -2.171971120318998, 53.980226751150099 ], [ -2.081208670375875, 54.072570978111266 ], [ -1.899683770489629, 54.072570978111266 ], [ -1.808921320546506, 53.980226751150099 ], [ -1.899683770489629, 53.887677368122986 ], [ -2.081208670375875, 53.887677368122986 ], [ -2.171971120318998, 53.980226751150099 ] ] ] ] } },
{ "type": "Feature", "properties": { "constituency_id": "E14001404", "constituency_name": "North West Leicestershire", "Main party name": "Labour", "Main party abbreviation": "Lab", "Election result summary": "Lab gain from Con", "Election URL": "https://electionresults.parliament.uk/elections/3679" }, "geometry": { "type": "MultiPolygon", "coordinates": [ [ [ [ -2.171971120318998, 53.794922615259459 ], [ -2.081208670375875, 53.887677368122986 ], [ -1.899683770489629, 53.887677368122986 ], [ -1.808921320546506, 53.794922615259459 ], [ -1.899683770489629, 53.701962280465231 ], [ -2.081208670375875, 53.701962280465231 ], [ -2.171971120318998, 53.794922615259459 ] ] ] ] } },
{ "type": "Feature", "properties": { "constituency_id": "E14001180", "constituency_name": "Coventry East", "Main party name": "Labour", "Main party abbreviation": "Lab", "Election result summary": "Lab hold", "Election URL": "https://electionresults.parliament.uk/elections/3401" }, "geometry": { "type": "MultiPolygon", "coordinates": [ [ [ [ -2.171971120318998, 53.608796153338226 ], [ -2.081208670375875, 53.701962280465231 ], [ -1.899683770489629, 53.701962280465231 ], [ -1.808921320546506, 53.608796153338226 ], [ -1.899683770489629, 53.515424025184686 ], [ -2.081208670375875, 53.515424025184686 ], [ -2.171971120318998, 53.608796153338226 ] ] ] ] } },
{ "type": "Feature", "properties": { "constituency_id": "E14001400", "constituency_name": "North Warwickshire and Bedworth", "Main party name": "Labour", "Main party abbreviation": "Lab", "Election result summary": "Lab gain from Con", "Election URL": "https://electionresults.parliament.uk/elections/3675" }, "geometry": { "type": "MultiPolygon", "coordinates": [ [ [ [ -2.171971120318998, 53.421845689035351 ], [ -2.081208670375875, 53.515424025184686 ], [ -1.899683770489629, 53.515424025184686 ], [ -1.808921320546506, 53.421845689035351 ], [ -1.899683770489629, 53.328060939661697 ], [ -2.081208670375875, 53.328060939661697 ], [ -2.171971120318998, 53.421845689035351 ] ] ] ] } },
{ "type": "Feature", "properties": { "constituency_id": "E14001413", "constituency_name": "Nuneaton", "Main party name": "Labour", "Main party abbreviation": "Lab", "Election result summary": "Lab gain from Con", "Election URL": "https://electionresults.parliament.uk/elections/3688" }, "geometry": { "type": "MultiPolygon", "coordinates": [ [ [ [ -2.171971120318998, 53.234069573592272 ], [ -2.081208670375875, 53.328060939661697 ], [ -1.899683770489629, 53.328060939661697 ], [ -1.808921320546506, 53.234069573592272 ], [ -1.899683770489629, 53.139871389128984 ], [ -2.081208670375875, 53.139871389128984 ], [ -2.171971120318998, 53.234069573592272 ] ] ] ] } },
{ "type": "Feature", "properties": { "constituency_id": "E14001453", "constituency_name": "Rugby", "Main party name": "Labour", "Main party abbreviation": "Lab", "Election result summary": "Lab gain from Con", "Election URL": "https://electionresults.parliament.uk/elections/3734" }, "geometry": { "type": "MultiPolygon", "coordinates": [ [ [ [ -2.171971120318998, 53.045466186363591 ], [ -2.081208670375875, 53.139871389128984 ], [ -1.899683770489629, 53.139871389128984 ], [ -1.808921320546506, 53.045466186363591 ], [ -1.899683770489629, 52.950853767194133 ], [ -2.081208670375875, 52.950853767194133 ], [ -2.171971120318998, 53.045466186363591 ] ] ] ] } },
{ "type": "Feature", "properties": { "constituency_id": "E14001346", "constituency_name": "Luton South and South Bedfordshire", "Main party name": "Labour", "Main party abbreviation": "Lab", "Election result summary": "Lab hold", "Election URL": "https://electionresults.parliament.uk/elections/3603" }, "geometry": { "type": "MultiPolygon", "coordinates": [ [ [ [ -2.171971120318998, 52.856033935341522 ], [ -2.081208670375875, 52.950853767194133 ], [ -1.899683770489629, 52.950853767194133 ], [ -1.808921320546506, 52.856033935341522 ], [ -1.899683770489629, 52.761006496366051 ], [ -2.081208670375875, 52.761006496366051 ], [ -2.171971120318998, 52.856033935341522 ] ] ] ] } },
{ "type": "Feature", "properties": { "constituency_id": "E14001278", "constituency_name": "Hemel Hempstead", "Main party name": "Labour", "Main party abbreviation": "Lab", "Election result summary": "Lab gain from Con", "Election URL": "https://electionresults.parliament.uk/elections/3528" }, "geometry": { "type": "MultiPolygon", "coordinates": [ [ [ [ -2.171971120318998, 52.665771257684156 ], [ -2.081208670375875, 52.761006496366051 ], [ -1.899683770489629, 52.761006496366051 ], [ -1.808921320546506, 52.665771257684156 ], [ -1.899683770489629, 52.570328028585067 ], [ -2.081208670375875, 52.570328028585067 ], [ -2.171971120318998, 52.665771257684156 ] ] ] ] } },
{ "type": "Feature", "properties": { "constituency_id": "E14001271", "constituency_name": "Harrow West", "Main party name": "Labour", "Main party abbreviation": "Lab", "Election result summary": "Lab hold", "Election URL": "https://electionresults.parliament.uk/elections/3521" }, "geometry": { "type": "MultiPolygon", "coordinates": [ [ [ [ -2.171971120318998, 52.474676620247592 ], [ -2.081208670375875, 52.570328028585067 ], [ -1.899683770489629, 52.570328028585067 ], [ -1.808921320546506, 52.474676620247592 ], [ -1.899683770489629, 52.37881684575693 ], [ -2.081208670375875, 52.37881684575693 ], [ -2.171971120318998, 52.474676620247592 ] ] ] ] } },
{ "type": "Feature", "properties": { "constituency_id": "E14001454", "constituency_name": "Ruislip, Northwood and Pinner", "Main party name": "Conservative", "Main party abbreviation": "Con", "Election result summary": "Con hold", "Election URL": "https://electionresults.parliament.uk/elections/3735" }, "geometry": { "type": "MultiPolygon", "coordinates": [ [ [ [ -2.171971120318998, 52.282748520121601 ], [ -2.081208670375875, 52.37881684575693 ], [ -1.899683770489629, 52.37881684575693 ], [ -1.808921320546506, 52.282748520121601 ], [ -1.899683770489629, 52.186471460290349 ], [ -2.081208670375875, 52.186471460290349 ], [ -2.171971120318998, 52.282748520121601 ] ] ] ] } },
{ "type": "Feature", "properties": { "constituency_id": "E14001558", "constituency_name": "Uxbridge and South Ruislip", "Main party name": "Labour", "Main party abbreviation": "Lab", "Election result summary": "Lab gain from Con", "Election URL": "https://electionresults.parliament.uk/elections/3847" }, "geometry": { "type": "MultiPolygon", "coordinates": [ [ [ [ -2.171971120318998, 52.089985485169159 ], [ -2.081208670375875, 52.186471460290349 ], [ -1.899683770489629, 52.186471460290349 ], [ -1.808921320546506, 52.089985485169159 ], [ -1.899683770489629, 51.99329041563827 ], [ -2.081208670375875, 51.99329041563827 ], [ -2.171971120318998, 52.089985485169159 ] ] ] ] } },
{ "type": "Feature", "properties": { "constituency_id": "E14001276", "constituency_name": "Hayes and Harlington", "Main party name": "Labour", "Main party abbreviation": "Lab", "Election result summary": "Lab hold", "Election URL": "https://electionresults.parliament.uk/elections/3526" }, "geometry": { "type": "MultiPolygon", "coordinates": [ [ [ [ -2.171971120318998, 51.896386074569342 ], [ -2.081208670375875, 51.99329041563827 ], [ -1.899683770489629, 51.99329041563827 ], [ -1.808921320546506, 51.896386074569342 ], [ -1.899683770489629, 51.79927228684258 ], [ -2.081208670375875, 51.79927228684258 ], [ -2.171971120318998, 51.896386074569342 ] ] ] ] } },
{ "type": "Feature", "properties": { "constituency_id": "E14001236", "constituency_name": "Feltham and Heston", "Main party name": "Labour", "Main party abbreviation": "Lab", "Election result summary": "Lab hold", "Election URL": "https://electionresults.parliament.uk/elections/3474" }, "geometry": { "type": "MultiPolygon", "coordinates": [ [ [ [ -2.171971120318998, 51.701948879363918 ], [ -2.081208670375875, 51.79927228684258 ], [ -1.899683770489629, 51.79927228684258 ], [ -1.808921320546506, 51.701948879363918 ], [ -1.899683770489629, 51.604415681082358 ], [ -2.081208670375875, 51.604415681082358 ], [ -2.171971120318998, 51.701948879363918 ] ] ] ] } },
{ "type": "Feature", "properties": { "constituency_id": "E14001556", "constituency_name": "Twickenham", "Main party name": "Liberal Democrat", "Main party abbreviation": "LD", "Election result summary": "LD hold", "Election URL": "https://electionresults.parliament.uk/elections/3844" }, "geometry": { "type": "MultiPolygon", "coordinates": [ [ [ [ -2.171971120318998, 51.506672523007225 ], [ -2.081208670375875, 51.604415681082358 ], [ -1.899683770489629, 51.604415681082358 ], [ -1.808921320546506, 51.506672523007225 ], [ -1.899683770489629, 51.408719238225579 ], [ -2.081208670375875, 51.408719238225579 ], [ -2.171971120318998, 51.506672523007225 ] ] ] ] } },
{ "type": "Feature", "properties": { "constituency_id": "E14001505", "constituency_name": "Spelthorne", "Main party name": "Conservative", "Main party abbreviation": "Con", "Election result summary": "Con hold", "Election URL": "https://electionresults.parliament.uk/elections/3789" }, "geometry": { "type": "MultiPolygon", "coordinates": [ [ [ [ -2.171971120318998, 51.310555661919615 ], [ -2.081208670375875, 51.408719238225579 ], [ -1.899683770489629, 51.408719238225579 ], [ -1.808921320546506, 51.310555661919615 ], [ -1.899683770489629, 51.212181631384112 ], [ -2.081208670375875, 51.212181631384112 ], [ -2.171971120318998, 51.310555661919615 ] ] ] ] } },
{ "type": "Feature", "properties": { "constituency_id": "E14001063", "constituency_name": "Aldershot", "Main party name": "Labour", "Main party abbreviation": "Lab", "Election result summary": "Lab gain from Con", "Election URL": "https://electionresults.parliament.uk/elections/3256" }, "geometry": { "type": "MultiPolygon", "coordinates": [ [ [ [ -2.171971120318998, 51.113596986044008 ], [ -2.081208670375875, 51.212181631384112 ], [ -1.899683770489629, 51.212181631384112 ], [ -1.808921320546506, 51.113596986044008 ], [ -1.899683770489629, 51.014801567471935 ], [ -2.081208670375875, 51.014801567471935 ], [ -2.171971120318998, 51.113596986044008 ] ] ] ] } },
{ "type": "Feature", "properties": { "constituency_id": "E14001234", "constituency_name": "Farnham and Bordon", "Main party name": "Conservative", "Main party abbreviation": "Con", "Election result summary": "Con hold", "Election URL": "https://electionresults.parliament.uk/elections/3472" }, "geometry": { "type": "MultiPolygon", "coordinates": [ [ [ [ -2.171971120318998, 50.915795219405837 ], [ -2.081208670375875, 51.014801567471935 ], [ -1.899683770489629, 51.014801567471935 ], [ -1.808921320546506, 50.915795219405837 ], [ -1.899683770489629, 50.816577787766647 ], [ -2.081208670375875, 50.816577787766647 ], [ -2.171971120318998, 50.915795219405837 ] ] ] ] } },
{ "type": "Feature", "properties": { "constituency_id": "E14001220", "constituency_name": "Eastleigh", "Main party name": "Liberal Democrat", "Main party abbreviation": "LD", "Election result summary": "LD gain from Con", "Election URL": "https://electionresults.parliament.uk/elections/3452" }, "geometry": { "type": "MultiPolygon", "coordinates": [ [ [ [ -2.171971120318998, 50.717149120676005 ], [ -2.081208670375875, 50.816577787766647 ], [ -1.899683770489629, 50.816577787766647 ], [ -1.808921320546506, 50.717149120676005 ], [ -1.899683770489629, 50.617509068474007 ], [ -2.081208670375875, 50.617509068474007 ], [ -2.171971120318998, 50.717149120676005 ] ] ] ] } },
{ "type": "Feature", "properties": { "constituency_id": "E14001263", "constituency_name": "Hamble Valley", "Main party name": "Conservative", "Main party abbreviation": "Con", "Election result summary": "Con hold", "Election URL": "https://electionresults.parliament.uk/elections/3512" }, "geometry": { "type": "MultiPolygon", "coordinates": [ [ [ [ -2.171971120318998, 50.517657483737018 ], [ -2.081208670375875, 50.617509068474007 ], [ -1.899683770489629, 50.617509068474007 ], [ -1.808921320546506, 50.517657483737018 ], [ -1.899683770489629, 50.417594221295502 ], [ -2.081208670375875, 50.417594221295502 ], [ -2.171971120318998, 50.517657483737018 ] ] ] ] } },
{ "type": "Feature", "properties": { "constituency_id": "E14001183", "constituency_name": "Cramlington and Killingworth", "Main party name": "Labour", "Main party abbreviation": "Lab", "Election result summary": "Lab hold", "Election URL": "https://electionresults.parliament.uk/elections/3405" }, "geometry": { "type": "MultiPolygon", "coordinates": [ [ [ [ -1.89968377048963, 56.227869277525834 ], [ -1.808921320546507, 56.315158659860622 ], [ -1.627396420660261, 56.315158659860622 ], [ -1.536633970717138, 56.227869277525834 ], [ -1.627396420660261, 56.140380582489598 ], [ -1.808921320546507, 56.140380582489598 ], [ -1.89968377048963, 56.227869277525834 ] ] ] ] } },
{ "type": "Feature", "properties": { "constituency_id": "E14001378", "constituency_name": "Newcastle upon Tyne East and Wallsend", "Main party name": "Labour", "Main party abbreviation": "Lab", "Election result summary": "Lab hold", "Election URL": "https://electionresults.parliament.uk/elections/3646" }, "geometry": { "type": "MultiPolygon", "coordinates": [ [ [ [ -1.89968377048963, 56.052692324106971 ], [ -1.808921320546507, 56.140380582489598 ], [ -1.627396420660261, 56.140380582489598 ], [ -1.536633970717138, 56.052692324106971 ], [ -1.627396420660261, 55.964804253028873 ], [ -1.808921320546507, 55.964804253028873 ], [ -1.89968377048963, 56.052692324106971 ] ] ] ] } },
{ "type": "Feature", "properties": { "constituency_id": "E14001567", "constituency_name": "Washington and Gateshead South", "Main party name": "Labour", "Main party abbreviation": "Lab", "Election result summary": "Lab hold", "Election URL": "https://electionresults.parliament.uk/elections/3857" }, "geometry": { "type": "MultiPolygon", "coordinates": [ [ [ [ -1.89968377048963, 55.876716121216546 ], [ -1.808921320546507, 55.964804253028873 ], [ -1.627396420660261, 55.964804253028873 ], [ -1.536633970717138, 55.876716121216546 ], [ -1.627396420660261, 55.788427681955966 ], [ -1.808921320546507, 55.788427681955966 ], [ -1.89968377048963, 55.876716121216546 ] ] ] ] } },
{ "type": "Feature", "properties": { "constituency_id": "E14001173", "constituency_name": "City of Durham", "Main party name": "Labour", "Main party abbreviation": "Lab", "Election result summary": "Lab hold", "Election URL": "https://electionresults.parliament.uk/elections/3391" }, "geometry": { "type": "MultiPolygon", "coordinates": [ [ [ [ -1.89968377048963, 55.699938689872425 ], [ -1.808921320546507, 55.788427681955966 ], [ -1.627396420660261, 55.788427681955966 ], [ -1.536633970717138, 55.699938689872425 ], [ -1.627396420660261, 55.611248900945149 ], [ -1.808921320546507, 55.611248900945149 ], [ -1.89968377048963, 55.699938689872425 ] ] ] ] } },
{ "type": "Feature", "properties": { "constituency_id": "E14001101", "constituency_name": "Bishop Auckland", "Main party name": "Labour", "Main party abbreviation": "Lab", "Election result summary": "Lab gain from Con", "Election URL": "https://electionresults.parliament.uk/elections/3307" }, "geometry": { "type": "MultiPolygon", "coordinates": [ [ [ [ -1.89968377048963, 55.522358072521961 ], [ -1.808921320546507, 55.611248900945149 ], [ -1.627396420660261, 55.611248900945149 ], [ -1.536633970717138, 55.522358072521961 ], [ -1.627396420660261, 55.433265963334023 ], [ -1.808921320546507, 55.433265963334023 ], [ -1.89968377048963, 55.522358072521961 ] ] ] ] } },
{ "type": "Feature", "properties": { "constituency_id": "E14001415", "constituency_name": "Oldham East and Saddleworth", "Main party name": "Labour", "Main party abbreviation": "Lab", "Election result summary": "Lab hold", "Election URL": "https://electionresults.parliament.uk/elections/3690" }, "geometry": { "type": "MultiPolygon", "coordinates": [ [ [ [ -1.89968377048963, 55.343972333510699 ], [ -1.808921320546507, 55.433265963334023 ], [ -1.627396420660261, 55.433265963334023 ], [ -1.536633970717138, 55.343972333510699 ], [ -1.627396420660261, 55.254476944594387 ], [ -1.808921320546507, 55.254476944594387 ], [ -1.89968377048963, 55.343972333510699 ] ] ] ] } },
{ "type": "Feature", "properties": { "constituency_id": "E14001308", "constituency_name": "Keighley and Ilkley", "Main party name": "Conservative", "Main party abbreviation": "Con", "Election result summary": "Con hold", "Election URL": "https://electionresults.parliament.uk/elections/3560" }, "geometry": { "type": "MultiPolygon", "coordinates": [ [ [ [ -1.89968377048963, 55.164779559555484 ], [ -1.808921320546507, 55.254476944594387 ], [ -1.627396420660261, 55.254476944594387 ], [ -1.536633970717138, 55.164779559555484 ], [ -1.627396420660261, 55.074879942807421 ], [ -1.808921320546507, 55.074879942807421 ], [ -1.89968377048963, 55.164779559555484 ] ] ] ] } },
{ "type": "Feature", "properties": { "constituency_id": "E14001120", "constituency_name": "Bradford West", "Main party name": "Labour", "Main party abbreviation": "Lab", "Election result summary": "Lab hold", "Election URL": "https://electionresults.parliament.uk/elections/3327" }, "geometry": { "type": "MultiPolygon", "coordinates": [ [ [ [ -1.89968377048963, 54.98477786022174 ], [ -1.808921320546507, 55.074879942807421 ], [ -1.627396420660261, 55.074879942807421 ], [ -1.536633970717138, 54.98477786022174 ], [ -1.627396420660261, 54.894473079143232 ], [ -1.808921320546507, 54.894473079143232 ], [ -1.89968377048963, 54.98477786022174 ] ] ] ] } },
{ "type": "Feature", "properties": { "constituency_id": "E14001119", "constituency_name": "Bradford South", "Main party name": "Labour", "Main party abbreviation": "Lab", "Election result summary": "Lab hold", "Election URL": "https://electionresults.parliament.uk/elections/3326" }, "geometry": { "type": "MultiPolygon", "coordinates": [ [ [ [ -1.89968377048963, 54.803965368405159 ], [ -1.808921320546507, 54.894473079143232 ], [ -1.627396420660261, 54.894473079143232 ], [ -1.536633970717138, 54.803965368405159 ], [ -1.627396420660261, 54.713254498344575 ], [ -1.808921320546507, 54.713254498344575 ], [ -1.89968377048963, 54.803965368405159 ] ] ] ] } },
{ "type": "Feature", "properties": { "constituency_id": "E14001177", "constituency_name": "Colne Valley", "Main party name": "Labour", "Main party abbreviation": "Lab", "Election result summary": "Lab gain from Con", "Election URL": "https://electionresults.parliament.uk/elections/3398" }, "geometry": { "type": "MultiPolygon", "coordinates": [ [ [ [ -1.89968377048963, 54.622340240817586 ], [ -1.808921320546507, 54.713254498344575 ], [ -1.627396420660261, 54.713254498344575 ], [ -1.536633970717138, 54.622340240817586 ], [ -1.627396420660261, 54.531222369214881 ], [ -1.808921320546507, 54.531222369214881 ], [ -1.89968377048963, 54.622340240817586 ] ] ] ] } },
{ "type": "Feature", "properties": { "constituency_id": "E14001391", "constituency_name": "North East Derbyshire", "Main party name": "Labour", "Main party abbreviation": "Lab", "Election result summary": "Lab gain from Con", "Election URL": "https://electionresults.parliament.uk/elections/3665" }, "geometry": { "type": "MultiPolygon", "coordinates": [ [ [ [ -1.89968377048963, 54.439900658477114 ], [ -1.808921320546507, 54.531222369214881 ], [ -1.627396420660261, 54.531222369214881 ], [ -1.536633970717138, 54.439900658477114 ], [ -1.627396420660261, 54.348374885110502 ], [ -1.808921320546507, 54.348374885110502 ], [ -1.89968377048963, 54.439900658477114 ] ] ] ] } },
{ "type": "Feature", "properties": { "constituency_id": "E14001109", "constituency_name": "Bolsover", "Main party name": "Labour", "Main party abbreviation": "Lab", "Election result summary": "Lab gain from Con", "Election URL": "https://electionresults.parliament.uk/elections/3316" }, "geometry": { "type": "MultiPolygon", "coordinates": [ [ [ [ -1.89968377048963, 54.256644827202436 ], [ -1.808921320546507, 54.348374885110502 ], [ -1.627396420660261, 54.348374885110502 ], [ -1.536633970717138, 54.256644827202436 ], [ -1.627396420660261, 54.16471026443709 ], [ -1.808921320546507, 54.16471026443709 ], [ -1.89968377048963, 54.256644827202436 ] ] ] ] } },
{ "type": "Feature", "properties": { "constituency_id": "E14001411", "constituency_name": "Nottingham North and Kimberley", "Main party name": "Labour", "Main party abbreviation": "Lab", "Election result summary": "Lab hold", "Election URL": "https://electionresults.parliament.uk/elections/3686" }, "geometry": { "type": "MultiPolygon", "coordinates": [ [ [ [ -1.89968377048963, 54.072570978111266 ], [ -1.808921320546507, 54.16471026443709 ], [ -1.627396420660261, 54.16471026443709 ], [ -1.536633970717138, 54.072570978111266 ], [ -1.627396420660261, 53.980226751150099 ], [ -1.808921320546507, 53.980226751150099 ], [ -1.89968377048963, 54.072570978111266 ] ] ] ] } },
{ "type": "Feature", "properties": { "constituency_id": "E14001342", "constituency_name": "Loughborough", "Main party name": "Labour", "Main party abbreviation": "Lab", "Election result summary": "Lab gain from Con", "Election URL": "https://electionresults.parliament.uk/elections/3599" }, "geometry": { "type": "MultiPolygon", "coordinates": [ [ [ [ -1.89968377048963, 53.887677368122986 ], [ -1.808921320546507, 53.980226751150099 ], [ -1.627396420660261, 53.980226751150099 ], [ -1.536633970717138, 53.887677368122986 ], [ -1.627396420660261, 53.794922615259459 ], [ -1.808921320546507, 53.794922615259459 ], [ -1.89968377048963, 53.887677368122986 ] ] ] ] } },
{ "type": "Feature", "properties": { "constituency_id": "E14001192", "constituency_name": "Daventry", "Main party name": "Conservative", "Main party abbreviation": "Con", "Election result summary": "Con hold", "Election URL": "https://electionresults.parliament.uk/elections/3415" }, "geometry": { "type": "MultiPolygon", "coordinates": [ [ [ [ -1.89968377048963, 53.701962280465231 ], [ -1.808921320546507, 53.794922615259459 ], [ -1.627396420660261, 53.794922615259459 ], [ -1.536633970717138, 53.701962280465231 ], [ -1.627396420660261, 53.608796153338226 ], [ -1.808921320546507, 53.608796153338226 ], [ -1.89968377048963, 53.701962280465231 ] ] ] ] } },
{ "type": "Feature", "properties": { "constituency_id": "E14001406", "constituency_name": "Northampton North", "Main party name": "Labour", "Main party abbreviation": "Lab", "Election result summary": "Lab gain from Con", "Election URL": "https://electionresults.parliament.uk/elections/3681" }, "geometry": { "type": "MultiPolygon", "coordinates": [ [ [ [ -1.89968377048963, 53.515424025184686 ], [ -1.808921320546507, 53.608796153338226 ], [ -1.627396420660261, 53.608796153338226 ], [ -1.536633970717138, 53.515424025184686 ], [ -1.627396420660261, 53.421845689035351 ], [ -1.808921320546507, 53.421845689035351 ], [ -1.89968377048963, 53.515424025184686 ] ] ] ] } },
{ "type": "Feature", "properties": { "constituency_id": "E14001407", "constituency_name": "Northampton South", "Main party name": "Labour", "Main party abbreviation": "Lab", "Election result summary": "Lab gain from Con", "Election URL": "https://electionresults.parliament.uk/elections/3682" }, "geometry": { "type": "MultiPolygon", "coordinates": [ [ [ [ -1.89968377048963, 53.328060939661697 ], [ -1.808921320546507, 53.421845689035351 ], [ -1.627396420660261, 53.421845689035351 ], [ -1.536633970717138, 53.328060939661697 ], [ -1.627396420660261, 53.234069573592272 ], [ -1.808921320546507, 53.234069573592272 ], [ -1.89968377048963, 53.328060939661697 ] ] ] ] } },
{ "type": "Feature", "properties": { "constituency_id": "E14001490", "constituency_name": "South Northamptonshire", "Main party name": "Conservative", "Main party abbreviation": "Con", "Election result summary": "Con hold", "Election URL": "https://electionresults.parliament.uk/elections/3774" }, "geometry": { "type": "MultiPolygon", "coordinates": [ [ [ [ -1.89968377048963, 53.139871389128984 ], [ -1.808921320546507, 53.234069573592272 ], [ -1.627396420660261, 53.234069573592272 ], [ -1.536633970717138, 53.139871389128984 ], [ -1.627396420660261, 53.045466186363591 ], [ -1.808921320546507, 53.045466186363591 ], [ -1.89968377048963, 53.139871389128984 ] ] ] ] } },
{ "type": "Feature", "properties": { "constituency_id": "E14001345", "constituency_name": "Luton North", "Main party name": "Labour", "Main party abbreviation": "Lab", "Election result summary": "Lab hold", "Election URL": "https://electionresults.parliament.uk/elections/3602" }, "geometry": { "type": "MultiPolygon", "coordinates": [ [ [ [ -1.89968377048963, 52.950853767194133 ], [ -1.808921320546507, 53.045466186363591 ], [ -1.627396420660261, 53.045466186363591 ], [ -1.536633970717138, 52.950853767194133 ], [ -1.627396420660261, 52.856033935341522 ], [ -1.808921320546507, 52.856033935341522 ], [ -1.89968377048963, 52.950853767194133 ] ] ] ] } },
{ "type": "Feature", "properties": { "constituency_id": "E14001268", "constituency_name": "Harpenden and Berkhamsted", "Main party name": "Liberal Democrat", "Main party abbreviation": "LD", "Election result summary": "LD gain from Con", "Election URL": "https://electionresults.parliament.uk/elections/3518" }, "geometry": { "type": "MultiPolygon", "coordinates": [ [ [ [ -1.89968377048963, 52.761006496366051 ], [ -1.808921320546507, 52.856033935341522 ], [ -1.627396420660261, 52.856033935341522 ], [ -1.536633970717138, 52.761006496366051 ], [ -1.627396420660261, 52.665771257684156 ], [ -1.808921320546507, 52.665771257684156 ], [ -1.89968377048963, 52.761006496366051 ] ] ] ] } },
{ "type": "Feature", "properties": { "constituency_id": "E14001270", "constituency_name": "Harrow East", "Main party name": "Conservative", "Main party abbreviation": "Con", "Election result summary": "Con hold", "Election URL": "https://electionresults.parliament.uk/elections/3520" }, "geometry": { "type": "MultiPolygon", "coordinates": [ [ [ [ -1.89968377048963, 52.570328028585067 ], [ -1.808921320546507, 52.665771257684156 ], [ -1.627396420660261, 52.665771257684156 ], [ -1.536633970717138, 52.570328028585067 ], [ -1.627396420660261, 52.474676620247592 ], [ -1.808921320546507, 52.474676620247592 ], [ -1.89968377048963, 52.570328028585067 ] ] ] ] } },
{ "type": "Feature", "properties": { "constituency_id": "E14001123", "constituency_name": "Brent West", "Main party name": "Labour", "Main party abbreviation": "Lab", "Election result summary": "Lab hold", "Election URL": "https://electionresults.parliament.uk/elections/3331" }, "geometry": { "type": "MultiPolygon", "coordinates": [ [ [ [ -1.89968377048963, 52.37881684575693 ], [ -1.808921320546507, 52.474676620247592 ], [ -1.627396420660261, 52.474676620247592 ], [ -1.536633970717138, 52.37881684575693 ], [ -1.627396420660261, 52.282748520121601 ], [ -1.808921320546507, 52.282748520121601 ], [ -1.89968377048963, 52.37881684575693 ] ] ] ] } },
{ "type": "Feature", "properties": { "constituency_id": "E14001209", "constituency_name": "Ealing Southall", "Main party name": "Labour", "Main party abbreviation": "Lab", "Election result summary": "Lab hold", "Election URL": "https://electionresults.parliament.uk/elections/3437" }, "geometry": { "type": "MultiPolygon", "coordinates": [ [ [ [ -1.89968377048963, 52.186471460290349 ], [ -1.808921320546507, 52.282748520121601 ], [ -1.627396420660261, 52.282748520121601 ], [ -1.536633970717138, 52.186471460290349 ], [ -1.627396420660261, 52.089985485169159 ], [ -1.808921320546507, 52.089985485169159 ], [ -1.89968377048963, 52.186471460290349 ] ] ] ] } },
{ "type": "Feature", "properties": { "constituency_id": "E14001124", "constituency_name": "Brentford and Isleworth", "Main party name": "Labour", "Main party abbreviation": "Lab", "Election result summary": "Lab hold", "Election URL": "https://electionresults.parliament.uk/elections/3332" }, "geometry": { "type": "MultiPolygon", "coordinates": [ [ [ [ -1.89968377048963, 51.99329041563827 ], [ -1.808921320546507, 52.089985485169159 ], [ -1.627396420660261, 52.089985485169159 ], [ -1.536633970717138, 51.99329041563827 ], [ -1.627396420660261, 51.896386074569342 ], [ -1.808921320546507, 51.896386074569342 ], [ -1.89968377048963, 51.99329041563827 ] ] ] ] } },
{ "type": "Feature", "properties": { "constituency_id": "E14001445", "constituency_name": "Richmond Park", "Main party name": "Liberal Democrat", "Main party abbreviation": "LD", "Election result summary": "LD hold", "Election URL": "https://electionresults.parliament.uk/elections/3726" }, "geometry": { "type": "MultiPolygon", "coordinates": [ [ [ [ -1.89968377048963, 51.79927228684258 ], [ -1.808921320546507, 51.896386074569342 ], [ -1.627396420660261, 51.896386074569342 ], [ -1.536633970717138, 51.79927228684258 ], [ -1.627396420660261, 51.701948879363918 ], [ -1.808921320546507, 51.701948879363918 ], [ -1.89968377048963, 51.79927228684258 ] ] ] ] } },
{ "type": "Feature", "properties": { "constituency_id": "E14001586", "constituency_name": "Wimbledon", "Main party name": "Liberal Democrat", "Main party abbreviation": "LD", "Election result summary": "LD gain from Con", "Election URL": "https://electionresults.parliament.uk/elections/3879" }, "geometry": { "type": "MultiPolygon", "coordinates": [ [ [ [ -1.89968377048963, 51.604415681082358 ], [ -1.808921320546507, 51.701948879363918 ], [ -1.627396420660261, 51.701948879363918 ], [ -1.536633970717138, 51.604415681082358 ], [ -1.627396420660261, 51.506672523007225 ], [ -1.808921320546507, 51.506672523007225 ], [ -1.89968377048963, 51.604415681082358 ] ] ] ] } },
{ "type": "Feature", "properties": { "constituency_id": "E14001312", "constituency_name": "Kingston and Surbiton", "Main party name": "Liberal Democrat", "Main party abbreviation": "LD", "Election result summary": "LD hold", "Election URL": "https://electionresults.parliament.uk/elections/3565" }, "geometry": { "type": "MultiPolygon", "coordinates": [ [ [ [ -1.89968377048963, 51.408719238225579 ], [ -1.808921320546507, 51.506672523007225 ], [ -1.627396420660261, 51.506672523007225 ], [ -1.536633970717138, 51.408719238225579 ], [ -1.627396420660261, 51.310555661919615 ], [ -1.808921320546507, 51.310555661919615 ], [ -1.89968377048963, 51.408719238225579 ] ] ] ] } },
{ "type": "Feature", "properties": { "constituency_id": "E14001230", "constituency_name": "Esher and Walton", "Main party name": "Liberal Democrat", "Main party abbreviation": "LD", "Election result summary": "LD gain from Con", "Election URL": "https://electionresults.parliament.uk/elections/3467" }, "geometry": { "type": "MultiPolygon", "coordinates": [ [ [ [ -1.89968377048963, 51.212181631384112 ], [ -1.808921320546507, 51.310555661919615 ], [ -1.627396420660261, 51.310555661919615 ], [ -1.536633970717138, 51.212181631384112 ], [ -1.627396420660261, 51.113596986044008 ], [ -1.808921320546507, 51.113596986044008 ], [ -1.89968377048963, 51.212181631384112 ] ] ] ] } },
{ "type": "Feature", "properties": { "constituency_id": "E14001214", "constituency_name": "East Hampshire", "Main party name": "Conservative", "Main party abbreviation": "Con", "Election result summary": "Con hold", "Election URL": "https://electionresults.parliament.uk/elections/3443" }, "geometry": { "type": "MultiPolygon", "coordinates": [ [ [ [ -1.89968377048963, 51.014801567471935 ], [ -1.808921320546507, 51.113596986044008 ], [ -1.627396420660261, 51.113596986044008 ], [ -1.536633970717138, 51.014801567471935 ], [ -1.627396420660261, 50.915795219405837 ], [ -1.808921320546507, 50.915795219405837 ], [ -1.89968377048963, 51.014801567471935 ] ] ] ] } },
{ "type": "Feature", "properties": { "constituency_id": "E14001233", "constituency_name": "Fareham and Waterlooville", "Main party name": "Conservative", "Main party abbreviation": "Con", "Election result summary": "Con hold", "Election URL": "https://electionresults.parliament.uk/elections/3471" }, "geometry": { "type": "MultiPolygon", "coordinates": [ [ [ [ -1.89968377048963, 50.816577787766647 ], [ -1.808921320546507, 50.915795219405837 ], [ -1.627396420660261, 50.915795219405837 ], [ -1.536633970717138, 50.816577787766647 ], [ -1.627396420660261, 50.717149120676005 ], [ -1.808921320546507, 50.717149120676005 ], [ -1.89968377048963, 50.816577787766647 ] ] ] ] } },
{ "type": "Feature", "properties": { "constituency_id": "E14001252", "constituency_name": "Gosport", "Main party name": "Conservative", "Main party abbreviation": "Con", "Election result summary": "Con hold", "Election URL": "https://electionresults.parliament.uk/elections/3500" }, "geometry": { "type": "MultiPolygon", "coordinates": [ [ [ [ -1.89968377048963, 50.617509068474007 ], [ -1.808921320546507, 50.717149120676005 ], [ -1.627396420660261, 50.717149120676005 ], [ -1.536633970717138, 50.617509068474007 ], [ -1.627396420660261, 50.517657483737018 ], [ -1.808921320546507, 50.517657483737018 ], [ -1.89968377048963, 50.617509068474007 ] ] ] ] } },
{ "type": "Feature", "properties": { "constituency_id": "E14001557", "constituency_name": "Tynemouth", "Main party name": "Labour", "Main party abbreviation": "Lab", "Election result summary": "Lab hold", "Election URL": "https://electionresults.parliament.uk/elections/3845" }, "geometry": { "type": "MultiPolygon", "coordinates": [ [ [ [ -1.62739642066026, 56.140380582489598 ], [ -1.536633970717137, 56.227869277525834 ], [ -1.35510907083089, 56.227869277525834 ], [ -1.264346620887767, 56.140380582489598 ], [ -1.35510907083089, 56.052692324106971 ], [ -1.536633970717137, 56.052692324106971 ], [ -1.62739642066026, 56.140380582489598 ] ] ] ] } },
{ "type": "Feature", "properties": { "constituency_id": "E14001307", "constituency_name": "Jarrow and Gateshead East", "Main party name": "Labour", "Main party abbreviation": "Lab", "Election result summary": "Lab hold", "Election URL": "https://electionresults.parliament.uk/elections/3559" }, "geometry": { "type": "MultiPolygon", "coordinates": [ [ [ [ -1.62739642066026, 55.964804253028873 ], [ -1.536633970717137, 56.052692324106971 ], [ -1.35510907083089, 56.052692324106971 ], [ -1.264346620887767, 55.964804253028873 ], [ -1.35510907083089, 55.876716121216546 ], [ -1.536633970717137, 55.876716121216546 ], [ -1.62739642066026, 55.964804253028873 ] ] ] ] } },
{ "type": "Feature", "properties": { "constituency_id": "E14001295", "constituency_name": "Houghton and Sunderland South", "Main party name": "Labour", "Main party abbreviation": "Lab", "Election result summary": "Lab hold", "Election URL": "https://electionresults.parliament.uk/elections/3545" }, "geometry": { "type": "MultiPolygon", "coordinates": [ [ [ [ -1.62739642066026, 55.788427681955966 ], [ -1.536633970717137, 55.876716121216546 ], [ -1.35510907083089, 55.876716121216546 ], [ -1.264346620887767, 55.788427681955966 ], [ -1.35510907083089, 55.699938689872425 ], [ -1.536633970717137, 55.699938689872425 ], [ -1.62739642066026, 55.788427681955966 ] ] ] ] } },
{ "type": "Feature", "properties": { "constituency_id": "E14001190", "constituency_name": "Darlington", "Main party name": "Labour", "Main party abbreviation": "Lab", "Election result summary": "Lab gain from Con", "Election URL": "https://electionresults.parliament.uk/elections/3413" }, "geometry": { "type": "MultiPolygon", "coordinates": [ [ [ [ -1.62739642066026, 55.611248900945149 ], [ -1.536633970717137, 55.699938689872425 ], [ -1.35510907083089, 55.699938689872425 ], [ -1.264346620887767, 55.611248900945149 ], [ -1.35510907083089, 55.522358072521961 ], [ -1.536633970717137, 55.522358072521961 ], [ -1.62739642066026, 55.611248900945149 ] ] ] ] } },
{ "type": "Feature", "properties": { "constituency_id": "E14001322", "constituency_name": "Leeds North West", "Main party name": "Labour", "Main party abbreviation": "Lab", "Election result summary": "Lab gain from Con", "Election URL": "https://electionresults.parliament.uk/elections/3576" }, "geometry": { "type": "MultiPolygon", "coordinates": [ [ [ [ -1.62739642066026, 55.433265963334023 ], [ -1.536633970717137, 55.522358072521961 ], [ -1.35510907083089, 55.522358072521961 ], [ -1.264346620887767, 55.433265963334023 ], [ -1.35510907083089, 55.343972333510699 ], [ -1.536633970717137, 55.343972333510699 ], [ -1.62739642066026, 55.433265963334023 ] ] ] ] } },
{ "type": "Feature", "properties": { "constituency_id": "E14001472", "constituency_name": "Shipley", "Main party name": "Labour", "Main party abbreviation": "Lab", "Election result summary": "Lab gain from Con", "Election URL": "https://electionresults.parliament.uk/elections/3754" }, "geometry": { "type": "MultiPolygon", "coordinates": [ [ [ [ -1.62739642066026, 55.254476944594387 ], [ -1.536633970717137, 55.343972333510699 ], [ -1.35510907083089, 55.343972333510699 ], [ -1.264346620887767, 55.254476944594387 ], [ -1.35510907083089, 55.164779559555484 ], [ -1.536633970717137, 55.164779559555484 ], [ -1.62739642066026, 55.254476944594387 ] ] ] ] } },
{ "type": "Feature", "properties": { "constituency_id": "E14001325", "constituency_name": "Leeds West and Pudsey", "Main party name": "Labour", "Main party abbreviation": "Lab", "Election result summary": "Lab hold", "Election URL": "https://electionresults.parliament.uk/elections/3579" }, "geometry": { "type": "MultiPolygon", "coordinates": [ [ [ [ -1.62739642066026, 55.074879942807421 ], [ -1.536633970717137, 55.164779559555484 ], [ -1.35510907083089, 55.164779559555484 ], [ -1.264346620887767, 55.074879942807421 ], [ -1.35510907083089, 54.98477786022174 ], [ -1.536633970717137, 54.98477786022174 ], [ -1.62739642066026, 55.074879942807421 ] ] ] ] } },
{ "type": "Feature", "properties": { "constituency_id": "E14001118", "constituency_name": "Bradford East", "Main party name": "Labour", "Main party abbreviation": "Lab", "Election result summary": "Lab hold", "Election URL": "https://electionresults.parliament.uk/elections/3325" }, "geometry": { "type": "MultiPolygon", "coordinates": [ [ [ [ -1.62739642066026, 54.894473079143232 ], [ -1.536633970717137, 54.98477786022174 ], [ -1.35510907083089, 54.98477786022174 ], [ -1.264346620887767, 54.894473079143232 ], [ -1.35510907083089, 54.803965368405159 ], [ -1.536633970717137, 54.803965368405159 ], [ -1.62739642066026, 54.894473079143232 ] ] ] ] } },
{ "type": "Feature", "properties": { "constituency_id": "E14001506", "constituency_name": "Spen Valley", "Main party name": "Labour", "Main party abbreviation": "Lab", "Election result summary": "Lab gain from Con", "Election URL": "https://electionresults.parliament.uk/elections/3790" }, "geometry": { "type": "MultiPolygon", "coordinates": [ [ [ [ -1.62739642066026, 54.713254498344575 ], [ -1.536633970717137, 54.803965368405159 ], [ -1.35510907083089, 54.803965368405159 ], [ -1.264346620887767, 54.713254498344575 ], [ -1.35510907083089, 54.622340240817586 ], [ -1.536633970717137, 54.622340240817586 ], [ -1.62739642066026, 54.713254498344575 ] ] ] ] } },
{ "type": "Feature", "properties": { "constituency_id": "E14001297", "constituency_name": "Huddersfield", "Main party name": "Labour", "Main party abbreviation": "Lab", "Election result summary": "Lab hold", "Election URL": "https://electionresults.parliament.uk/elections/3547" }, "geometry": { "type": "MultiPolygon", "coordinates": [ [ [ [ -1.62739642066026, 54.531222369214881 ], [ -1.536633970717137, 54.622340240817586 ], [ -1.35510907083089, 54.622340240817586 ], [ -1.264346620887767, 54.531222369214881 ], [ -1.35510907083089, 54.439900658477114 ], [ -1.536633970717137, 54.439900658477114 ], [ -1.62739642066026, 54.531222369214881 ] ] ] ] } },
{ "type": "Feature", "properties": { "constituency_id": "E14001466", "constituency_name": "Sheffield Brightside and Hillsborough", "Main party name": "Labour", "Main party abbreviation": "Lab", "Election result summary": "Lab hold", "Election URL": "https://electionresults.parliament.uk/elections/3748" }, "geometry": { "type": "MultiPolygon", "coordinates": [ [ [ [ -1.62739642066026, 54.348374885110502 ], [ -1.536633970717137, 54.439900658477114 ], [ -1.35510907083089, 54.439900658477114 ], [ -1.264346620887767, 54.348374885110502 ], [ -1.35510907083089, 54.256644827202436 ], [ -1.536633970717137, 54.256644827202436 ], [ -1.62739642066026, 54.348374885110502 ] ] ] ] } },
{ "type": "Feature", "properties": { "constituency_id": "E14001468", "constituency_name": "Sheffield Hallam", "Main party name": "Labour", "Main party abbreviation": "Lab", "Election result summary": "Lab hold", "Election URL": "https://electionresults.parliament.uk/elections/3750" }, "geometry": { "type": "MultiPolygon", "coordinates": [ [ [ [ -1.62739642066026, 54.16471026443709 ], [ -1.536633970717137, 54.256644827202436 ], [ -1.35510907083089, 54.256644827202436 ], [ -1.264346620887767, 54.16471026443709 ], [ -1.35510907083089, 54.072570978111266 ], [ -1.536633970717137, 54.072570978111266 ], [ -1.62739642066026, 54.16471026443709 ] ] ] ] } },
{ "type": "Feature", "properties": { "constituency_id": "E14001410", "constituency_name": "Nottingham East", "Main party name": "Labour", "Main party abbreviation": "Lab", "Election result summary": "Lab hold", "Election URL": "https://electionresults.parliament.uk/elections/3685" }, "geometry": { "type": "MultiPolygon", "coordinates": [ [ [ [ -1.62739642066026, 53.980226751150099 ], [ -1.536633970717137, 54.072570978111266 ], [ -1.35510907083089, 54.072570978111266 ], [ -1.264346620887767, 53.980226751150099 ], [ -1.35510907083089, 53.887677368122986 ], [ -1.536633970717137, 53.887677368122986 ], [ -1.62739642066026, 53.980226751150099 ] ] ] ] } },
{ "type": "Feature", "properties": { "constituency_id": "E14001357", "constituency_name": "Melton and Syston", "Main party name": "Conservative", "Main party abbreviation": "Con", "Election result summary": "Con hold", "Election URL": "https://electionresults.parliament.uk/elections/3614" }, "geometry": { "type": "MultiPolygon", "coordinates": [ [ [ [ -1.62739642066026, 53.794922615259459 ], [ -1.536633970717137, 53.887677368122986 ], [ -1.35510907083089, 53.887677368122986 ], [ -1.264346620887767, 53.794922615259459 ], [ -1.35510907083089, 53.701962280465231 ], [ -1.536633970717137, 53.701962280465231 ], [ -1.62739642066026, 53.794922615259459 ] ] ] ] } },
{ "type": "Feature", "properties": { "constituency_id": "E14001328", "constituency_name": "Leicester West", "Main party name": "Labour", "Main party abbreviation": "Lab", "Election result summary": "Lab hold", "Election URL": "https://electionresults.parliament.uk/elections/3582" }, "geometry": { "type": "MultiPolygon", "coordinates": [ [ [ [ -1.62739642066026, 53.608796153338226 ], [ -1.536633970717137, 53.701962280465231 ], [ -1.35510907083089, 53.701962280465231 ], [ -1.264346620887767, 53.608796153338226 ], [ -1.35510907083089, 53.515424025184686 ], [ -1.536633970717137, 53.515424025184686 ], [ -1.62739642066026, 53.608796153338226 ] ] ] ] } },
{ "type": "Feature", "properties": { "constituency_id": "E14001311", "constituency_name": "Kettering", "Main party name": "Labour", "Main party abbreviation": "Lab", "Election result summary": "Lab gain from Con", "Election URL": "https://electionresults.parliament.uk/elections/3563" }, "geometry": { "type": "MultiPolygon", "coordinates": [ [ [ [ -1.62739642066026, 53.421845689035351 ], [ -1.536633970717137, 53.515424025184686 ], [ -1.35510907083089, 53.515424025184686 ], [ -1.264346620887767, 53.421845689035351 ], [ -1.35510907083089, 53.328060939661697 ], [ -1.536633970717137, 53.328060939661697 ], [ -1.62739642066026, 53.421845689035351 ] ] ] ] } },
{ "type": "Feature", "properties": { "constituency_id": "E14001571", "constituency_name": "Wellingborough and Rushden", "Main party name": "Labour", "Main party abbreviation": "Lab", "Election result summary": "Lab gain from Con", "Election URL": "https://electionresults.parliament.uk/elections/3861" }, "geometry": { "type": "MultiPolygon", "coordinates": [ [ [ [ -1.62739642066026, 53.234069573592272 ], [ -1.536633970717137, 53.328060939661697 ], [ -1.35510907083089, 53.328060939661697 ], [ -1.264346620887767, 53.234069573592272 ], [ -1.35510907083089, 53.139871389128984 ], [ -1.536633970717137, 53.139871389128984 ], [ -1.62739642066026, 53.234069573592272 ] ] ] ] } },
{ "type": "Feature", "properties": { "constituency_id": "E14001289", "constituency_name": "Hitchin", "Main party name": "Labour", "Main party abbreviation": "Lab", "Election result summary": "Lab gain from Con", "Election URL": "https://electionresults.parliament.uk/elections/3539" }, "geometry": { "type": "MultiPolygon", "coordinates": [ [ [ [ -1.62739642066026, 53.045466186363591 ], [ -1.536633970717137, 53.139871389128984 ], [ -1.35510907083089, 53.139871389128984 ], [ -1.264346620887767, 53.045466186363591 ], [ -1.35510907083089, 52.950853767194133 ], [ -1.536633970717137, 52.950853767194133 ], [ -1.62739642066026, 53.045466186363591 ] ] ] ] } },
{ "type": "Feature", "properties": { "constituency_id": "E14001507", "constituency_name": "St Albans", "Main party name": "Liberal Democrat", "Main party abbreviation": "LD", "Election result summary": "LD hold", "Election URL": "https://electionresults.parliament.uk/elections/3791" }, "geometry": { "type": "MultiPolygon", "coordinates": [ [ [ [ -1.62739642066026, 52.856033935341522 ], [ -1.536633970717137, 52.950853767194133 ], [ -1.35510907083089, 52.950853767194133 ], [ -1.264346620887767, 52.856033935341522 ], [ -1.35510907083089, 52.761006496366051 ], [ -1.536633970717137, 52.761006496366051 ], [ -1.62739642066026, 52.856033935341522 ] ] ] ] } },
{ "type": "Feature", "properties": { "constituency_id": "E14001279", "constituency_name": "Hendon", "Main party name": "Labour", "Main party abbreviation": "Lab", "Election result summary": "Lab gain from Con", "Election URL": "https://electionresults.parliament.uk/elections/3529" }, "geometry": { "type": "MultiPolygon", "coordinates": [ [ [ [ -1.62739642066026, 52.665771257684156 ], [ -1.536633970717137, 52.761006496366051 ], [ -1.35510907083089, 52.761006496366051 ], [ -1.264346620887767, 52.665771257684156 ], [ -1.35510907083089, 52.570328028585067 ], [ -1.536633970717137, 52.570328028585067 ], [ -1.62739642066026, 52.665771257684156 ] ] ] ] } },
{ "type": "Feature", "properties": { "constituency_id": "E14001122", "constituency_name": "Brent East", "Main party name": "Labour", "Main party abbreviation": "Lab", "Election result summary": "Lab hold", "Election URL": "https://electionresults.parliament.uk/elections/3330" }, "geometry": { "type": "MultiPolygon", "coordinates": [ [ [ [ -1.62739642066026, 52.474676620247592 ], [ -1.536633970717137, 52.570328028585067 ], [ -1.35510907083089, 52.570328028585067 ], [ -1.264346620887767, 52.474676620247592 ], [ -1.35510907083089, 52.37881684575693 ], [ -1.536633970717137, 52.37881684575693 ], [ -1.62739642066026, 52.474676620247592 ] ] ] ] } },
{ "type": "Feature", "properties": { "constituency_id": "E14001208", "constituency_name": "Ealing North", "Main party name": "Labour", "Main party abbreviation": "Lab", "Election result summary": "Lab hold", "Election URL": "https://electionresults.parliament.uk/elections/3436" }, "geometry": { "type": "MultiPolygon", "coordinates": [ [ [ [ -1.62739642066026, 52.282748520121601 ], [ -1.536633970717137, 52.37881684575693 ], [ -1.35510907083089, 52.37881684575693 ], [ -1.264346620887767, 52.282748520121601 ], [ -1.35510907083089, 52.186471460290349 ], [ -1.536633970717137, 52.186471460290349 ], [ -1.62739642066026, 52.282748520121601 ] ] ] ] } },
{ "type": "Feature", "properties": { "constituency_id": "E14001207", "constituency_name": "Ealing Central and Acton", "Main party name": "Labour", "Main party abbreviation": "Lab", "Election result summary": "Lab hold", "Election URL": "https://electionresults.parliament.uk/elections/3435" }, "geometry": { "type": "MultiPolygon", "coordinates": [ [ [ [ -1.62739642066026, 52.089985485169159 ], [ -1.536633970717137, 52.186471460290349 ], [ -1.35510907083089, 52.186471460290349 ], [ -1.264346620887767, 52.089985485169159 ], [ -1.35510907083089, 51.99329041563827 ], [ -1.536633970717137, 51.99329041563827 ], [ -1.62739642066026, 52.089985485169159 ] ] ] ] } },
{ "type": "Feature", "properties": { "constituency_id": "E14001264", "constituency_name": "Hammersmith and Chiswick", "Main party name": "Labour", "Main party abbreviation": "Lab", "Election result summary": "Lab hold", "Election URL": "https://electionresults.parliament.uk/elections/3514" }, "geometry": { "type": "MultiPolygon", "coordinates": [ [ [ [ -1.62739642066026, 51.896386074569342 ], [ -1.536633970717137, 51.99329041563827 ], [ -1.35510907083089, 51.99329041563827 ], [ -1.264346620887767, 51.896386074569342 ], [ -1.35510907083089, 51.79927228684258 ], [ -1.536633970717137, 51.79927228684258 ], [ -1.62739642066026, 51.896386074569342 ] ] ] ] } },
{ "type": "Feature", "properties": { "constituency_id": "E14001434", "constituency_name": "Putney", "Main party name": "Labour", "Main party abbreviation": "Lab", "Election result summary": "Lab hold", "Election URL": "https://electionresults.parliament.uk/elections/3714" }, "geometry": { "type": "MultiPolygon", "coordinates": [ [ [ [ -1.62739642066026, 51.701948879363918 ], [ -1.536633970717137, 51.79927228684258 ], [ -1.35510907083089, 51.79927228684258 ], [ -1.264346620887767, 51.701948879363918 ], [ -1.35510907083089, 51.604415681082358 ], [ -1.536633970717137, 51.604415681082358 ], [ -1.62739642066026, 51.701948879363918 ] ] ] ] } },
{ "type": "Feature", "properties": { "constituency_id": "E14001371", "constituency_name": "Mitcham and Morden", "Main party name": "Labour", "Main party abbreviation": "Lab", "Election result summary": "Lab hold", "Election URL": "https://electionresults.parliament.uk/elections/3633" }, "geometry": { "type": "MultiPolygon", "coordinates": [ [ [ [ -1.62739642066026, 51.506672523007225 ], [ -1.536633970717137, 51.604415681082358 ], [ -1.35510907083089, 51.604415681082358 ], [ -1.264346620887767, 51.506672523007225 ], [ -1.35510907083089, 51.408719238225579 ], [ -1.536633970717137, 51.408719238225579 ], [ -1.62739642066026, 51.506672523007225 ] ] ] ] } },
{ "type": "Feature", "properties": { "constituency_id": "E14001534", "constituency_name": "Sutton and Cheam", "Main party name": "Liberal Democrat", "Main party abbreviation": "LD", "Election result summary": "LD gain from Con", "Election URL": "https://electionresults.parliament.uk/elections/3820" }, "geometry": { "type": "MultiPolygon", "coordinates": [ [ [ [ -1.62739642066026, 51.310555661919615 ], [ -1.536633970717137, 51.408719238225579 ], [ -1.35510907083089, 51.408719238225579 ], [ -1.264346620887767, 51.310555661919615 ], [ -1.35510907083089, 51.212181631384112 ], [ -1.536633970717137, 51.212181631384112 ], [ -1.62739642066026, 51.310555661919615 ] ] ] ] } },
{ "type": "Feature", "properties": { "constituency_id": "E14001456", "constituency_name": "Runnymede and Weybridge", "Main party name": "Conservative", "Main party abbreviation": "Con", "Election result summary": "Con hold", "Election URL": "https://electionresults.parliament.uk/elections/3737" }, "geometry": { "type": "MultiPolygon", "coordinates": [ [ [ [ -1.62739642066026, 51.113596986044008 ], [ -1.536633970717137, 51.212181631384112 ], [ -1.35510907083089, 51.212181631384112 ], [ -1.264346620887767, 51.113596986044008 ], [ -1.35510907083089, 51.014801567471935 ], [ -1.536633970717137, 51.014801567471935 ], [ -1.62739642066026, 51.113596986044008 ] ] ] ] } },
{ "type": "Feature", "properties": { "constituency_id": "E14001431", "constituency_name": "Portsmouth North", "Main party name": "Labour", "Main party abbreviation": "Lab", "Election result summary": "Lab gain from Con", "Election URL": "https://electionresults.parliament.uk/elections/3711" }, "geometry": { "type": "MultiPolygon", "coordinates": [ [ [ [ -1.62739642066026, 50.915795219405837 ], [ -1.536633970717137, 51.014801567471935 ], [ -1.35510907083089, 51.014801567471935 ], [ -1.264346620887767, 50.915795219405837 ], [ -1.35510907083089, 50.816577787766647 ], [ -1.536633970717137, 50.816577787766647 ], [ -1.62739642066026, 50.915795219405837 ] ] ] ] } },
{ "type": "Feature", "properties": { "constituency_id": "E14001432", "constituency_name": "Portsmouth South", "Main party name": "Labour", "Main party abbreviation": "Lab", "Election result summary": "Lab hold", "Election URL": "https://electionresults.parliament.uk/elections/3712" }, "geometry": { "type": "MultiPolygon", "coordinates": [ [ [ [ -1.62739642066026, 50.717149120676005 ], [ -1.536633970717137, 50.816577787766647 ], [ -1.35510907083089, 50.816577787766647 ], [ -1.264346620887767, 50.717149120676005 ], [ -1.35510907083089, 50.617509068474007 ], [ -1.536633970717137, 50.617509068474007 ], [ -1.62739642066026, 50.717149120676005 ] ] ] ] } },
{ "type": "Feature", "properties": { "constituency_id": "E14001492", "constituency_name": "South Shields", "Main party name": "Labour", "Main party abbreviation": "Lab", "Election result summary": "Lab hold", "Election URL": "https://electionresults.parliament.uk/elections/3776" }, "geometry": { "type": "MultiPolygon", "coordinates": [ [ [ [ -1.355109070830889, 56.052692324106971 ], [ -1.264346620887766, 56.140380582489598 ], [ -1.08282172100152, 56.140380582489598 ], [ -0.992059271058397, 56.052692324106971 ], [ -1.08282172100152, 55.964804253028873 ], [ -1.264346620887766, 55.964804253028873 ], [ -1.355109070830889, 56.052692324106971 ] ] ] ] } },
{ "type": "Feature", "properties": { "constituency_id": "E14001531", "constituency_name": "Sunderland Central", "Main party name": "Labour", "Main party abbreviation": "Lab", "Election result summary": "Lab hold", "Election URL": "https://electionresults.parliament.uk/elections/3817" }, "geometry": { "type": "MultiPolygon", "coordinates": [ [ [ [ -1.355109070830889, 55.876716121216546 ], [ -1.264346620887766, 55.964804253028873 ], [ -1.08282172100152, 55.964804253028873 ], [ -0.992059271058397, 55.876716121216546 ], [ -1.08282172100152, 55.788427681955966 ], [ -1.264346620887766, 55.788427681955966 ], [ -1.355109070830889, 55.876716121216546 ] ] ] ] } },
{ "type": "Feature", "properties": { "constituency_id": "E14001382", "constituency_name": "Newton Aycliffe and Spennymoor", "Main party name": "Labour", "Main party abbreviation": "Lab", "Election result summary": "Lab gain from Con", "Election URL": "https://electionresults.parliament.uk/elections/3653" }, "geometry": { "type": "MultiPolygon", "coordinates": [ [ [ [ -1.355109070830889, 55.699938689872425 ], [ -1.264346620887766, 55.788427681955966 ], [ -1.08282172100152, 55.788427681955966 ], [ -0.992059271058397, 55.699938689872425 ], [ -1.08282172100152, 55.611248900945149 ], [ -1.264346620887766, 55.611248900945149 ], [ -1.355109070830889, 55.699938689872425 ] ] ] ] } },
{ "type": "Feature", "properties": { "constituency_id": "E14001519", "constituency_name": "Stockton West", "Main party name": "Conservative", "Main party abbreviation": "Con", "Election result summary": "Con hold", "Election URL": "https://electionresults.parliament.uk/elections/3804" }, "geometry": { "type": "MultiPolygon", "coordinates": [ [ [ [ -1.355109070830889, 55.522358072521961 ], [ -1.264346620887766, 55.611248900945149 ], [ -1.08282172100152, 55.611248900945149 ], [ -0.992059271058397, 55.522358072521961 ], [ -1.08282172100152, 55.433265963334023 ], [ -1.264346620887766, 55.433265963334023 ], [ -1.355109070830889, 55.522358072521961 ] ] ] ] } },
{ "type": "Feature", "properties": { "constituency_id": "E14001321", "constituency_name": "Leeds North East", "Main party name": "Labour", "Main party abbreviation": "Lab", "Election result summary": "Lab hold", "Election URL": "https://electionresults.parliament.uk/elections/3575" }, "geometry": { "type": "MultiPolygon", "coordinates": [ [ [ [ -1.355109070830889, 55.343972333510699 ], [ -1.264346620887766, 55.433265963334023 ], [ -1.08282172100152, 55.433265963334023 ], [ -0.992059271058397, 55.343972333510699 ], [ -1.08282172100152, 55.254476944594387 ], [ -1.264346620887766, 55.254476944594387 ], [ -1.355109070830889, 55.343972333510699 ] ] ] ] } },
{ "type": "Feature", "properties": { "constituency_id": "E14001319", "constituency_name": "Leeds Central and Headingley", "Main party name": "Labour", "Main party abbreviation": "Lab", "Election result summary": "Lab hold", "Election URL": "https://electionresults.parliament.uk/elections/3573" }, "geometry": { "type": "MultiPolygon", "coordinates": [ [ [ [ -1.355109070830889, 55.164779559555484 ], [ -1.264346620887766, 55.254476944594387 ], [ -1.08282172100152, 55.254476944594387 ], [ -0.992059271058397, 55.164779559555484 ], [ -1.08282172100152, 55.074879942807421 ], [ -1.264346620887766, 55.074879942807421 ], [ -1.355109070830889, 55.164779559555484 ] ] ] ] } },
{ "type": "Feature", "properties": { "constituency_id": "E14001323", "constituency_name": "Leeds South", "Main party name": "Labour", "Main party abbreviation": "Lab", "Election result summary": "Lab hold", "Election URL": "https://electionresults.parliament.uk/elections/3577" }, "geometry": { "type": "MultiPolygon", "coordinates": [ [ [ [ -1.355109070830889, 54.98477786022174 ], [ -1.264346620887766, 55.074879942807421 ], [ -1.08282172100152, 55.074879942807421 ], [ -0.992059271058397, 54.98477786022174 ], [ -1.08282172100152, 54.894473079143232 ], [ -1.264346620887766, 54.894473079143232 ], [ -1.355109070830889, 54.98477786022174 ] ] ] ] } },
{ "type": "Feature", "properties": { "constituency_id": "E14001324", "constituency_name": "Leeds South West and Morley", "Main party name": "Labour", "Main party abbreviation": "Lab", "Election result summary": "Lab gain from Con", "Election URL": "https://electionresults.parliament.uk/elections/3578" }, "geometry": { "type": "MultiPolygon", "coordinates": [ [ [ [ -1.355109070830889, 54.803965368405159 ], [ -1.264346620887766, 54.894473079143232 ], [ -1.08282172100152, 54.894473079143232 ], [ -0.992059271058397, 54.803965368405159 ], [ -1.08282172100152, 54.713254498344575 ], [ -1.264346620887766, 54.713254498344575 ], [ -1.355109070830889, 54.803965368405159 ] ] ] ] } },
{ "type": "Feature", "properties": { "constituency_id": "E14001196", "constituency_name": "Dewsbury and Batley", "Main party name": null, "Main party abbreviation": null, "Election result summary": "Ind gain from Lab", "Election URL": "https://electionresults.parliament.uk/elections/3419" }, "geometry": { "type": "MultiPolygon", "coordinates": [ [ [ [ -1.355109070830889, 54.622340240817586 ], [ -1.264346620887766, 54.713254498344575 ], [ -1.08282172100152, 54.713254498344575 ], [ -0.992059271058397, 54.622340240817586 ], [ -1.08282172100152, 54.531222369214881 ], [ -1.264346620887766, 54.531222369214881 ], [ -1.355109070830889, 54.622340240817586 ] ] ] ] } },
{ "type": "Feature", "properties": { "constituency_id": "E14001423", "constituency_name": "Penistone and Stocksbridge", "Main party name": "Labour", "Main party abbreviation": "Lab", "Election result summary": "Lab gain from Con", "Election URL": "https://electionresults.parliament.uk/elections/3701" }, "geometry": { "type": "MultiPolygon", "coordinates": [ [ [ [ -1.355109070830889, 54.439900658477114 ], [ -1.264346620887766, 54.531222369214881 ], [ -1.08282172100152, 54.531222369214881 ], [ -0.992059271058397, 54.439900658477114 ], [ -1.08282172100152, 54.348374885110502 ], [ -1.264346620887766, 54.348374885110502 ], [ -1.355109070830889, 54.439900658477114 ] ] ] ] } },
{ "type": "Feature", "properties": { "constituency_id": "E14001467", "constituency_name": "Sheffield Central", "Main party name": "Labour", "Main party abbreviation": "Lab", "Election result summary": "Lab hold", "Election URL": "https://electionresults.parliament.uk/elections/3749" }, "geometry": { "type": "MultiPolygon", "coordinates": [ [ [ [ -1.355109070830889, 54.256644827202436 ], [ -1.264346620887766, 54.348374885110502 ], [ -1.08282172100152, 54.348374885110502 ], [ -0.992059271058397, 54.256644827202436 ], [ -1.08282172100152, 54.16471026443709 ], [ -1.264346620887766, 54.16471026443709 ], [ -1.355109070830889, 54.256644827202436 ] ] ] ] } },
{ "type": "Feature", "properties": { "constituency_id": "E14001469", "constituency_name": "Sheffield Heeley", "Main party name": "Labour", "Main party abbreviation": "Lab", "Election result summary": "Lab hold", "Election URL": "https://electionresults.parliament.uk/elections/3751" }, "geometry": { "type": "MultiPolygon", "coordinates": [ [ [ [ -1.355109070830889, 54.072570978111266 ], [ -1.264346620887766, 54.16471026443709 ], [ -1.08282172100152, 54.16471026443709 ], [ -0.992059271058397, 54.072570978111266 ], [ -1.08282172100152, 53.980226751150099 ], [ -1.264346620887766, 53.980226751150099 ], [ -1.355109070830889, 54.072570978111266 ] ] ] ] } },
{ "type": "Feature", "properties": { "constituency_id": "E14001245", "constituency_name": "Gedling", "Main party name": "Labour", "Main party abbreviation": "Lab", "Election result summary": "Lab gain from Con", "Election URL": "https://electionresults.parliament.uk/elections/3485" }, "geometry": { "type": "MultiPolygon", "coordinates": [ [ [ [ -1.355109070830889, 53.887677368122986 ], [ -1.264346620887766, 53.980226751150099 ], [ -1.08282172100152, 53.980226751150099 ], [ -0.992059271058397, 53.887677368122986 ], [ -1.08282172100152, 53.794922615259459 ], [ -1.264346620887766, 53.794922615259459 ], [ -1.355109070830889, 53.887677368122986 ] ] ] ] } },
{ "type": "Feature", "properties": { "constituency_id": "E14001364", "constituency_name": "Mid Leicestershire", "Main party name": "Conservative", "Main party abbreviation": "Con", "Election result summary": "Con hold", "Election URL": "https://electionresults.parliament.uk/elections/3624" }, "geometry": { "type": "MultiPolygon", "coordinates": [ [ [ [ -1.355109070830889, 53.701962280465231 ], [ -1.264346620887766, 53.794922615259459 ], [ -1.08282172100152, 53.794922615259459 ], [ -0.992059271058397, 53.701962280465231 ], [ -1.08282172100152, 53.608796153338226 ], [ -1.264346620887766, 53.608796153338226 ], [ -1.355109070830889, 53.701962280465231 ] ] ] ] } },
{ "type": "Feature", "properties": { "constituency_id": "E14001327", "constituency_name": "Leicester South", "Main party name": null, "Main party abbreviation": null, "Election result summary": "Ind gain from Lab", "Election URL": "https://electionresults.parliament.uk/elections/3581" }, "geometry": { "type": "MultiPolygon", "coordinates": [ [ [ [ -1.355109070830889, 53.515424025184686 ], [ -1.264346620887766, 53.608796153338226 ], [ -1.08282172100152, 53.608796153338226 ], [ -0.992059271058397, 53.515424025184686 ], [ -1.08282172100152, 53.421845689035351 ], [ -1.264346620887766, 53.421845689035351 ], [ -1.355109070830889, 53.515424025184686 ] ] ] ] } },
{ "type": "Feature", "properties": { "constituency_id": "E14001179", "constituency_name": "Corby and East Northamptonshire", "Main party name": "Labour", "Main party abbreviation": "Lab", "Election result summary": "Lab gain from Con", "Election URL": "https://electionresults.parliament.uk/elections/3400" }, "geometry": { "type": "MultiPolygon", "coordinates": [ [ [ [ -1.355109070830889, 53.328060939661697 ], [ -1.264346620887766, 53.421845689035351 ], [ -1.08282172100152, 53.421845689035351 ], [ -0.992059271058397, 53.328060939661697 ], [ -1.08282172100152, 53.234069573592272 ], [ -1.264346620887766, 53.234069573592272 ], [ -1.355109070830889, 53.328060939661697 ] ] ] ] } },
{ "type": "Feature", "properties": { "constituency_id": "E14001359", "constituency_name": "Mid Bedfordshire", "Main party name": "Conservative", "Main party abbreviation": "Con", "Election result summary": "Con hold", "Election URL": "https://electionresults.parliament.uk/elections/3618" }, "geometry": { "type": "MultiPolygon", "coordinates": [ [ [ [ -1.355109070830889, 53.139871389128984 ], [ -1.264346620887766, 53.234069573592272 ], [ -1.08282172100152, 53.234069573592272 ], [ -0.992059271058397, 53.139871389128984 ], [ -1.08282172100152, 53.045466186363591 ], [ -1.264346620887766, 53.045466186363591 ], [ -1.355109070830889, 53.139871389128984 ] ] ] ] } },
{ "type": "Feature", "properties": { "constituency_id": "E14001284", "constituency_name": "Hertsmere", "Main party name": "Conservative", "Main party abbreviation": "Con", "Election result summary": "Con hold", "Election URL": "https://electionresults.parliament.uk/elections/3534" }, "geometry": { "type": "MultiPolygon", "coordinates": [ [ [ [ -1.355109070830889, 52.950853767194133 ], [ -1.264346620887766, 53.045466186363591 ], [ -1.08282172100152, 53.045466186363591 ], [ -0.992059271058397, 52.950853767194133 ], [ -1.08282172100152, 52.856033935341522 ], [ -1.264346620887766, 52.856033935341522 ], [ -1.355109070830889, 52.950853767194133 ] ] ] ] } },
{ "type": "Feature", "properties": { "constituency_id": "E14001238", "constituency_name": "Finchley and Golders Green", "Main party name": "Labour", "Main party abbreviation": "Lab", "Election result summary": "Lab gain from Con", "Election URL": "https://electionresults.parliament.uk/elections/3477" }, "geometry": { "type": "MultiPolygon", "coordinates": [ [ [ [ -1.355109070830889, 52.761006496366051 ], [ -1.264346620887766, 52.856033935341522 ], [ -1.08282172100152, 52.856033935341522 ], [ -0.992059271058397, 52.761006496366051 ], [ -1.08282172100152, 52.665771257684156 ], [ -1.264346620887766, 52.665771257684156 ], [ -1.355109070830889, 52.761006496366051 ] ] ] ] } },
{ "type": "Feature", "properties": { "constituency_id": "E14001265", "constituency_name": "Hampstead and Highgate", "Main party name": "Labour", "Main party abbreviation": "Lab", "Election result summary": "Lab hold", "Election URL": "https://electionresults.parliament.uk/elections/3515" }, "geometry": { "type": "MultiPolygon", "coordinates": [ [ [ [ -1.355109070830889, 52.570328028585067 ], [ -1.264346620887766, 52.665771257684156 ], [ -1.08282172100152, 52.665771257684156 ], [ -0.992059271058397, 52.570328028585067 ], [ -1.08282172100152, 52.474676620247592 ], [ -1.264346620887766, 52.474676620247592 ], [ -1.355109070830889, 52.570328028585067 ] ] ] ] } },
{ "type": "Feature", "properties": { "constituency_id": "E14001435", "constituency_name": "Queen's Park and Maida Vale", "Main party name": "Labour", "Main party abbreviation": "Lab", "Election result summary": "Lab hold", "Election URL": "https://electionresults.parliament.uk/elections/3715" }, "geometry": { "type": "MultiPolygon", "coordinates": [ [ [ [ -1.355109070830889, 52.37881684575693 ], [ -1.264346620887766, 52.474676620247592 ], [ -1.08282172100152, 52.474676620247592 ], [ -0.992059271058397, 52.37881684575693 ], [ -1.08282172100152, 52.282748520121601 ], [ -1.264346620887766, 52.282748520121601 ], [ -1.355109070830889, 52.37881684575693 ] ] ] ] } },
{ "type": "Feature", "properties": { "constituency_id": "E14001310", "constituency_name": "Kensington and Bayswater", "Main party name": "Labour", "Main party abbreviation": "Lab", "Election result summary": "Lab hold", "Election URL": "https://electionresults.parliament.uk/elections/3562" }, "geometry": { "type": "MultiPolygon", "coordinates": [ [ [ [ -1.355109070830889, 52.186471460290349 ], [ -1.264346620887766, 52.282748520121601 ], [ -1.08282172100152, 52.282748520121601 ], [ -0.992059271058397, 52.186471460290349 ], [ -1.08282172100152, 52.089985485169159 ], [ -1.264346620887766, 52.089985485169159 ], [ -1.355109070830889, 52.186471460290349 ] ] ] ] } },
{ "type": "Feature", "properties": { "constituency_id": "E14001160", "constituency_name": "Chelsea and Fulham", "Main party name": "Labour", "Main party abbreviation": "Lab", "Election result summary": "Lab gain from Con", "Election URL": "https://electionresults.parliament.uk/elections/3378" }, "geometry": { "type": "MultiPolygon", "coordinates": [ [ [ [ -1.355109070830889, 51.99329041563827 ], [ -1.264346620887766, 52.089985485169159 ], [ -1.08282172100152, 52.089985485169159 ], [ -0.992059271058397, 51.99329041563827 ], [ -1.08282172100152, 51.896386074569342 ], [ -1.264346620887766, 51.896386074569342 ], [ -1.355109070830889, 51.99329041563827 ] ] ] ] } },
{ "type": "Feature", "properties": { "constituency_id": "E14001081", "constituency_name": "Battersea", "Main party name": "Labour", "Main party abbreviation": "Lab", "Election result summary": "Lab hold", "Election URL": "https://electionresults.parliament.uk/elections/3282" }, "geometry": { "type": "MultiPolygon", "coordinates": [ [ [ [ -1.355109070830889, 51.79927228684258 ], [ -1.264346620887766, 51.896386074569342 ], [ -1.08282172100152, 51.896386074569342 ], [ -0.992059271058397, 51.79927228684258 ], [ -1.08282172100152, 51.701948879363918 ], [ -1.264346620887766, 51.701948879363918 ], [ -1.355109070830889, 51.79927228684258 ] ] ] ] } },
{ "type": "Feature", "properties": { "constituency_id": "E14001550", "constituency_name": "Tooting", "Main party name": "Labour", "Main party abbreviation": "Lab", "Election result summary": "Lab hold", "Election URL": "https://electionresults.parliament.uk/elections/3837" }, "geometry": { "type": "MultiPolygon", "coordinates": [ [ [ [ -1.355109070830889, 51.604415681082358 ], [ -1.264346620887766, 51.701948879363918 ], [ -1.08282172100152, 51.701948879363918 ], [ -0.992059271058397, 51.604415681082358 ], [ -1.08282172100152, 51.506672523007225 ], [ -1.264346620887766, 51.506672523007225 ], [ -1.355109070830889, 51.604415681082358 ] ] ] ] } },
{ "type": "Feature", "properties": { "constituency_id": "E14001527", "constituency_name": "Streatham and Croydon North", "Main party name": "Labour", "Main party abbreviation": "Lab", "Election result summary": "Lab hold", "Election URL": "https://electionresults.parliament.uk/elections/3813" }, "geometry": { "type": "MultiPolygon", "coordinates": [ [ [ [ -1.355109070830889, 51.408719238225579 ], [ -1.264346620887766, 51.506672523007225 ], [ -1.08282172100152, 51.506672523007225 ], [ -0.992059271058397, 51.408719238225579 ], [ -1.08282172100152, 51.310555661919615 ], [ -1.264346620887766, 51.310555661919615 ], [ -1.355109070830889, 51.408719238225579 ] ] ] ] } },
{ "type": "Feature", "properties": { "constituency_id": "E14001153", "constituency_name": "Carshalton and Wallington", "Main party name": "Liberal Democrat", "Main party abbreviation": "LD", "Election result summary": "LD gain from Con", "Election URL": "https://electionresults.parliament.uk/elections/3369" }, "geometry": { "type": "MultiPolygon", "coordinates": [ [ [ [ -1.355109070830889, 51.212181631384112 ], [ -1.264346620887766, 51.310555661919615 ], [ -1.08282172100152, 51.310555661919615 ], [ -0.992059271058397, 51.212181631384112 ], [ -1.08282172100152, 51.113596986044008 ], [ -1.264346620887766, 51.113596986044008 ], [ -1.355109070830889, 51.212181631384112 ] ] ] ] } },
{ "type": "Feature", "properties": { "constituency_id": "E14001592", "constituency_name": "Woking", "Main party name": "Liberal Democrat", "Main party abbreviation": "LD", "Election result summary": "LD gain from Con", "Election URL": "https://electionresults.parliament.uk/elections/3885" }, "geometry": { "type": "MultiPolygon", "coordinates": [ [ [ [ -1.355109070830889, 51.014801567471935 ], [ -1.264346620887766, 51.113596986044008 ], [ -1.08282172100152, 51.113596986044008 ], [ -0.992059271058397, 51.014801567471935 ], [ -1.08282172100152, 50.915795219405837 ], [ -1.264346620887766, 50.915795219405837 ], [ -1.355109070830889, 51.014801567471935 ] ] ] ] } },
{ "type": "Feature", "properties": { "constituency_id": "E14001275", "constituency_name": "Havant", "Main party name": "Conservative", "Main party abbreviation": "Con", "Election result summary": "Con hold", "Election URL": "https://electionresults.parliament.uk/elections/3525" }, "geometry": { "type": "MultiPolygon", "coordinates": [ [ [ [ -1.355109070830889, 50.816577787766647 ], [ -1.264346620887766, 50.915795219405837 ], [ -1.08282172100152, 50.915795219405837 ], [ -0.992059271058397, 50.816577787766647 ], [ -1.08282172100152, 50.717149120676005 ], [ -1.264346620887766, 50.717149120676005 ], [ -1.355109070830889, 50.816577787766647 ] ] ] ] } },
{ "type": "Feature", "properties": { "constituency_id": "E14001211", "constituency_name": "Easington", "Main party name": "Labour", "Main party abbreviation": "Lab", "Election result summary": "Lab hold", "Election URL": "https://electionresults.parliament.uk/elections/3439" }, "geometry": { "type": "MultiPolygon", "coordinates": [ [ [ [ -1.082821721001521, 55.788427681955966 ], [ -0.992059271058398, 55.876716121216546 ], [ -0.810534371172152, 55.876716121216546 ], [ -0.719771921229029, 55.788427681955966 ], [ -0.810534371172152, 55.699938689872425 ], [ -0.992059271058398, 55.699938689872425 ], [ -1.082821721001521, 55.788427681955966 ] ] ] ] } },
{ "type": "Feature", "properties": { "constituency_id": "E14001518", "constituency_name": "Stockton North", "Main party name": "Labour", "Main party abbreviation": "Lab", "Election result summary": "Lab hold", "Election URL": "https://electionresults.parliament.uk/elections/3803" }, "geometry": { "type": "MultiPolygon", "coordinates": [ [ [ [ -1.082821721001521, 55.611248900945149 ], [ -0.992059271058398, 55.699938689872425 ], [ -0.810534371172152, 55.699938689872425 ], [ -0.719771921229029, 55.611248900945149 ], [ -0.810534371172152, 55.522358072521961 ], [ -0.992059271058398, 55.522358072521961 ], [ -1.082821721001521, 55.611248900945149 ] ] ] ] } },
{ "type": "Feature", "properties": { "constituency_id": "E14001367", "constituency_name": "Middlesbrough and Thornaby East", "Main party name": "Labour", "Main party abbreviation": "Lab", "Election result summary": "Lab hold", "Election URL": "https://electionresults.parliament.uk/elections/3628" }, "geometry": { "type": "MultiPolygon", "coordinates": [ [ [ [ -1.082821721001521, 55.433265963334023 ], [ -0.992059271058398, 55.522358072521961 ], [ -0.810534371172152, 55.522358072521961 ], [ -0.719771921229029, 55.433265963334023 ], [ -0.810534371172152, 55.343972333510699 ], [ -0.992059271058398, 55.343972333510699 ], [ -1.082821721001521, 55.433265963334023 ] ] ] ] } },
{ "type": "Feature", "properties": { "constituency_id": "E14001475", "constituency_name": "Skipton and Ripon", "Main party name": "Conservative", "Main party abbreviation": "Con", "Election result summary": "Con hold", "Election URL": "https://electionresults.parliament.uk/elections/3757" }, "geometry": { "type": "MultiPolygon", "coordinates": [ [ [ [ -1.082821721001521, 55.254476944594387 ], [ -0.992059271058398, 55.343972333510699 ], [ -0.810534371172152, 55.343972333510699 ], [ -0.719771921229029, 55.254476944594387 ], [ -0.810534371172152, 55.164779559555484 ], [ -0.992059271058398, 55.164779559555484 ], [ -1.082821721001521, 55.254476944594387 ] ] ] ] } },
{ "type": "Feature", "properties": { "constituency_id": "E14001269", "constituency_name": "Harrogate and Knaresborough", "Main party name": "Liberal Democrat", "Main party abbreviation": "LD", "Election result summary": "LD gain from Con", "Election URL": "https://electionresults.parliament.uk/elections/3519" }, "geometry": { "type": "MultiPolygon", "coordinates": [ [ [ [ -1.082821721001521, 55.074879942807421 ], [ -0.992059271058398, 55.164779559555484 ], [ -0.810534371172152, 55.164779559555484 ], [ -0.719771921229029, 55.074879942807421 ], [ -0.810534371172152, 54.98477786022174 ], [ -0.992059271058398, 54.98477786022174 ], [ -1.082821721001521, 55.074879942807421 ] ] ] ] } },
{ "type": "Feature", "properties": { "constituency_id": "E14001320", "constituency_name": "Leeds East", "Main party name": "Labour", "Main party abbreviation": "Lab", "Election result summary": "Lab hold", "Election URL": "https://electionresults.parliament.uk/elections/3574" }, "geometry": { "type": "MultiPolygon", "coordinates": [ [ [ [ -1.082821721001521, 54.894473079143232 ], [ -0.992059271058398, 54.98477786022174 ], [ -0.810534371172152, 54.98477786022174 ], [ -0.719771921229029, 54.894473079143232 ], [ -0.810534371172152, 54.803965368405159 ], [ -0.992059271058398, 54.803965368405159 ], [ -1.082821721001521, 54.894473079143232 ] ] ] ] } },
{ "type": "Feature", "properties": { "constituency_id": "E14001418", "constituency_name": "Ossett and Denby Dale", "Main party name": "Labour", "Main party abbreviation": "Lab", "Election result summary": "Lab gain from Con", "Election URL": "https://electionresults.parliament.uk/elections/3694" }, "geometry": { "type": "MultiPolygon", "coordinates": [ [ [ [ -1.082821721001521, 54.713254498344575 ], [ -0.992059271058398, 54.803965368405159 ], [ -0.810534371172152, 54.803965368405159 ], [ -0.719771921229029, 54.713254498344575 ], [ -0.810534371172152, 54.622340240817586 ], [ -0.992059271058398, 54.622340240817586 ], [ -1.082821721001521, 54.713254498344575 ] ] ] ] } },
{ "type": "Feature", "properties": { "constituency_id": "E14001074", "constituency_name": "Barnsley North", "Main party name": "Labour", "Main party abbreviation": "Lab", "Election result summary": "Lab hold", "Election URL": "https://electionresults.parliament.uk/elections/3274" }, "geometry": { "type": "MultiPolygon", "coordinates": [ [ [ [ -1.082821721001521, 54.531222369214881 ], [ -0.992059271058398, 54.622340240817586 ], [ -0.810534371172152, 54.622340240817586 ], [ -0.719771921229029, 54.531222369214881 ], [ -0.810534371172152, 54.439900658477114 ], [ -0.992059271058398, 54.439900658477114 ], [ -1.082821721001521, 54.531222369214881 ] ] ] ] } },
{ "type": "Feature", "properties": { "constituency_id": "E14001075", "constituency_name": "Barnsley South", "Main party name": "Labour", "Main party abbreviation": "Lab", "Election result summary": "Lab hold", "Election URL": "https://electionresults.parliament.uk/elections/3275" }, "geometry": { "type": "MultiPolygon", "coordinates": [ [ [ [ -1.082821721001521, 54.348374885110502 ], [ -0.992059271058398, 54.439900658477114 ], [ -0.810534371172152, 54.439900658477114 ], [ -0.719771921229029, 54.348374885110502 ], [ -0.810534371172152, 54.256644827202436 ], [ -0.992059271058398, 54.256644827202436 ], [ -1.082821721001521, 54.348374885110502 ] ] ] ] } },
{ "type": "Feature", "properties": { "constituency_id": "E14001452", "constituency_name": "Rotherham", "Main party name": "Labour", "Main party abbreviation": "Lab", "Election result summary": "Lab hold", "Election URL": "https://electionresults.parliament.uk/elections/3733" }, "geometry": { "type": "MultiPolygon", "coordinates": [ [ [ [ -1.082821721001521, 54.16471026443709 ], [ -0.992059271058398, 54.256644827202436 ], [ -0.810534371172152, 54.256644827202436 ], [ -0.719771921229029, 54.16471026443709 ], [ -0.810534371172152, 54.072570978111266 ], [ -0.992059271058398, 54.072570978111266 ], [ -1.082821721001521, 54.16471026443709 ] ] ] ] } },
{ "type": "Feature", "properties": { "constituency_id": "E14001470", "constituency_name": "Sheffield South East", "Main party name": "Labour", "Main party abbreviation": "Lab", "Election result summary": "Lab hold", "Election URL": "https://electionresults.parliament.uk/elections/3752" }, "geometry": { "type": "MultiPolygon", "coordinates": [ [ [ [ -1.082821721001521, 53.980226751150099 ], [ -0.992059271058398, 54.072570978111266 ], [ -0.810534371172152, 54.072570978111266 ], [ -0.719771921229029, 53.980226751150099 ], [ -0.810534371172152, 53.887677368122986 ], [ -0.992059271058398, 53.887677368122986 ], [ -1.082821721001521, 53.980226751150099 ] ] ] ] } },
{ "type": "Feature", "properties": { "constituency_id": "E14001068", "constituency_name": "Ashfield", "Main party name": "Reform UK", "Main party abbreviation": "RUK", "Election result summary": "RUK gain from Con", "Election URL": "https://electionresults.parliament.uk/elections/3266" }, "geometry": { "type": "MultiPolygon", "coordinates": [ [ [ [ -1.082821721001521, 53.794922615259459 ], [ -0.992059271058398, 53.887677368122986 ], [ -0.810534371172152, 53.887677368122986 ], [ -0.719771921229029, 53.794922615259459 ], [ -0.810534371172152, 53.701962280465231 ], [ -0.992059271058398, 53.701962280465231 ], [ -1.082821721001521, 53.794922615259459 ] ] ] ] } },
{ "type": "Feature", "properties": { "constituency_id": "E14001326", "constituency_name": "Leicester East", "Main party name": "Conservative", "Main party abbreviation": "Con", "Election result summary": "Con gain from Lab", "Election URL": "https://electionresults.parliament.uk/elections/3580" }, "geometry": { "type": "MultiPolygon", "coordinates": [ [ [ [ -1.082821721001521, 53.608796153338226 ], [ -0.992059271058398, 53.701962280465231 ], [ -0.810534371172152, 53.701962280465231 ], [ -0.719771921229029, 53.608796153338226 ], [ -0.810534371172152, 53.515424025184686 ], [ -0.992059271058398, 53.515424025184686 ], [ -1.082821721001521, 53.608796153338226 ] ] ] ] } },
{ "type": "Feature", "properties": { "constituency_id": "E14001288", "constituency_name": "Hinckley and Bosworth", "Main party name": "Conservative", "Main party abbreviation": "Con", "Election result summary": "Con hold", "Election URL": "https://electionresults.parliament.uk/elections/3538" }, "geometry": { "type": "MultiPolygon", "coordinates": [ [ [ [ -1.082821721001521, 53.421845689035351 ], [ -0.992059271058398, 53.515424025184686 ], [ -0.810534371172152, 53.515424025184686 ], [ -0.719771921229029, 53.421845689035351 ], [ -0.810534371172152, 53.328060939661697 ], [ -0.992059271058398, 53.328060939661697 ], [ -1.082821721001521, 53.421845689035351 ] ] ] ] } },
{ "type": "Feature", "properties": { "constituency_id": "E14001084", "constituency_name": "Bedford", "Main party name": "Labour", "Main party abbreviation": "Lab", "Election result summary": "Lab hold", "Election URL": "https://electionresults.parliament.uk/elections/3285" }, "geometry": { "type": "MultiPolygon", "coordinates": [ [ [ [ -1.082821721001521, 53.234069573592272 ], [ -0.992059271058398, 53.328060939661697 ], [ -0.810534371172152, 53.328060939661697 ], [ -0.719771921229029, 53.234069573592272 ], [ -0.810534371172152, 53.139871389128984 ], [ -0.992059271058398, 53.139871389128984 ], [ -1.082821721001521, 53.234069573592272 ] ] ] ] } },
{ "type": "Feature", "properties": { "constituency_id": "E14001573", "constituency_name": "Welwyn Hatfield", "Main party name": "Labour", "Main party abbreviation": "Lab", "Election result summary": "Lab gain from Con", "Election URL": "https://electionresults.parliament.uk/elections/3863" }, "geometry": { "type": "MultiPolygon", "coordinates": [ [ [ [ -1.082821721001521, 53.045466186363591 ], [ -0.992059271058398, 53.139871389128984 ], [ -0.810534371172152, 53.139871389128984 ], [ -0.719771921229029, 53.045466186363591 ], [ -0.810534371172152, 52.950853767194133 ], [ -0.992059271058398, 52.950853767194133 ], [ -1.082821721001521, 53.045466186363591 ] ] ] ] } },
{ "type": "Feature", "properties": { "constituency_id": "E14001169", "constituency_name": "Chipping Barnet", "Main party name": "Labour", "Main party abbreviation": "Lab", "Election result summary": "Lab gain from Con", "Election URL": "https://electionresults.parliament.uk/elections/3387" }, "geometry": { "type": "MultiPolygon", "coordinates": [ [ [ [ -1.082821721001521, 52.856033935341522 ], [ -0.992059271058398, 52.950853767194133 ], [ -0.810534371172152, 52.950853767194133 ], [ -0.719771921229029, 52.856033935341522 ], [ -0.810534371172152, 52.761006496366051 ], [ -0.992059271058398, 52.761006496366051 ], [ -1.082821721001521, 52.856033935341522 ] ] ] ] } },
{ "type": "Feature", "properties": { "constituency_id": "E14001305", "constituency_name": "Islington North", "Main party name": null, "Main party abbreviation": null, "Election result summary": "Ind gain from Lab", "Election URL": "https://electionresults.parliament.uk/elections/3557" }, "geometry": { "type": "MultiPolygon", "coordinates": [ [ [ [ -1.082821721001521, 52.665771257684156 ], [ -0.992059271058398, 52.761006496366051 ], [ -0.810534371172152, 52.761006496366051 ], [ -0.719771921229029, 52.665771257684156 ], [ -0.810534371172152, 52.570328028585067 ], [ -0.992059271058398, 52.570328028585067 ], [ -1.082821721001521, 52.665771257684156 ] ] ] ] } },
{ "type": "Feature", "properties": { "constituency_id": "E14001306", "constituency_name": "Islington South and Finsbury", "Main party name": "Labour", "Main party abbreviation": "Lab", "Election result summary": "Lab hold", "Election URL": "https://electionresults.parliament.uk/elections/3558" }, "geometry": { "type": "MultiPolygon", "coordinates": [ [ [ [ -1.082821721001521, 52.474676620247592 ], [ -0.992059271058398, 52.570328028585067 ], [ -0.810534371172152, 52.570328028585067 ], [ -0.719771921229029, 52.474676620247592 ], [ -0.810534371172152, 52.37881684575693 ], [ -0.992059271058398, 52.37881684575693 ], [ -1.082821721001521, 52.474676620247592 ] ] ] ] } },
{ "type": "Feature", "properties": { "constituency_id": "E14001290", "constituency_name": "Holborn and St Pancras", "Main party name": "Labour", "Main party abbreviation": "Lab", "Election result summary": "Lab hold", "Election URL": "https://electionresults.parliament.uk/elections/3540" }, "geometry": { "type": "MultiPolygon", "coordinates": [ [ [ [ -1.082821721001521, 52.282748520121601 ], [ -0.992059271058398, 52.37881684575693 ], [ -0.810534371172152, 52.37881684575693 ], [ -0.719771921229029, 52.282748520121601 ], [ -0.810534371172152, 52.186471460290349 ], [ -0.992059271058398, 52.186471460290349 ], [ -1.082821721001521, 52.282748520121601 ] ] ] ] } },
{ "type": "Feature", "properties": { "constituency_id": "E14001172", "constituency_name": "Cities of London and Westminster", "Main party name": "Labour", "Main party abbreviation": "Lab", "Election result summary": "Lab gain from Con", "Election URL": "https://electionresults.parliament.uk/elections/3390" }, "geometry": { "type": "MultiPolygon", "coordinates": [ [ [ [ -1.082821721001521, 52.089985485169159 ], [ -0.992059271058398, 52.186471460290349 ], [ -0.810534371172152, 52.186471460290349 ], [ -0.719771921229029, 52.089985485169159 ], [ -0.810534371172152, 51.99329041563827 ], [ -0.992059271058398, 51.99329041563827 ], [ -1.082821721001521, 52.089985485169159 ] ] ] ] } },
{ "type": "Feature", "properties": { "constituency_id": "E14001559", "constituency_name": "Vauxhall and Camberwell Green", "Main party name": "Labour", "Main party abbreviation": "Lab", "Election result summary": "Lab hold", "Election URL": "https://electionresults.parliament.uk/elections/3849" }, "geometry": { "type": "MultiPolygon", "coordinates": [ [ [ [ -1.082821721001521, 51.896386074569342 ], [ -0.992059271058398, 51.99329041563827 ], [ -0.810534371172152, 51.99329041563827 ], [ -0.719771921229029, 51.896386074569342 ], [ -0.810534371172152, 51.79927228684258 ], [ -0.992059271058398, 51.79927228684258 ], [ -1.082821721001521, 51.896386074569342 ] ] ] ] } },
{ "type": "Feature", "properties": { "constituency_id": "E14001175", "constituency_name": "Clapham and Brixton Hill", "Main party name": "Labour", "Main party abbreviation": "Lab", "Election result summary": "Lab hold", "Election URL": "https://electionresults.parliament.uk/elections/3393" }, "geometry": { "type": "MultiPolygon", "coordinates": [ [ [ [ -1.082821721001521, 51.701948879363918 ], [ -0.992059271058398, 51.79927228684258 ], [ -0.810534371172152, 51.79927228684258 ], [ -0.719771921229029, 51.701948879363918 ], [ -0.810534371172152, 51.604415681082358 ], [ -0.992059271058398, 51.604415681082358 ], [ -1.082821721001521, 51.701948879363918 ] ] ] ] } },
{ "type": "Feature", "properties": { "constituency_id": "E14001205", "constituency_name": "Dulwich and West Norwood", "Main party name": "Labour", "Main party abbreviation": "Lab", "Election result summary": "Lab hold", "Election URL": "https://electionresults.parliament.uk/elections/3428" }, "geometry": { "type": "MultiPolygon", "coordinates": [ [ [ [ -1.082821721001521, 51.506672523007225 ], [ -0.992059271058398, 51.604415681082358 ], [ -0.810534371172152, 51.604415681082358 ], [ -0.719771921229029, 51.506672523007225 ], [ -0.810534371172152, 51.408719238225579 ], [ -0.992059271058398, 51.408719238225579 ], [ -1.082821721001521, 51.506672523007225 ] ] ] ] } },
{ "type": "Feature", "properties": { "constituency_id": "E14001188", "constituency_name": "Croydon West", "Main party name": "Labour", "Main party abbreviation": "Lab", "Election result summary": "Lab hold", "Election URL": "https://electionresults.parliament.uk/elections/3410" }, "geometry": { "type": "MultiPolygon", "coordinates": [ [ [ [ -1.082821721001521, 51.310555661919615 ], [ -0.992059271058398, 51.408719238225579 ], [ -0.810534371172152, 51.408719238225579 ], [ -0.719771921229029, 51.310555661919615 ], [ -0.810534371172152, 51.212181631384112 ], [ -0.992059271058398, 51.212181631384112 ], [ -1.082821721001521, 51.310555661919615 ] ] ] ] } },
{ "type": "Feature", "properties": { "constituency_id": "E14001532", "constituency_name": "Surrey Heath", "Main party name": "Liberal Democrat", "Main party abbreviation": "LD", "Election result summary": "LD gain from Con", "Election URL": "https://electionresults.parliament.uk/elections/3818" }, "geometry": { "type": "MultiPolygon", "coordinates": [ [ [ [ -1.082821721001521, 51.113596986044008 ], [ -0.992059271058398, 51.212181631384112 ], [ -0.810534371172152, 51.212181631384112 ], [ -0.719771921229029, 51.113596986044008 ], [ -0.810534371172152, 51.014801567471935 ], [ -0.992059271058398, 51.014801567471935 ], [ -1.082821721001521, 51.113596986044008 ] ] ] ] } },
{ "type": "Feature", "properties": { "constituency_id": "E14001067", "constituency_name": "Arundel and South Downs", "Main party name": "Conservative", "Main party abbreviation": "Con", "Election result summary": "Con hold", "Election URL": "https://electionresults.parliament.uk/elections/3265" }, "geometry": { "type": "MultiPolygon", "coordinates": [ [ [ [ -1.082821721001521, 50.915795219405837 ], [ -0.992059271058398, 51.014801567471935 ], [ -0.810534371172152, 51.014801567471935 ], [ -0.719771921229029, 50.915795219405837 ], [ -0.810534371172152, 50.816577787766647 ], [ -0.992059271058398, 50.816577787766647 ], [ -1.082821721001521, 50.915795219405837 ] ] ] ] } },
{ "type": "Feature", "properties": { "constituency_id": "E14001166", "constituency_name": "Chichester", "Main party name": "Liberal Democrat", "Main party abbreviation": "LD", "Election result summary": "LD gain from Con", "Election URL": "https://electionresults.parliament.uk/elections/3384" }, "geometry": { "type": "MultiPolygon", "coordinates": [ [ [ [ -1.082821721001521, 50.717149120676005 ], [ -0.992059271058398, 50.816577787766647 ], [ -0.810534371172152, 50.816577787766647 ], [ -0.719771921229029, 50.717149120676005 ], [ -0.810534371172152, 50.617509068474007 ], [ -0.992059271058398, 50.617509068474007 ], [ -1.082821721001521, 50.717149120676005 ] ] ] ] } },
{ "type": "Feature", "properties": { "constituency_id": "E14001272", "constituency_name": "Hartlepool", "Main party name": "Labour", "Main party abbreviation": "Lab", "Election result summary": "Lab hold", "Election URL": "https://electionresults.parliament.uk/elections/3522" }, "geometry": { "type": "MultiPolygon", "coordinates": [ [ [ [ -0.810534371172151, 55.699938689872425 ], [ -0.719771921229028, 55.788427681955966 ], [ -0.538247021342781, 55.788427681955966 ], [ -0.447484571399658, 55.699938689872425 ], [ -0.538247021342781, 55.611248900945149 ], [ -0.719771921229028, 55.611248900945149 ], [ -0.810534371172151, 55.699938689872425 ] ] ] ] } },
{ "type": "Feature", "properties": { "constituency_id": "E14001440", "constituency_name": "Redcar", "Main party name": "Labour", "Main party abbreviation": "Lab", "Election result summary": "Lab gain from Con", "Election URL": "https://electionresults.parliament.uk/elections/3720" }, "geometry": { "type": "MultiPolygon", "coordinates": [ [ [ [ -0.810534371172151, 55.522358072521961 ], [ -0.719771921229028, 55.611248900945149 ], [ -0.538247021342781, 55.611248900945149 ], [ -0.447484571399658, 55.522358072521961 ], [ -0.538247021342781, 55.433265963334023 ], [ -0.719771921229028, 55.433265963334023 ], [ -0.810534371172151, 55.522358072521961 ] ] ] ] } },
{ "type": "Feature", "properties": { "constituency_id": "E14001368", "constituency_name": "Middlesbrough South and East Cleveland", "Main party name": "Labour", "Main party abbreviation": "Lab", "Election result summary": "Lab gain from Con", "Election URL": "https://electionresults.parliament.uk/elections/3629" }, "geometry": { "type": "MultiPolygon", "coordinates": [ [ [ [ -0.810534371172151, 55.343972333510699 ], [ -0.719771921229028, 55.433265963334023 ], [ -0.538247021342781, 55.433265963334023 ], [ -0.447484571399658, 55.343972333510699 ], [ -0.538247021342781, 55.254476944594387 ], [ -0.719771921229028, 55.254476944594387 ], [ -0.810534371172151, 55.343972333510699 ] ] ] ] } },
{ "type": "Feature", "properties": { "constituency_id": "E14001444", "constituency_name": "Richmond and Northallerton", "Main party name": "Conservative", "Main party abbreviation": "Con", "Election result summary": "Con hold", "Election URL": "https://electionresults.parliament.uk/elections/3725" }, "geometry": { "type": "MultiPolygon", "coordinates": [ [ [ [ -0.810534371172151, 55.164779559555484 ], [ -0.719771921229028, 55.254476944594387 ], [ -0.538247021342781, 55.254476944594387 ], [ -0.447484571399658, 55.164779559555484 ], [ -0.538247021342781, 55.074879942807421 ], [ -0.719771921229028, 55.074879942807421 ], [ -0.810534371172151, 55.164779559555484 ] ] ] ] } },
{ "type": "Feature", "properties": { "constituency_id": "E14001582", "constituency_name": "Wetherby and Easingwold", "Main party name": "Conservative", "Main party abbreviation": "Con", "Election result summary": "Con hold", "Election URL": "https://electionresults.parliament.uk/elections/3875" }, "geometry": { "type": "MultiPolygon", "coordinates": [ [ [ [ -0.810534371172151, 54.98477786022174 ], [ -0.719771921229028, 55.074879942807421 ], [ -0.538247021342781, 55.074879942807421 ], [ -0.447484571399658, 54.98477786022174 ], [ -0.538247021342781, 54.894473079143232 ], [ -0.719771921229028, 54.894473079143232 ], [ -0.810534371172151, 54.98477786022174 ] ] ] ] } },
{ "type": "Feature", "properties": { "constituency_id": "E14001428", "constituency_name": "Pontefract, Castleford and Knottingley", "Main party name": "Labour", "Main party abbreviation": "Lab", "Election result summary": "Lab hold", "Election URL": "https://electionresults.parliament.uk/elections/3707" }, "geometry": { "type": "MultiPolygon", "coordinates": [ [ [ [ -0.810534371172151, 54.803965368405159 ], [ -0.719771921229028, 54.894473079143232 ], [ -0.538247021342781, 54.894473079143232 ], [ -0.447484571399658, 54.803965368405159 ], [ -0.538247021342781, 54.713254498344575 ], [ -0.719771921229028, 54.713254498344575 ], [ -0.810534371172151, 54.803965368405159 ] ] ] ] } },
{ "type": "Feature", "properties": { "constituency_id": "E14001560", "constituency_name": "Wakefield and Rothwell", "Main party name": "Labour", "Main party abbreviation": "Lab", "Election result summary": "Lab gain from Con", "Election URL": "https://electionresults.parliament.uk/elections/3850" }, "geometry": { "type": "MultiPolygon", "coordinates": [ [ [ [ -0.810534371172151, 54.622340240817586 ], [ -0.719771921229028, 54.713254498344575 ], [ -0.538247021342781, 54.713254498344575 ], [ -0.447484571399658, 54.622340240817586 ], [ -0.538247021342781, 54.531222369214881 ], [ -0.719771921229028, 54.531222369214881 ], [ -0.810534371172151, 54.622340240817586 ] ] ] ] } },
{ "type": "Feature", "properties": { "constituency_id": "E14001383", "constituency_name": "Normanton and Hemsworth", "Main party name": "Labour", "Main party abbreviation": "Lab", "Election result summary": "Lab hold", "Election URL": "https://electionresults.parliament.uk/elections/3654" }, "geometry": { "type": "MultiPolygon", "coordinates": [ [ [ [ -0.810534371172151, 54.439900658477114 ], [ -0.719771921229028, 54.531222369214881 ], [ -0.538247021342781, 54.531222369214881 ], [ -0.447484571399658, 54.439900658477114 ], [ -0.538247021342781, 54.348374885110502 ], [ -0.719771921229028, 54.348374885110502 ], [ -0.810534371172151, 54.439900658477114 ] ] ] ] } },
{ "type": "Feature", "properties": { "constituency_id": "E14001436", "constituency_name": "Rawmarsh and Conisbrough", "Main party name": "Labour", "Main party abbreviation": "Lab", "Election result summary": "Lab hold", "Election URL": "https://electionresults.parliament.uk/elections/3716" }, "geometry": { "type": "MultiPolygon", "coordinates": [ [ [ [ -0.810534371172151, 54.256644827202436 ], [ -0.719771921229028, 54.348374885110502 ], [ -0.538247021342781, 54.348374885110502 ], [ -0.447484571399658, 54.256644827202436 ], [ -0.538247021342781, 54.16471026443709 ], [ -0.719771921229028, 54.16471026443709 ], [ -0.810534371172151, 54.256644827202436 ] ] ] ] } },
{ "type": "Feature", "properties": { "constituency_id": "E14001451", "constituency_name": "Rother Valley", "Main party name": "Labour", "Main party abbreviation": "Lab", "Election result summary": "Lab gain from Con", "Election URL": "https://electionresults.parliament.uk/elections/3732" }, "geometry": { "type": "MultiPolygon", "coordinates": [ [ [ [ -0.810534371172151, 54.072570978111266 ], [ -0.719771921229028, 54.16471026443709 ], [ -0.538247021342781, 54.16471026443709 ], [ -0.447484571399658, 54.072570978111266 ], [ -0.538247021342781, 53.980226751150099 ], [ -0.719771921229028, 53.980226751150099 ], [ -0.810534371172151, 54.072570978111266 ] ] ] ] } },
{ "type": "Feature", "properties": { "constituency_id": "E14001355", "constituency_name": "Mansfield", "Main party name": "Labour", "Main party abbreviation": "Lab", "Election result summary": "Lab gain from Con", "Election URL": "https://electionresults.parliament.uk/elections/3612" }, "geometry": { "type": "MultiPolygon", "coordinates": [ [ [ [ -0.810534371172151, 53.887677368122986 ], [ -0.719771921229028, 53.980226751150099 ], [ -0.538247021342781, 53.980226751150099 ], [ -0.447484571399658, 53.887677368122986 ], [ -0.538247021342781, 53.794922615259459 ], [ -0.719771921229028, 53.794922615259459 ], [ -0.810534371172151, 53.887677368122986 ] ] ] ] } },
{ "type": "Feature", "properties": { "constituency_id": "E14001471", "constituency_name": "Sherwood Forest", "Main party name": "Labour", "Main party abbreviation": "Lab", "Election result summary": "Lab gain from Con", "Election URL": "https://electionresults.parliament.uk/elections/3753" }, "geometry": { "type": "MultiPolygon", "coordinates": [ [ [ [ -0.810534371172151, 53.701962280465231 ], [ -0.719771921229028, 53.794922615259459 ], [ -0.538247021342781, 53.794922615259459 ], [ -0.447484571399658, 53.701962280465231 ], [ -0.538247021342781, 53.608796153338226 ], [ -0.719771921229028, 53.608796153338226 ], [ -0.810534371172151, 53.701962280465231 ] ] ] ] } },
{ "type": "Feature", "properties": { "constituency_id": "E14001488", "constituency_name": "South Leicestershire", "Main party name": "Conservative", "Main party abbreviation": "Con", "Election result summary": "Con hold", "Election URL": "https://electionresults.parliament.uk/elections/3772" }, "geometry": { "type": "MultiPolygon", "coordinates": [ [ [ [ -0.810534371172151, 53.515424025184686 ], [ -0.719771921229028, 53.608796153338226 ], [ -0.538247021342781, 53.608796153338226 ], [ -0.447484571399658, 53.515424025184686 ], [ -0.538247021342781, 53.421845689035351 ], [ -0.719771921229028, 53.421845689035351 ], [ -0.810534371172151, 53.515424025184686 ] ] ] ] } },
{ "type": "Feature", "properties": { "constituency_id": "E14001384", "constituency_name": "North Bedfordshire", "Main party name": "Conservative", "Main party abbreviation": "Con", "Election result summary": "Con hold", "Election URL": "https://electionresults.parliament.uk/elections/3657" }, "geometry": { "type": "MultiPolygon", "coordinates": [ [ [ [ -0.810534371172151, 53.328060939661697 ], [ -0.719771921229028, 53.421845689035351 ], [ -0.538247021342781, 53.421845689035351 ], [ -0.447484571399658, 53.328060939661697 ], [ -0.538247021342781, 53.234069573592272 ], [ -0.719771921229028, 53.234069573592272 ], [ -0.810534371172151, 53.328060939661697 ] ] ] ] } },
{ "type": "Feature", "properties": { "constituency_id": "E14001516", "constituency_name": "Stevenage", "Main party name": "Labour", "Main party abbreviation": "Lab", "Election result summary": "Lab gain from Con", "Election URL": "https://electionresults.parliament.uk/elections/3800" }, "geometry": { "type": "MultiPolygon", "coordinates": [ [ [ [ -0.810534371172151, 53.139871389128984 ], [ -0.719771921229028, 53.234069573592272 ], [ -0.538247021342781, 53.234069573592272 ], [ -0.447484571399658, 53.139871389128984 ], [ -0.538247021342781, 53.045466186363591 ], [ -0.719771921229028, 53.045466186363591 ], [ -0.810534371172151, 53.139871389128984 ] ] ] ] } },
{ "type": "Feature", "properties": { "constituency_id": "E14001139", "constituency_name": "Broxbourne", "Main party name": "Conservative", "Main party abbreviation": "Con", "Election result summary": "Con hold", "Election URL": "https://electionresults.parliament.uk/elections/3348" }, "geometry": { "type": "MultiPolygon", "coordinates": [ [ [ [ -0.810534371172151, 52.950853767194133 ], [ -0.719771921229028, 53.045466186363591 ], [ -0.538247021342781, 53.045466186363591 ], [ -0.447484571399658, 52.950853767194133 ], [ -0.538247021342781, 52.856033935341522 ], [ -0.719771921229028, 52.856033935341522 ], [ -0.810534371172151, 52.950853767194133 ] ] ] ] } },
{ "type": "Feature", "properties": { "constituency_id": "E14001503", "constituency_name": "Southgate and Wood Green", "Main party name": "Labour", "Main party abbreviation": "Lab", "Election result summary": "Lab hold", "Election URL": "https://electionresults.parliament.uk/elections/3787" }, "geometry": { "type": "MultiPolygon", "coordinates": [ [ [ [ -0.810534371172151, 52.761006496366051 ], [ -0.719771921229028, 52.856033935341522 ], [ -0.538247021342781, 52.856033935341522 ], [ -0.447484571399658, 52.761006496366051 ], [ -0.538247021342781, 52.665771257684156 ], [ -0.719771921229028, 52.665771257684156 ], [ -0.810534371172151, 52.761006496366051 ] ] ] ] } },
{ "type": "Feature", "properties": { "constituency_id": "E14001259", "constituency_name": "Hackney North and Stoke Newington", "Main party name": "Labour", "Main party abbreviation": "Lab", "Election result summary": "Lab hold", "Election URL": "https://electionresults.parliament.uk/elections/3508" }, "geometry": { "type": "MultiPolygon", "coordinates": [ [ [ [ -0.810534371172151, 52.570328028585067 ], [ -0.719771921229028, 52.665771257684156 ], [ -0.538247021342781, 52.665771257684156 ], [ -0.447484571399658, 52.570328028585067 ], [ -0.538247021342781, 52.474676620247592 ], [ -0.719771921229028, 52.474676620247592 ], [ -0.810534371172151, 52.570328028585067 ] ] ] ] } },
{ "type": "Feature", "properties": { "constituency_id": "E14001260", "constituency_name": "Hackney South and Shoreditch", "Main party name": "Labour", "Main party abbreviation": "Lab", "Election result summary": "Lab hold", "Election URL": "https://electionresults.parliament.uk/elections/3509" }, "geometry": { "type": "MultiPolygon", "coordinates": [ [ [ [ -0.810534371172151, 52.37881684575693 ], [ -0.719771921229028, 52.474676620247592 ], [ -0.538247021342781, 52.474676620247592 ], [ -0.447484571399658, 52.37881684575693 ], [ -0.538247021342781, 52.282748520121601 ], [ -0.719771921229028, 52.282748520121601 ], [ -0.810534371172151, 52.37881684575693 ] ] ] ] } },
{ "type": "Feature", "properties": { "constituency_id": "E14001086", "constituency_name": "Bethnal Green and Stepney", "Main party name": "Labour", "Main party abbreviation": "Lab", "Election result summary": "Lab hold", "Election URL": "https://electionresults.parliament.uk/elections/3292" }, "geometry": { "type": "MultiPolygon", "coordinates": [ [ [ [ -0.810534371172151, 52.186471460290349 ], [ -0.719771921229028, 52.282748520121601 ], [ -0.538247021342781, 52.282748520121601 ], [ -0.447484571399658, 52.186471460290349 ], [ -0.538247021342781, 52.089985485169159 ], [ -0.719771921229028, 52.089985485169159 ], [ -0.810534371172151, 52.186471460290349 ] ] ] ] } },
{ "type": "Feature", "properties": { "constituency_id": "E14001085", "constituency_name": "Bermondsey and Old Southwark", "Main party name": "Labour", "Main party abbreviation": "Lab", "Election result summary": "Lab hold", "Election URL": "https://electionresults.parliament.uk/elections/3290" }, "geometry": { "type": "MultiPolygon", "coordinates": [ [ [ [ -0.810534371172151, 51.99329041563827 ], [ -0.719771921229028, 52.089985485169159 ], [ -0.538247021342781, 52.089985485169159 ], [ -0.447484571399658, 51.99329041563827 ], [ -0.538247021342781, 51.896386074569342 ], [ -0.719771921229028, 51.896386074569342 ], [ -0.810534371172151, 51.99329041563827 ] ] ] ] } },
{ "type": "Feature", "properties": { "constituency_id": "E14001421", "constituency_name": "Peckham", "Main party name": "Labour", "Main party abbreviation": "Lab", "Election result summary": "Lab hold", "Election URL": "https://electionresults.parliament.uk/elections/3699" }, "geometry": { "type": "MultiPolygon", "coordinates": [ [ [ [ -0.810534371172151, 51.79927228684258 ], [ -0.719771921229028, 51.896386074569342 ], [ -0.538247021342781, 51.896386074569342 ], [ -0.447484571399658, 51.79927228684258 ], [ -0.538247021342781, 51.701948879363918 ], [ -0.719771921229028, 51.701948879363918 ], [ -0.810534371172151, 51.79927228684258 ] ] ] ] } },
{ "type": "Feature", "properties": { "constituency_id": "E14001333", "constituency_name": "Lewisham West and East Dulwich", "Main party name": "Labour", "Main party abbreviation": "Lab", "Election result summary": "Lab hold", "Election URL": "https://electionresults.parliament.uk/elections/3587" }, "geometry": { "type": "MultiPolygon", "coordinates": [ [ [ [ -0.810534371172151, 51.604415681082358 ], [ -0.719771921229028, 51.701948879363918 ], [ -0.538247021342781, 51.701948879363918 ], [ -0.447484571399658, 51.604415681082358 ], [ -0.538247021342781, 51.506672523007225 ], [ -0.719771921229028, 51.506672523007225 ], [ -0.810534371172151, 51.604415681082358 ] ] ] ] } },
{ "type": "Feature", "properties": { "constituency_id": "E14001186", "constituency_name": "Croydon East", "Main party name": "Labour", "Main party abbreviation": "Lab", "Election result summary": "Lab hold", "Election URL": "https://electionresults.parliament.uk/elections/3408" }, "geometry": { "type": "MultiPolygon", "coordinates": [ [ [ [ -0.810534371172151, 51.408719238225579 ], [ -0.719771921229028, 51.506672523007225 ], [ -0.538247021342781, 51.506672523007225 ], [ -0.447484571399658, 51.408719238225579 ], [ -0.538247021342781, 51.310555661919615 ], [ -0.719771921229028, 51.310555661919615 ], [ -0.810534371172151, 51.408719238225579 ] ] ] ] } },
{ "type": "Feature", "properties": { "constituency_id": "E14001187", "constituency_name": "Croydon South", "Main party name": "Conservative", "Main party abbreviation": "Con", "Election result summary": "Con hold", "Election URL": "https://electionresults.parliament.uk/elections/3409" }, "geometry": { "type": "MultiPolygon", "coordinates": [ [ [ [ -0.810534371172151, 51.212181631384112 ], [ -0.719771921229028, 51.310555661919615 ], [ -0.538247021342781, 51.310555661919615 ], [ -0.447484571399658, 51.212181631384112 ], [ -0.538247021342781, 51.113596986044008 ], [ -0.719771921229028, 51.113596986044008 ], [ -0.810534371172151, 51.212181631384112 ] ] ] ] } },
{ "type": "Feature", "properties": { "constituency_id": "E14001249", "constituency_name": "Godalming and Ash", "Main party name": "Conservative", "Main party abbreviation": "Con", "Election result summary": "Con hold", "Election URL": "https://electionresults.parliament.uk/elections/3496" }, "geometry": { "type": "MultiPolygon", "coordinates": [ [ [ [ -0.810534371172151, 51.014801567471935 ], [ -0.719771921229028, 51.113596986044008 ], [ -0.538247021342781, 51.113596986044008 ], [ -0.447484571399658, 51.014801567471935 ], [ -0.538247021342781, 50.915795219405837 ], [ -0.719771921229028, 50.915795219405837 ], [ -0.810534371172151, 51.014801567471935 ] ] ] ] } },
{ "type": "Feature", "properties": { "constituency_id": "E14001108", "constituency_name": "Bognor Regis and Littlehampton", "Main party name": "Conservative", "Main party abbreviation": "Con", "Election result summary": "Con hold", "Election URL": "https://electionresults.parliament.uk/elections/3315" }, "geometry": { "type": "MultiPolygon", "coordinates": [ [ [ [ -0.810534371172151, 50.816577787766647 ], [ -0.719771921229028, 50.915795219405837 ], [ -0.538247021342781, 50.915795219405837 ], [ -0.447484571399658, 50.816577787766647 ], [ -0.538247021342781, 50.717149120676005 ], [ -0.719771921229028, 50.717149120676005 ], [ -0.810534371172151, 50.816577787766647 ] ] ] ] } },
{ "type": "Feature", "properties": { "constituency_id": "E14001461", "constituency_name": "Scarborough and Whitby", "Main party name": "Labour", "Main party abbreviation": "Lab", "Election result summary": "Lab gain from Con", "Election URL": "https://electionresults.parliament.uk/elections/3743" }, "geometry": { "type": "MultiPolygon", "coordinates": [ [ [ [ -0.538247021342783, 55.254476944594387 ], [ -0.44748457139966, 55.343972333510699 ], [ -0.265959671513413, 55.343972333510699 ], [ -0.17519722157029, 55.254476944594387 ], [ -0.265959671513413, 55.164779559555484 ], [ -0.44748457139966, 55.164779559555484 ], [ -0.538247021342783, 55.254476944594387 ] ] ] ] } },
{ "type": "Feature", "properties": { "constituency_id": "E14001544", "constituency_name": "Thirsk and Malton", "Main party name": "Conservative", "Main party abbreviation": "Con", "Election result summary": "Con hold", "Election URL": "https://electionresults.parliament.uk/elections/3831" }, "geometry": { "type": "MultiPolygon", "coordinates": [ [ [ [ -0.538247021342783, 55.074879942807421 ], [ -0.44748457139966, 55.164779559555484 ], [ -0.265959671513413, 55.164779559555484 ], [ -0.17519722157029, 55.074879942807421 ], [ -0.265959671513413, 54.98477786022174 ], [ -0.44748457139966, 54.98477786022174 ], [ -0.538247021342783, 55.074879942807421 ] ] ] ] } },
{ "type": "Feature", "properties": { "constituency_id": "E14001604", "constituency_name": "York Central", "Main party name": "Labour", "Main party abbreviation": "Lab", "Election result summary": "Lab hold", "Election URL": "https://electionresults.parliament.uk/elections/3899" }, "geometry": { "type": "MultiPolygon", "coordinates": [ [ [ [ -0.538247021342783, 54.894473079143232 ], [ -0.44748457139966, 54.98477786022174 ], [ -0.265959671513413, 54.98477786022174 ], [ -0.17519722157029, 54.894473079143232 ], [ -0.265959671513413, 54.803965368405159 ], [ -0.44748457139966, 54.803965368405159 ], [ -0.538247021342783, 54.894473079143232 ] ] ] ] } },
{ "type": "Feature", "properties": { "constituency_id": "E14001464", "constituency_name": "Selby", "Main party name": "Labour", "Main party abbreviation": "Lab", "Election result summary": "Lab gain from Con", "Election URL": "https://electionresults.parliament.uk/elections/3746" }, "geometry": { "type": "MultiPolygon", "coordinates": [ [ [ [ -0.538247021342783, 54.713254498344575 ], [ -0.44748457139966, 54.803965368405159 ], [ -0.265959671513413, 54.803965368405159 ], [ -0.17519722157029, 54.713254498344575 ], [ -0.265959671513413, 54.622340240817586 ], [ -0.44748457139966, 54.622340240817586 ], [ -0.538247021342783, 54.713254498344575 ] ] ] ] } },
{ "type": "Feature", "properties": { "constituency_id": "E14001200", "constituency_name": "Doncaster North", "Main party name": "Labour", "Main party abbreviation": "Lab", "Election result summary": "Lab hold", "Election URL": "https://electionresults.parliament.uk/elections/3423" }, "geometry": { "type": "MultiPolygon", "coordinates": [ [ [ [ -0.538247021342783, 54.531222369214881 ], [ -0.44748457139966, 54.622340240817586 ], [ -0.265959671513413, 54.622340240817586 ], [ -0.17519722157029, 54.531222369214881 ], [ -0.265959671513413, 54.439900658477114 ], [ -0.44748457139966, 54.439900658477114 ], [ -0.538247021342783, 54.531222369214881 ] ] ] ] } },
{ "type": "Feature", "properties": { "constituency_id": "E14001199", "constituency_name": "Doncaster East and the Isle of Axholme", "Main party name": "Labour", "Main party abbreviation": "Lab", "Election result summary": "Lab gain from Con", "Election URL": "https://electionresults.parliament.uk/elections/3422" }, "geometry": { "type": "MultiPolygon", "coordinates": [ [ [ [ -0.538247021342783, 54.348374885110502 ], [ -0.44748457139966, 54.439900658477114 ], [ -0.265959671513413, 54.439900658477114 ], [ -0.17519722157029, 54.348374885110502 ], [ -0.265959671513413, 54.256644827202436 ], [ -0.44748457139966, 54.256644827202436 ], [ -0.538247021342783, 54.348374885110502 ] ] ] ] } },
{ "type": "Feature", "properties": { "constituency_id": "E14001198", "constituency_name": "Doncaster Central", "Main party name": "Labour", "Main party abbreviation": "Lab", "Election result summary": "Lab hold", "Election URL": "https://electionresults.parliament.uk/elections/3421" }, "geometry": { "type": "MultiPolygon", "coordinates": [ [ [ [ -0.538247021342783, 54.16471026443709 ], [ -0.44748457139966, 54.256644827202436 ], [ -0.265959671513413, 54.256644827202436 ], [ -0.17519722157029, 54.16471026443709 ], [ -0.265959671513413, 54.072570978111266 ], [ -0.44748457139966, 54.072570978111266 ], [ -0.538247021342783, 54.16471026443709 ] ] ] ] } },
{ "type": "Feature", "properties": { "constituency_id": "E14001079", "constituency_name": "Bassetlaw", "Main party name": "Labour", "Main party abbreviation": "Lab", "Election result summary": "Lab gain from Con", "Election URL": "https://electionresults.parliament.uk/elections/3279" }, "geometry": { "type": "MultiPolygon", "coordinates": [ [ [ [ -0.538247021342783, 53.980226751150099 ], [ -0.44748457139966, 54.072570978111266 ], [ -0.265959671513413, 54.072570978111266 ], [ -0.17519722157029, 53.980226751150099 ], [ -0.265959671513413, 53.887677368122986 ], [ -0.44748457139966, 53.887677368122986 ], [ -0.538247021342783, 53.980226751150099 ] ] ] ] } },
{ "type": "Feature", "properties": { "constituency_id": "E14001375", "constituency_name": "Newark", "Main party name": "Conservative", "Main party abbreviation": "Con", "Election result summary": "Con hold", "Election URL": "https://electionresults.parliament.uk/elections/3643" }, "geometry": { "type": "MultiPolygon", "coordinates": [ [ [ [ -0.538247021342783, 53.794922615259459 ], [ -0.44748457139966, 53.887677368122986 ], [ -0.265959671513413, 53.887677368122986 ], [ -0.17519722157029, 53.794922615259459 ], [ -0.265959671513413, 53.701962280465231 ], [ -0.44748457139966, 53.701962280465231 ], [ -0.538247021342783, 53.794922615259459 ] ] ] ] } },
{ "type": "Feature", "properties": { "constituency_id": "E14001457", "constituency_name": "Rushcliffe", "Main party name": "Labour", "Main party abbreviation": "Lab", "Election result summary": "Lab gain from Con", "Election URL": "https://electionresults.parliament.uk/elections/3738" }, "geometry": { "type": "MultiPolygon", "coordinates": [ [ [ [ -0.538247021342783, 53.608796153338226 ], [ -0.44748457139966, 53.701962280465231 ], [ -0.265959671513413, 53.701962280465231 ], [ -0.17519722157029, 53.608796153338226 ], [ -0.265959671513413, 53.515424025184686 ], [ -0.44748457139966, 53.515424025184686 ], [ -0.538247021342783, 53.608796153338226 ] ] ] ] } },
{ "type": "Feature", "properties": { "constituency_id": "E14001266", "constituency_name": "Harborough, Oadby and Wigston", "Main party name": "Conservative", "Main party abbreviation": "Con", "Election result summary": "Con hold", "Election URL": "https://electionresults.parliament.uk/elections/3516" }, "geometry": { "type": "MultiPolygon", "coordinates": [ [ [ [ -0.538247021342783, 53.421845689035351 ], [ -0.44748457139966, 53.515424025184686 ], [ -0.265959671513413, 53.515424025184686 ], [ -0.17519722157029, 53.421845689035351 ], [ -0.265959671513413, 53.328060939661697 ], [ -0.44748457139966, 53.328060939661697 ], [ -0.538247021342783, 53.421845689035351 ] ] ] ] } },
{ "type": "Feature", "properties": { "constituency_id": "E14001393", "constituency_name": "North East Hertfordshire", "Main party name": "Labour", "Main party abbreviation": "Lab", "Election result summary": "Lab gain from Con", "Election URL": "https://electionresults.parliament.uk/elections/3668" }, "geometry": { "type": "MultiPolygon", "coordinates": [ [ [ [ -0.538247021342783, 53.234069573592272 ], [ -0.44748457139966, 53.328060939661697 ], [ -0.265959671513413, 53.328060939661697 ], [ -0.17519722157029, 53.234069573592272 ], [ -0.265959671513413, 53.139871389128984 ], [ -0.44748457139966, 53.139871389128984 ], [ -0.538247021342783, 53.234069573592272 ] ] ] ] } },
{ "type": "Feature", "properties": { "constituency_id": "E14001283", "constituency_name": "Hertford and Stortford", "Main party name": "Labour", "Main party abbreviation": "Lab", "Election result summary": "Lab gain from Con", "Election URL": "https://electionresults.parliament.uk/elections/3533" }, "geometry": { "type": "MultiPolygon", "coordinates": [ [ [ [ -0.538247021342783, 53.045466186363591 ], [ -0.44748457139966, 53.139871389128984 ], [ -0.265959671513413, 53.139871389128984 ], [ -0.17519722157029, 53.045466186363591 ], [ -0.265959671513413, 52.950853767194133 ], [ -0.44748457139966, 52.950853767194133 ], [ -0.538247021342783, 53.045466186363591 ] ] ] ] } },
{ "type": "Feature", "properties": { "constituency_id": "E14001225", "constituency_name": "Enfield North", "Main party name": "Labour", "Main party abbreviation": "Lab", "Election result summary": "Lab hold", "Election URL": "https://electionresults.parliament.uk/elections/3462" }, "geometry": { "type": "MultiPolygon", "coordinates": [ [ [ [ -0.538247021342783, 52.856033935341522 ], [ -0.44748457139966, 52.950853767194133 ], [ -0.265959671513413, 52.950853767194133 ], [ -0.17519722157029, 52.856033935341522 ], [ -0.265959671513413, 52.761006496366051 ], [ -0.44748457139966, 52.761006496366051 ], [ -0.538247021342783, 52.856033935341522 ] ] ] ] } },
{ "type": "Feature", "properties": { "constituency_id": "E14001293", "constituency_name": "Hornsey and Friern Barnet", "Main party name": "Labour", "Main party abbreviation": "Lab", "Election result summary": "Lab hold", "Election URL": "https://electionresults.parliament.uk/elections/3543" }, "geometry": { "type": "MultiPolygon", "coordinates": [ [ [ [ -0.538247021342783, 52.665771257684156 ], [ -0.44748457139966, 52.761006496366051 ], [ -0.265959671513413, 52.761006496366051 ], [ -0.17519722157029, 52.665771257684156 ], [ -0.265959671513413, 52.570328028585067 ], [ -0.44748457139966, 52.570328028585067 ], [ -0.538247021342783, 52.665771257684156 ] ] ] ] } },
{ "type": "Feature", "properties": { "constituency_id": "E14001553", "constituency_name": "Tottenham", "Main party name": "Labour", "Main party abbreviation": "Lab", "Election result summary": "Lab hold", "Election URL": "https://electionresults.parliament.uk/elections/3841" }, "geometry": { "type": "MultiPolygon", "coordinates": [ [ [ [ -0.538247021342783, 52.474676620247592 ], [ -0.44748457139966, 52.570328028585067 ], [ -0.265959671513413, 52.570328028585067 ], [ -0.17519722157029, 52.474676620247592 ], [ -0.265959671513413, 52.37881684575693 ], [ -0.44748457139966, 52.37881684575693 ], [ -0.538247021342783, 52.474676620247592 ] ] ] ] } },
{ "type": "Feature", "properties": { "constituency_id": "E14001525", "constituency_name": "Stratford and Bow", "Main party name": "Labour", "Main party abbreviation": "Lab", "Election result summary": "Lab hold", "Election URL": "https://electionresults.parliament.uk/elections/3811" }, "geometry": { "type": "MultiPolygon", "coordinates": [ [ [ [ -0.538247021342783, 52.282748520121601 ], [ -0.44748457139966, 52.37881684575693 ], [ -0.265959671513413, 52.37881684575693 ], [ -0.17519722157029, 52.282748520121601 ], [ -0.265959671513413, 52.186471460290349 ], [ -0.44748457139966, 52.186471460290349 ], [ -0.538247021342783, 52.282748520121601 ] ] ] ] } },
{ "type": "Feature", "properties": { "constituency_id": "E14001430", "constituency_name": "Poplar and Limehouse", "Main party name": "Labour", "Main party abbreviation": "Lab", "Election result summary": "Lab hold", "Election URL": "https://electionresults.parliament.uk/elections/3710" }, "geometry": { "type": "MultiPolygon", "coordinates": [ [ [ [ -0.538247021342783, 52.089985485169159 ], [ -0.44748457139966, 52.186471460290349 ], [ -0.265959671513413, 52.186471460290349 ], [ -0.17519722157029, 52.089985485169159 ], [ -0.265959671513413, 51.99329041563827 ], [ -0.44748457139966, 51.99329041563827 ], [ -0.538247021342783, 52.089985485169159 ] ] ] ] } },
{ "type": "Feature", "properties": { "constituency_id": "E14001332", "constituency_name": "Lewisham North", "Main party name": "Labour", "Main party abbreviation": "Lab", "Election result summary": "Lab hold", "Election URL": "https://electionresults.parliament.uk/elections/3586" }, "geometry": { "type": "MultiPolygon", "coordinates": [ [ [ [ -0.538247021342783, 51.896386074569342 ], [ -0.44748457139966, 51.99329041563827 ], [ -0.265959671513413, 51.99329041563827 ], [ -0.17519722157029, 51.896386074569342 ], [ -0.265959671513413, 51.79927228684258 ], [ -0.44748457139966, 51.79927228684258 ], [ -0.538247021342783, 51.896386074569342 ] ] ] ] } },
{ "type": "Feature", "properties": { "constituency_id": "E14001331", "constituency_name": "Lewisham East", "Main party name": "Labour", "Main party abbreviation": "Lab", "Election result summary": "Lab hold", "Election URL": "https://electionresults.parliament.uk/elections/3585" }, "geometry": { "type": "MultiPolygon", "coordinates": [ [ [ [ -0.538247021342783, 51.701948879363918 ], [ -0.44748457139966, 51.79927228684258 ], [ -0.265959671513413, 51.79927228684258 ], [ -0.17519722157029, 51.701948879363918 ], [ -0.265959671513413, 51.604415681082358 ], [ -0.44748457139966, 51.604415681082358 ], [ -0.538247021342783, 51.701948879363918 ] ] ] ] } },
{ "type": "Feature", "properties": { "constituency_id": "E14001083", "constituency_name": "Beckenham and Penge", "Main party name": "Labour", "Main party abbreviation": "Lab", "Election result summary": "Lab hold", "Election URL": "https://electionresults.parliament.uk/elections/3284" }, "geometry": { "type": "MultiPolygon", "coordinates": [ [ [ [ -0.538247021342783, 51.506672523007225 ], [ -0.44748457139966, 51.604415681082358 ], [ -0.265959671513413, 51.604415681082358 ], [ -0.17519722157029, 51.506672523007225 ], [ -0.265959671513413, 51.408719238225579 ], [ -0.44748457139966, 51.408719238225579 ], [ -0.538247021342783, 51.506672523007225 ] ] ] ] } },
{ "type": "Feature", "properties": { "constituency_id": "E14001137", "constituency_name": "Bromley and Biggin Hill", "Main party name": "Conservative", "Main party abbreviation": "Con", "Election result summary": "Con hold", "Election URL": "https://electionresults.parliament.uk/elections/3346" }, "geometry": { "type": "MultiPolygon", "coordinates": [ [ [ [ -0.538247021342783, 51.310555661919615 ], [ -0.44748457139966, 51.408719238225579 ], [ -0.265959671513413, 51.408719238225579 ], [ -0.17519722157029, 51.310555661919615 ], [ -0.265959671513413, 51.212181631384112 ], [ -0.44748457139966, 51.212181631384112 ], [ -0.538247021342783, 51.310555661919615 ] ] ] ] } },
{ "type": "Feature", "properties": { "constituency_id": "E14001227", "constituency_name": "Epsom and Ewell", "Main party name": "Liberal Democrat", "Main party abbreviation": "LD", "Election result summary": "LD gain from Con", "Election URL": "https://electionresults.parliament.uk/elections/3464" }, "geometry": { "type": "MultiPolygon", "coordinates": [ [ [ [ -0.538247021342783, 51.113596986044008 ], [ -0.44748457139966, 51.212181631384112 ], [ -0.265959671513413, 51.212181631384112 ], [ -0.17519722157029, 51.113596986044008 ], [ -0.265959671513413, 51.014801567471935 ], [ -0.44748457139966, 51.014801567471935 ], [ -0.538247021342783, 51.113596986044008 ] ] ] ] } },
{ "type": "Feature", "properties": { "constituency_id": "E14001258", "constituency_name": "Guildford", "Main party name": "Liberal Democrat", "Main party abbreviation": "LD", "Election result summary": "LD gain from Con", "Election URL": "https://electionresults.parliament.uk/elections/3507" }, "geometry": { "type": "MultiPolygon", "coordinates": [ [ [ [ -0.538247021342783, 50.915795219405837 ], [ -0.44748457139966, 51.014801567471935 ], [ -0.265959671513413, 51.014801567471935 ], [ -0.17519722157029, 50.915795219405837 ], [ -0.265959671513413, 50.816577787766647 ], [ -0.44748457139966, 50.816577787766647 ], [ -0.538247021342783, 50.915795219405837 ] ] ] ] } },
{ "type": "Feature", "properties": { "constituency_id": "E14001599", "constituency_name": "Worthing West", "Main party name": "Labour", "Main party abbreviation": "Lab", "Election result summary": "Lab gain from Con", "Election URL": "https://electionresults.parliament.uk/elections/3892" }, "geometry": { "type": "MultiPolygon", "coordinates": [ [ [ [ -0.538247021342783, 50.717149120676005 ], [ -0.44748457139966, 50.816577787766647 ], [ -0.265959671513413, 50.816577787766647 ], [ -0.17519722157029, 50.717149120676005 ], [ -0.265959671513413, 50.617509068474007 ], [ -0.44748457139966, 50.617509068474007 ], [ -0.538247021342783, 50.717149120676005 ] ] ] ] } },
{ "type": "Feature", "properties": { "constituency_id": "E14001127", "constituency_name": "Bridlington and The Wolds", "Main party name": "Conservative", "Main party abbreviation": "Con", "Election result summary": "Con hold", "Election URL": "https://electionresults.parliament.uk/elections/3336" }, "geometry": { "type": "MultiPolygon", "coordinates": [ [ [ [ -0.265959671513412, 54.98477786022174 ], [ -0.175197221570289, 55.074879942807421 ], [ 0.006327678315957, 55.074879942807421 ], [ 0.097090128259081, 54.98477786022174 ], [ 0.006327678315957, 54.894473079143232 ], [ -0.175197221570289, 54.894473079143232 ], [ -0.265959671513412, 54.98477786022174 ] ] ] ] } },
{ "type": "Feature", "properties": { "constituency_id": "E14001605", "constituency_name": "York Outer", "Main party name": "Labour", "Main party abbreviation": "Lab", "Election result summary": "Lab gain from Con", "Election URL": "https://electionresults.parliament.uk/elections/3900" }, "geometry": { "type": "MultiPolygon", "coordinates": [ [ [ [ -0.265959671513412, 54.803965368405159 ], [ -0.175197221570289, 54.894473079143232 ], [ 0.006327678315957, 54.894473079143232 ], [ 0.097090128259081, 54.803965368405159 ], [ 0.006327678315957, 54.713254498344575 ], [ -0.175197221570289, 54.713254498344575 ], [ -0.265959671513412, 54.803965368405159 ] ] ] ] } },
{ "type": "Feature", "properties": { "constituency_id": "E14001314", "constituency_name": "Kingston upon Hull North and Cottingham", "Main party name": "Labour", "Main party abbreviation": "Lab", "Election result summary": "Lab hold", "Election URL": "https://electionresults.parliament.uk/elections/3567" }, "geometry": { "type": "MultiPolygon", "coordinates": [ [ [ [ -0.265959671513412, 54.622340240817586 ], [ -0.175197221570289, 54.713254498344575 ], [ 0.006327678315957, 54.713254498344575 ], [ 0.097090128259081, 54.622340240817586 ], [ 0.006327678315957, 54.531222369214881 ], [ -0.175197221570289, 54.531222369214881 ], [ -0.265959671513412, 54.622340240817586 ] ] ] ] } },
{ "type": "Feature", "properties": { "constituency_id": "E14001315", "constituency_name": "Kingston upon Hull West and Haltemprice", "Main party name": "Labour", "Main party abbreviation": "Lab", "Election result summary": "Lab gain from Con", "Election URL": "https://electionresults.parliament.uk/elections/3568" }, "geometry": { "type": "MultiPolygon", "coordinates": [ [ [ [ -0.265959671513412, 54.439900658477114 ], [ -0.175197221570289, 54.531222369214881 ], [ 0.006327678315957, 54.531222369214881 ], [ 0.097090128259081, 54.439900658477114 ], [ 0.006327678315957, 54.348374885110502 ], [ -0.175197221570289, 54.348374885110502 ], [ -0.265959671513412, 54.439900658477114 ] ] ] ] } },
{ "type": "Feature", "properties": { "constituency_id": "E14001250", "constituency_name": "Goole and Pocklington", "Main party name": "Conservative", "Main party abbreviation": "Con", "Election result summary": "Con hold", "Election URL": "https://electionresults.parliament.uk/elections/3497" }, "geometry": { "type": "MultiPolygon", "coordinates": [ [ [ [ -0.265959671513412, 54.256644827202436 ], [ -0.175197221570289, 54.348374885110502 ], [ 0.006327678315957, 54.348374885110502 ], [ 0.097090128259081, 54.256644827202436 ], [ 0.006327678315957, 54.16471026443709 ], [ -0.175197221570289, 54.16471026443709 ], [ -0.265959671513412, 54.256644827202436 ] ] ] ] } },
{ "type": "Feature", "properties": { "constituency_id": "E14001243", "constituency_name": "Gainsborough", "Main party name": "Conservative", "Main party abbreviation": "Con", "Election result summary": "Con hold", "Election URL": "https://electionresults.parliament.uk/elections/3483" }, "geometry": { "type": "MultiPolygon", "coordinates": [ [ [ [ -0.265959671513412, 54.072570978111266 ], [ -0.175197221570289, 54.16471026443709 ], [ 0.006327678315957, 54.16471026443709 ], [ 0.097090128259081, 54.072570978111266 ], [ 0.006327678315957, 53.980226751150099 ], [ -0.175197221570289, 53.980226751150099 ], [ -0.265959671513412, 54.072570978111266 ] ] ] ] } },
{ "type": "Feature", "properties": { "constituency_id": "E14001336", "constituency_name": "Lincoln", "Main party name": "Labour", "Main party abbreviation": "Lab", "Election result summary": "Lab gain from Con", "Election URL": "https://electionresults.parliament.uk/elections/3590" }, "geometry": { "type": "MultiPolygon", "coordinates": [ [ [ [ -0.265959671513412, 53.887677368122986 ], [ -0.175197221570289, 53.980226751150099 ], [ 0.006327678315957, 53.980226751150099 ], [ 0.097090128259081, 53.887677368122986 ], [ 0.006327678315957, 53.794922615259459 ], [ -0.175197221570289, 53.794922615259459 ], [ -0.265959671513412, 53.887677368122986 ] ] ] ] } },
{ "type": "Feature", "properties": { "constituency_id": "E14001476", "constituency_name": "Sleaford and North Hykeham", "Main party name": "Conservative", "Main party abbreviation": "Con", "Election result summary": "Con hold", "Election URL": "https://electionresults.parliament.uk/elections/3758" }, "geometry": { "type": "MultiPolygon", "coordinates": [ [ [ [ -0.265959671513412, 53.701962280465231 ], [ -0.175197221570289, 53.794922615259459 ], [ 0.006327678315957, 53.794922615259459 ], [ 0.097090128259081, 53.701962280465231 ], [ 0.006327678315957, 53.608796153338226 ], [ -0.175197221570289, 53.608796153338226 ], [ -0.265959671513412, 53.701962280465231 ] ] ] ] } },
{ "type": "Feature", "properties": { "constituency_id": "E14001253", "constituency_name": "Grantham and Bourne", "Main party name": "Conservative", "Main party abbreviation": "Con", "Election result summary": "Con hold", "Election URL": "https://electionresults.parliament.uk/elections/3502" }, "geometry": { "type": "MultiPolygon", "coordinates": [ [ [ [ -0.265959671513412, 53.515424025184686 ], [ -0.175197221570289, 53.608796153338226 ], [ 0.006327678315957, 53.608796153338226 ], [ 0.097090128259081, 53.515424025184686 ], [ 0.006327678315957, 53.421845689035351 ], [ -0.175197221570289, 53.421845689035351 ], [ -0.265959671513412, 53.515424025184686 ] ] ] ] } },
{ "type": "Feature", "properties": { "constituency_id": "E14001458", "constituency_name": "Rutland and Stamford", "Main party name": "Conservative", "Main party abbreviation": "Con", "Election result summary": "Con hold", "Election URL": "https://electionresults.parliament.uk/elections/3740" }, "geometry": { "type": "MultiPolygon", "coordinates": [ [ [ [ -0.265959671513412, 53.328060939661697 ], [ -0.175197221570289, 53.421845689035351 ], [ 0.006327678315957, 53.421845689035351 ], [ 0.097090128259081, 53.328060939661697 ], [ 0.006327678315957, 53.234069573592272 ], [ -0.175197221570289, 53.234069573592272 ], [ -0.265959671513412, 53.328060939661697 ] ] ] ] } },
{ "type": "Feature", "properties": { "constituency_id": "E14001401", "constituency_name": "North West Cambridgeshire", "Main party name": "Labour", "Main party abbreviation": "Lab", "Election result summary": "Lab gain from Con", "Election URL": "https://electionresults.parliament.uk/elections/3676" }, "geometry": { "type": "MultiPolygon", "coordinates": [ [ [ [ -0.265959671513412, 53.139871389128984 ], [ -0.175197221570289, 53.234069573592272 ], [ 0.006327678315957, 53.234069573592272 ], [ 0.097090128259081, 53.139871389128984 ], [ 0.006327678315957, 53.045466186363591 ], [ -0.175197221570289, 53.045466186363591 ], [ -0.265959671513412, 53.139871389128984 ] ] ] ] } },
{ "type": "Feature", "properties": { "constituency_id": "E14001298", "constituency_name": "Huntingdon", "Main party name": "Conservative", "Main party abbreviation": "Con", "Election result summary": "Con hold", "Election URL": "https://electionresults.parliament.uk/elections/3548" }, "geometry": { "type": "MultiPolygon", "coordinates": [ [ [ [ -0.265959671513412, 52.950853767194133 ], [ -0.175197221570289, 53.045466186363591 ], [ 0.006327678315957, 53.045466186363591 ], [ 0.097090128259081, 52.950853767194133 ], [ 0.006327678315957, 52.856033935341522 ], [ -0.175197221570289, 52.856033935341522 ], [ -0.265959671513412, 52.950853767194133 ] ] ] ] } },
{ "type": "Feature", "properties": { "constituency_id": "E14001221", "constituency_name": "Edmonton and Winchmore Hill", "Main party name": "Labour", "Main party abbreviation": "Lab", "Election result summary": "Lab hold", "Election URL": "https://electionresults.parliament.uk/elections/3458" }, "geometry": { "type": "MultiPolygon", "coordinates": [ [ [ [ -0.265959671513412, 52.761006496366051 ], [ -0.175197221570289, 52.856033935341522 ], [ 0.006327678315957, 52.856033935341522 ], [ 0.097090128259081, 52.761006496366051 ], [ 0.006327678315957, 52.665771257684156 ], [ -0.175197221570289, 52.665771257684156 ], [ -0.265959671513412, 52.761006496366051 ] ] ] ] } },
{ "type": "Feature", "properties": { "constituency_id": "E14001563", "constituency_name": "Walthamstow", "Main party name": "Labour", "Main party abbreviation": "Lab", "Election result summary": "Lab hold", "Election URL": "https://electionresults.parliament.uk/elections/3853" }, "geometry": { "type": "MultiPolygon", "coordinates": [ [ [ [ -0.265959671513412, 52.570328028585067 ], [ -0.175197221570289, 52.665771257684156 ], [ 0.006327678315957, 52.665771257684156 ], [ 0.097090128259081, 52.570328028585067 ], [ 0.006327678315957, 52.474676620247592 ], [ -0.175197221570289, 52.474676620247592 ], [ -0.265959671513412, 52.570328028585067 ] ] ] ] } },
{ "type": "Feature", "properties": { "constituency_id": "E14001334", "constituency_name": "Leyton and Wanstead", "Main party name": "Labour", "Main party abbreviation": "Lab", "Election result summary": "Lab hold", "Election URL": "https://electionresults.parliament.uk/elections/3588" }, "geometry": { "type": "MultiPolygon", "coordinates": [ [ [ [ -0.265959671513412, 52.37881684575693 ], [ -0.175197221570289, 52.474676620247592 ], [ 0.006327678315957, 52.474676620247592 ], [ 0.097090128259081, 52.37881684575693 ], [ 0.006327678315957, 52.282748520121601 ], [ -0.175197221570289, 52.282748520121601 ], [ -0.265959671513412, 52.37881684575693 ] ] ] ] } },
{ "type": "Feature", "properties": { "constituency_id": "E14001213", "constituency_name": "East Ham", "Main party name": "Labour", "Main party abbreviation": "Lab", "Election result summary": "Lab hold", "Election URL": "https://electionresults.parliament.uk/elections/3442" }, "geometry": { "type": "MultiPolygon", "coordinates": [ [ [ [ -0.265959671513412, 52.186471460290349 ], [ -0.175197221570289, 52.282748520121601 ], [ 0.006327678315957, 52.282748520121601 ], [ 0.097090128259081, 52.186471460290349 ], [ 0.006327678315957, 52.089985485169159 ], [ -0.175197221570289, 52.089985485169159 ], [ -0.265959671513412, 52.186471460290349 ] ] ] ] } },
{ "type": "Feature", "properties": { "constituency_id": "E14001576", "constituency_name": "West Ham and Beckton", "Main party name": "Labour", "Main party abbreviation": "Lab", "Election result summary": "Lab hold", "Election URL": "https://electionresults.parliament.uk/elections/3868" }, "geometry": { "type": "MultiPolygon", "coordinates": [ [ [ [ -0.265959671513412, 51.99329041563827 ], [ -0.175197221570289, 52.089985485169159 ], [ 0.006327678315957, 52.089985485169159 ], [ 0.097090128259081, 51.99329041563827 ], [ 0.006327678315957, 51.896386074569342 ], [ -0.175197221570289, 51.896386074569342 ], [ -0.265959671513412, 51.99329041563827 ] ] ] ] } },
{ "type": "Feature", "properties": { "constituency_id": "E14001257", "constituency_name": "Greenwich and Woolwich", "Main party name": "Labour", "Main party abbreviation": "Lab", "Election result summary": "Lab hold", "Election URL": "https://electionresults.parliament.uk/elections/3506" }, "geometry": { "type": "MultiPolygon", "coordinates": [ [ [ [ -0.265959671513412, 51.79927228684258 ], [ -0.175197221570289, 51.896386074569342 ], [ 0.006327678315957, 51.896386074569342 ], [ 0.097090128259081, 51.79927228684258 ], [ 0.006327678315957, 51.701948879363918 ], [ -0.175197221570289, 51.701948879363918 ], [ -0.265959671513412, 51.79927228684258 ] ] ] ] } },
{ "type": "Feature", "properties": { "constituency_id": "E14001223", "constituency_name": "Eltham and Chislehurst", "Main party name": "Labour", "Main party abbreviation": "Lab", "Election result summary": "Lab gain from Con", "Election URL": "https://electionresults.parliament.uk/elections/3460" }, "geometry": { "type": "MultiPolygon", "coordinates": [ [ [ [ -0.265959671513412, 51.604415681082358 ], [ -0.175197221570289, 51.701948879363918 ], [ 0.006327678315957, 51.701948879363918 ], [ 0.097090128259081, 51.604415681082358 ], [ 0.006327678315957, 51.506672523007225 ], [ -0.175197221570289, 51.506672523007225 ], [ -0.265959671513412, 51.604415681082358 ] ] ] ] } },
{ "type": "Feature", "properties": { "constituency_id": "E14001417", "constituency_name": "Orpington", "Main party name": "Conservative", "Main party abbreviation": "Con", "Election result summary": "Con hold", "Election URL": "https://electionresults.parliament.uk/elections/3693" }, "geometry": { "type": "MultiPolygon", "coordinates": [ [ [ [ -0.265959671513412, 51.408719238225579 ], [ -0.175197221570289, 51.506672523007225 ], [ 0.006327678315957, 51.506672523007225 ], [ 0.097090128259081, 51.408719238225579 ], [ 0.006327678315957, 51.310555661919615 ], [ -0.175197221570289, 51.310555661919615 ], [ -0.265959671513412, 51.408719238225579 ] ] ] ] } },
{ "type": "Feature", "properties": { "constituency_id": "E14001442", "constituency_name": "Reigate", "Main party name": "Conservative", "Main party abbreviation": "Con", "Election result summary": "Con hold", "Election URL": "https://electionresults.parliament.uk/elections/3722" }, "geometry": { "type": "MultiPolygon", "coordinates": [ [ [ [ -0.265959671513412, 51.212181631384112 ], [ -0.175197221570289, 51.310555661919615 ], [ 0.006327678315957, 51.310555661919615 ], [ 0.097090128259081, 51.212181631384112 ], [ 0.006327678315957, 51.113596986044008 ], [ -0.175197221570289, 51.113596986044008 ], [ -0.265959671513412, 51.212181631384112 ] ] ] ] } },
{ "type": "Feature", "properties": { "constituency_id": "E14001201", "constituency_name": "Dorking and Horley", "Main party name": "Liberal Democrat", "Main party abbreviation": "LD", "Election result summary": "LD gain from Con", "Election URL": "https://electionresults.parliament.uk/elections/3424" }, "geometry": { "type": "MultiPolygon", "coordinates": [ [ [ [ -0.265959671513412, 51.014801567471935 ], [ -0.175197221570289, 51.113596986044008 ], [ 0.006327678315957, 51.113596986044008 ], [ 0.097090128259081, 51.014801567471935 ], [ 0.006327678315957, 50.915795219405837 ], [ -0.175197221570289, 50.915795219405837 ], [ -0.265959671513412, 51.014801567471935 ] ] ] ] } },
{ "type": "Feature", "properties": { "constituency_id": "E14001218", "constituency_name": "East Worthing and Shoreham", "Main party name": "Labour", "Main party abbreviation": "Lab", "Election result summary": "Lab gain from Con", "Election URL": "https://electionresults.parliament.uk/elections/3450" }, "geometry": { "type": "MultiPolygon", "coordinates": [ [ [ [ -0.265959671513412, 50.816577787766647 ], [ -0.175197221570289, 50.915795219405837 ], [ 0.006327678315957, 50.915795219405837 ], [ 0.097090128259081, 50.816577787766647 ], [ 0.006327678315957, 50.717149120676005 ], [ -0.175197221570289, 50.717149120676005 ], [ -0.265959671513412, 50.816577787766647 ] ] ] ] } },
{ "type": "Feature", "properties": { "constituency_id": "E14001087", "constituency_name": "Beverley and Holderness", "Main party name": "Conservative", "Main party abbreviation": "Con", "Election result summary": "Con hold", "Election URL": "https://electionresults.parliament.uk/elections/3293" }, "geometry": { "type": "MultiPolygon", "coordinates": [ [ [ [ 0.006327678315956, 54.894473079143232 ], [ 0.097090128259079, 54.98477786022174 ], [ 0.278615028145326, 54.98477786022174 ], [ 0.369377478088449, 54.894473079143232 ], [ 0.278615028145326, 54.803965368405159 ], [ 0.097090128259079, 54.803965368405159 ], [ 0.006327678315956, 54.894473079143232 ] ] ] ] } },
{ "type": "Feature", "properties": { "constituency_id": "E14001313", "constituency_name": "Kingston upon Hull East", "Main party name": "Labour", "Main party abbreviation": "Lab", "Election result summary": "Lab hold", "Election URL": "https://electionresults.parliament.uk/elections/3566" }, "geometry": { "type": "MultiPolygon", "coordinates": [ [ [ [ 0.006327678315956, 54.713254498344575 ], [ 0.097090128259079, 54.803965368405159 ], [ 0.278615028145326, 54.803965368405159 ], [ 0.369377478088449, 54.713254498344575 ], [ 0.278615028145326, 54.622340240817586 ], [ 0.097090128259079, 54.622340240817586 ], [ 0.006327678315956, 54.713254498344575 ] ] ] ] } },
{ "type": "Feature", "properties": { "constituency_id": "E14001462", "constituency_name": "Scunthorpe", "Main party name": "Labour", "Main party abbreviation": "Lab", "Election result summary": "Lab gain from Con", "Election URL": "https://electionresults.parliament.uk/elections/3744" }, "geometry": { "type": "MultiPolygon", "coordinates": [ [ [ [ 0.006327678315956, 54.16471026443709 ], [ 0.097090128259079, 54.256644827202436 ], [ 0.278615028145326, 54.256644827202436 ], [ 0.369377478088449, 54.16471026443709 ], [ 0.278615028145326, 54.072570978111266 ], [ 0.097090128259079, 54.072570978111266 ], [ 0.006327678315956, 54.16471026443709 ] ] ] ] } },
{ "type": "Feature", "properties": { "constituency_id": "E14001128", "constituency_name": "Brigg and Immingham", "Main party name": "Conservative", "Main party abbreviation": "Con", "Election result summary": "Con hold", "Election URL": "https://electionresults.parliament.uk/elections/3337" }, "geometry": { "type": "MultiPolygon", "coordinates": [ [ [ [ 0.006327678315956, 53.980226751150099 ], [ 0.097090128259079, 54.072570978111266 ], [ 0.278615028145326, 54.072570978111266 ], [ 0.369377478088449, 53.980226751150099 ], [ 0.278615028145326, 53.887677368122986 ], [ 0.097090128259079, 53.887677368122986 ], [ 0.006327678315956, 53.980226751150099 ] ] ] ] } },
{ "type": "Feature", "properties": { "constituency_id": "E14001255", "constituency_name": "Great Grimsby and Cleethorpes", "Main party name": "Labour", "Main party abbreviation": "Lab", "Election result summary": "Lab gain from Con", "Election URL": "https://electionresults.parliament.uk/elections/3504" }, "geometry": { "type": "MultiPolygon", "coordinates": [ [ [ [ 0.006327678315956, 53.794922615259459 ], [ 0.097090128259079, 53.887677368122986 ], [ 0.278615028145326, 53.887677368122986 ], [ 0.369377478088449, 53.794922615259459 ], [ 0.278615028145326, 53.701962280465231 ], [ 0.097090128259079, 53.701962280465231 ], [ 0.006327678315956, 53.794922615259459 ] ] ] ] } },
{ "type": "Feature", "properties": { "constituency_id": "E14001343", "constituency_name": "Louth and Horncastle", "Main party name": "Conservative", "Main party abbreviation": "Con", "Election result summary": "Con hold", "Election URL": "https://electionresults.parliament.uk/elections/3600" }, "geometry": { "type": "MultiPolygon", "coordinates": [ [ [ [ 0.006327678315956, 53.608796153338226 ], [ 0.097090128259079, 53.701962280465231 ], [ 0.278615028145326, 53.701962280465231 ], [ 0.369377478088449, 53.608796153338226 ], [ 0.278615028145326, 53.515424025184686 ], [ 0.097090128259079, 53.515424025184686 ], [ 0.006327678315956, 53.608796153338226 ] ] ] ] } },
{ "type": "Feature", "properties": { "constituency_id": "E14001114", "constituency_name": "Boston and Skegness", "Main party name": "Reform UK", "Main party abbreviation": "RUK", "Election result summary": "RUK gain from Con", "Election URL": "https://electionresults.parliament.uk/elections/3321" }, "geometry": { "type": "MultiPolygon", "coordinates": [ [ [ [ 0.006327678315956, 53.421845689035351 ], [ 0.097090128259079, 53.515424025184686 ], [ 0.278615028145326, 53.515424025184686 ], [ 0.369377478088449, 53.421845689035351 ], [ 0.278615028145326, 53.328060939661697 ], [ 0.097090128259079, 53.328060939661697 ], [ 0.006327678315956, 53.421845689035351 ] ] ] ] } },
{ "type": "Feature", "properties": { "constituency_id": "E14001487", "constituency_name": "South Holland and The Deepings", "Main party name": "Conservative", "Main party abbreviation": "Con", "Election result summary": "Con hold", "Election URL": "https://electionresults.parliament.uk/elections/3771" }, "geometry": { "type": "MultiPolygon", "coordinates": [ [ [ [ 0.006327678315956, 53.234069573592272 ], [ 0.097090128259079, 53.328060939661697 ], [ 0.278615028145326, 53.328060939661697 ], [ 0.369377478088449, 53.234069573592272 ], [ 0.278615028145326, 53.139871389128984 ], [ 0.097090128259079, 53.139871389128984 ], [ 0.006327678315956, 53.234069573592272 ] ] ] ] } },
{ "type": "Feature", "properties": { "constituency_id": "E14001425", "constituency_name": "Peterborough", "Main party name": "Labour", "Main party abbreviation": "Lab", "Election result summary": "Lab gain from Con", "Election URL": "https://electionresults.parliament.uk/elections/3704" }, "geometry": { "type": "MultiPolygon", "coordinates": [ [ [ [ 0.006327678315956, 53.045466186363591 ], [ 0.097090128259079, 53.139871389128984 ], [ 0.278615028145326, 53.139871389128984 ], [ 0.369377478088449, 53.045466186363591 ], [ 0.278615028145326, 52.950853767194133 ], [ 0.097090128259079, 52.950853767194133 ], [ 0.006327678315956, 53.045466186363591 ] ] ] ] } },
{ "type": "Feature", "properties": { "constituency_id": "E14001512", "constituency_name": "St Neots and Mid Cambridgeshire", "Main party name": "Liberal Democrat", "Main party abbreviation": "LD", "Election result summary": "LD gain from Con", "Election URL": "https://electionresults.parliament.uk/elections/3796" }, "geometry": { "type": "MultiPolygon", "coordinates": [ [ [ [ 0.006327678315956, 52.856033935341522 ], [ 0.097090128259079, 52.950853767194133 ], [ 0.278615028145326, 52.950853767194133 ], [ 0.369377478088449, 52.856033935341522 ], [ 0.278615028145326, 52.761006496366051 ], [ 0.097090128259079, 52.761006496366051 ], [ 0.006327678315956, 52.856033935341522 ] ] ] ] } },
{ "type": "Feature", "properties": { "constituency_id": "E14001149", "constituency_name": "Cambridge", "Main party name": "Labour", "Main party abbreviation": "Lab", "Election result summary": "Lab hold", "Election URL": "https://electionresults.parliament.uk/elections/3361" }, "geometry": { "type": "MultiPolygon", "coordinates": [ [ [ [ 0.006327678315956, 52.665771257684156 ], [ 0.097090128259079, 52.761006496366051 ], [ 0.278615028145326, 52.761006496366051 ], [ 0.369377478088449, 52.665771257684156 ], [ 0.278615028145326, 52.570328028585067 ], [ 0.097090128259079, 52.570328028585067 ], [ 0.006327678315956, 52.665771257684156 ] ] ] ] } },
{ "type": "Feature", "properties": { "constituency_id": "E14001167", "constituency_name": "Chingford and Woodford Green", "Main party name": "Conservative", "Main party abbreviation": "Con", "Election result summary": "Con hold", "Election URL": "https://electionresults.parliament.uk/elections/3385" }, "geometry": { "type": "MultiPolygon", "coordinates": [ [ [ [ 0.006327678315956, 52.474676620247592 ], [ 0.097090128259079, 52.570328028585067 ], [ 0.278615028145326, 52.570328028585067 ], [ 0.369377478088449, 52.474676620247592 ], [ 0.278615028145326, 52.37881684575693 ], [ 0.097090128259079, 52.37881684575693 ], [ 0.006327678315956, 52.474676620247592 ] ] ] ] } },
{ "type": "Feature", "properties": { "constituency_id": "E14001300", "constituency_name": "Ilford North", "Main party name": "Labour", "Main party abbreviation": "Lab", "Election result summary": "Lab hold", "Election URL": "https://electionresults.parliament.uk/elections/3550" }, "geometry": { "type": "MultiPolygon", "coordinates": [ [ [ [ 0.006327678315956, 52.282748520121601 ], [ 0.097090128259079, 52.37881684575693 ], [ 0.278615028145326, 52.37881684575693 ], [ 0.369377478088449, 52.282748520121601 ], [ 0.278615028145326, 52.186471460290349 ], [ 0.097090128259079, 52.186471460290349 ], [ 0.006327678315956, 52.282748520121601 ] ] ] ] } },
{ "type": "Feature", "properties": { "constituency_id": "E14001301", "constituency_name": "Ilford South", "Main party name": "Labour", "Main party abbreviation": "Lab", "Election result summary": "Lab hold", "Election URL": "https://electionresults.parliament.uk/elections/3551" }, "geometry": { "type": "MultiPolygon", "coordinates": [ [ [ [ 0.006327678315956, 52.089985485169159 ], [ 0.097090128259079, 52.186471460290349 ], [ 0.278615028145326, 52.186471460290349 ], [ 0.369377478088449, 52.089985485169159 ], [ 0.278615028145326, 51.99329041563827 ], [ 0.097090128259079, 51.99329041563827 ], [ 0.006327678315956, 52.089985485169159 ] ] ] ] } },
{ "type": "Feature", "properties": { "constituency_id": "E14001073", "constituency_name": "Barking", "Main party name": "Labour", "Main party abbreviation": "Lab", "Election result summary": "Lab hold", "Election URL": "https://electionresults.parliament.uk/elections/3273" }, "geometry": { "type": "MultiPolygon", "coordinates": [ [ [ [ 0.006327678315956, 51.896386074569342 ], [ 0.097090128259079, 51.99329041563827 ], [ 0.278615028145326, 51.99329041563827 ], [ 0.369377478088449, 51.896386074569342 ], [ 0.278615028145326, 51.79927228684258 ], [ 0.097090128259079, 51.79927228684258 ], [ 0.006327678315956, 51.896386074569342 ] ] ] ] } },
{ "type": "Feature", "properties": { "constituency_id": "E14001229", "constituency_name": "Erith and Thamesmead", "Main party name": "Labour", "Main party abbreviation": "Lab", "Election result summary": "Lab hold", "Election URL": "https://electionresults.parliament.uk/elections/3466" }, "geometry": { "type": "MultiPolygon", "coordinates": [ [ [ [ 0.006327678315956, 51.701948879363918 ], [ 0.097090128259079, 51.79927228684258 ], [ 0.278615028145326, 51.79927228684258 ], [ 0.369377478088449, 51.701948879363918 ], [ 0.278615028145326, 51.604415681082358 ], [ 0.097090128259079, 51.604415681082358 ], [ 0.006327678315956, 51.701948879363918 ] ] ] ] } },
{ "type": "Feature", "properties": { "constituency_id": "E14001414", "constituency_name": "Old Bexley and Sidcup", "Main party name": "Conservative", "Main party abbreviation": "Con", "Election result summary": "Con hold", "Election URL": "https://electionresults.parliament.uk/elections/3689" }, "geometry": { "type": "MultiPolygon", "coordinates": [ [ [ [ 0.006327678315956, 51.506672523007225 ], [ 0.097090128259079, 51.604415681082358 ], [ 0.278615028145326, 51.604415681082358 ], [ 0.369377478088449, 51.506672523007225 ], [ 0.278615028145326, 51.408719238225579 ], [ 0.097090128259079, 51.408719238225579 ], [ 0.006327678315956, 51.506672523007225 ] ] ] ] } },
{ "type": "Feature", "properties": { "constituency_id": "E14001215", "constituency_name": "East Surrey", "Main party name": "Conservative", "Main party abbreviation": "Con", "Election result summary": "Con hold", "Election URL": "https://electionresults.parliament.uk/elections/3447" }, "geometry": { "type": "MultiPolygon", "coordinates": [ [ [ [ 0.006327678315956, 51.310555661919615 ], [ 0.097090128259079, 51.408719238225579 ], [ 0.278615028145326, 51.408719238225579 ], [ 0.369377478088449, 51.310555661919615 ], [ 0.278615028145326, 51.212181631384112 ], [ 0.097090128259079, 51.212181631384112 ], [ 0.006327678315956, 51.310555661919615 ] ] ] ] } },
{ "type": "Feature", "properties": { "constituency_id": "E14001294", "constituency_name": "Horsham", "Main party name": "Liberal Democrat", "Main party abbreviation": "LD", "Election result summary": "LD gain from Con", "Election URL": "https://electionresults.parliament.uk/elections/3544" }, "geometry": { "type": "MultiPolygon", "coordinates": [ [ [ [ 0.006327678315956, 51.113596986044008 ], [ 0.097090128259079, 51.212181631384112 ], [ 0.278615028145326, 51.212181631384112 ], [ 0.369377478088449, 51.113596986044008 ], [ 0.278615028145326, 51.014801567471935 ], [ 0.097090128259079, 51.014801567471935 ], [ 0.006327678315956, 51.113596986044008 ] ] ] ] } },
{ "type": "Feature", "properties": { "constituency_id": "E14001366", "constituency_name": "Mid Sussex", "Main party name": "Liberal Democrat", "Main party abbreviation": "LD", "Election result summary": "LD gain from Con", "Election URL": "https://electionresults.parliament.uk/elections/3626" }, "geometry": { "type": "MultiPolygon", "coordinates": [ [ [ [ 0.006327678315956, 50.915795219405837 ], [ 0.097090128259079, 51.014801567471935 ], [ 0.278615028145326, 51.014801567471935 ], [ 0.369377478088449, 50.915795219405837 ], [ 0.278615028145326, 50.816577787766647 ], [ 0.097090128259079, 50.816577787766647 ], [ 0.006327678315956, 50.915795219405837 ] ] ] ] } },
{ "type": "Feature", "properties": { "constituency_id": "E14001296", "constituency_name": "Hove and Portslade", "Main party name": "Labour", "Main party abbreviation": "Lab", "Election result summary": "Lab hold", "Election URL": "https://electionresults.parliament.uk/elections/3546" }, "geometry": { "type": "MultiPolygon", "coordinates": [ [ [ [ 0.006327678315956, 50.717149120676005 ], [ 0.097090128259079, 50.816577787766647 ], [ 0.278615028145326, 50.816577787766647 ], [ 0.369377478088449, 50.717149120676005 ], [ 0.278615028145326, 50.617509068474007 ], [ 0.097090128259079, 50.617509068474007 ], [ 0.006327678315956, 50.717149120676005 ] ] ] ] } },
{ "type": "Feature", "properties": { "constituency_id": "E14001405", "constituency_name": "North West Norfolk", "Main party name": "Conservative", "Main party abbreviation": "Con", "Election result summary": "Con hold", "Election URL": "https://electionresults.parliament.uk/elections/3680" }, "geometry": { "type": "MultiPolygon", "coordinates": [ [ [ [ 0.278615028145326, 53.139871389128984 ], [ 0.36937747808845, 53.234069573592272 ], [ 0.550902377974696, 53.234069573592272 ], [ 0.641664827917819, 53.139871389128984 ], [ 0.550902377974696, 53.045466186363591 ], [ 0.36937747808845, 53.045466186363591 ], [ 0.278615028145326, 53.139871389128984 ] ] ] ] } },
{ "type": "Feature", "properties": { "constituency_id": "E14001390", "constituency_name": "North East Cambridgeshire", "Main party name": "Conservative", "Main party abbreviation": "Con", "Election result summary": "Con hold", "Election URL": "https://electionresults.parliament.uk/elections/3664" }, "geometry": { "type": "MultiPolygon", "coordinates": [ [ [ [ 0.278615028145326, 52.950853767194133 ], [ 0.36937747808845, 53.045466186363591 ], [ 0.550902377974696, 53.045466186363591 ], [ 0.641664827917819, 52.950853767194133 ], [ 0.550902377974696, 52.856033935341522 ], [ 0.36937747808845, 52.856033935341522 ], [ 0.278615028145326, 52.950853767194133 ] ] ] ] } },
{ "type": "Feature", "properties": { "constituency_id": "E14001224", "constituency_name": "Ely and East Cambridgeshire", "Main party name": "Liberal Democrat", "Main party abbreviation": "LD", "Election result summary": "LD gain from Con", "Election URL": "https://electionresults.parliament.uk/elections/3461" }, "geometry": { "type": "MultiPolygon", "coordinates": [ [ [ [ 0.278615028145326, 52.761006496366051 ], [ 0.36937747808845, 52.856033935341522 ], [ 0.550902377974696, 52.856033935341522 ], [ 0.641664827917819, 52.761006496366051 ], [ 0.550902377974696, 52.665771257684156 ], [ 0.36937747808845, 52.665771257684156 ], [ 0.278615028145326, 52.761006496366051 ] ] ] ] } },
{ "type": "Feature", "properties": { "constituency_id": "E14001481", "constituency_name": "South Cambridgeshire", "Main party name": "Liberal Democrat", "Main party abbreviation": "LD", "Election result summary": "LD gain from Con", "Election URL": "https://electionresults.parliament.uk/elections/3764" }, "geometry": { "type": "MultiPolygon", "coordinates": [ [ [ [ 0.278615028145326, 52.570328028585067 ], [ 0.36937747808845, 52.665771257684156 ], [ 0.550902377974696, 52.665771257684156 ], [ 0.641664827917819, 52.570328028585067 ], [ 0.550902377974696, 52.474676620247592 ], [ 0.36937747808845, 52.474676620247592 ], [ 0.278615028145326, 52.570328028585067 ] ] ] ] } },
{ "type": "Feature", "properties": { "constituency_id": "E14001226", "constituency_name": "Epping Forest", "Main party name": "Conservative", "Main party abbreviation": "Con", "Election result summary": "Con hold", "Election URL": "https://electionresults.parliament.uk/elections/3463" }, "geometry": { "type": "MultiPolygon", "coordinates": [ [ [ [ 0.278615028145326, 52.37881684575693 ], [ 0.36937747808845, 52.474676620247592 ], [ 0.550902377974696, 52.474676620247592 ], [ 0.641664827917819, 52.37881684575693 ], [ 0.550902377974696, 52.282748520121601 ], [ 0.36937747808845, 52.282748520121601 ], [ 0.278615028145326, 52.37881684575693 ] ] ] ] } },
{ "type": "Feature", "properties": { "constituency_id": "E14001448", "constituency_name": "Romford", "Main party name": "Conservative", "Main party abbreviation": "Con", "Election result summary": "Con hold", "Election URL": "https://electionresults.parliament.uk/elections/3729" }, "geometry": { "type": "MultiPolygon", "coordinates": [ [ [ [ 0.278615028145326, 52.186471460290349 ], [ 0.36937747808845, 52.282748520121601 ], [ 0.550902377974696, 52.282748520121601 ], [ 0.641664827917819, 52.186471460290349 ], [ 0.550902377974696, 52.089985485169159 ], [ 0.36937747808845, 52.089985485169159 ], [ 0.278615028145326, 52.186471460290349 ] ] ] ] } },
{ "type": "Feature", "properties": { "constituency_id": "E14001292", "constituency_name": "Hornchurch and Upminster", "Main party name": "Conservative", "Main party abbreviation": "Con", "Election result summary": "Con hold", "Election URL": "https://electionresults.parliament.uk/elections/3542" }, "geometry": { "type": "MultiPolygon", "coordinates": [ [ [ [ 0.278615028145326, 51.99329041563827 ], [ 0.36937747808845, 52.089985485169159 ], [ 0.550902377974696, 52.089985485169159 ], [ 0.641664827917819, 51.99329041563827 ], [ 0.550902377974696, 51.896386074569342 ], [ 0.36937747808845, 51.896386074569342 ], [ 0.278615028145326, 51.99329041563827 ] ] ] ] } },
{ "type": "Feature", "properties": { "constituency_id": "E14001189", "constituency_name": "Dagenham and Rainham", "Main party name": "Labour", "Main party abbreviation": "Lab", "Election result summary": "Lab hold", "Election URL": "https://electionresults.parliament.uk/elections/3412" }, "geometry": { "type": "MultiPolygon", "coordinates": [ [ [ [ 0.278615028145326, 51.79927228684258 ], [ 0.36937747808845, 51.896386074569342 ], [ 0.550902377974696, 51.896386074569342 ], [ 0.641664827917819, 51.79927228684258 ], [ 0.550902377974696, 51.701948879363918 ], [ 0.36937747808845, 51.701948879363918 ], [ 0.278615028145326, 51.79927228684258 ] ] ] ] } },
{ "type": "Feature", "properties": { "constituency_id": "E14001089", "constituency_name": "Bexleyheath and Crayford", "Main party name": "Labour", "Main party abbreviation": "Lab", "Election result summary": "Lab gain from Con", "Election URL": "https://electionresults.parliament.uk/elections/3295" }, "geometry": { "type": "MultiPolygon", "coordinates": [ [ [ [ 0.278615028145326, 51.604415681082358 ], [ 0.36937747808845, 51.701948879363918 ], [ 0.550902377974696, 51.701948879363918 ], [ 0.641664827917819, 51.604415681082358 ], [ 0.550902377974696, 51.506672523007225 ], [ 0.36937747808845, 51.506672523007225 ], [ 0.278615028145326, 51.604415681082358 ] ] ] ] } },
{ "type": "Feature", "properties": { "constituency_id": "E14001465", "constituency_name": "Sevenoaks", "Main party name": "Conservative", "Main party abbreviation": "Con", "Election result summary": "Con hold", "Election URL": "https://electionresults.parliament.uk/elections/3747" }, "geometry": { "type": "MultiPolygon", "coordinates": [ [ [ [ 0.278615028145326, 51.408719238225579 ], [ 0.36937747808845, 51.506672523007225 ], [ 0.550902377974696, 51.506672523007225 ], [ 0.641664827917819, 51.408719238225579 ], [ 0.550902377974696, 51.310555661919615 ], [ 0.36937747808845, 51.310555661919615 ], [ 0.278615028145326, 51.408719238225579 ] ] ] ] } },
{ "type": "Feature", "properties": { "constituency_id": "E14001184", "constituency_name": "Crawley", "Main party name": "Labour", "Main party abbreviation": "Lab", "Election result summary": "Lab gain from Con", "Election URL": "https://electionresults.parliament.uk/elections/3406" }, "geometry": { "type": "MultiPolygon", "coordinates": [ [ [ [ 0.278615028145326, 51.212181631384112 ], [ 0.36937747808845, 51.310555661919615 ], [ 0.550902377974696, 51.310555661919615 ], [ 0.641664827917819, 51.212181631384112 ], [ 0.550902377974696, 51.113596986044008 ], [ 0.36937747808845, 51.113596986044008 ], [ 0.278615028145326, 51.212181631384112 ] ] ] ] } },
{ "type": "Feature", "properties": { "constituency_id": "E14001130", "constituency_name": "Brighton Pavilion", "Main party name": "Green Party", "Main party abbreviation": "Green", "Election result summary": "Green hold", "Election URL": "https://electionresults.parliament.uk/elections/3339" }, "geometry": { "type": "MultiPolygon", "coordinates": [ [ [ [ 0.278615028145326, 51.014801567471935 ], [ 0.36937747808845, 51.113596986044008 ], [ 0.550902377974696, 51.113596986044008 ], [ 0.641664827917819, 51.014801567471935 ], [ 0.550902377974696, 50.915795219405837 ], [ 0.36937747808845, 50.915795219405837 ], [ 0.278615028145326, 51.014801567471935 ] ] ] ] } },
{ "type": "Feature", "properties": { "constituency_id": "E14001129", "constituency_name": "Brighton Kemptown and Peacehaven", "Main party name": "Labour", "Main party abbreviation": "Lab", "Election result summary": "Lab hold", "Election URL": "https://electionresults.parliament.uk/elections/3338" }, "geometry": { "type": "MultiPolygon", "coordinates": [ [ [ [ 0.278615028145326, 50.816577787766647 ], [ 0.36937747808845, 50.915795219405837 ], [ 0.550902377974696, 50.915795219405837 ], [ 0.641664827917819, 50.816577787766647 ], [ 0.550902377974696, 50.717149120676005 ], [ 0.36937747808845, 50.717149120676005 ], [ 0.278615028145326, 50.816577787766647 ] ] ] ] } },
{ "type": "Feature", "properties": { "constituency_id": "E14001396", "constituency_name": "North Norfolk", "Main party name": "Liberal Democrat", "Main party abbreviation": "LD", "Election result summary": "LD gain from Con", "Election URL": "https://electionresults.parliament.uk/elections/3671" }, "geometry": { "type": "MultiPolygon", "coordinates": [ [ [ [ 0.550902377974697, 53.045466186363591 ], [ 0.64166482791782, 53.139871389128984 ], [ 0.823189727804066, 53.139871389128984 ], [ 0.91395217774719, 53.045466186363591 ], [ 0.823189727804066, 52.950853767194133 ], [ 0.64166482791782, 52.950853767194133 ], [ 0.550902377974697, 53.045466186363591 ] ] ] ] } },
{ "type": "Feature", "properties": { "constituency_id": "E14001365", "constituency_name": "Mid Norfolk", "Main party name": "Conservative", "Main party abbreviation": "Con", "Election result summary": "Con hold", "Election URL": "https://electionresults.parliament.uk/elections/3625" }, "geometry": { "type": "MultiPolygon", "coordinates": [ [ [ [ 0.550902377974697, 52.856033935341522 ], [ 0.64166482791782, 52.950853767194133 ], [ 0.823189727804066, 52.950853767194133 ], [ 0.91395217774719, 52.856033935341522 ], [ 0.823189727804066, 52.761006496366051 ], [ 0.64166482791782, 52.761006496366051 ], [ 0.550902377974697, 52.856033935341522 ] ] ] ] } },
{ "type": "Feature", "properties": { "constituency_id": "E14001497", "constituency_name": "South West Norfolk", "Main party name": "Labour", "Main party abbreviation": "Lab", "Election result summary": "Lab gain from Con", "Election URL": "https://electionresults.parliament.uk/elections/3781" }, "geometry": { "type": "MultiPolygon", "coordinates": [ [ [ [ 0.550902377974697, 52.665771257684156 ], [ 0.64166482791782, 52.761006496366051 ], [ 0.823189727804066, 52.761006496366051 ], [ 0.91395217774719, 52.665771257684156 ], [ 0.823189727804066, 52.570328028585067 ], [ 0.64166482791782, 52.570328028585067 ], [ 0.550902377974697, 52.665771257684156 ] ] ] ] } },
{ "type": "Feature", "properties": { "constituency_id": "E14001578", "constituency_name": "West Suffolk", "Main party name": "Conservative", "Main party abbreviation": "Con", "Election result summary": "Con hold", "Election URL": "https://electionresults.parliament.uk/elections/3870" }, "geometry": { "type": "MultiPolygon", "coordinates": [ [ [ [ 0.550902377974697, 52.474676620247592 ], [ 0.64166482791782, 52.570328028585067 ], [ 0.823189727804066, 52.570328028585067 ], [ 0.91395217774719, 52.474676620247592 ], [ 0.823189727804066, 52.37881684575693 ], [ 0.64166482791782, 52.37881684575693 ], [ 0.550902377974697, 52.474676620247592 ] ] ] ] } },
{ "type": "Feature", "properties": { "constituency_id": "E14001267", "constituency_name": "Harlow", "Main party name": "Labour", "Main party abbreviation": "Lab", "Election result summary": "Lab gain from Con", "Election URL": "https://electionresults.parliament.uk/elections/3517" }, "geometry": { "type": "MultiPolygon", "coordinates": [ [ [ [ 0.550902377974697, 52.282748520121601 ], [ 0.64166482791782, 52.37881684575693 ], [ 0.823189727804066, 52.37881684575693 ], [ 0.91395217774719, 52.282748520121601 ], [ 0.823189727804066, 52.186471460290349 ], [ 0.64166482791782, 52.186471460290349 ], [ 0.550902377974697, 52.282748520121601 ] ] ] ] } },
{ "type": "Feature", "properties": { "constituency_id": "E14001125", "constituency_name": "Brentwood and Ongar", "Main party name": "Conservative", "Main party abbreviation": "Con", "Election result summary": "Con hold", "Election URL": "https://electionresults.parliament.uk/elections/3333" }, "geometry": { "type": "MultiPolygon", "coordinates": [ [ [ [ 0.550902377974697, 52.089985485169159 ], [ 0.64166482791782, 52.186471460290349 ], [ 0.823189727804066, 52.186471460290349 ], [ 0.91395217774719, 52.089985485169159 ], [ 0.823189727804066, 51.99329041563827 ], [ 0.64166482791782, 51.99329041563827 ], [ 0.550902377974697, 52.089985485169159 ] ] ] ] } },
{ "type": "Feature", "properties": { "constituency_id": "E14001077", "constituency_name": "Basildon and Billericay", "Main party name": "Conservative", "Main party abbreviation": "Con", "Election result summary": "Con hold", "Election URL": "https://electionresults.parliament.uk/elections/3277" }, "geometry": { "type": "MultiPolygon", "coordinates": [ [ [ [ 0.550902377974697, 51.896386074569342 ], [ 0.64166482791782, 51.99329041563827 ], [ 0.823189727804066, 51.99329041563827 ], [ 0.91395217774719, 51.896386074569342 ], [ 0.823189727804066, 51.79927228684258 ], [ 0.64166482791782, 51.79927228684258 ], [ 0.550902377974697, 51.896386074569342 ] ] ] ] } },
{ "type": "Feature", "properties": { "constituency_id": "E14001546", "constituency_name": "Thurrock", "Main party name": "Labour", "Main party abbreviation": "Lab", "Election result summary": "Lab gain from Con", "Election URL": "https://electionresults.parliament.uk/elections/3833" }, "geometry": { "type": "MultiPolygon", "coordinates": [ [ [ [ 0.550902377974697, 51.701948879363918 ], [ 0.64166482791782, 51.79927228684258 ], [ 0.823189727804066, 51.79927228684258 ], [ 0.91395217774719, 51.701948879363918 ], [ 0.823189727804066, 51.604415681082358 ], [ 0.64166482791782, 51.604415681082358 ], [ 0.550902377974697, 51.701948879363918 ] ] ] ] } },
{ "type": "Feature", "properties": { "constituency_id": "E14001191", "constituency_name": "Dartford", "Main party name": "Labour", "Main party abbreviation": "Lab", "Election result summary": "Lab gain from Con", "Election URL": "https://electionresults.parliament.uk/elections/3414" }, "geometry": { "type": "MultiPolygon", "coordinates": [ [ [ [ 0.550902377974697, 51.506672523007225 ], [ 0.64166482791782, 51.604415681082358 ], [ 0.823189727804066, 51.604415681082358 ], [ 0.91395217774719, 51.506672523007225 ], [ 0.823189727804066, 51.408719238225579 ], [ 0.64166482791782, 51.408719238225579 ], [ 0.550902377974697, 51.506672523007225 ] ] ] ] } },
{ "type": "Feature", "properties": { "constituency_id": "E14001549", "constituency_name": "Tonbridge", "Main party name": "Conservative", "Main party abbreviation": "Con", "Election result summary": "Con hold", "Election URL": "https://electionresults.parliament.uk/elections/3836" }, "geometry": { "type": "MultiPolygon", "coordinates": [ [ [ [ 0.550902377974697, 51.310555661919615 ], [ 0.64166482791782, 51.408719238225579 ], [ 0.823189727804066, 51.408719238225579 ], [ 0.91395217774719, 51.310555661919615 ], [ 0.823189727804066, 51.212181631384112 ], [ 0.64166482791782, 51.212181631384112 ], [ 0.550902377974697, 51.310555661919615 ] ] ] ] } },
{ "type": "Feature", "properties": { "constituency_id": "E14001212", "constituency_name": "East Grinstead and Uckfield", "Main party name": "Conservative", "Main party abbreviation": "Con", "Election result summary": "Con hold", "Election URL": "https://electionresults.parliament.uk/elections/3441" }, "geometry": { "type": "MultiPolygon", "coordinates": [ [ [ [ 0.550902377974697, 51.113596986044008 ], [ 0.64166482791782, 51.212181631384112 ], [ 0.823189727804066, 51.212181631384112 ], [ 0.91395217774719, 51.113596986044008 ], [ 0.823189727804066, 51.014801567471935 ], [ 0.64166482791782, 51.014801567471935 ], [ 0.550902377974697, 51.113596986044008 ] ] ] ] } },
{ "type": "Feature", "properties": { "constituency_id": "E14001330", "constituency_name": "Lewes", "Main party name": "Liberal Democrat", "Main party abbreviation": "LD", "Election result summary": "LD gain from Con", "Election URL": "https://electionresults.parliament.uk/elections/3584" }, "geometry": { "type": "MultiPolygon", "coordinates": [ [ [ [ 0.550902377974697, 50.915795219405837 ], [ 0.64166482791782, 51.014801567471935 ], [ 0.823189727804066, 51.014801567471935 ], [ 0.91395217774719, 50.915795219405837 ], [ 0.823189727804066, 50.816577787766647 ], [ 0.64166482791782, 50.816577787766647 ], [ 0.550902377974697, 50.915795219405837 ] ] ] ] } },
{ "type": "Feature", "properties": { "constituency_id": "E14001136", "constituency_name": "Broadland and Fakenham", "Main party name": "Conservative", "Main party abbreviation": "Con", "Election result summary": "Con hold", "Election URL": "https://electionresults.parliament.uk/elections/3345" }, "geometry": { "type": "MultiPolygon", "coordinates": [ [ [ [ 0.823189727804065, 52.950853767194133 ], [ 0.913952177747188, 53.045466186363591 ], [ 1.095477077633435, 53.045466186363591 ], [ 1.186239527576558, 52.950853767194133 ], [ 1.095477077633435, 52.856033935341522 ], [ 0.913952177747188, 52.856033935341522 ], [ 0.823189727804065, 52.950853767194133 ] ] ] ] } },
{ "type": "Feature", "properties": { "constituency_id": "E14001408", "constituency_name": "Norwich North", "Main party name": "Labour", "Main party abbreviation": "Lab", "Election result summary": "Lab gain from Con", "Election URL": "https://electionresults.parliament.uk/elections/3683" }, "geometry": { "type": "MultiPolygon", "coordinates": [ [ [ [ 0.823189727804065, 52.761006496366051 ], [ 0.913952177747188, 52.856033935341522 ], [ 1.095477077633435, 52.856033935341522 ], [ 1.186239527576558, 52.761006496366051 ], [ 1.095477077633435, 52.665771257684156 ], [ 0.913952177747188, 52.665771257684156 ], [ 0.823189727804065, 52.761006496366051 ] ] ] ] } },
{ "type": "Feature", "properties": { "constituency_id": "E14001409", "constituency_name": "Norwich South", "Main party name": "Labour", "Main party abbreviation": "Lab", "Election result summary": "Lab hold", "Election URL": "https://electionresults.parliament.uk/elections/3684" }, "geometry": { "type": "MultiPolygon", "coordinates": [ [ [ [ 0.823189727804065, 52.570328028585067 ], [ 0.913952177747188, 52.665771257684156 ], [ 1.095477077633435, 52.665771257684156 ], [ 1.186239527576558, 52.570328028585067 ], [ 1.095477077633435, 52.474676620247592 ], [ 0.913952177747188, 52.474676620247592 ], [ 0.823189727804065, 52.570328028585067 ] ] ] ] } },
{ "type": "Feature", "properties": { "constituency_id": "E14001146", "constituency_name": "Bury St Edmunds and Stowmarket", "Main party name": "Labour", "Main party abbreviation": "Lab", "Election result summary": "Lab gain from Con", "Election URL": "https://electionresults.parliament.uk/elections/3355" }, "geometry": { "type": "MultiPolygon", "coordinates": [ [ [ [ 0.823189727804065, 52.37881684575693 ], [ 0.913952177747188, 52.474676620247592 ], [ 1.095477077633435, 52.474676620247592 ], [ 1.186239527576558, 52.37881684575693 ], [ 1.095477077633435, 52.282748520121601 ], [ 0.913952177747188, 52.282748520121601 ], [ 0.823189727804065, 52.37881684575693 ] ] ] ] } },
{ "type": "Feature", "properties": { "constituency_id": "E14001402", "constituency_name": "North West Essex", "Main party name": "Conservative", "Main party abbreviation": "Con", "Election result summary": "Con hold", "Election URL": "https://electionresults.parliament.uk/elections/3677" }, "geometry": { "type": "MultiPolygon", "coordinates": [ [ [ [ 0.823189727804065, 52.186471460290349 ], [ 0.913952177747188, 52.282748520121601 ], [ 1.095477077633435, 52.282748520121601 ], [ 1.186239527576558, 52.186471460290349 ], [ 1.095477077633435, 52.089985485169159 ], [ 0.913952177747188, 52.089985485169159 ], [ 0.823189727804065, 52.186471460290349 ] ] ] ] } },
{ "type": "Feature", "properties": { "constituency_id": "E14001159", "constituency_name": "Chelmsford", "Main party name": "Liberal Democrat", "Main party abbreviation": "LD", "Election result summary": "LD gain from Con", "Election URL": "https://electionresults.parliament.uk/elections/3377" }, "geometry": { "type": "MultiPolygon", "coordinates": [ [ [ [ 0.823189727804065, 51.99329041563827 ], [ 0.913952177747188, 52.089985485169159 ], [ 1.095477077633435, 52.089985485169159 ], [ 1.186239527576558, 51.99329041563827 ], [ 1.095477077633435, 51.896386074569342 ], [ 0.913952177747188, 51.896386074569342 ], [ 0.823189727804065, 51.99329041563827 ] ] ] ] } },
{ "type": "Feature", "properties": { "constituency_id": "E14001480", "constituency_name": "South Basildon and East Thurrock", "Main party name": "Reform UK", "Main party abbreviation": "RUK", "Election result summary": "RUK gain from Con", "Election URL": "https://electionresults.parliament.uk/elections/3763" }, "geometry": { "type": "MultiPolygon", "coordinates": [ [ [ [ 0.823189727804065, 51.79927228684258 ], [ 0.913952177747188, 51.896386074569342 ], [ 1.095477077633435, 51.896386074569342 ], [ 1.186239527576558, 51.79927228684258 ], [ 1.095477077633435, 51.701948879363918 ], [ 0.913952177747188, 51.701948879363918 ], [ 0.823189727804065, 51.79927228684258 ] ] ] ] } },
{ "type": "Feature", "properties": { "constituency_id": "E14001254", "constituency_name": "Gravesham", "Main party name": "Labour", "Main party abbreviation": "Lab", "Election result summary": "Lab gain from Con", "Election URL": "https://electionresults.parliament.uk/elections/3503" }, "geometry": { "type": "MultiPolygon", "coordinates": [ [ [ [ 0.823189727804065, 51.604415681082358 ], [ 0.913952177747188, 51.701948879363918 ], [ 1.095477077633435, 51.701948879363918 ], [ 1.186239527576558, 51.604415681082358 ], [ 1.095477077633435, 51.506672523007225 ], [ 0.913952177747188, 51.506672523007225 ], [ 0.823189727804065, 51.604415681082358 ] ] ] ] } },
{ "type": "Feature", "properties": { "constituency_id": "E14001447", "constituency_name": "Rochester and Strood", "Main party name": "Labour", "Main party abbreviation": "Lab", "Election result summary": "Lab gain from Con", "Election URL": "https://electionresults.parliament.uk/elections/3728" }, "geometry": { "type": "MultiPolygon", "coordinates": [ [ [ [ 0.823189727804065, 51.408719238225579 ], [ 0.913952177747188, 51.506672523007225 ], [ 1.095477077633435, 51.506672523007225 ], [ 1.186239527576558, 51.408719238225579 ], [ 1.095477077633435, 51.310555661919615 ], [ 0.913952177747188, 51.310555661919615 ], [ 0.823189727804065, 51.408719238225579 ] ] ] ] } },
{ "type": "Feature", "properties": { "constituency_id": "E14001349", "constituency_name": "Maidstone and Malling", "Main party name": "Conservative", "Main party abbreviation": "Con", "Election result summary": "Con hold", "Election URL": "https://electionresults.parliament.uk/elections/3606" }, "geometry": { "type": "MultiPolygon", "coordinates": [ [ [ [ 0.823189727804065, 51.212181631384112 ], [ 0.913952177747188, 51.310555661919615 ], [ 1.095477077633435, 51.310555661919615 ], [ 1.186239527576558, 51.212181631384112 ], [ 1.095477077633435, 51.113596986044008 ], [ 0.913952177747188, 51.113596986044008 ], [ 0.823189727804065, 51.212181631384112 ] ] ] ] } },
{ "type": "Feature", "properties": { "constituency_id": "E14001533", "constituency_name": "Sussex Weald", "Main party name": "Conservative", "Main party abbreviation": "Con", "Election result summary": "Con hold", "Election URL": "https://electionresults.parliament.uk/elections/3819" }, "geometry": { "type": "MultiPolygon", "coordinates": [ [ [ [ 0.823189727804065, 51.014801567471935 ], [ 0.913952177747188, 51.113596986044008 ], [ 1.095477077633435, 51.113596986044008 ], [ 1.186239527576558, 51.014801567471935 ], [ 1.095477077633435, 50.915795219405837 ], [ 0.913952177747188, 50.915795219405837 ], [ 0.823189727804065, 51.014801567471935 ] ] ] ] } },
{ "type": "Feature", "properties": { "constituency_id": "E14001219", "constituency_name": "Eastbourne", "Main party name": "Liberal Democrat", "Main party abbreviation": "LD", "Election result summary": "LD gain from Con", "Election URL": "https://electionresults.parliament.uk/elections/3451" }, "geometry": { "type": "MultiPolygon", "coordinates": [ [ [ [ 0.823189727804065, 50.816577787766647 ], [ 0.913952177747188, 50.915795219405837 ], [ 1.095477077633435, 50.915795219405837 ], [ 1.186239527576558, 50.816577787766647 ], [ 1.095477077633435, 50.717149120676005 ], [ 0.913952177747188, 50.717149120676005 ], [ 0.823189727804065, 50.816577787766647 ] ] ] ] } },
{ "type": "Feature", "properties": { "constituency_id": "E14001256", "constituency_name": "Great Yarmouth", "Main party name": "Reform UK", "Main party abbreviation": "RUK", "Election result summary": "RUK gain from Con", "Election URL": "https://electionresults.parliament.uk/elections/3505" }, "geometry": { "type": "MultiPolygon", "coordinates": [ [ [ [ 1.095477077633435, 52.856033935341522 ], [ 1.186239527576559, 52.950853767194133 ], [ 1.367764427462805, 52.950853767194133 ], [ 1.458526877405928, 52.856033935341522 ], [ 1.367764427462805, 52.761006496366051 ], [ 1.186239527576559, 52.761006496366051 ], [ 1.095477077633435, 52.856033935341522 ] ] ] ] } },
{ "type": "Feature", "properties": { "constituency_id": "E14001489", "constituency_name": "South Norfolk", "Main party name": "Labour", "Main party abbreviation": "Lab", "Election result summary": "Lab gain from Con", "Election URL": "https://electionresults.parliament.uk/elections/3773" }, "geometry": { "type": "MultiPolygon", "coordinates": [ [ [ [ 1.095477077633435, 52.665771257684156 ], [ 1.186239527576559, 52.761006496366051 ], [ 1.367764427462805, 52.761006496366051 ], [ 1.458526877405928, 52.665771257684156 ], [ 1.367764427462805, 52.570328028585067 ], [ 1.186239527576559, 52.570328028585067 ], [ 1.095477077633435, 52.665771257684156 ] ] ] ] } },
{ "type": "Feature", "properties": { "constituency_id": "E14001569", "constituency_name": "Waveney Valley", "Main party name": "Green Party", "Main party abbreviation": "Green", "Election result summary": "Green gain from Con", "Election URL": "https://electionresults.parliament.uk/elections/3859" }, "geometry": { "type": "MultiPolygon", "coordinates": [ [ [ [ 1.095477077633435, 52.474676620247592 ], [ 1.186239527576559, 52.570328028585067 ], [ 1.367764427462805, 52.570328028585067 ], [ 1.458526877405928, 52.474676620247592 ], [ 1.367764427462805, 52.37881684575693 ], [ 1.186239527576559, 52.37881684575693 ], [ 1.095477077633435, 52.474676620247592 ] ] ] ] } },
{ "type": "Feature", "properties": { "constituency_id": "E14001494", "constituency_name": "South Suffolk", "Main party name": "Conservative", "Main party abbreviation": "Con", "Election result summary": "Con hold", "Election URL": "https://electionresults.parliament.uk/elections/3778" }, "geometry": { "type": "MultiPolygon", "coordinates": [ [ [ [ 1.095477077633435, 52.282748520121601 ], [ 1.186239527576559, 52.37881684575693 ], [ 1.367764427462805, 52.37881684575693 ], [ 1.458526877405928, 52.282748520121601 ], [ 1.367764427462805, 52.186471460290349 ], [ 1.186239527576559, 52.186471460290349 ], [ 1.095477077633435, 52.282748520121601 ] ] ] ] } },
{ "type": "Feature", "properties": { "constituency_id": "E14001121", "constituency_name": "Braintree", "Main party name": "Conservative", "Main party abbreviation": "Con", "Election result summary": "Con hold", "Election URL": "https://electionresults.parliament.uk/elections/3328" }, "geometry": { "type": "MultiPolygon", "coordinates": [ [ [ [ 1.095477077633435, 52.089985485169159 ], [ 1.186239527576559, 52.186471460290349 ], [ 1.367764427462805, 52.186471460290349 ], [ 1.458526877405928, 52.089985485169159 ], [ 1.367764427462805, 51.99329041563827 ], [ 1.186239527576559, 51.99329041563827 ], [ 1.095477077633435, 52.089985485169159 ] ] ] ] } },
{ "type": "Feature", "properties": { "constituency_id": "E14001437", "constituency_name": "Rayleigh and Wickford", "Main party name": "Conservative", "Main party abbreviation": "Con", "Election result summary": "Con hold", "Election URL": "https://electionresults.parliament.uk/elections/3717" }, "geometry": { "type": "MultiPolygon", "coordinates": [ [ [ [ 1.095477077633435, 51.896386074569342 ], [ 1.186239527576559, 51.99329041563827 ], [ 1.367764427462805, 51.99329041563827 ], [ 1.458526877405928, 51.896386074569342 ], [ 1.367764427462805, 51.79927228684258 ], [ 1.186239527576559, 51.79927228684258 ], [ 1.095477077633435, 51.896386074569342 ] ] ] ] } },
{ "type": "Feature", "properties": { "constituency_id": "E14001154", "constituency_name": "Castle Point", "Main party name": "Conservative", "Main party abbreviation": "Con", "Election result summary": "Con hold", "Election URL": "https://electionresults.parliament.uk/elections/3370" }, "geometry": { "type": "MultiPolygon", "coordinates": [ [ [ [ 1.095477077633435, 51.701948879363918 ], [ 1.186239527576559, 51.79927228684258 ], [ 1.367764427462805, 51.79927228684258 ], [ 1.458526877405928, 51.701948879363918 ], [ 1.367764427462805, 51.604415681082358 ], [ 1.186239527576559, 51.604415681082358 ], [ 1.095477077633435, 51.701948879363918 ] ] ] ] } },
{ "type": "Feature", "properties": { "constituency_id": "E14001246", "constituency_name": "Gillingham and Rainham", "Main party name": "Labour", "Main party abbreviation": "Lab", "Election result summary": "Lab gain from Con", "Election URL": "https://electionresults.parliament.uk/elections/3486" }, "geometry": { "type": "MultiPolygon", "coordinates": [ [ [ [ 1.095477077633435, 51.506672523007225 ], [ 1.186239527576559, 51.604415681082358 ], [ 1.367764427462805, 51.604415681082358 ], [ 1.458526877405928, 51.506672523007225 ], [ 1.367764427462805, 51.408719238225579 ], [ 1.186239527576559, 51.408719238225579 ], [ 1.095477077633435, 51.506672523007225 ] ] ] ] } },
{ "type": "Feature", "properties": { "constituency_id": "E14001157", "constituency_name": "Chatham and Aylesford", "Main party name": "Labour", "Main party abbreviation": "Lab", "Election result summary": "Lab gain from Con", "Election URL": "https://electionresults.parliament.uk/elections/3375" }, "geometry": { "type": "MultiPolygon", "coordinates": [ [ [ [ 1.095477077633435, 51.310555661919615 ], [ 1.186239527576559, 51.408719238225579 ], [ 1.367764427462805, 51.408719238225579 ], [ 1.458526877405928, 51.310555661919615 ], [ 1.367764427462805, 51.212181631384112 ], [ 1.186239527576559, 51.212181631384112 ], [ 1.095477077633435, 51.310555661919615 ] ] ] ] } },
{ "type": "Feature", "properties": { "constituency_id": "E14001555", "constituency_name": "Tunbridge Wells", "Main party name": "Liberal Democrat", "Main party abbreviation": "LD", "Election result summary": "LD gain from Con", "Election URL": "https://electionresults.parliament.uk/elections/3843" }, "geometry": { "type": "MultiPolygon", "coordinates": [ [ [ [ 1.095477077633435, 51.113596986044008 ], [ 1.186239527576559, 51.212181631384112 ], [ 1.367764427462805, 51.212181631384112 ], [ 1.458526877405928, 51.113596986044008 ], [ 1.367764427462805, 51.014801567471935 ], [ 1.186239527576559, 51.014801567471935 ], [ 1.095477077633435, 51.113596986044008 ] ] ] ] } },
{ "type": "Feature", "properties": { "constituency_id": "E14001088", "constituency_name": "Bexhill and Battle", "Main party name": "Conservative", "Main party abbreviation": "Con", "Election result summary": "Con hold", "Election URL": "https://electionresults.parliament.uk/elections/3294" }, "geometry": { "type": "MultiPolygon", "coordinates": [ [ [ [ 1.095477077633435, 50.915795219405837 ], [ 1.186239527576559, 51.014801567471935 ], [ 1.367764427462805, 51.014801567471935 ], [ 1.458526877405928, 50.915795219405837 ], [ 1.367764427462805, 50.816577787766647 ], [ 1.186239527576559, 50.816577787766647 ], [ 1.095477077633435, 50.915795219405837 ] ] ] ] } },
{ "type": "Feature", "properties": { "constituency_id": "E14001344", "constituency_name": "Lowestoft", "Main party name": "Labour", "Main party abbreviation": "Lab", "Election result summary": "Lab gain from Con", "Election URL": "https://electionresults.parliament.uk/elections/3601" }, "geometry": { "type": "MultiPolygon", "coordinates": [ [ [ [ 1.367764427462804, 52.761006496366051 ], [ 1.458526877405927, 52.856033935341522 ], [ 1.640051777292173, 52.856033935341522 ], [ 1.730814227235296, 52.761006496366051 ], [ 1.640051777292173, 52.665771257684156 ], [ 1.458526877405927, 52.665771257684156 ], [ 1.367764427462804, 52.761006496366051 ] ] ] ] } },
{ "type": "Feature", "properties": { "constituency_id": "E14001156", "constituency_name": "Central Suffolk and North Ipswich", "Main party name": "Conservative", "Main party abbreviation": "Con", "Election result summary": "Con hold", "Election URL": "https://electionresults.parliament.uk/elections/3373" }, "geometry": { "type": "MultiPolygon", "coordinates": [ [ [ [ 1.367764427462804, 52.570328028585067 ], [ 1.458526877405927, 52.665771257684156 ], [ 1.640051777292173, 52.665771257684156 ], [ 1.730814227235296, 52.570328028585067 ], [ 1.640051777292173, 52.474676620247592 ], [ 1.458526877405927, 52.474676620247592 ], [ 1.367764427462804, 52.570328028585067 ] ] ] ] } },
{ "type": "Feature", "properties": { "constituency_id": "E14001302", "constituency_name": "Ipswich", "Main party name": "Labour", "Main party abbreviation": "Lab", "Election result summary": "Lab gain from Con", "Election URL": "https://electionresults.parliament.uk/elections/3554" }, "geometry": { "type": "MultiPolygon", "coordinates": [ [ [ [ 1.367764427462804, 52.37881684575693 ], [ 1.458526877405927, 52.474676620247592 ], [ 1.640051777292173, 52.474676620247592 ], [ 1.730814227235296, 52.37881684575693 ], [ 1.640051777292173, 52.282748520121601 ], [ 1.458526877405927, 52.282748520121601 ], [ 1.367764427462804, 52.37881684575693 ] ] ] ] } },
{ "type": "Feature", "properties": { "constituency_id": "E14001176", "constituency_name": "Colchester", "Main party name": "Labour", "Main party abbreviation": "Lab", "Election result summary": "Lab gain from Con", "Election URL": "https://electionresults.parliament.uk/elections/3397" }, "geometry": { "type": "MultiPolygon", "coordinates": [ [ [ [ 1.367764427462804, 52.186471460290349 ], [ 1.458526877405927, 52.282748520121601 ], [ 1.640051777292173, 52.282748520121601 ], [ 1.730814227235296, 52.186471460290349 ], [ 1.640051777292173, 52.089985485169159 ], [ 1.458526877405927, 52.089985485169159 ], [ 1.367764427462804, 52.186471460290349 ] ] ] ] } },
{ "type": "Feature", "properties": { "constituency_id": "E14001590", "constituency_name": "Witham", "Main party name": "Conservative", "Main party abbreviation": "Con", "Election result summary": "Con hold", "Election URL": "https://electionresults.parliament.uk/elections/3883" }, "geometry": { "type": "MultiPolygon", "coordinates": [ [ [ [ 1.367764427462804, 51.99329041563827 ], [ 1.458526877405927, 52.089985485169159 ], [ 1.640051777292173, 52.089985485169159 ], [ 1.730814227235296, 51.99329041563827 ], [ 1.640051777292173, 51.896386074569342 ], [ 1.458526877405927, 51.896386074569342 ], [ 1.367764427462804, 51.99329041563827 ] ] ] ] } },
{ "type": "Feature", "properties": { "constituency_id": "E14001502", "constituency_name": "Southend West and Leigh", "Main party name": "Labour", "Main party abbreviation": "Lab", "Election result summary": "Lab gain from Con", "Election URL": "https://electionresults.parliament.uk/elections/3786" }, "geometry": { "type": "MultiPolygon", "coordinates": [ [ [ [ 1.367764427462804, 51.79927228684258 ], [ 1.458526877405927, 51.896386074569342 ], [ 1.640051777292173, 51.896386074569342 ], [ 1.730814227235296, 51.79927228684258 ], [ 1.640051777292173, 51.701948879363918 ], [ 1.458526877405927, 51.701948879363918 ], [ 1.367764427462804, 51.79927228684258 ] ] ] ] } },
{ "type": "Feature", "properties": { "constituency_id": "E14001474", "constituency_name": "Sittingbourne and Sheppey", "Main party name": "Labour", "Main party abbreviation": "Lab", "Election result summary": "Lab gain from Con", "Election URL": "https://electionresults.parliament.uk/elections/3756" }, "geometry": { "type": "MultiPolygon", "coordinates": [ [ [ [ 1.367764427462804, 51.604415681082358 ], [ 1.458526877405927, 51.701948879363918 ], [ 1.640051777292173, 51.701948879363918 ], [ 1.730814227235296, 51.604415681082358 ], [ 1.640051777292173, 51.506672523007225 ], [ 1.458526877405927, 51.506672523007225 ], [ 1.367764427462804, 51.604415681082358 ] ] ] ] } },
{ "type": "Feature", "properties": { "constituency_id": "E14001235", "constituency_name": "Faversham and Mid Kent", "Main party name": "Conservative", "Main party abbreviation": "Con", "Election result summary": "Con hold", "Election URL": "https://electionresults.parliament.uk/elections/3473" }, "geometry": { "type": "MultiPolygon", "coordinates": [ [ [ [ 1.367764427462804, 51.408719238225579 ], [ 1.458526877405927, 51.506672523007225 ], [ 1.640051777292173, 51.506672523007225 ], [ 1.730814227235296, 51.408719238225579 ], [ 1.640051777292173, 51.310555661919615 ], [ 1.458526877405927, 51.310555661919615 ], [ 1.367764427462804, 51.408719238225579 ] ] ] ] } },
{ "type": "Feature", "properties": { "constituency_id": "E14001570", "constituency_name": "Weald of Kent", "Main party name": "Conservative", "Main party abbreviation": "Con", "Election result summary": "Con hold", "Election URL": "https://electionresults.parliament.uk/elections/3860" }, "geometry": { "type": "MultiPolygon", "coordinates": [ [ [ [ 1.367764427462804, 51.212181631384112 ], [ 1.458526877405927, 51.310555661919615 ], [ 1.640051777292173, 51.310555661919615 ], [ 1.730814227235296, 51.212181631384112 ], [ 1.640051777292173, 51.113596986044008 ], [ 1.458526877405927, 51.113596986044008 ], [ 1.367764427462804, 51.212181631384112 ] ] ] ] } },
{ "type": "Feature", "properties": { "constituency_id": "E14001274", "constituency_name": "Hastings and Rye", "Main party name": "Labour", "Main party abbreviation": "Lab", "Election result summary": "Lab gain from Con", "Election URL": "https://electionresults.parliament.uk/elections/3524" }, "geometry": { "type": "MultiPolygon", "coordinates": [ [ [ [ 1.367764427462804, 51.014801567471935 ], [ 1.458526877405927, 51.113596986044008 ], [ 1.640051777292173, 51.113596986044008 ], [ 1.730814227235296, 51.014801567471935 ], [ 1.640051777292173, 50.915795219405837 ], [ 1.458526877405927, 50.915795219405837 ], [ 1.367764427462804, 51.014801567471935 ] ] ] ] } },
{ "type": "Feature", "properties": { "constituency_id": "E14001530", "constituency_name": "Suffolk Coastal", "Main party name": "Labour", "Main party abbreviation": "Lab", "Election result summary": "Lab gain from Con", "Election URL": "https://electionresults.parliament.uk/elections/3816" }, "geometry": { "type": "MultiPolygon", "coordinates": [ [ [ [ 1.640051777292174, 52.665771257684156 ], [ 1.730814227235297, 52.761006496366051 ], [ 1.912339127121543, 52.761006496366051 ], [ 2.003101577064667, 52.665771257684156 ], [ 1.912339127121543, 52.570328028585067 ], [ 1.730814227235297, 52.570328028585067 ], [ 1.640051777292174, 52.665771257684156 ] ] ] ] } },
{ "type": "Feature", "properties": { "constituency_id": "E14001273", "constituency_name": "Harwich and North Essex", "Main party name": "Conservative", "Main party abbreviation": "Con", "Election result summary": "Con hold", "Election URL": "https://electionresults.parliament.uk/elections/3523" }, "geometry": { "type": "MultiPolygon", "coordinates": [ [ [ [ 1.640051777292174, 52.474676620247592 ], [ 1.730814227235297, 52.570328028585067 ], [ 1.912339127121543, 52.570328028585067 ], [ 2.003101577064667, 52.474676620247592 ], [ 1.912339127121543, 52.37881684575693 ], [ 1.730814227235297, 52.37881684575693 ], [ 1.640051777292174, 52.474676620247592 ] ] ] ] } },
{ "type": "Feature", "properties": { "constituency_id": "E14001174", "constituency_name": "Clacton", "Main party name": "Reform UK", "Main party abbreviation": "RUK", "Election result summary": "RUK gain from Con", "Election URL": "https://electionresults.parliament.uk/elections/3392" }, "geometry": { "type": "MultiPolygon", "coordinates": [ [ [ [ 1.640051777292174, 52.282748520121601 ], [ 1.730814227235297, 52.37881684575693 ], [ 1.912339127121543, 52.37881684575693 ], [ 2.003101577064667, 52.282748520121601 ], [ 1.912339127121543, 52.186471460290349 ], [ 1.730814227235297, 52.186471460290349 ], [ 1.640051777292174, 52.282748520121601 ] ] ] ] } },
{ "type": "Feature", "properties": { "constituency_id": "E14001351", "constituency_name": "Maldon", "Main party name": "Conservative", "Main party abbreviation": "Con", "Election result summary": "Con hold", "Election URL": "https://electionresults.parliament.uk/elections/3608" }, "geometry": { "type": "MultiPolygon", "coordinates": [ [ [ [ 1.640051777292174, 52.089985485169159 ], [ 1.730814227235297, 52.186471460290349 ], [ 1.912339127121543, 52.186471460290349 ], [ 2.003101577064667, 52.089985485169159 ], [ 1.912339127121543, 51.99329041563827 ], [ 1.730814227235297, 51.99329041563827 ], [ 1.640051777292174, 52.089985485169159 ] ] ] ] } },
{ "type": "Feature", "properties": { "constituency_id": "E14001501", "constituency_name": "Southend East and Rochford", "Main party name": "Labour", "Main party abbreviation": "Lab", "Election result summary": "Lab gain from Con", "Election URL": "https://electionresults.parliament.uk/elections/3785" }, "geometry": { "type": "MultiPolygon", "coordinates": [ [ [ [ 1.640051777292174, 51.896386074569342 ], [ 1.730814227235297, 51.99329041563827 ], [ 1.912339127121543, 51.99329041563827 ], [ 2.003101577064667, 51.896386074569342 ], [ 1.912339127121543, 51.79927228684258 ], [ 1.730814227235297, 51.79927228684258 ], [ 1.640051777292174, 51.896386074569342 ] ] ] ] } },
{ "type": "Feature", "properties": { "constituency_id": "E14001151", "constituency_name": "Canterbury", "Main party name": "Labour", "Main party abbreviation": "Lab", "Election result summary": "Lab hold", "Election URL": "https://electionresults.parliament.uk/elections/3363" }, "geometry": { "type": "MultiPolygon", "coordinates": [ [ [ [ 1.640051777292174, 51.506672523007225 ], [ 1.730814227235297, 51.604415681082358 ], [ 1.912339127121543, 51.604415681082358 ], [ 2.003101577064667, 51.506672523007225 ], [ 1.912339127121543, 51.408719238225579 ], [ 1.730814227235297, 51.408719238225579 ], [ 1.640051777292174, 51.506672523007225 ] ] ] ] } },
{ "type": "Feature", "properties": { "constituency_id": "E14001069", "constituency_name": "Ashford", "Main party name": "Labour", "Main party abbreviation": "Lab", "Election result summary": "Lab gain from Con", "Election URL": "https://electionresults.parliament.uk/elections/3267" }, "geometry": { "type": "MultiPolygon", "coordinates": [ [ [ [ 1.640051777292174, 51.310555661919615 ], [ 1.730814227235297, 51.408719238225579 ], [ 1.912339127121543, 51.408719238225579 ], [ 2.003101577064667, 51.310555661919615 ], [ 1.912339127121543, 51.212181631384112 ], [ 1.730814227235297, 51.212181631384112 ], [ 1.640051777292174, 51.310555661919615 ] ] ] ] } },
{ "type": "Feature", "properties": { "constituency_id": "E14001239", "constituency_name": "Folkestone and Hythe", "Main party name": "Labour", "Main party abbreviation": "Lab", "Election result summary": "Lab gain from Con", "Election URL": "https://electionresults.parliament.uk/elections/3478" }, "geometry": { "type": "MultiPolygon", "coordinates": [ [ [ [ 1.640051777292174, 51.113596986044008 ], [ 1.730814227235297, 51.212181631384112 ], [ 1.912339127121543, 51.212181631384112 ], [ 2.003101577064667, 51.113596986044008 ], [ 1.912339127121543, 51.014801567471935 ], [ 1.730814227235297, 51.014801567471935 ], [ 1.640051777292174, 51.113596986044008 ] ] ] ] } },
{ "type": "Feature", "properties": { "constituency_id": "E14001282", "constituency_name": "Herne Bay and Sandwich", "Main party name": "Conservative", "Main party abbreviation": "Con", "Election result summary": "Con hold", "Election URL": "https://electionresults.parliament.uk/elections/3532" }, "geometry": { "type": "MultiPolygon", "coordinates": [ [ [ [ 1.912339127121544, 51.408719238225579 ], [ 2.003101577064668, 51.506672523007225 ], [ 2.184626476950914, 51.506672523007225 ], [ 2.275388926894037, 51.408719238225579 ], [ 2.184626476950914, 51.310555661919615 ], [ 2.003101577064668, 51.310555661919615 ], [ 1.912339127121544, 51.408719238225579 ] ] ] ] } },
{ "type": "Feature", "properties": { "constituency_id": "E14001202", "constituency_name": "Dover and Deal", "Main party name": "Labour", "Main party abbreviation": "Lab", "Election result summary": "Lab gain from Con", "Election URL": "https://electionresults.parliament.uk/elections/3425" }, "geometry": { "type": "MultiPolygon", "coordinates": [ [ [ [ 1.912339127121544, 51.212181631384112 ], [ 2.003101577064668, 51.310555661919615 ], [ 2.184626476950914, 51.310555661919615 ], [ 2.275388926894037, 51.212181631384112 ], [ 2.184626476950914, 51.113596986044008 ], [ 2.003101577064668, 51.113596986044008 ], [ 1.912339127121544, 51.212181631384112 ] ] ] ] } },
{ "type": "Feature", "properties": { "constituency_id": "E14001216", "constituency_name": "East Thanet", "Main party name": "Labour", "Main party abbreviation": "Lab", "Election result summary": "Lab gain from Con", "Election URL": "https://electionresults.parliament.uk/elections/3448" }, "geometry": { "type": "MultiPolygon", "coordinates": [ [ [ [ 2.184626476950913, 51.310555661919615 ], [ 2.275388926894036, 51.408719238225579 ], [ 2.456913826780282, 51.408719238225579 ], [ 2.547676276723406, 51.310555661919615 ], [ 2.456913826780282, 51.212181631384112 ], [ 2.275388926894036, 51.212181631384112 ], [ 2.184626476950913, 51.310555661919615 ] ] ] ] } }
]
}
