Election_Id,Candidate_Id,ONS_Constituency_Id,ONS_Region_Id,Constituency_Name,Region_Name,Country_Name,Constituency_Type,Nomination_Party_Name,Nomination_Party_Abbreviation,Primary_Party_Name,Primary_Party_Abbreviation,Primary_Party_MnisId,Primary_Party_ElectoralCommissionId,Adjunct_Party_Name,Adjunct_Party_Abbreviation,Adjunct_Party_MnisId,Adjunct_Party_ElectoralCommissionId,Is_Standing_As_Independent,Is_Standing_As_Speaker,Candidate_Given_Name,Candidate_Family_Name,Candidate_Gender,Sitting_Mp,Former_Mp,Member_MnisId,Is_Winning_Candidate,Vote_Count,Vote_Change,Vote_Share
3251,18275,W07000081,W92000004,Aberafan Maesteg,,Wales,County,Heritage Party,HPUK,Heritage Party,HPUK,1037,PP12550,,,,,No,No,Rhiannon,Morrissey,Female,No,No,,No,183,,0.0051181652915676129212697525
3251,18276,W07000081,W92000004,Aberafan Maesteg,,Wales,County,Independent,IND,,,,,,,,,Yes,No,Captain,Beany,Male,No,No,,No,618,,0.0172842959026709551111732625
3251,18277,W07000081,W92000004,Aberafan Maesteg,,Wales,County,Liberal Democrat,LD,Liberal Democrat,LD,17,PP90,,,,,No,No,Justin,Griffiths,Male,No,No,,No,916,-0.0114120000,0.0256187945741854286113830234
3251,18278,W07000081,W92000004,Aberafan Maesteg,,Wales,County,Green Party,Green,Green Party,Green,44,PP63,,,,,No,No,Nigel,Hill,Male,No,No,,No,1094,0.0148170000,0.0305971192840162215074814711
3251,18279,W07000081,W92000004,Aberafan Maesteg,,Wales,County,Conservative,Con,Conservative,Con,4,PP52,,,,,No,No,Abigail,Mainon,Female,No,No,,No,2903,-0.1450880000,0.0811914417563977066144595162
3251,18280,W07000081,W92000004,Aberafan Maesteg,,Wales,County,Plaid Cymru,PC,Plaid Cymru,PC,22,PP77,,,,,No,No,Colin,Deere,Male,No,No,,No,4719,0.0421410000,0.1319815410432107397566773878
3251,18281,W07000081,W92000004,Aberafan Maesteg,,Wales,County,Reform UK,RUK,Reform UK,RUK,1036,PP7931,,,,,No,No,Mark,Griffiths,Male,No,No,,No,7484,0.1239070000,0.2093133827436722136764088939
3251,18282,W07000081,W92000004,Aberafan Maesteg,,Wales,County,Labour,Lab,Labour,Lab,15,PP53,,,,,No,No,Stephen,Kinnock,Male,Yes,Yes,4359,Yes,17838,-0.0303130000,0.4988952594042791218011466928
3251,26174,W07000081,W92000004,Aberafan Maesteg,,Wales,County,Trade Unionist and Socialist Coalition,TUSC,Trade Unionist and Socialist Coalition,TUSC,157,PP804,,,,,No,No,test test,mani mani,Female,No,Yes,444,No,,,
3252,18283,S14000060,S92000003,Aberdeen North,,Scotland,Burgh,Trade Unionist and Socialist Coalition,TUSC,Trade Unionist and Socialist Coalition,TUSC,157,PP804,,,,,No,No,Lucas,Grant,Male,No,No,,No,214,,0.0050837391614205962703408956
3252,18284,S14000060,S92000003,Aberdeen North,,Scotland,Burgh,Scottish Family Party,SFP,Scottish Family Party,SFP,1016,PP6380,,,,,No,No,Dawn,Smith,Female,No,No,,No,352,,0.0083620382468226630241121273
3252,18285,S14000060,S92000003,Aberdeen North,,Scotland,Burgh,Alba Party,Alba,Alba Party,Alba,1034,PP12700,,,,,No,No,Charlie,Abel,Male,No,No,,No,703,,0.0167003207031713980282693907
3252,18286,S14000060,S92000003,Aberdeen North,,Scotland,Burgh,Scottish Green Party,Green,Scottish Green Party,Green,1057,PP130,,,,,No,No,Esme,Houston,Female,No,No,,No,1275,0.0180800000,0.0302886328542582254424515976
3252,18287,S14000060,S92000003,Aberdeen North,,Scotland,Burgh,Liberal Democrat,LD,Liberal Democrat,LD,17,PP90,,,,,No,No,Desmond,Bouse,Male,No,No,,No,2583,-0.0159420000,0.0613612067941560755434137071
3252,18288,S14000060,S92000003,Aberdeen North,,Scotland,Burgh,Reform UK,RUK,Reform UK,RUK,1036,PP7931,,,,,No,No,Kenneth,Leggat,Male,No,No,,No,3781,0.0736020000,0.0898206437819218434493407768
3252,18289,S14000060,S92000003,Aberdeen North,,Scotland,Burgh,Conservative,Con,Conservative,Con,4,PP52,,,,,No,No,Gillian,Tebberen,Female,No,No,,No,5881,-0.1057890000,0.1397078037771706853545551728
3252,18290,S14000060,S92000003,Aberdeen North,,Scotland,Burgh,Labour,Lab,Labour,Lab,15,PP53,,,,,No,No,Lynn,Thomson,Female,No,No,,No,12773,0.1836370000,0.3034327117234825988834778477
3252,18291,S14000060,S92000003,Aberdeen North,,Scotland,Burgh,Scottish National Party,SNP,Scottish National Party,SNP,29,PP102,,,,,No,No,Kirsty,Blackman,Female,Yes,Yes,4357,Yes,14533,-0.1837330000,0.3452429029575959140040384844
3252,26175,S14000060,S92000003,Aberdeen North,,Scotland,Burgh,Socialist Labour Party,SL,Socialist Labour Party,SL,147,PP73,,,,,No,No,test test,mani mani,Female,No,Yes,444,No,,,
3253,18292,S14000061,S92000003,Aberdeen South,,Scotland,Burgh,Independent,IND,,,,,,,,,Yes,No,Sophie,Molly,Female,No,No,,No,225,,0.0048548926529291185672672349
3253,18293,S14000061,S92000003,Aberdeen South,,Scotland,Burgh,Scottish Family Party,SFP,Scottish Family Party,SFP,1016,PP6380,,,,,No,No,Graeme,Craib,Male,No,No,,No,423,,0.0091271981875067429064624016
3253,18294,S14000061,S92000003,Aberdeen South,,Scotland,Burgh,Scottish Green Party,Green,Scottish Green Party,Green,1057,PP130,,,,,No,No,Guy,Ingerson,Male,No,No,,No,1609,0.0293710000,0.0347178767936131189988132485
3253,18295,S14000061,S92000003,Aberdeen South,,Scotland,Burgh,Liberal Democrat,LD,Liberal Democrat,LD,17,PP90,,,,,No,No,Jeff,Goodhall,Male,No,No,,No,2921,-0.0438800000,0.0630272952853598014888337469
3253,18296,S14000061,S92000003,Aberdeen South,,Scotland,Burgh,Reform UK,RUK,Reform UK,RUK,1036,PP7931,,,,,No,No,Michael,Pearce,Male,No,No,,No,3199,0.0651350000,0.0690257848743122235408350415
3253,18297,S14000061,S92000003,Aberdeen South,,Scotland,Burgh,Conservative / Yorkshire First,Con / YF,Conservative,Con,4,PP52,Yorkshire First,YF,182,,No,No,John,Wheeler,Male,No,No,,No,11300,-0.0997660000,0.2438234976804401769338655734
3253,18298,S14000061,S92000003,Aberdeen South,,Scotland,Burgh,Labour,Lab,Labour,Lab,15,PP53,,,,,No,No,Mohammad,Malik,Male,No,No,,No,11455,0.1594950000,0.2471679792857913475024274463
3253,18299,S14000061,S92000003,Aberdeen South,,Scotland,Burgh,Scottish National Party,SNP,Scottish National Party,SNP,29,PP102,,,,,No,No,Stephen,Flynn,Male,Yes,Yes,4735,Yes,15213,-0.1243360000,0.3282554752400474700614953069
3254,18300,S14000062,S92000003,Aberdeenshire North and Moray East,,Scotland,County,Liberal Democrat,LD,Liberal Democrat,LD,17,PP90,,,,,No,No,Ian,Bailey,Male,No,No,,No,2782,0.0286580000,0.0728501099821933591704200272
3254,18301,S14000062,S92000003,Aberdeenshire North and Moray East,,Scotland,County,Labour,Lab,Labour,Lab,15,PP53,,,,,No,No,Andy,Brown,Male,No,No,,No,3876,0.0597900000,0.1014978527286058447679899445
3254,18302,S14000062,S92000003,Aberdeenshire North and Moray East,,Scotland,County,Reform UK,RUK,Reform UK,RUK,1036,PP7931,,,,,No,No,Jo,Hart,Female,No,No,,No,5562,,0.1456478474913585419503508956
3254,18303,S14000062,S92000003,Aberdeenshire North and Moray East,,Scotland,County,Conservative,Con,Conservative,Con,4,PP52,,,,,No,No,Douglas,Ross,Male,Yes,Yes,4627,No,12513,-0.1555200000,0.3276683775007855870954226459
3254,18304,S14000062,S92000003,Aberdeenshire North and Moray East,,Scotland,County,Scottish National Party,SNP,Scottish National Party,SNP,29,PP102,,,,,No,No,Seamus,Logan,Male,No,No,5280,Yes,13455,-0.0785770000,0.3523358122970566670158164869
3255,18305,S14000063,S92000003,Airdrie and Shotts,,Scotland,County,British Unionist Party B.U.P.,BUP,British Unionist Party B.U.P.,BUP,1105,PP2834,,,,,No,No,John,Leckie,Male,No,No,,No,456,,0.0124365897561773850433644248
3255,18306,S14000063,S92000003,Airdrie and Shotts,,Scotland,County,Alba Party,Alba,Alba Party,Alba,1034,PP12700,,,,,No,No,Josh,Robertson,Male,No,No,,No,623,,0.0169912180221458571974035892
3255,18307,S14000063,S92000003,Airdrie and Shotts,,Scotland,County,Liberal Democrat,LD,Liberal Democrat,LD,17,PP90,,,,,No,No,Lewis,Younie,Male,No,No,,No,725,-0.0158780000,0.0197730867833960617465772105
3255,18308,S14000063,S92000003,Airdrie and Shotts,,Scotland,County,Conservative,Con,Conservative,Con,4,PP52,,,,,No,No,Alexandra,Herdman,Female,No,No,,No,1696,-0.1263890000,0.0462553864615720285823378607
3255,18309,S14000063,S92000003,Airdrie and Shotts,,Scotland,County,Reform UK,RUK,Reform UK,RUK,1036,PP7931,,,,,No,No,David,Hall,Male,No,No,,No,2971,,0.0810287459771995854470081274
3255,18310,S14000063,S92000003,Airdrie and Shotts,,Scotland,County,Scottish National Party,SNP,Scottish National Party,SNP,29,PP102,,,,,No,No,Anum,Qaisar,Female,Yes,Yes,4917,No,11324,-0.1371630000,0.3088419789450717285768832161
3255,18311,S14000063,S92000003,Airdrie and Shotts,,Scotland,County,Labour,Lab,Labour,Lab,15,PP53,,,,,No,No,Kenneth,Stevenson,Male,No,No,5200,Yes,18871,0.1835620000,0.5146729940544373534064255714
3256,18312,E14001063,E12000008,Aldershot,South East,England,Borough,Hampshire Independents,HI,Hampshire Independents,HI,1106,PP10327,,,,,No,No,Steve,James-Bailey,Male,No,No,,No,282,,0.0058091628213579433091628214
3256,18313,E14001063,E12000008,Aldershot,South East,England,Borough,Green Party,Green,Green Party,Green,44,PP63,,,,,No,No,Ed,Neville,Male,No,No,,No,2155,0.0089100000,0.0443927158866183256427158866
3256,18314,E14001063,E12000008,Aldershot,South East,England,Borough,Liberal Democrat,LD,Liberal Democrat,LD,17,PP90,,,,,No,No,Paul,Harris,Male,No,No,,No,4052,-0.0914930000,0.0834706657877389584706657877
3256,18315,E14001063,E12000008,Aldershot,South East,England,Borough,Reform UK,RUK,Reform UK,RUK,1036,PP7931,,,,,No,No,Trevor,Lloyd-Jones,Male,No,No,,No,8210,,0.1691249176005273566249176005
3256,18316,E14001063,E12000008,Aldershot,South East,England,Borough,Conservative,Con,Conservative,Con,4,PP52,,,,,No,No,Leo,Docherty,Male,Yes,Yes,4600,No,14081,-0.2782170000,0.2900667435728411338167435728
3256,18317,E14001063,E12000008,Aldershot,South East,England,Borough,Labour,Lab,Labour,Lab,15,PP53,,,,,No,No,Alex,Baker,Female,No,No,5173,Yes,19764,0.1858650000,0.4071357943309162821357943309
3257,18318,E14001064,E12000005,Aldridge-Brownhills,West Midlands,England,Borough,Green Party,Green,Green Party,Green,44,PP63,,,,,No,No,Clare,Nash,Female,No,No,,No,1746,0.0242280000,0.0426769651935862338678138443
3257,18319,E14001064,E12000005,Aldridge-Brownhills,West Midlands,England,Borough,Liberal Democrat,LD,Liberal Democrat,LD,17,PP90,,,,,No,No,Ian,Garrett,Male,No,No,,No,1755,-0.0131880000,0.0428969495502542041454829879
3257,18320,E14001064,E12000005,Aldridge-Brownhills,West Midlands,England,Borough,Reform UK,RUK,Reform UK,RUK,1036,PP7931,,,,,No,No,Graham,Eardley,Male,No,No,,No,9903,0.2349980000,0.2420561204536566288619475948
3257,18321,E14001064,E12000005,Aldridge-Brownhills,West Midlands,England,Borough,Labour,Lab,Labour,Lab,15,PP53,,,,,No,No,Luke,Davies,Male,No,No,,No,11607,0.0685170000,0.2837064919827923347673054361
3257,18322,E14001064,E12000005,Aldridge-Brownhills,West Midlands,England,Borough,Conservative,Con,Conservative,Con,4,PP52,,,,,No,No,Wendy,Morton,Female,Yes,Yes,4358,Yes,15901,-0.3074550000,0.3886634728197105983574501369
3258,18323,S14000064,S92000003,Alloa and Grangemouth,,Scotland,County,Workers Party of Britain,WPB,Workers Party of Britain,WPB,1042,PP11382,,,,,No,No,Tom,Flanagan,Male,No,No,,No,223,,0.0054124899881070847794956433
3258,18324,S14000064,S92000003,Alloa and Grangemouth,,Scotland,County,Alba Party,Alba,Alba Party,Alba,1034,PP12700,,,,,No,No,Kenny,MacAskill,Male,Yes,Yes,4772,No,638,,0.0154850610422077134050144414
3258,18325,S14000064,S92000003,Alloa and Grangemouth,,Scotland,County,Independent,IND,,,,,,,,,Yes,No,Eva,Comrie,Female,No,No,,No,881,,0.0213829761413557923351374967
3258,18326,S14000064,S92000003,Alloa and Grangemouth,,Scotland,County,Liberal Democrat,LD,Liberal Democrat,LD,17,PP90,,,,,No,No,Adrian,May,Male,No,No,,No,1151,-0.0251980000,0.0279362151404092133686075581
3258,18327,S14000064,S92000003,Alloa and Grangemouth,,Scotland,County,Scottish Green Party,Green,Scottish Green Party,Green,1057,PP130,,,,,No,No,Nariese,Whyte,Female,No,No,,No,1421,0.0196390000,0.0344894541394626344020776195
3258,18328,S14000064,S92000003,Alloa and Grangemouth,,Scotland,County,Conservative,Con,Conservative,Con,4,PP52,,,,,No,No,Rachel,Nunn,Female,No,No,,No,3127,-0.1721000000,0.0758962161112594354505958593
3258,18329,S14000064,S92000003,Alloa and Grangemouth,,Scotland,County,Reform UK,RUK,Reform UK,RUK,1036,PP7931,,,,,No,No,Richard,Fairley,Male,No,No,,No,3804,0.0884510000,0.092327856119997087449333754
3258,18330,S14000064,S92000003,Alloa and Grangemouth,,Scotland,County,Scottish National Party,SNP,Scottish National Party,SNP,29,PP102,,,,,No,No,John,Nicolson,Male,Yes,Yes,4415,No,11917,-0.2375020000,0.289240552413776364651343414
3258,18331,S14000064,S92000003,Alloa and Grangemouth,,Scotland,County,Labour,Lab,Labour,Lab,15,PP53,,,,,No,No,Brian,Leishman,Male,No,No,5196,Yes,18039,0.2927940000,0.4378291789034246741583942137
3259,18332,E14001065,E12000002,Altrincham and Sale West,North West,England,Borough,Workers Party of Britain,WPB,Workers Party of Britain,WPB,1042,PP11382,,,,,No,No,Faisal,Kabir,Male,No,No,,No,643,,0.0124970846614320143045945736
3259,18333,E14001065,E12000002,Altrincham and Sale West,North West,England,Borough,Green Party,Green,Green Party,Green,44,PP63,,,,,No,No,Geraldine,Coggins,Female,No,No,,No,3699,0.0432960000,0.0718922490865272486978154396
3259,18334,E14001065,E12000002,Altrincham and Sale West,North West,England,Borough,Liberal Democrat,LD,Liberal Democrat,LD,17,PP90,,,,,No,No,Jane,Brophy,Female,No,No,,No,4727,-0.0183480000,0.0918720360724558812096711498
3259,18335,E14001065,E12000002,Altrincham and Sale West,North West,England,Borough,Reform UK,RUK,Reform UK,RUK,1036,PP7931,,,,,No,No,Paul,Swansborough,Male,No,No,,No,4961,,0.0964199642385135660421363601
3259,18336,E14001065,E12000002,Altrincham and Sale West,North West,England,Borough,Conservative,Con,Conservative,Con,4,PP52,,,,,No,No,Oliver,Carroll,Male,No,No,,No,16624,-0.1573550000,0.3230972556946280027987250253
3259,18337,E14001065,E12000002,Altrincham and Sale West,North West,England,Borough,Labour,Lab,Labour,Lab,15,PP53,,,,,No,No,Connor,Rand,Male,No,No,5159,Yes,20798,0.0358710000,0.4042214102464432869470574516
3260,18338,W07000082,W92000004,Alyn and Deeside,,Wales,County,Independent,IND,,,,,,,,,Yes,No,Edwin,Duggan,Male,No,No,,No,1575,,0.036297013274336283185840708
3260,18339,W07000082,W92000004,Alyn and Deeside,,Wales,County,Green Party,Green,Green Party,Green,44,PP63,,,,,No,No,Karl,Macnaughton,Male,No,No,,No,1926,,0.0443860619469026548672566372
3260,18340,W07000082,W92000004,Alyn and Deeside,,Wales,County,Plaid Cymru,PC,Plaid Cymru,PC,22,PP77,,,,,No,No,Jack,Morris,Male,No,No,,No,1938,0.0106420000,0.0446626106194690265486725664
3260,18341,W07000082,W92000004,Alyn and Deeside,,Wales,County,Liberal Democrat,LD,Liberal Democrat,LD,17,PP90,,,,,No,No,Richard,Marbrow,Male,No,No,,No,2065,-0.0115320000,0.0475894174041297935103244838
3260,18342,W07000082,W92000004,Alyn and Deeside,,Wales,County,Conservative,Con,Conservative,Con,4,PP52,,,,,No,No,Jeremy,Kent,Male,No,No,,No,7892,-0.2376650000,0.1818768436578171091445427729
3260,18343,W07000082,W92000004,Alyn and Deeside,,Wales,County,Reform UK,RUK,Reform UK,RUK,1036,PP7931,,,,,No,No,Vicki,Roskams,Female,No,No,,No,9601,0.1613380000,0.2212619837758112094395280236
3260,18344,W07000082,W92000004,Alyn and Deeside,,Wales,County,Labour,Lab,Labour,Lab,15,PP53,,,,,No,No,Mark,Tami,Male,Yes,Yes,1383,Yes,18395,-0.0034660000,0.4239260693215339233038348083
3261,18345,E14001066,E12000004,Amber Valley,East Midlands,England,County,Liberal Democrat,LD,Liberal Democrat,LD,17,PP90,,,,,No,No,Kate,Smith,Female,No,No,,No,1590,-0.0256510000,0.0373844960146716512661352896
3261,18346,E14001066,E12000004,Amber Valley,East Midlands,England,County,Green Party,Green,Green Party,Green,44,PP63,,,,,No,No,Matt,McGuinness,Male,No,No,,No,2278,0.0231060000,0.053560932026051585902047918
3261,18347,E14001066,E12000004,Amber Valley,East Midlands,England,County,Conservative,Con,Conservative,Con,4,PP52,,,,,No,No,Nigel,Mills,Male,Yes,Yes,4136,No,10725,-0.3862580000,0.2521690061367002892008182267
3261,18348,E14001066,E12000004,Amber Valley,East Midlands,England,County,Reform UK,RUK,Reform UK,RUK,1036,PP7931,,,,,No,No,Alex,Stevenson,Male,No,No,,No,12192,,0.2866614939691048881991958807
3261,18349,E14001066,E12000004,Amber Valley,East Midlands,England,County,Labour,Lab,Labour,Lab,15,PP53,,,,,No,No,Linsey,Farnsworth,Female,No,No,5107,Yes,15746,0.1021410000,0.3702240718534715854318026851
3262,18350,S14000065,S92000003,Angus and Perthshire Glens,,Scotland,County,Independent,IND,,,,,,,,,Yes,No,Dan,Peña,Male,No,No,,No,733,,0.0154811185266537129340204444
3262,18351,S14000065,S92000003,Angus and Perthshire Glens,,Scotland,County,Liberal Democrat,LD,Liberal Democrat,LD,17,PP90,,,,,No,No,Claire,McLaren,Female,No,No,,No,3156,0.0170860000,0.0666554025513221255385655149
3262,18352,S14000065,S92000003,Angus and Perthshire Glens,,Scotland,County,Reform UK,RUK,Reform UK,RUK,1036,PP7931,,,,,No,No,Kenneth,Morton,Male,No,No,,No,3246,0.0627380000,0.0685562220157134409056348737
3262,18353,S14000065,S92000003,Angus and Perthshire Glens,,Scotland,County,Labour,Lab,Labour,Lab,15,PP53,,,,,No,No,Elizabeth,Carr-Ellis,Female,No,No,,No,6799,0.1011180000,0.1435963504266283686744952268
3262,18354,S14000065,S92000003,Angus and Perthshire Glens,,Scotland,County,Conservative,Con,Conservative,Con,4,PP52,,,,,No,No,Stephen,Kerr,Male,No,Yes,4604,No,14272,-0.0965420000,0.301427726619920587986820985
3262,18355,S14000065,S92000003,Angus and Perthshire Glens,,Scotland,County,Scottish National Party,SNP,Scottish National Party,SNP,29,PP102,,,,,No,No,Dave,Doogan,Male,Yes,Yes,4736,Yes,19142,-0.0998810000,0.4042831798597617639604629551
3263,18356,S14000066,S92000003,Arbroath and Broughty Ferry,,Scotland,County,Sovereignty,Svr,Sovereignty,Svr,1088,PP12666,,,,,No,No,Moira,Brown,Female,No,No,,No,231,,0.0052360767957930049640728064
3263,18357,S14000066,S92000003,Arbroath and Broughty Ferry,,Scotland,County,Alba Party,Alba,Alba Party,Alba,1034,PP12700,,,,,No,No,Ghazi,Khan,Male,No,No,,No,693,,0.0157082303873790148922184192
3263,18358,S14000066,S92000003,Arbroath and Broughty Ferry,,Scotland,County,Liberal Democrat,LD,Liberal Democrat,LD,17,PP90,,,,,No,No,David,Evans,Male,No,No,,No,2249,-0.0289850000,0.050978081011854840537661219
3263,18359,S14000066,S92000003,Arbroath and Broughty Ferry,,Scotland,County,Reform UK,RUK,Reform UK,RUK,1036,PP7931,,,,,No,No,Gwen,Wood,Female,No,No,,No,3800,,0.0861345966407507310107214906
3263,18360,S14000066,S92000003,Arbroath and Broughty Ferry,,Scotland,County,Conservative,Con,Conservative,Con,4,PP52,,,,,No,No,Richard,Brooks,Male,No,No,,No,6841,-0.1475400000,0.1550649409524673028537751887
3263,18361,S14000066,S92000003,Arbroath and Broughty Ferry,,Scotland,County,Labour,Lab,Labour,Lab,15,PP53,,,,,No,No,Cheryl-Ann,Cruickshank,Female,No,No,,No,14722,0.2316200000,0.333703560985561121563116259
3263,18362,S14000066,S92000003,Arbroath and Broughty Ferry,,Scotland,County,Scottish National Party,SNP,Scottish National Party,SNP,29,PP102,,,,,No,No,Stephen,Gethins,Male,No,Yes,4434,Yes,15581,-0.1561880000,0.353174513226193984178434617
3264,18363,S14000067,S92000003,"Argyll, Bute and South Lochaber",,Scotland,County,Independent,IND,,,,,,,,,Yes,No,Tommy,MacPherson,Male,No,No,,No,941,,0.0209754357808390174312335607
3264,18364,S14000067,S92000003,"Argyll, Bute and South Lochaber",,Scotland,County,Reform UK / Ulster Unionist Party,RUK / UUP,Reform UK,RUK,1036,PP7931,Ulster Unionist Party,UUP,38,PP83,No,No,Melanie,Hurst,Female,No,No,,No,3045,0.0668100000,0.0678748161027149926441085997
3264,18365,S14000067,S92000003,"Argyll, Bute and South Lochaber",,Scotland,County,Liberal Democrat,LD,Liberal Democrat,LD,17,PP90,,,,,No,No,Alan,Reid,Male,No,Yes,1385,No,7359,0.0226520000,0.1640363782265614551290624582
3264,18366,S14000067,S92000003,"Argyll, Bute and South Lochaber",,Scotland,County,Labour,Lab,Labour,Lab,15,PP53,,,,,No,No,Hamish,Maxwell,Male,No,No,,No,8585,0.1205540000,0.1913646293076545851723061834
3264,18367,S14000067,S92000003,"Argyll, Bute and South Lochaber",,Scotland,County,Conservative,Con,Conservative,Con,4,PP52,,,,,No,No,Amanda,Hampsey,Female,No,No,,No,9350,-0.1366850000,0.2084169230083366769203334671
3264,18368,S14000067,S92000003,"Argyll, Bute and South Lochaber",,Scotland,County,Scottish National Party,SNP,Scottish National Party,SNP,29,PP102,,,,,No,No,Brendan,O'Hara,Male,Yes,Yes,4371,Yes,15582,-0.0943070000,0.3473318175738932727029557309
3265,18369,E14001067,E12000008,Arundel and South Downs,South East,England,County,Social Democratic Party,SDP,Social Democratic Party,SDP,32,PP243,,,,,No,No,Mike,Smith,Male,No,No,,No,184,,0.0033613445378151260504201681
3265,18370,E14001067,E12000008,Arundel and South Downs,South East,England,County,Green Party,Green,Green Party,Green,44,PP63,,,,,No,No,Steve,McAuliffe,Male,No,No,,No,5515,0.0609590000,0.1007489952502740226525392766
3265,18371,E14001067,E12000008,Arundel and South Downs,South East,England,County,Reform UK,RUK,Reform UK,RUK,1036,PP7931,,,,,No,No,David,Thomas,Male,No,No,,No,7391,,0.1350200949945195469492144684
3265,18372,E14001067,E12000008,Arundel and South Downs,South East,England,County,Labour,Lab,Labour,Lab,15,PP53,,,,,No,No,Christopher,Philipsborn,Male,No,No,,No,9782,0.0219490000,0.1786993058092802338326635002
3265,18373,E14001067,E12000008,Arundel and South Downs,South East,England,County,Liberal Democrat,LD,Liberal Democrat,LD,17,PP90,,,,,No,No,Richard,Allen,Male,No,No,,No,9867,-0.0092670000,0.1802521008403361344537815126
3265,18374,E14001067,E12000008,Arundel and South Downs,South East,England,County,Conservative,Con,Conservative,Con,4,PP52,,,,,No,No,Andrew,Griffith,Male,Yes,Yes,4874,Yes,22001,-0.2024530000,0.4019181585677749360613810742
3266,18375,E14001068,E12000004,Ashfield,East Midlands,England,County,Liberal Democrat,LD,Liberal Democrat,LD,17,PP90,,,,,No,No,Daniel,Holmes,Male,No,No,,No,619,-0.0052010000,0.0155207863196429466927435936
3266,18376,E14001068,E12000004,Ashfield,East Midlands,England,County,Green Party,Green,Green Party,Green,44,PP63,,,,,No,No,Alexander,Coates,Male,No,No,,No,1100,0.0144730000,0.0275813650268291459806428965
3266,18377,E14001068,E12000004,Ashfield,East Midlands,England,County,Conservative,Con,Conservative,Con,4,PP52,,,,,No,No,Debbie,Soloman,Female,No,No,,No,3271,-0.3100290000,0.0820169500025073968206208315
3266,18378,E14001068,E12000004,Ashfield,East Midlands,England,County,Ashfield Independents,Ash,Ashfield Independents,Ash,264,PP3902,,,,,No,No,Jason,Zadrozny,Male,No,No,,No,6276,-0.1112100000,0.1573642244621633819768316534
3266,18379,E14001068,E12000004,Ashfield,East Midlands,England,County,Labour,Lab,Labour,Lab,15,PP53,,,,,No,No,Rhea,Keehn,Female,No,No,,No,11554,0.0339130000,0.2897046286545308660548618424
3266,18380,E14001068,E12000004,Ashfield,East Midlands,England,County,Reform UK,RUK,Reform UK,RUK,1036,PP7931,,,,,No,No,Lee,Anderson,Male,Yes,Yes,4743,Yes,17062,0.3780550000,0.4278120455343262624742991826
3267,18381,E14001069,E12000008,Ashford,South East,England,County,Consensus,Cnsn,Consensus,Cnsn,211,PP14170,,,,,No,No,James,Ransley,Male,No,No,,No,1289,,0.0274401277275146354443853113
3267,18382,E14001069,E12000008,Ashford,South East,England,County,Liberal Democrat,LD,Liberal Democrat,LD,17,PP90,,,,,No,No,Adam,Rowledge,Male,No,No,,No,2445,-0.0544990000,0.0520489622139435870143693454
3267,18383,E14001069,E12000008,Ashford,South East,England,County,Green Party,Green,Green Party,Green,44,PP63,,,,,No,No,Mandy,Rossi,Female,No,No,,No,4355,0.0467220000,0.0927088877062267163384779138
3267,18384,E14001069,E12000008,Ashford,South East,England,County,Reform UK,RUK,Reform UK,RUK,1036,PP7931,,,,,No,No,Tristram,Kennedy Harper,Male,No,No,,No,10141,,0.2158807876530069185737094199
3267,18385,E14001069,E12000008,Ashford,South East,England,County,Conservative,Con,Conservative,Con,4,PP52,,,,,No,No,Damian,Green,Male,Yes,Yes,76,No,13483,-0.3049800000,0.2870250133049494411921234699
3267,18386,E14001069,E12000008,Ashford,South East,England,County,Labour,Lab,Labour,Lab,15,PP53,,,,,No,No,Sojan,Joseph,Male,No,No,5247,Yes,15262,0.0871800000,0.3248962213943587014369345396
3268,18387,E14001070,E12000002,Ashton-under-Lyne,North West,England,Borough,Liberal Democrat,LD,Liberal Democrat,LD,17,PP90,,,,,No,No,Dominic,Hardwick,Male,No,No,,No,1411,-0.0030840000,0.0397901920419615916076816785
3268,18388,E14001070,E12000002,Ashton-under-Lyne,North West,England,Borough,Green Party,Green,Green Party,Green,44,PP63,,,,,No,No,Lee,Huntbach,Male,No,No,,No,2481,0.0351620000,0.0699641860071627985674402865
3268,18389,E14001070,E12000002,Ashton-under-Lyne,North West,England,Borough,Workers Party of Britain,WPB,Workers Party of Britain,WPB,1042,PP11382,,,,,No,No,Aroma,Hassan,Female,No,No,,No,2835,,0.0799469840106031978793604241
3268,18390,E14001070,E12000002,Ashton-under-Lyne,North West,England,Borough,Conservative,Con,Conservative,Con,4,PP52,,,,,No,No,Lizzie,Hacking,Female,No,No,,No,4375,-0.2386140000,0.1233749753250049349990130002
3268,18391,E14001070,E12000002,Ashton-under-Lyne,North West,England,Borough,Reform UK,RUK,Reform UK,RUK,1036,PP7931,,,,,No,No,Robert,Barrowcliffe,Male,No,No,,No,8784,0.1626860000,0.24770875045824990835001833
3268,18392,E14001070,E12000002,Ashton-under-Lyne,North West,England,Borough,Labour,Lab,Labour,Lab,15,PP53,,,,,No,No,Angela,Rayner,Female,Yes,Yes,4356,Yes,15575,-0.0360970000,0.4392149121570175685964862807
3269,18393,E14001071,E12000008,Aylesbury,South East,England,County,Social Democratic Party / Socialist Labour Party,SDP / SL,Social Democratic Party,SDP,32,PP243,Socialist Labour Party,SL,147,PP73,No,No,Richard,Wilding,Male,No,No,,No,116,,0.0023227873448137765318382058
3269,18394,E14001071,E12000008,Aylesbury,South East,England,County,Workers Party of Britain,WPB,Workers Party of Britain,WPB,1042,PP11382,,,,,No,No,Jan,Gajdos,Male,No,No,,No,516,,0.0103323988786543852623147777
3269,18395,E14001071,E12000008,Aylesbury,South East,England,County,Green Party,Green,Green Party,Green,44,PP63,,,,,No,No,Julie,Atkins,Female,No,No,,No,2590,0.0224780000,0.051862234681617941529835803
3269,18396,E14001071,E12000008,Aylesbury,South East,England,County,Reform UK,RUK,Reform UK,RUK,1036,PP7931,,,,,No,No,Lesley,Taylor,Female,No,No,,No,6746,0.1297440000,0.1350820985182218662394873849
3269,18397,E14001071,E12000008,Aylesbury,South East,England,County,Liberal Democrat,LD,Liberal Democrat,LD,17,PP90,,,,,No,No,Steve,Lambert,Male,No,No,,No,10440,-0.0098200000,0.2090508610332398878654385262
3269,18398,E14001071,E12000008,Aylesbury,South East,England,County,Conservative,Con,Conservative,Con,4,PP52,,,,,No,No,Rob,Butler,Male,Yes,Yes,4745,No,14451,-0.2275620000,0.2893672406888265919102923508
3269,18399,E14001071,E12000008,Aylesbury,South East,England,County,Labour,Lab,Labour,Lab,15,PP53,,,,,No,No,Laura,Kyrke-Smith,Female,No,No,5341,Yes,15081,0.0725050000,0.3019823788546255506607929515
3270,18400,S14000107,S92000003,"Ayr, Carrick and Cumnock",,Scotland,County,Alba Party,Alba,Alba Party,Alba,1034,PP12700,,,,,No,No,Corri,Wilson,Female,No,Yes,4448,No,472,,0.0115301934727379323822552277
3270,18401,S14000107,S92000003,"Ayr, Carrick and Cumnock",,Scotland,County,Scottish Green Party,Green,Scottish Green Party,Green,1057,PP130,,,,,No,No,Korin,Vallance,Male,No,No,,No,886,,0.0216435411373851866327926519
3270,18402,S14000107,S92000003,"Ayr, Carrick and Cumnock",,Scotland,County,Liberal Democrat,LD,Liberal Democrat,LD,17,PP90,,,,,No,No,Paul,Kennedy,Male,No,No,,No,1081,-0.0199100000,0.0264070744576900527652921634
3270,18403,S14000107,S92000003,"Ayr, Carrick and Cumnock",,Scotland,County,Reform UK,RUK,Reform UK,RUK,1036,PP7931,,,,,No,No,Andrew,Russell,Male,No,No,,No,3544,,0.0865741645495407465311706078
3270,18404,S14000107,S92000003,"Ayr, Carrick and Cumnock",,Scotland,County,Conservative,Con,Conservative,Con,4,PP52,,,,,No,No,Martin,Dowey,Male,No,No,,No,9247,-0.1592200000,0.2258891928864569083447332421
3270,18405,S14000107,S92000003,"Ayr, Carrick and Cumnock",,Scotland,County,Scottish National Party,SNP,Scottish National Party,SNP,29,PP102,,,,,No,No,Allan,Dorans,Male,Yes,Yes,4740,No,10776,-0.1718560000,0.2632401797928473715067422318
3270,18406,S14000107,S92000003,"Ayr, Carrick and Cumnock",,Scotland,County,Labour,Lab,Labour,Lab,15,PP53,,,,,No,No,Elaine,Stewart,Female,No,No,5206,Yes,14930,0.2312380000,0.3647156537033418018370138753
3271,18407,E14001072,E12000008,Banbury,South East,England,County,Social Democratic Party,SDP,Social Democratic Party,SDP,32,PP243,,,,,No,No,Declan,Soper,Male,No,No,,No,155,,0.0032172360828593964049981319
3271,18408,E14001072,E12000008,Banbury,South East,England,County,Climate Party,Cli,Climate Party,Cli,1053,PP12958,,,,,No,No,Chris,Nevile,Male,No,No,,No,242,,0.0050230395616256382581261157
3271,18409,E14001072,E12000008,Banbury,South East,England,County,Independent,IND,,,,,,,,,Yes,No,Cassi,Bellingham,Female,No,No,,No,850,,0.0176429075511644318983768525
3271,18410,E14001072,E12000008,Banbury,South East,England,County,Green Party,Green,Green Party,Green,44,PP63,,,,,No,No,Arron,Baker,Male,No,No,,No,2615,0.0251500000,0.054277886172111752252065258
3271,18411,E14001072,E12000008,Banbury,South East,England,County,Liberal Democrat,LD,Liberal Democrat,LD,17,PP90,,,,,No,No,Liz,Adams,Female,No,No,,No,4352,-0.1130730000,0.0903316866619618913196894848
3271,18412,E14001072,E12000008,Banbury,South East,England,County,Reform UK,RUK,Reform UK,RUK,1036,PP7931,,,,,No,No,Paul,Topley,Male,No,No,,No,6284,,0.1304329777076674000581178131
3271,18413,E14001072,E12000008,Banbury,South East,England,County,Conservative,Con,Conservative,Con,4,PP52,,,,,No,No,Victoria,Prentis,Female,Yes,Yes,4401,No,15212,-0.2037780000,0.3157457760803686329860102121
3271,18414,E14001072,E12000008,Banbury,South East,England,County,Labour,Lab,Labour,Lab,15,PP53,,,,,No,No,Sean,Woodcock,Male,No,No,5328,Yes,18468,0.1353850000,0.3833284901822408568226161318
3272,18415,W07000083,W92000004,Bangor Aberconwy,,Wales,County,Climate Party,Cli,Climate Party,Cli,1053,PP12958,,,,,No,No,Steve,Marshall,Male,No,No,,No,104,,0.0024963994239078252520403265
3272,18416,W07000083,W92000004,Bangor Aberconwy,,Wales,County,Socialist Labour Party,SL,Socialist Labour Party,SL,147,PP73,,,,,No,No,Kathrine,Jones,Female,No,No,,No,424,,0.0101776284205472875660105617
3272,18417,W07000083,W92000004,Bangor Aberconwy,,Wales,County,Green Party,Green,Green Party,Green,44,PP63,,,,,No,No,Petra,Haig,Female,No,No,,No,1361,,0.0326692270763322131541046567
3272,18418,W07000083,W92000004,Bangor Aberconwy,,Wales,County,Liberal Democrat,LD,Liberal Democrat,LD,17,PP90,,,,,No,No,Rachael,Roberts,Female,No,No,,No,1524,-0.0076680000,0.0365818530964954392702832453
3272,18419,W07000083,W92000004,Bangor Aberconwy,,Wales,County,Reform UK,RUK,Reform UK,RUK,1036,PP7931,,,,,No,No,John,Clark,Male,No,No,,No,6091,0.1368080000,0.1462073931829092654824771964
3272,18420,W07000083,W92000004,Bangor Aberconwy,,Wales,County,Conservative,Con,Conservative,Con,4,PP52,,,,,No,No,Robin,Millar,Male,Yes,Yes,4746,No,9036,-0.1829400000,0.2168987037926068170907345175
3272,18421,W07000083,W92000004,Bangor Aberconwy,,Wales,County,Plaid Cymru,PC,Plaid Cymru,PC,22,PP77,,,,,No,No,Catrin,Wager,Female,No,No,,No,9112,0.0565770000,0.2187229956793086893903024484
3272,18422,W07000083,W92000004,Bangor Aberconwy,,Wales,County,Labour,Lab,Labour,Lab,15,PP53,,,,,No,No,Claire,Hughes,Female,No,No,5113,Yes,14008,-0.0481200000,0.3362457993278924627940470475
3273,18423,E14001073,E12000007,Barking,London,England,Borough,Christian Peoples Alliance,CPA,Christian Peoples Alliance,CPA,80,PP79,,,,,No,No,Lucy,Baiye-Gaman,Female,No,No,,No,449,,0.0123091262987636044630863284
3273,18424,E14001073,E12000007,Barking,London,England,Borough,Independent,IND,,,,,,,,,Yes,No,Dee,Dias,Female,No,No,,No,753,,0.0206431449954766016942182745
3273,18425,E14001073,E12000007,Barking,London,England,Borough,Liberal Democrat,LD,Liberal Democrat,LD,17,PP90,,,,,No,No,Charley,Hasted,Non-binary,No,No,,No,1015,-0.0052320000,0.0278257532143542506236806755
3273,18426,E14001073,E12000007,Barking,London,England,Borough,Workers Party of Britain,WPB,Workers Party of Britain,WPB,1042,PP11382,,,,,No,No,Muhammad,Asim,Male,No,No,,No,3578,,0.0980892068974970529374674452
3273,18427,E14001073,E12000007,Barking,London,England,Borough,Conservative,Con,Conservative,Con,4,PP52,,,,,No,No,Julie,Redmond,Female,No,No,,No,4294,-0.1505240000,0.1177180140910710858897387395
3273,18428,E14001073,E12000007,Barking,London,England,Borough,Green Party,Green,Green Party,Green,44,PP63,,,,,No,No,Simon,Anthony,Male,No,No,,No,4988,0.1184590000,0.1367437015105408887792307481
3273,18429,E14001073,E12000007,Barking,London,England,Borough,Reform UK,RUK,Reform UK,RUK,1036,PP7931,,,,,No,No,Clive,Peacock,Male,No,No,,No,5173,0.0707750000,0.1418153905200537324889656496
3273,18430,E14001073,E12000007,Barking,London,England,Borough,Labour,Lab,Labour,Lab,15,PP53,,,,,No,No,Nesil,Caliskan,Female,No,No,5180,Yes,16227,-0.1645200000,0.4448556624722427831236121392
3274,18431,E14001074,E12000003,Barnsley North,Yorkshire and The Humber,England,County,English Democrats,ED,English Democrats,ED,90,PP17,,,,,No,No,Janus,Polenceusz,Male,No,No,,No,42,,0.0011383964872336965360221174
3274,18432,E14001074,E12000003,Barnsley North,Yorkshire and The Humber,England,County,The Yorkshire Party,Yrks,The Yorkshire Party,Yrks,262,PP2055,,,,,No,No,Tony,Devoy,Male,No,No,,No,603,,0.0163441209952837859814604001
3274,18433,E14001074,E12000003,Barnsley North,Yorkshire and The Humber,England,County,Independent,IND,,,,,,,,,Yes,No,Neil,Fisher,Male,No,No,,No,616,,0.0166964818127608825283243888
3274,18434,E14001074,E12000003,Barnsley North,Yorkshire and The Humber,England,County,Liberal Democrat,LD,Liberal Democrat,LD,17,PP90,,,,,No,No,Penny,Baker,Female,No,No,,No,1336,0.0005100000,0.0362118501653385374315606874
3274,18435,E14001074,E12000003,Barnsley North,Yorkshire and The Humber,England,County,Green Party,Green,Green Party,Green,44,PP63,,,,,No,No,Tom,Heyes,Male,No,No,,No,1805,0.0252950000,0.0489239442727814820838076652
3274,18436,E14001074,E12000003,Barnsley North,Yorkshire and The Humber,England,County,Conservative,Con,Conservative,Con,4,PP52,,,,,No,No,Tamas,Kovacs,Male,No,No,,No,3083,-0.1561620000,0.0835637230986068195370520952
3274,18437,E14001074,E12000003,Barnsley North,Yorkshire and The Humber,England,County,Reform UK,RUK,Reform UK,RUK,1036,PP7931,,,,,No,No,Robert,Lomas,Male,No,No,,No,10799,-0.0026880000,0.292703420610397354583401095
3274,18438,E14001074,E12000003,Barnsley North,Yorkshire and The Humber,England,County,Labour,Lab,Labour,Lab,15,PP53,,,,,No,No,Dan,Jarvis,Male,Yes,Yes,4243,Yes,18610,0.1190540000,0.5044180625575974413183715509
3275,18439,E14001075,E12000003,Barnsley South,Yorkshire and The Humber,England,County,English Democrats,ED,English Democrats,ED,90,PP17,,,,,No,No,Maxine,Spencer,Female,No,No,,No,149,,0.0042471922923436520152784904
3275,18440,E14001075,E12000003,Barnsley South,Yorkshire and The Humber,England,County,Socialist Labour Party,SL,Socialist Labour Party,SL,147,PP73,,,,,No,No,Terry,Robinson,Male,No,No,,No,227,,0.0064705547004161678353571632
3275,18441,E14001075,E12000003,Barnsley South,Yorkshire and The Humber,England,County,The Yorkshire Party,Yrks,The Yorkshire Party,Yrks,262,PP2055,,,,,No,No,Simon,Biltcliffe,Male,No,No,,No,716,,0.0204093267202554016304657659
3275,18442,E14001075,E12000003,Barnsley South,Yorkshire and The Humber,England,County,Liberal Democrat,LD,Liberal Democrat,LD,17,PP90,,,,,No,No,Simon,Clement-Jones,Male,No,No,,No,1172,-0.0015450000,0.0334074454136024171940026224
3275,18443,E14001075,E12000003,Barnsley South,Yorkshire and The Humber,England,County,Green Party,Green,Green Party,Green,44,PP63,,,,,No,No,Trevor,Mayne,Male,No,No,,No,1521,0.0227470000,0.0433555669574140584915341201
3275,18444,E14001075,E12000003,Barnsley South,Yorkshire and The Humber,England,County,Conservative,Con,Conservative,Con,4,PP52,,,,,No,No,Suzanne,Pearson,Female,No,No,,No,3247,-0.1339840000,0.0925545863975828059973775725
3275,18445,E14001075,E12000003,Barnsley South,Yorkshire and The Humber,England,County,Reform UK,RUK,Reform UK,RUK,1036,PP7931,,,,,No,No,David,White,Male,No,No,,No,11651,0.0397970000,0.3321076335442677156376489368
3275,18446,E14001075,E12000003,Barnsley South,Yorkshire and The Humber,England,County,Labour,Lab,Labour,Lab,15,PP53,,,,,No,No,Stephanie,Peacock,Female,Yes,Yes,4607,Yes,16399,0.0492970000,0.4674476939741177811983353287
3276,18447,E14001076,E12000002,Barrow and Furness,North West,England,County,Party of Women,POW,Party of Women,POW,1102,PP17545,,,,,No,No,Lisa,Morgan,Female,No,No,,No,290,,0.0068686198811018213685132991
3276,18448,E14001076,E12000002,Barrow and Furness,North West,England,County,Green Party,Green,Green Party,Green,44,PP63,,,,,No,No,Lorraine,Wrennall,Female,No,No,,No,1466,0.0193370000,0.0347220577437767935387603325
3276,18449,E14001076,E12000002,Barrow and Furness,North West,England,County,Liberal Democrat,LD,Liberal Democrat,LD,17,PP90,,,,,No,No,Adrian,Waite,Male,No,No,,No,1680,-0.0052870000,0.039790625518107103100352905
3276,18450,E14001076,E12000002,Barrow and Furness,North West,England,County,Reform UK,RUK,Reform UK,RUK,1036,PP7931,,,,,No,No,Barry,Morgan,Male,No,No,,No,7035,0.1395480000,0.1666232443570734942327277895
3276,18451,E14001076,E12000002,Barrow and Furness,North West,England,County,Conservative,Con,Conservative,Con,4,PP52,,,,,No,No,Simon,Fell,Male,Yes,Yes,4744,No,13213,-0.2175730000,0.3129485327206840198005731745
3276,18452,E14001076,E12000002,Barrow and Furness,North West,England,County,Labour,Lab,Labour,Lab,15,PP53,,,,,No,No,Michelle,Scrogham,Female,No,No,5049,Yes,18537,0.0571060000,0.4390469197792567679590724995
3277,18453,E14001077,E12000006,Basildon and Billericay,East of England,England,Borough,Trade Unionist and Socialist Coalition,TUSC,Trade Unionist and Socialist Coalition,TUSC,157,PP804,,,,,No,No,Dave,Murray,Male,No,No,,No,192,,0.004557971702592346405849397
3277,18454,E14001077,E12000006,Basildon and Billericay,East of England,England,Borough,British Democratic Party,BDP,British Democratic Party,BDP,200,PP1765,,,,,No,No,Christopher,Bateman,Male,No,No,,No,373,,0.008854809609723672965530339
3277,18455,E14001077,E12000006,Basildon and Billericay,East of England,England,Borough,Green Party,Green,Green Party,Green,44,PP63,,,,,No,No,Stewart,Goshawk,Male,No,No,,No,2123,0.0206250000,0.0503988225239768303105118222
3277,18456,E14001077,E12000006,Basildon and Billericay,East of England,England,Borough,Liberal Democrat,LD,Liberal Democrat,LD,17,PP90,,,,,No,No,Edward,Sainsbury,Male,No,No,,No,2292,-0.0298310000,0.0544107871996961352198271769
3277,18457,E14001077,E12000006,Basildon and Billericay,East of England,England,Borough,Reform UK,RUK,Reform UK,RUK,1036,PP7931,,,,,No,No,Stephen,Conlay,Male,No,No,,No,11354,,0.2695375557876744848542398633
3277,18458,E14001077,E12000006,Basildon and Billericay,East of England,England,Borough,Labour,Lab,Labour,Lab,15,PP53,,,,,No,No,Alex,Harrison,Male,No,No,,No,12885,0.0899310000,0.305882632228658247080049378
3277,18459,E14001077,E12000006,Basildon and Billericay,East of England,England,Borough,Conservative,Con,Conservative,Con,4,PP52,,,,,No,No,Richard,Holden,Male,Yes,Yes,4813,Yes,12905,-0.3524480000,0.3063574209476782831639920235
3278,18460,E14001078,E12000008,Basingstoke,South East,England,Borough,Hampshire Independents,HI,Hampshire Independents,HI,1106,PP10327,,,,,No,No,Alan,Stone,Male,No,No,,No,571,,0.0116556778052215803547735206
3278,18461,E14001078,E12000008,Basingstoke,South East,England,Borough,Liberal Democrat,LD,Liberal Democrat,LD,17,PP90,,,,,No,No,Richard,Whelan,Male,No,No,,No,3176,-0.0679720000,0.0648308804017228357386352038
3278,18462,E14001078,E12000008,Basingstoke,South East,England,Borough,Green Party,Green,Green Party,Green,44,PP63,,,,,No,No,Michael,Howard-Sorrell,Male,No,No,,No,3568,0.0336190000,0.0728326767233460572781644859
3278,18463,E14001078,E12000008,Basingstoke,South East,England,Borough,Reform UK,RUK,Reform UK,RUK,1036,PP7931,,,,,No,No,Ray,Saint,Male,No,No,,No,6314,,0.1288860764661454612259895078
3278,18464,E14001078,E12000008,Basingstoke,South East,England,Borough,Conservative,Con,Conservative,Con,4,PP52,,,,,No,No,Maria,Miller,Female,Yes,Yes,1480,No,14438,-0.2321560000,0.2947192226826430423156218743
3278,18465,E14001078,E12000008,Basingstoke,South East,England,Borough,Labour,Lab,Labour,Lab,15,PP53,,,,,No,No,Luke,Murphy,Male,No,No,5248,Yes,20922,0.1405430000,0.4270754659209210230868154075
3279,18466,E14001079,E12000004,Bassetlaw,East Midlands,England,County,Green Party,Green,Green Party,Green,44,PP63,,,,,No,No,Rachel,Reeves,Female,No,No,,No,1947,,0.0433842862872677035518516868
3279,18467,E14001079,E12000004,Bassetlaw,East Midlands,England,County,Liberal Democrat,LD,Liberal Democrat,LD,17,PP90,,,,,No,No,Helen,Tamblyn-Saville,Female,No,No,,No,1996,-0.0228520000,0.0444761353001470653772449753
3279,18468,E14001079,E12000004,Bassetlaw,East Midlands,England,County,Reform UK,RUK,Reform UK,RUK,1036,PP7931,,,,,No,No,Frank,Ward,Male,No,No,,No,9751,0.1087770000,0.2172779535629930032532644057
3279,18469,E14001079,E12000004,Bassetlaw,East Midlands,England,County,Conservative,Con,Conservative,Con,4,PP52,,,,,No,No,Brendan,Clarke-Smith,Male,Yes,Yes,4756,No,12708,-0.2609310000,0.283167699095325103614243059
3279,18470,E14001079,E12000004,Bassetlaw,East Midlands,England,County,Labour,Lab,Labour,Lab,15,PP53,,,,,No,No,Jo,White,Female,No,No,5105,Yes,18476,0.1316220000,0.4116939257542671242033958733
3280,18471,E14001080,E12000009,Bath,South West,England,County,Independent,IND,,,,,,,,,Yes,No,A,ON,Male,No,No,,No,25,,0.0005194265530853937253272387
3280,18472,E14001080,E12000009,Bath,South West,England,County,Independent,IND,,,,,,,,,Yes,No,Bill,Blockhead,Male,No,No,,No,169,,0.0035113234988572615832121338
3280,18473,E14001080,E12000009,Bath,South West,England,County,Workers Party of Britain,WPB,Workers Party of Britain,WPB,1042,PP11382,,,,,No,No,Matthew,Alford,Male,No,No,,No,230,,0.0047787242883856222730105963
3280,18474,E14001080,E12000009,Bath,South West,England,County,Independent,IND,,,,,,,,,Yes,No,Colin,Blackburn,Male,No,No,,No,1749,,0.0363390816538541450238936214
3280,18475,E14001080,E12000009,Bath,South West,England,County,Reform UK,RUK,Reform UK,RUK,1036,PP7931,,,,,No,No,Teresa,Hall,Female,No,No,,No,3798,0.0676230000,0.0789112819447330147517141076
3280,18476,E14001080,E12000009,Bath,South West,England,County,Green Party,Green,Green Party,Green,44,PP63,,,,,No,No,Dom,Tristram,Male,No,No,,No,5952,0.1210980000,0.1236650737585705381259089965
3280,18477,E14001080,E12000009,Bath,South West,England,County,Conservative,Con,Conservative,Con,4,PP52,,,,,No,No,James,Wright,Male,No,No,,No,7659,-0.1617600000,0.1591315188032412216912528568
3280,18478,E14001080,E12000009,Bath,South West,England,County,Labour,Lab,Labour,Lab,15,PP53,,,,,No,No,Dan,Bewley,Male,No,No,,No,8665,0.0548490000,0.1800332432993974651984209433
3280,18479,E14001080,E12000009,Bath,South West,England,County,Liberal Democrat,LD,Liberal Democrat,LD,17,PP90,,,,,No,No,Wera,Hobhouse,Female,Yes,Yes,4602,Yes,19883,-0.1209640000,0.4131103261998753376272595055
3281,18480,S14000068,S92000003,Bathgate and Linlithgow,,Scotland,County,Independent,IND,,,,,,,,,Yes,No,Stuart,McArthur,Male,No,No,,No,229,,0.0054439557827172233448234875
3281,18481,S14000068,S92000003,Bathgate and Linlithgow,,Scotland,County,Independence for Scotland Party,ISP,Independence for Scotland Party,ISP,1058,PP11433,,,,,No,No,John,Hannah,Male,No,No,,No,382,,0.0090811838820872459289195293
3281,18482,S14000068,S92000003,Bathgate and Linlithgow,,Scotland,County,Scottish Green Party,Green,Scottish Green Party,Green,1057,PP130,,,,,No,No,Simon,Jay,Male,No,No,,No,1390,0.0112510000,0.0330440984191132770711993344
3281,18483,S14000068,S92000003,Bathgate and Linlithgow,,Scotland,County,Liberal Democrat,LD,Liberal Democrat,LD,17,PP90,,,,,No,No,Sally,Pattle,Female,No,No,,No,2171,-0.0305840000,0.0516106026387733269939379532
3281,18484,S14000068,S92000003,Bathgate and Linlithgow,,Scotland,County,Conservative,Con,Conservative,Con,4,PP52,,,,,No,No,Lynn,Munro,Female,No,No,,No,3144,-0.1716740000,0.0747414715321526209437774872
3281,18485,S14000068,S92000003,Bathgate and Linlithgow,,Scotland,County,Reform UK,RUK,Reform UK,RUK,1036,PP7931,,,,,No,No,Jamie,McNamee,Male,No,No,,No,3524,0.0646290000,0.0837751099488886247474147153
3281,18486,S14000068,S92000003,Bathgate and Linlithgow,,Scotland,County,Scottish National Party,SNP,Scottish National Party,SNP,29,PP102,,,,,No,No,Martyn,Day,Male,Yes,Yes,4488,No,11451,-0.1578350000,0.2722215618685367883038155236
3281,18487,S14000068,S92000003,Bathgate and Linlithgow,,Scotland,County,Labour / Co-operative Party,Lab / Co-op,Labour,Lab,15,PP53,Co-operative Party,Co-op,,,No,No,Kirsteen,Sullivan,Female,No,No,5179,Yes,19774,0.2821410000,0.4700820159277308926661119696
3282,18488,E14001081,E12000007,Battersea,London,England,Borough,Social Democratic Party,SDP,Social Democratic Party,SDP,32,PP243,,,,,No,No,Ed,Dampier,Male,No,No,,No,149,,0.0031646913894906758421477422
3282,18489,E14001081,E12000007,Battersea,London,England,Borough,Independent,IND,,,,,,,,,Yes,No,Jake,Thomas,Male,No,No,,No,216,,0.0045877405377851408181470626
3282,18490,E14001081,E12000007,Battersea,London,England,Borough,Rejoin EU,REU,Rejoin EU,REU,1040,PP11423,,,,,No,No,Georgina,Burford-Connole,Female,No,No,,No,401,,0.0085170553502400067966526486
3282,18491,E14001081,E12000007,Battersea,London,England,Borough,Workers Party of Britain,WPB,Workers Party of Britain,WPB,1042,PP11382,,,,,No,No,Daniel,Smith,Male,No,No,,No,499,,0.0105985302238647466122934455
3282,18492,E14001081,E12000007,Battersea,London,England,Borough,Reform UK,RUK,Reform UK,RUK,1036,PP7931,,,,,No,No,Barry,Edwards,Male,No,No,,No,2825,0.0536290000,0.0600016991631621426447474619
3282,18493,E14001081,E12000007,Battersea,London,England,Borough,Green Party,Green,Green Party,Green,44,PP63,,,,,No,No,Joe,Taylor,Male,No,No,,No,4239,0.0651970000,0.090034408054033388556136103
3282,18494,E14001081,E12000007,Battersea,London,England,Borough,Liberal Democrat,LD,Liberal Democrat,LD,17,PP90,,,,,No,No,Francis,Chubb,Male,No,No,,No,4826,-0.0489240000,0.102502017756255044390637611
3282,18495,E14001081,E12000007,Battersea,London,England,Borough,Conservative,Con,Conservative,Con,4,PP52,,,,,No,No,Tom,Pridham,Male,No,No,,No,10944,-0.1213730000,0.2324455205811138014527845036
3282,18496,E14001081,E12000007,Battersea,London,England,Borough,Labour,Lab,Labour,Lab,15,PP53,,,,,No,No,Marsha,De Cordova,Female,Yes,Yes,4676,Yes,22983,0.0246030000,0.4881483369440550528864534217
3283,18497,E14001082,E12000008,Beaconsfield,South East,England,County,Independent,IND,,,,,,,,,Yes,No,Cole,Caesar,Male,No,No,,No,104,,0.0021791057285337132799731802
3283,18498,E14001082,E12000008,Beaconsfield,South East,England,County,Social Democratic Party,SDP,Social Democratic Party,SDP,32,PP243,,,,,No,No,Catherine,Harker,Female,No,No,,No,131,,0.0027448351003645811507354482
3283,18499,E14001082,E12000008,Beaconsfield,South East,England,County,Independent,IND,,,,,,,,,Yes,No,Pippa,Allen,Female,No,No,,No,710,,0.0148765871851820810459707497
3283,18500,E14001082,E12000008,Beaconsfield,South East,England,County,Green Party,Green,Green Party,Green,44,PP63,,,,,No,No,Dominick,Pegram,Male,No,No,,No,1977,0.0046600000,0.0414239617818379918702593974
3283,18501,E14001082,E12000008,Beaconsfield,South East,England,County,Reform UK,RUK,Reform UK,RUK,1036,PP7931,,,,,No,No,John,Halsall,Male,No,No,,No,6055,,0.1268700498679964799061308302
3283,18502,E14001082,E12000008,Beaconsfield,South East,England,County,Labour,Lab,Labour,Lab,15,PP53,,,,,No,No,Matthew,Patterson,Male,No,No,,No,7216,0.0521900000,0.1511964128567237983489083518
3283,18503,E14001082,E12000008,Beaconsfield,South East,England,County,Liberal Democrat,LD,Liberal Democrat,LD,17,PP90,,,,,No,No,Anna,Crabtree,Female,No,No,,No,13039,,0.2732053807149143024766374722
3283,18504,E14001082,E12000008,Beaconsfield,South East,England,County,Conservative,Con,Conservative,Con,4,PP52,,,,,No,No,Joy,Morrissey,Female,Yes,Yes,4759,Yes,18494,-0.1674900000,0.3875036667644470519213845703
3284,18505,E14001083,E12000007,Beckenham and Penge,London,England,Borough,Green Party,Green,Green Party,Green,44,PP63,,,,,No,No,Ruth,Fabricant,Female,No,No,,No,3830,0.0331690000,0.0733407376201600857875990962
3284,18506,E14001083,E12000007,Beckenham and Penge,London,England,Borough,Liberal Democrat,LD,Liberal Democrat,LD,17,PP90,,,,,No,No,Chloe-Jane,Ross,Female,No,No,,No,4436,-0.0756250000,0.0849450423193290184213549845
3284,18507,E14001083,E12000007,Beckenham and Penge,London,England,Borough,Reform UK,RUK,Reform UK,RUK,1036,PP7931,,,,,No,No,Edward,Apostolides,Male,No,No,,No,5355,0.0948280000,0.1025429895446363601547240627
3284,18508,E14001083,E12000007,Beckenham and Penge,London,England,Borough,Conservative,Con,Conservative,Con,4,PP52,,,,,No,No,Hannah,Gray,Female,No,No,,No,12848,-0.1444990000,0.2460265788365056872582436521
3284,18509,E14001083,E12000007,Beckenham and Penge,London,England,Borough,Labour,Lab,Labour,Lab,15,PP53,,,,,No,No,Liam,Conlon,Male,No,No,5132,Yes,25753,0.0921270000,0.4931446516793688483780782046
3285,18510,E14001084,E12000006,Bedford,East of England,England,Borough,Workers Party of Britain,WPB,Workers Party of Britain,WPB,1042,PP11382,,,,,No,No,Prince,Chaudhury,Male,No,No,,No,996,,0.0244964214565040950343097469
3285,18511,E14001084,E12000006,Bedford,East of England,England,Borough,Independent,IND,,,,,,,,,Yes,No,Tarek,Javed,Male,No,No,,No,1442,,0.0354657025504808283528861999
3285,18512,E14001084,E12000006,Bedford,East of England,England,Borough,Green Party,Green,Green Party,Green,44,PP63,,,,,No,No,Ben,Foley,Male,No,No,,No,2394,0.0390530000,0.0588799527779827344499372833
3285,18513,E14001084,E12000006,Bedford,East of England,England,Borough,Liberal Democrat,LD,Liberal Democrat,LD,17,PP90,,,,,No,No,Henry,Vann,Male,No,No,,No,4025,-0.0012570000,0.0989940726530411471015027423
3285,18514,E14001084,E12000006,Bedford,East of England,England,Borough,Reform UK,RUK,Reform UK,RUK,1036,PP7931,,,,,No,No,Matt,Lansley,Male,No,No,,No,4548,0.0948190000,0.1118571533977717110602818564
3285,18515,E14001084,E12000006,Bedford,East of England,England,Borough,Conservative,Con,Conservative,Con,4,PP52,,,,,No,No,Pinder,Chauhan,Female,No,No,,No,8912,-0.2003120000,0.2191888634742615411102093018
3285,18516,E14001084,E12000006,Bedford,East of England,England,Borough,Labour,Lab,Labour,Lab,15,PP53,,,,,No,No,Mohammad,Yasin,Male,Yes,Yes,4598,Yes,18342,0.0077340000,0.4511178336899579428908728695
3286,18517,N05000001,N92000002,Belfast East,,Northern Ireland,Borough,Independent,IND,,,,,,,,,Yes,No,Ryan,North,Male,No,No,,No,162,,0.0037933779796749871212475999
3286,18518,N05000001,N92000002,Belfast East,,Northern Ireland,Borough,Social Democratic & Labour Party,SDLP,Social Democratic & Labour Party,SDLP,31,PP55,,,,,No,No,Séamas,De Faoite,Male,No,No,,No,619,-0.0284740000,0.0144944504285112162225448415
3286,18519,N05000001,N92000002,Belfast East,,Northern Ireland,Borough,Green Party Northern Ireland,Green,Green Party Northern Ireland,Green,1113,PP305,,,,,No,No,Brian,Smyth,Male,No,No,,No,1077,,0.0252189387908022291949608954
3286,18520,N05000001,N92000002,Belfast East,,Northern Ireland,Borough,Ulster Unionist Party,UUP,Ulster Unionist Party,UUP,38,PP83,,,,,No,No,Ryan,Warren,Male,No,No,,No,1818,-0.0146250000,0.042570130660797077694000843
3286,18521,N05000001,N92000002,Belfast East,,Northern Ireland,Borough,Traditional Unionist Voice,TUV,Traditional Unionist Voice,TUV,158,PP680,,,,,No,No,John,Ross,Male,No,No,,No,1918,,0.0449117220062754648058820775
3286,18522,N05000001,N92000002,Belfast East,,Northern Ireland,Borough,Alliance,APNI,Alliance,APNI,1,PP103,,,,,No,No,Naomi,Long,Female,No,Yes,3920,No,17218,-0.0176470000,0.403175197864468692923710954
3286,18523,N05000001,N92000002,Belfast East,,Northern Ireland,Borough,Democratic Unionist Party,DUP,Democratic Unionist Party,DUP,7,PP70,,,,,No,No,Gavin,Robinson,Male,Yes,Yes,4360,Yes,19894,-0.0131780000,0.4658361822694703320376527888
3287,18524,N05000002,N92000002,Belfast North,,Northern Ireland,Borough,People Before Profit Alliance,PBPA,People Before Profit Alliance,PBPA,177,PP773,,,,,No,No,Fiona,Ferguson,Female,No,No,,No,946,0.0222020000,0.023385741125284287550677346
3287,18525,N05000002,N92000002,Belfast North,,Northern Ireland,Borough,Green Party Northern Ireland,Green,Green Party Northern Ireland,Green,1113,PP305,,,,,No,No,Mal,O'Hara,Male,No,No,,No,1206,,0.0298131118362503708098487096
3287,18526,N05000002,N92000002,Belfast North,,Northern Ireland,Borough,Social Democratic & Labour Party,SDLP,Social Democratic & Labour Party,SDLP,31,PP55,,,,,No,No,Carl,Whyte,Male,No,No,,No,1413,0.0302560000,0.0349302877484425986354197567
3287,18527,N05000002,N92000002,Belfast North,,Northern Ireland,Borough,Traditional Unionist Voice,TUV,Traditional Unionist Voice,TUV,158,PP680,,,,,No,No,David,Clarke,Male,No,No,,No,2877,,0.0711213289824977751409077425
3287,18528,N05000002,N92000002,Belfast North,,Northern Ireland,Borough,Alliance,APNI,Alliance,APNI,1,PP103,,,,,No,No,Nuala,McAllister,Female,No,No,,No,4274,-0.0002640000,0.1056560862256501532680708
3287,18529,N05000002,N92000002,Belfast North,,Northern Ireland,Borough,Democratic Unionist Party,DUP,Democratic Unionist Party,DUP,7,PP70,,,,,No,No,Phillip,Brett,Male,No,No,,No,12062,-0.1052050000,0.2981805596756649856620191832
3287,18530,N05000002,N92000002,Belfast North,,Northern Ireland,Borough,Sinn Féin,SF,Sinn Féin,SF,30,PP39,,,,,No,No,John,Finucane,Male,Yes,Yes,4823,Yes,17674,-0.0441420000,0.436912884406209828933056462
3288,18531,N05000003,N92000002,Belfast South and Mid Down,,Northern Ireland,Borough,Green Party Northern Ireland,Green,Green Party Northern Ireland,Green,1113,PP305,,,,,No,No,Ãine,Groogan,Female,No,No,,No,1577,0.0347290000,0.0362603757099169943206640454
3288,18532,N05000003,N92000002,Belfast South and Mid Down,,Northern Ireland,Borough,Traditional Unionist Voice,TUV,Traditional Unionist Voice,TUV,158,PP680,,,,,No,No,Dan,Boucher,Male,No,No,,No,2218,,0.0509990572762180681060449288
3288,18533,N05000003,N92000002,Belfast South and Mid Down,,Northern Ireland,Borough,Ulster Unionist Party,UUP,Ulster Unionist Party,UUP,38,PP83,,,,,No,No,Michael,Henderson,Male,No,No,,No,2653,0.0252760000,0.0610011266698857234830194753
3288,18534,N05000003,N92000002,Belfast South and Mid Down,,Northern Ireland,Borough,Democratic Unionist Party,DUP,Democratic Unionist Party,DUP,7,PP70,,,,,No,No,Tracy,Kelly,Female,No,No,,No,6859,-0.0958500000,0.1577107907383136740934906073
3288,18535,N05000003,N92000002,Belfast South and Mid Down,,Northern Ireland,Borough,Alliance,APNI,Alliance,APNI,1,PP103,,,,,No,No,Kate,Nicholl,Female,No,No,,No,8839,0.0490910000,0.2032374514267319675335126808
3288,18536,N05000003,N92000002,Belfast South and Mid Down,,Northern Ireland,Borough,Social Democratic & Labour Party,SDLP,Social Democratic & Labour Party,SDLP,31,PP55,,,,,No,No,Claire,Hanna,Female,Yes,Yes,4827,Yes,21345,-0.0422390000,0.4907911981789335724632682624
3289,18537,N05000004,N92000002,Belfast West,,Northern Ireland,Borough,Independent,IND,,,,,,,,,Yes,No,Tony,Mallon,Male,No,No,,No,161,,0.0040510278539617039478650328
3289,18538,N05000004,N92000002,Belfast West,,Northern Ireland,Borough,Green Party Northern Ireland,Green,Green Party Northern Ireland,Green,1113,PP305,,,,,No,No,Ash,Jones,Female,No,No,,No,451,,0.0113479103238306116800442845
3289,18539,N05000004,N92000002,Belfast West,,Northern Ireland,Borough,Ulster Unionist Party,UUP,Ulster Unionist Party,UUP,38,PP83,,,,,No,No,Ben,Sharkey,Male,No,No,,No,461,0.0029750000,0.0115995269607226429811539139
3289,18540,N05000004,N92000002,Belfast West,,Northern Ireland,Borough,Aontú,AONT,Aontú,AONT,1025,PP7968,,,,,No,No,Gerard,Herdman,Male,No,No,,No,904,-0.0145270000,0.0227461439750396296203104949
3289,18541,N05000004,N92000002,Belfast West,,Northern Ireland,Borough,Alliance,APNI,Alliance,APNI,1,PP103,,,,,No,No,Eóin,Millar,Male,No,No,,No,1077,-0.0442310000,0.027099111793271771129507083
3289,18542,N05000004,N92000002,Belfast West,,Northern Ireland,Borough,Traditional Unionist Voice,TUV,Traditional Unionist Voice,TUV,158,PP680,,,,,No,No,Ann,McClure,Female,No,No,,No,2010,,0.0505749440152982915230355031
3289,18543,N05000004,N92000002,Belfast West,,Northern Ireland,Borough,Democratic Unionist Party,DUP,Democratic Unionist Party,DUP,7,PP70,,,,,No,No,Frank,McCoubrey,Male,No,No,,No,4304,-0.0732700000,0.1082958005183302719975844803
3289,18544,N05000004,N92000002,Belfast West,,Northern Ireland,Borough,Social Democratic & Labour Party,SDLP,Social Democratic & Labour Party,SDLP,31,PP55,,,,,No,No,Paul,Doherty,Male,No,No,,No,4318,0.0341710000,0.1086480638099791158191379614
3289,18545,N05000004,N92000002,Belfast West,,Northern Ireland,Borough,People Before Profit Alliance,PBPA,People Before Profit Alliance,PBPA,177,PP773,,,,,No,No,Gerry,Carrol,Male,No,No,,No,5048,-0.0142230000,0.1270160783030974008001409053
3289,18546,N05000004,N92000002,Belfast West,,Northern Ireland,Borough,Sinn Féin,SF,Sinn Féin,SF,30,PP39,,,,,No,No,Paul,Maskey,Male,Yes,Yes,4245,Yes,21009,0.0440880000,0.5286213924464685605012203407
3290,18547,E14001085,E12000007,Bermondsey and Old Southwark,London,England,Borough,Independent,IND,,,,,,,,,Yes,No,Barry,Duckett,Male,No,No,,No,247,,0.0065686248437624657607105816
3290,18548,E14001085,E12000007,Bermondsey and Old Southwark,London,England,Borough,Independent,IND,,,,,,,,,Yes,No,Niko,Omilana,Male,No,No,,No,273,,0.0072600590378427253144695902
3290,18549,E14001085,E12000007,Bermondsey and Old Southwark,London,England,Borough,Independent,IND,,,,,,,,,Yes,No,Piers,Corbyn,Male,No,No,,No,403,,0.0107172300082440230832646331
3290,18550,E14001085,E12000007,Bermondsey and Old Southwark,London,England,Borough,Conservative,Con,Conservative,Con,4,PP52,,,,,No,No,Jonathan,Iliff,Male,No,No,,No,2879,-0.0914660000,0.0765630401829641252027763742
3290,18551,E14001085,E12000007,Bermondsey and Old Southwark,London,England,Borough,Reform UK,RUK,Reform UK,RUK,1036,PP7931,,,,,No,No,Tony,Sharp,Male,No,No,,No,3397,0.0660830000,0.0903385368188708347738212377
3290,18552,E14001085,E12000007,Bermondsey and Old Southwark,London,England,Borough,Green Party,Green,Green Party,Green,44,PP63,,,,,No,No,Susan,Hunter,Female,No,No,,No,4477,0.1185150000,0.1190596494960508470068877483
3290,18553,E14001085,E12000007,Bermondsey and Old Southwark,London,England,Borough,Liberal Democrat,LD,Liberal Democrat,LD,17,PP90,,,,,No,No,Rachel,Bentley,Female,No,No,,No,9070,-0.0695950000,0.2412041592426136212536233811
3290,18554,E14001085,E12000007,Bermondsey and Old Southwark,London,England,Borough,Labour,Lab,Labour,Lab,15,PP53,,,,,No,No,Neil,Coyle,Male,Yes,Yes,4368,Yes,16857,-0.0480830000,0.4482887003696513576044464537
3291,18555,S14000108,S92000003,"Berwickshire, Roxburgh and Selkirk",,Scotland,County,Scottish Family Party,SFP,Scottish Family Party,SFP,1016,PP6380,,,,,No,No,Hamish,Goldie-Scot,Male,No,No,,No,221,,0.0047467674728295888998668328
3291,18556,S14000108,S92000003,"Berwickshire, Roxburgh and Selkirk",,Scotland,County,Independent,IND,,,,,,,,,Yes,No,Ellie,Merton,Female,No,No,,No,329,,0.0070664547446196142445981357
3291,18557,S14000108,S92000003,"Berwickshire, Roxburgh and Selkirk",,Scotland,County,Scottish Green Party,Green,Scottish Green Party,Green,1057,PP130,,,,,No,No,Neil,MacKinnon,Male,No,No,,No,1526,,0.032776322006959061815370076
3291,18558,S14000108,S92000003,"Berwickshire, Roxburgh and Selkirk",,Scotland,County,Reform UK,RUK,Reform UK,RUK,1036,PP7931,,,,,No,No,Carolyn,Grant,Female,No,No,,No,3340,,0.0717384767386915245500236264
3291,18559,S14000108,S92000003,"Berwickshire, Roxburgh and Selkirk",,Scotland,County,Liberal Democrat,LD,Liberal Democrat,LD,17,PP90,,,,,No,No,Ray,Georgeson,Male,No,No,,No,3686,-0.0014950000,0.0791700674427595687099961339
3291,18560,S14000108,S92000003,"Berwickshire, Roxburgh and Selkirk",,Scotland,County,Labour,Lab,Labour,Lab,15,PP53,,,,,No,No,Caitlin,Stott,Female,No,No,,No,6311,0.0882670000,0.1355513552987671291722153013
3291,18561,S14000108,S92000003,"Berwickshire, Roxburgh and Selkirk",,Scotland,County,Scottish National Party,SNP,Scottish National Party,SNP,29,PP102,,,,,No,No,David,Wilson,Male,No,No,,No,12273,-0.1239860000,0.2636066841359164912582155591
3291,18562,S14000108,S92000003,"Berwickshire, Roxburgh and Selkirk",,Scotland,County,Conservative,Con,Conservative,Con,4,PP52,,,,,No,No,John,Lamont,Male,Yes,Yes,4608,Yes,18872,-0.0791140000,0.4053438721594570213497143348
3292,18563,E14001086,E12000007,Bethnal Green and Stepney,London,England,Borough,Social Democratic Party,SDP,Social Democratic Party,SDP,32,PP243,,,,,No,No,Jon,Mabbutt,Male,No,No,,No,233,,0.0049949621626256779642849487
3292,18564,E14001086,E12000007,Bethnal Green and Stepney,London,England,Borough,Independent,IND,,,,,,,,,Yes,No,Reggie,Adams,Male,No,No,,No,271,,0.0058095911848564752288464424
3292,18565,E14001086,E12000007,Bethnal Green and Stepney,London,England,Borough,Independent,IND,,,,,,,,,Yes,No,Md Somon,Ahmed,Male,No,No,,No,315,,0.0067528458421763457457071194
3292,18566,E14001086,E12000007,Bethnal Green and Stepney,London,England,Borough,Independent,IND,,,,,,,,,Yes,No,Sham,Uddin,Male,No,No,,No,325,,0.0069672219006581344995390915
3292,18567,E14001086,E12000007,Bethnal Green and Stepney,London,England,Borough,Animal Welfare Party,ANWP,Animal Welfare Party,ANWP,220,PP4041,,,,,No,No,Vanessa,Hudson,Female,No,No,,No,348,-0.0013280000,0.0074602868351662486333526272
3292,18568,E14001086,E12000007,Bethnal Green and Stepney,London,England,Borough,Conservative,Con,Conservative,Con,4,PP52,,,,,No,No,Oscar,Reaney,Male,No,No,,No,1920,-0.0602390000,0.0411602032285034407357386327
3292,18569,E14001086,E12000007,Bethnal Green and Stepney,London,England,Borough,Reform UK,RUK,Reform UK,RUK,1036,PP7931,,,,,No,No,Peter,Sceats,Male,No,No,,No,1964,0.0222440000,0.0421034578858233112525993097
3292,18570,E14001086,E12000007,Bethnal Green and Stepney,London,England,Borough,Liberal Democrat,LD,Liberal Democrat,LD,17,PP90,,,,,No,No,Rabina,Khan,Female,No,No,,No,4777,0.0096370000,0.1024074431367504877055330461
3292,18571,E14001086,E12000007,Bethnal Green and Stepney,London,England,Borough,Green Party,Green,Green Party,Green,44,PP63,,,,,No,No,Phoebe,Gill,Female,No,No,,No,6391,0.0949470000,0.1370077389757111925740133342
3292,18572,E14001086,E12000007,Bethnal Green and Stepney,London,England,Borough,Independent,IND,,,,,,,,,Yes,No,Ajmal,Masroor,Male,No,No,,No,14207,,0.3045640662850772825690826848
3292,18573,E14001086,E12000007,Bethnal Green and Stepney,London,England,Borough,Labour,Lab,Labour,Lab,15,PP53,,,,,No,No,Rushanara,Ali,Female,Yes,Yes,4138,Yes,15896,-0.3943480000,0.3407721825626514030913027633
3293,18574,E14001087,E12000003,Beverley and Holderness,Yorkshire and The Humber,England,County,Alliance for Democracy and Freedom,ADF,Alliance for Democracy and Freedom,ADF,1075,PP10288,,,,,No,No,John,Ottaway,Male,No,No,,No,74,,0.0016482170300910974007171971
3293,18575,E14001087,E12000003,Beverley and Holderness,Yorkshire and The Humber,England,County,Social Democratic Party,SDP,Social Democratic Party,SDP,32,PP243,,,,,No,No,Chris,Collin,Male,No,No,,No,89,,0.0019823150767311847116733857
3293,18576,E14001087,E12000003,Beverley and Holderness,Yorkshire and The Humber,England,County,The Yorkshire Party,Yrks,The Yorkshire Party,Yrks,262,PP2055,,,,,No,No,George,McManus,Male,No,No,,No,625,,0.0139207519433369712898411921
3293,18577,E14001087,E12000003,Beverley and Holderness,Yorkshire and The Humber,England,County,Green Party,Green,Green Party,Green,44,PP63,,,,,No,No,Jonathan,Stephenson,Male,No,No,,No,1647,0.0117460000,0.0366839655210815867429895093
3293,18578,E14001087,E12000003,Beverley and Holderness,Yorkshire and The Humber,England,County,Liberal Democrat,LD,Liberal Democrat,LD,17,PP90,,,,,No,No,Denis,Healy,Male,No,No,,No,3386,-0.0171200000,0.0754170657282223756598436421
3293,18579,E14001087,E12000003,Beverley and Holderness,Yorkshire and The Humber,England,County,Reform UK,RUK,Reform UK,RUK,1036,PP7931,,,,,No,No,Andrew,Smith,Male,No,No,,No,8198,,0.182595719090362385014588948
3293,18580,E14001087,E12000003,Beverley and Holderness,Yorkshire and The Humber,England,County,Labour,Lab,Labour,Lab,15,PP53,,,,,No,No,Margaret,Pinder,Female,No,No,,No,15377,0.0958850000,0.3424950442123081720382208165
3293,18581,E14001087,E12000003,Beverley and Holderness,Yorkshire and The Humber,England,County,Conservative,Con,Conservative,Con,4,PP52,,,,,No,No,Graham,Stuart,Male,Yes,Yes,1482,Yes,15501,-0.2646290000,0.345256921397866227142125309
3294,18582,E14001088,E12000008,Bexhill and Battle,South East,England,County,UK Independence Party,UKIP,UK Independence Party,UKIP,35,PP85,,,,,No,No,Colin,Sullivan,Male,No,No,,No,144,,0.0030157068062827225130890052
3294,18583,E14001088,E12000008,Bexhill and Battle,South East,England,County,Independent Network,INet,Independent Network,INet,1028,PP1951,,,,,No,No,Nigel,Jacklin,Male,No,No,,No,210,,0.004397905759162303664921466
3294,18584,E14001088,E12000008,Bexhill and Battle,South East,England,County,Party of Women,POW,Party of Women,POW,1102,PP17545,,,,,No,No,Julia,Long,Female,No,No,,No,332,,0.0069528795811518324607329843
3294,18585,E14001088,E12000008,Bexhill and Battle,South East,England,County,Independent,IND,,,,,,,,,Yes,No,Jeff,Newnham,Male,No,No,,No,769,,0.0161047120418848167539267016
3294,18586,E14001088,E12000008,Bexhill and Battle,South East,England,County,Independent,IND,,,,,,,,,Yes,No,Abul,Azad,Male,No,No,,No,2206,,0.046198952879581151832460733
3294,18587,E14001088,E12000008,Bexhill and Battle,South East,England,County,Green Party,Green,Green Party,Green,44,PP63,,,,,No,No,Jonathan,Kent,Male,No,No,,No,2972,0.0214060000,0.0622408376963350785340314136
3294,18588,E14001088,E12000008,Bexhill and Battle,South East,England,County,Liberal Democrat,LD,Liberal Democrat,LD,17,PP90,,,,,No,No,Becky,Jones,Female,No,No,,No,3473,-0.0611310000,0.072732984293193717277486911
3294,18589,E14001088,E12000008,Bexhill and Battle,South East,England,County,Reform UK,RUK,Reform UK,RUK,1036,PP7931,,,,,No,No,Ian,Gribbin,Male,No,No,,No,7929,,0.1660523560209424083769633508
3294,18590,E14001088,E12000008,Bexhill and Battle,South East,England,County,Labour,Lab,Labour,Lab,15,PP53,,,,,No,No,Christine,Bayliss,Female,No,No,,No,13529,0.0755970000,0.2833298429319371727748691099
3294,18591,E14001088,E12000008,Bexhill and Battle,South East,England,County,Conservative,Con,Conservative,Con,4,PP52,,,,,No,No,Kieran,Mullan,Male,Yes,Yes,4860,Yes,16186,-0.2785950000,0.3389738219895287958115183246
3295,18592,E14001089,E12000007,Bexleyheath and Crayford,London,England,Borough,Green Party,Green,Green Party,Green,44,PP63,,,,,No,No,George,Edgar,Male,No,No,,No,2076,0.0251450000,0.047766963484503347829088148
3295,18593,E14001089,E12000007,Bexleyheath and Crayford,London,England,Borough,Liberal Democrat,LD,Liberal Democrat,LD,17,PP90,,,,,No,No,David,McBride,Male,No,No,,No,2204,-0.0091610000,0.050712132716688525344561791
3295,18594,E14001089,E12000007,Bexleyheath and Crayford,London,England,Borough,Reform UK,RUK,Reform UK,RUK,1036,PP7931,,,,,No,No,Tom,Bright,Male,No,No,,No,9861,0.2180980000,0.226893076551390902188168703
3295,18595,E14001089,E12000007,Bexleyheath and Crayford,London,England,Borough,Conservative,Con,Conservative,Con,4,PP52,,,,,No,No,Mark,Brooks,Male,No,No,,No,13603,-0.2948290000,0.3129932583235544511170934861
3295,18596,E14001089,E12000007,Bexleyheath and Crayford,London,England,Borough,Labour,Lab,Labour,Lab,15,PP53,,,,,No,No,Daniel,Francis,Male,No,No,5184,Yes,15717,0.0717400000,0.3616345689238627735210878719
3296,18597,E14001090,E12000008,Bicester and Woodstock,South East,England,County,Social Democratic Party,SDP,Social Democratic Party,SDP,32,PP243,,,,,No,No,Tim,Funnell,Male,No,No,,No,291,,0.0057946195662996077181943089
3296,18598,E14001090,E12000008,Bicester and Woodstock,South East,England,County,Green Party,Green,Green Party,Green,44,PP63,,,,,No,No,Ian,Middleton,Male,No,No,,No,2404,0.0243090000,0.0478703279635197833489316792
3296,18599,E14001090,E12000008,Bicester and Woodstock,South East,England,County,Reform UK,RUK,Reform UK,RUK,1036,PP7931,,,,,No,No,Augustine,Obodo,Male,No,No,,No,5408,0.1048220000,0.107688325135904737250841315
3296,18600,E14001090,E12000008,Bicester and Woodstock,South East,England,County,Labour,Lab,Labour,Lab,15,PP53,,,,,No,No,Veronica,Oakeshott,Female,No,No,,No,8236,-0.0045270000,0.1640016726736892411238774169
3296,18601,E14001090,E12000008,Bicester and Woodstock,South East,England,County,Conservative,Con,Conservative,Con,4,PP52,,,,,No,No,Rupert,Harrison,Male,No,No,,No,14461,-0.2511730000,0.2879587407156653856110237161
3296,18602,E14001090,E12000008,Bicester and Woodstock,South East,England,County,Liberal Democrat,LD,Liberal Democrat,LD,17,PP90,,,,,No,No,Calum,Miller,Male,No,No,5346,Yes,19419,0.1207750000,0.3866863139449212449471315638
3297,18603,E14001091,E12000002,Birkenhead,North West,England,Borough,Freedom Alliance,FA,Freedom Alliance,FA,1035,PP17509,,,,,No,No,Catherine,Evans,Female,No,No,,No,324,,0.0075114758659062456530810961
3297,18604,E14001091,E12000002,Birkenhead,North West,England,Borough,Liberal Democrat,LD,Liberal Democrat,LD,17,PP90,,,,,No,No,Stuart,Kelly,Male,No,No,,No,2292,0.0133010000,0.0531367366810404785088329392
3297,18605,E14001091,E12000002,Birkenhead,North West,England,Borough,Conservative,Con,Conservative,Con,4,PP52,,,,,No,No,Sarah,Payne,Female,No,No,,No,3238,-0.0807020000,0.075068391524087726619372189
3297,18606,E14001091,E12000002,Birkenhead,North West,England,Borough,Reform UK,RUK,Reform UK,RUK,1036,PP7931,,,,,No,No,Tony,Stanley,Male,No,No,,No,6142,0.1087000000,0.1423934715073955580284694209
3297,18607,E14001091,E12000002,Birkenhead,North West,England,Borough,Green Party,Green,Green Party,Green,44,PP63,,,,,No,No,Jo,Bird,Female,No,No,,No,8670,0.1710180000,0.2010015301154541660870774795
3297,18608,E14001091,E12000002,Birkenhead,North West,England,Borough,Labour,Lab,Labour,Lab,15,PP53,,,,,No,No,Alison,McGovern,Female,Yes,Yes,4083,Yes,22468,-0.0790880000,0.5208883943061158251031668753
3298,18609,E14001092,E12000005,Birmingham Edgbaston,West Midlands,England,Borough,Liberal Democrat,LD,Liberal Democrat,LD,17,PP90,,,,,No,No,Colin,Green,Male,No,No,,No,2102,-0.0163400000,0.056161162765843753339745645
3298,18610,E14001092,E12000005,Birmingham Edgbaston,West Midlands,England,Borough,Green Party,Green,Green Party,Green,44,PP63,,,,,No,No,Nicola,Payne,Female,No,No,,No,2797,0.0490280000,0.0747301485518862883402800043
3298,18611,E14001092,E12000005,Birmingham Edgbaston,West Midlands,England,Borough,Independent,IND,,,,,,,,,Yes,No,Ammar,Waraich,Male,No,No,,No,3336,,0.0891311317730041680025649247
3298,18612,E14001092,E12000005,Birmingham Edgbaston,West Midlands,England,Borough,Reform UK,RUK,Reform UK,RUK,1036,PP7931,,,,,No,No,Joshua,Mathews,Male,No,No,,No,4363,0.0925340000,0.1165704819920914823127070642
3298,18613,E14001092,E12000005,Birmingham Edgbaston,West Midlands,England,Borough,Conservative,Con,Conservative,Con,4,PP52,,,,,No,No,Ashvir,Sangha,Male,No,No,,No,8231,-0.1346320000,0.2199155712300951159559687934
3298,18614,E14001092,E12000005,Birmingham Edgbaston,West Midlands,England,Borough,Labour / Co-operative Party,Lab / Co-op,Labour,Lab,15,PP53,Co-operative Party,Co-op,,,No,No,Preet,Gill,Female,Yes,Yes,4603,Yes,16599,-0.0797220000,0.4434915036870791920487335685
3299,18615,E14001093,E12000005,Birmingham Erdington,West Midlands,England,Borough,Trade Unionist and Socialist Coalition,TUSC,Trade Unionist and Socialist Coalition,TUSC,157,PP804,,,,,No,No,Corinthia,Ward,Female,No,No,,No,376,,0.0110144418080089052933766881
3299,18616,E14001093,E12000005,Birmingham Erdington,West Midlands,England,Borough,Liberal Democrat,LD,Liberal Democrat,LD,17,PP90,,,,,No,No,Farzana,Aslam,Female,No,No,,No,1128,0.0005370000,0.0330433254240267158801300642
3299,18617,E14001093,E12000005,Birmingham Erdington,West Midlands,England,Borough,Independent,IND,,,,,,,,,Yes,No,Shaukat,Ali,Male,No,No,,No,2250,,0.0659108884787766939098339046
3299,18618,E14001093,E12000005,Birmingham Erdington,West Midlands,England,Borough,Green Party,Green,Green Party,Green,44,PP63,,,,,No,No,Karen,Trench,Female,No,No,,No,2452,0.0538520000,0.071828221577760201540850104
3299,18619,E14001093,E12000005,Birmingham Erdington,West Midlands,England,Borough,Conservative,Con,Conservative,Con,4,PP52,,,,,No,No,Steve,Knee,Male,No,No,,No,5402,-0.2565360000,0.1582447198054896446670767789
3299,18620,E14001093,E12000005,Birmingham Erdington,West Midlands,England,Borough,Reform UK,RUK,Reform UK,RUK,1036,PP7931,,,,,No,No,Jack,Brookes,Male,No,No,,No,7755,0.1868590000,0.2271728622901836716758941911
3299,18621,E14001093,E12000005,Birmingham Erdington,West Midlands,England,Borough,Labour,Lab,Labour,Lab,15,PP53,,,,,No,No,Paulette,Hamilton,Female,Yes,Yes,4938,Yes,14774,-0.0616360000,0.4327855406157541670328382693
3300,18622,E14001094,E12000005,Birmingham Hall Green and Moseley,West Midlands,England,Borough,Independent,IND,,,,,,,,,Yes,No,Babar,Raja,Male,No,No,,No,733,,0.0176176513002932269384223429
3300,18623,E14001094,E12000005,Birmingham Hall Green and Moseley,West Midlands,England,Borough,Reform UK,RUK,Reform UK,RUK,1036,PP7931,,,,,No,No,Stephen,McBrine,Male,No,No,,No,2305,0.0361310000,0.0554006633658606931692544345
3300,18624,E14001094,E12000005,Birmingham Hall Green and Moseley,West Midlands,England,Borough,Conservative,Con,Conservative,Con,4,PP52,,,,,No,No,Henry,Morris,Male,No,No,,No,3845,-0.0578010000,0.0924145555929433254819016488
3300,18625,E14001094,E12000005,Birmingham Hall Green and Moseley,West Midlands,England,Borough,Green Party,Green,Green Party,Green,44,PP63,,,,,No,No,Zain,Ahmed,Male,No,No,,No,3913,0.0772530000,0.0940489352497235975580445128
3300,18626,E14001094,E12000005,Birmingham Hall Green and Moseley,West Midlands,England,Borough,Liberal Democrat,LD,Liberal Democrat,LD,17,PP90,,,,,No,No,Izzy,Knowles,Female,No,No,,No,4711,0.0416580000,0.1132288612219391433927798875
3300,18627,E14001094,E12000005,Birmingham Hall Green and Moseley,West Midlands,England,Borough,Independent,IND,,,,,,,,,Yes,No,Mohammed,Hafeez,Male,No,No,,No,6159,,0.14803153391337787819064558
3300,18628,E14001094,E12000005,Birmingham Hall Green and Moseley,West Midlands,England,Borough,Independent,IND,,,,,,,,,Yes,No,Shakeel,Afsar,Male,No,No,,No,7142,,0.1716579339518338701148872759
3300,18629,E14001094,E12000005,Birmingham Hall Green and Moseley,West Midlands,England,Borough,Labour,Lab,Labour,Lab,15,PP53,,,,,No,No,Tahir,Ali,Male,Yes,Yes,4747,Yes,12798,-0.3549370000,0.3075998654040282651540643176
3301,18630,E14001095,E12000005,Birmingham Hodge Hill and Solihull North,West Midlands,England,Borough,Liberal Democrat,LD,Liberal Democrat,LD,17,PP90,,,,,No,No,Qasim,Esak,Male,No,No,,No,942,-0.0157040000,0.0275955003515350363252870869
3301,18631,E14001095,E12000005,Birmingham Hodge Hill and Solihull North,West Midlands,England,Borough,Green Party,Green,Green Party,Green,44,PP63,,,,,No,No,Imran,Khan,Male,No,No,,No,2360,0.0342390000,0.0691352238106397937661120225
3301,18632,E14001095,E12000005,Birmingham Hodge Hill and Solihull North,West Midlands,England,Borough,Conservative,Con,Conservative,Con,4,PP52,,,,,No,No,Caroline,Clapper,Female,No,No,,No,4634,-0.1498350000,0.1357511131942816967424419967
3301,18633,E14001095,E12000005,Birmingham Hodge Hill and Solihull North,West Midlands,England,Borough,Reform UK,RUK,Reform UK,RUK,1036,PP7931,,,,,No,No,Jamie,Pullin,Male,No,No,,No,6456,0.1583470000,0.189125849543004452777126787
3301,18634,E14001095,E12000005,Birmingham Hodge Hill and Solihull North,West Midlands,England,Borough,Workers Party of Britain,WPB,Workers Party of Britain,WPB,1042,PP11382,,,,,No,No,James,Giles,Male,No,No,,No,9089,,0.2662584954300445277712678697
3301,18635,E14001095,E12000005,Birmingham Hodge Hill and Solihull North,West Midlands,England,Borough,Labour,Lab,Labour,Lab,15,PP53,,,,,No,No,Liam,Byrne,Male,Yes,Yes,1171,Yes,10655,-0.2870820000,0.3121338176704944926177642372
3302,18636,E14001096,E12000005,Birmingham Ladywood,West Midlands,England,Borough,Reform UK,RUK,Reform UK,RUK,1036,PP7931,,,,,No,No,Irene,Yoong-Henery,Female,No,No,,No,1477,0.0183730000,0.0403783591678285354985100741
3302,18637,E14001096,E12000005,Birmingham Ladywood,West Midlands,England,Borough,Liberal Democrat,LD,Liberal Democrat,LD,17,PP90,,,,,No,No,Lee,Dargue,Male,No,No,,No,1711,0.0190890000,0.0467754722655075316438393614
3302,18638,E14001096,E12000005,Birmingham Ladywood,West Midlands,England,Borough,Conservative,Con,Conservative,Con,4,PP52,,,,,No,No,Shaz,Muzammil,Female,No,No,,No,2218,-0.0377360000,0.0606358839771453566253861505
3302,18639,E14001096,E12000005,Birmingham Ladywood,West Midlands,England,Borough,Green Party,Green,Green Party,Green,44,PP63,,,,,No,No,Zoe,Challenor,Female,No,No,,No,3478,0.0766020000,0.0950818775800322589463900052
3302,18640,E14001096,E12000005,Birmingham Ladywood,West Midlands,England,Borough,Independent,IND,,,,,,,,,Yes,No,Akhmed,Yakoob,Male,No,No,,No,12137,,0.3318024002843161376746220509
3302,18641,E14001096,E12000005,Birmingham Ladywood,West Midlands,England,Borough,Labour,Lab,Labour,Lab,15,PP53,,,,,No,No,Shabana,Mahmood,Female,Yes,Yes,3914,Yes,15558,-0.4046730000,0.4253260067251701796112523579
3303,18642,E14001097,E12000005,Birmingham Northfield,West Midlands,England,Borough,Independent,IND,,,,,,,,,Yes,No,Dean,Gwilliam,Male,No,No,,No,163,,0.0043291193030914692446616382
3303,18643,E14001097,E12000005,Birmingham Northfield,West Midlands,England,Borough,Common Good,CG,Common Good,CG,78,PP375,,,,,No,No,Dick,Rodgers,Male,No,No,,No,215,,0.005710188037820036120259216
3303,18644,E14001097,E12000005,Birmingham Northfield,West Midlands,England,Borough,Independent,IND,,,,,,,,,Yes,No,Altaf,Hussain,Male,No,No,,No,310,,0.008233294380112610219908637
3303,18645,E14001097,E12000005,Birmingham Northfield,West Midlands,England,Borough,Liberal Democrat,LD,Liberal Democrat,LD,17,PP90,,,,,No,No,Jerry,Evans,Male,No,No,,No,1791,0.0014950000,0.0475671943057473706576011898
3303,18646,E14001097,E12000005,Birmingham Northfield,West Midlands,England,Borough,Green Party,Green,Green Party,Green,44,PP63,,,,,No,No,Robert,Grant,Male,No,No,,No,2809,0.0523580000,0.0746042706894720067991076171
3303,18647,E14001097,E12000005,Birmingham Northfield,West Midlands,England,Borough,Reform UK,RUK,Reform UK,RUK,1036,PP7931,,,,,No,No,Stephen,Peters,Male,No,No,,No,7895,0.1716670000,0.2096834165515776054392860937
3303,18648,E14001097,E12000005,Birmingham Northfield,West Midlands,England,Borough,Conservative,Con,Conservative,Con,4,PP52,,,,,No,No,Gary,Sambrook,Male,Yes,Yes,4760,No,9540,-0.2074670000,0.2533729947944332306384786997
3303,18649,E14001097,E12000005,Birmingham Northfield,West Midlands,England,Borough,Labour,Lab,Labour,Lab,15,PP53,,,,,No,No,Laurence,Turner,Male,No,No,5234,Yes,14929,-0.0305120000,0.3964995219377456708806969085
3304,18650,E14001098,E12000005,Birmingham Perry Barr,West Midlands,England,Borough,Socialist Labour Party,SL,Socialist Labour Party,SL,147,PP73,,,,,No,No,Shangara,Singh,Male,No,No,,No,453,,0.0120877361511367275056035863
3304,18651,E14001098,E12000005,Birmingham Perry Barr,West Midlands,England,Borough,Independent,IND,,,,,,,,,Yes,No,Niko,Omilana,Male,No,No,,No,509,,0.0135820258298644465791439855
3304,18652,E14001098,E12000005,Birmingham Perry Barr,West Midlands,England,Borough,Liberal Democrat,LD,Liberal Democrat,LD,17,PP90,,,,,No,No,Sabah,Hamed,Female,No,No,,No,1302,-0.0305250000,0.0347422350304194684598142811
3304,18653,E14001098,E12000005,Birmingham Perry Barr,West Midlands,England,Borough,Green Party,Green,Green Party,Green,44,PP63,,,,,No,No,Kefentse,Dennis,Male,No,No,,No,2440,0.0462870000,0.0651083360017077596328316789
3304,18654,E14001098,E12000005,Birmingham Perry Barr,West Midlands,England,Borough,Reform UK,RUK,Reform UK,RUK,1036,PP7931,,,,,No,No,Akshay,Khuttan,Male,No,No,,No,2446,0.0368550000,0.0652684384672857295335681503
3304,18655,E14001098,E12000005,Birmingham Perry Barr,West Midlands,England,Borough,Conservative,Con,Conservative,Con,4,PP52,,,,,No,No,Garry,Hickton,Male,No,No,,No,4227,-0.0914500000,0.1127921869996797950688440602
3304,18656,E14001098,E12000005,Birmingham Perry Barr,West Midlands,England,Borough,Labour,Lab,Labour,Lab,15,PP53,,,,,No,No,Khalid,Mahmood,Male,Yes,Yes,1392,No,12796,-0.3386570000,0.3414451915892838083039812146
3304,18657,E14001098,E12000005,Birmingham Perry Barr,West Midlands,England,Borough,Independent,IND,,,,,,,,,Yes,No,Ayoub,Khan,Male,No,No,5357,Yes,13303,,0.354973849930622264916213043
3305,18658,E14001099,E12000005,Birmingham Selly Oak,West Midlands,England,Borough,Liberal Democrat,LD,Liberal Democrat,LD,17,PP90,,,,,No,No,Dave,Radcliffe,Male,No,No,,No,2324,-0.0019390000,0.0604846055747859355073783931
3305,18659,E14001099,E12000005,Birmingham Selly Oak,West Midlands,England,Borough,Independent,IND,,,,,,,,,Yes,No,Kamel,Hawwash,Male,No,No,,No,2842,,0.0739661140462743669156494808
3305,18660,E14001099,E12000005,Birmingham Selly Oak,West Midlands,England,Borough,Green Party,Green,Green Party,Green,44,PP63,,,,,No,No,Jane,Baston,Female,No,No,,No,4320,0.0755530000,0.1124326575228378835593264451
3305,18661,E14001099,E12000005,Birmingham Selly Oak,West Midlands,England,Borough,Reform UK,RUK,Reform UK,RUK,1036,PP7931,,,,,No,No,Erin,Crawford,Female,No,No,,No,5732,0.1218990000,0.1491814798428024880930692554
3305,18662,E14001099,E12000005,Birmingham Selly Oak,West Midlands,England,Borough,Conservative,Con,Conservative,Con,4,PP52,,,,,No,No,Simon,Phipps,Male,No,No,,No,5834,-0.1644400000,0.1518361398120917158993311298
3305,18663,E14001099,E12000005,Birmingham Selly Oak,West Midlands,England,Borough,Labour,Lab,Labour,Lab,15,PP53,,,,,No,No,Al,Carns,Male,No,No,5235,Yes,17371,-0.1050400000,0.4520990032012076100252452958
3306,18664,E14001100,E12000005,Birmingham Yardley,West Midlands,England,Borough,Green Party,Green,Green Party,Green,44,PP63,,,,,No,No,Roxanne,Green,Female,No,No,,No,1958,0.0421690000,0.0541722000885347498893315626
3306,18665,E14001100,E12000005,Birmingham Yardley,West Midlands,England,Borough,Conservative,Con,Conservative,Con,4,PP52,,,,,No,No,Yvonne,Clements,Female,No,No,,No,3634,-0.1669130000,0.1005422753430721558211598052
3306,18666,E14001100,E12000005,Birmingham Yardley,West Midlands,England,Borough,Liberal Democrat,LD,Liberal Democrat,LD,17,PP90,,,,,No,No,Roger,Harmer,Male,No,No,,No,3634,0.0112230000,0.1005422753430721558211598052
3306,18667,E14001100,E12000005,Birmingham Yardley,West Midlands,England,Borough,Reform UK,RUK,Reform UK,RUK,1036,PP7931,,,,,No,No,Nora,Kamberi,Female,No,No,,No,5061,0.0898390000,0.1400232403718459495351925631
3306,18668,E14001100,E12000005,Birmingham Yardley,West Midlands,England,Borough,Workers Party of Britain,WPB,Workers Party of Britain,WPB,1042,PP11382,,,,,No,No,Jody,McIntyre,Male,No,No,,No,10582,,0.292773351040283311199645861
3306,18669,E14001100,E12000005,Birmingham Yardley,West Midlands,England,Borough,Labour,Lab,Labour,Lab,15,PP53,,,,,No,No,Jess,Phillips,Female,Yes,Yes,4370,Yes,11275,-0.2690920000,0.3119466578131916777335104028
3307,18670,E14001101,E12000001,Bishop Auckland,North East,England,County,Transform Party,Transform,Transform Party,Transform,1081,PP12596,,,,,No,No,Rachel,Maughan,Female,No,No,,No,331,,0.0081875973977787122467657753
3307,18671,E14001101,E12000001,Bishop Auckland,North East,England,County,Liberal Democrat,LD,Liberal Democrat,LD,17,PP90,,,,,No,No,Helen,Cross,Female,No,No,,No,1373,-0.0020300000,0.0339624508373116976278229896
3307,18672,E14001101,E12000001,Bishop Auckland,North East,England,County,Green Party,Green,Green Party,Green,44,PP63,,,,,No,No,Sarah,Hannan,Female,No,No,,No,1857,0.0398750000,0.0459346476364805699161451505
3307,18673,E14001101,E12000001,Bishop Auckland,North East,England,County,Reform UK,RUK,Reform UK,RUK,1036,PP7931,,,,,No,No,Rhys,Burriss,Male,No,No,,No,9466,0.1788290000,0.2341504440101912088455735029
3307,18674,E14001101,E12000001,Bishop Auckland,North East,England,County,Conservative,Con,Conservative,Con,4,PP52,,,,,No,No,Jane,MacBean,Female,No,No,,No,10364,-0.2736000000,0.256363321542533455363989413
3307,18675,E14001101,E12000001,Bishop Auckland,North East,England,County,Labour,Lab,Labour,Lab,15,PP53,,,,,No,No,Sam,Rushworth,Male,No,No,5108,Yes,17036,0.0553010000,0.4214015385757043559997031687
3308,18676,E14001102,E12000002,Blackburn,North West,England,Borough,Independent,IND,,,,,,,,,Yes,No,Natasha,Shah,Female,No,No,,No,86,,0.0022115359888908889860364646
3308,18677,E14001102,E12000002,Blackburn,North West,England,Borough,Independent,IND,,,,,,,,,Yes,No,Tiger,Patel,Male,No,No,,No,369,,0.0094890323244271864633425052
3308,18678,E14001102,E12000002,Blackburn,North West,England,Borough,Liberal Democrat,LD,Liberal Democrat,LD,17,PP90,,,,,No,No,Adam,Waller-Slack,Male,No,No,,No,689,-0.0065230000,0.0177180034458816571090595829
3308,18679,E14001102,E12000002,Blackburn,North West,England,Borough,Green Party,Green,Green Party,Green,44,PP63,,,,,No,No,Denise,Morgan,Female,No,No,,No,1416,0.0204210000,0.0364131972124360326072980688
3308,18680,E14001102,E12000002,Blackburn,North West,England,Borough,Conservative,Con,Conservative,Con,4,PP52,,,,,No,No,Jamie,McGowan,Male,No,No,,No,3474,-0.1439560000,0.0893357677372900969475660246
3308,18681,E14001102,E12000002,Blackburn,North West,England,Borough,Reform UK,RUK,Reform UK,RUK,1036,PP7931,,,,,No,No,Tommy,Temperley,Male,No,No,,No,4844,0.0652240000,0.1245660503510170493995422635
3308,18682,E14001102,E12000002,Blackburn,North West,England,Borough,Workers Party of Britain,WPB,Workers Party of Britain,WPB,1042,PP11382,,,,,No,No,Craig,Murray,Male,No,No,,No,7105,,0.1827088744310437935556869905
3308,18683,E14001102,E12000002,Blackburn,North West,England,Borough,Labour,Lab,Labour,Lab,15,PP53,,,,,No,No,Kate,Hollern,Female,Yes,Yes,4363,No,10386,-0.3927420000,0.2670815439607066628950549027
3308,18684,E14001102,E12000002,Blackburn,North West,England,Borough,Independent,IND,,,,,,,,,Yes,No,Adnan,Hussain,Male,No,No,5231,Yes,10518,,0.2704759945483066320364131972
3309,18685,E14001103,E12000002,Blackley and Middleton South,North West,England,Borough,Liberal Democrat,LD,Liberal Democrat,LD,17,PP90,,,,,No,No,Iain,Donaldson,Male,No,No,,No,1592,0.0207030000,0.0507977026164645820038289726
3309,18686,E14001103,E12000002,Blackley and Middleton South,North West,England,Borough,Conservative,Con,Conservative,Con,4,PP52,,,,,No,No,Iftikhar,Ahmed,Male,No,No,,No,3073,-0.1842250000,0.098053605615826419910657307
3309,18687,E14001103,E12000002,Blackley and Middleton South,North West,England,Borough,Green Party,Green,Green Party,Green,44,PP63,,,,,No,No,Dylan,Lewis-Creser,Non-binary,No,No,,No,3197,0.0816630000,0.1020102105934907466496490108
3309,18688,E14001103,E12000002,Blackley and Middleton South,North West,England,Borough,Reform UK,RUK,Reform UK,RUK,1036,PP7931,,,,,No,No,Alison,Devine,Female,No,No,,No,6614,0.1338590000,0.2110402042118698149329929802
3309,18689,E14001103,E12000002,Blackley and Middleton South,North West,England,Borough,Labour,Lab,Labour,Lab,15,PP53,,,,,No,No,Graham,Stringer,Male,Yes,Yes,449,Yes,16864,-0.0520000000,0.5380982769623484365028717294
3310,18690,E14001104,E12000002,Blackpool North and Fleetwood,North West,England,Borough,Social Democratic Party,SDP,Social Democratic Party,SDP,32,PP243,,,,,No,No,Jan,Cresswell,Female,No,No,,No,147,,0.0035159052858167902415690026
3310,18691,E14001104,E12000002,Blackpool North and Fleetwood,North West,England,Borough,Independent,IND,,,,,,,,,Yes,No,Gita,Gordon,Female,No,No,,No,148,,0.0035398230088495575221238938
3310,18692,E14001104,E12000002,Blackpool North and Fleetwood,North West,England,Borough,Official Monster Raving Loony Party,MRLP,Official Monster Raving Loony Party,MRLP,119,PP66,,,,,No,No,James,Rust,Male,No,No,,No,174,,0.0041616838077015068165510643
3310,18693,E14001104,E12000002,Blackpool North and Fleetwood,North West,England,Borough,Green Party,Green,Green Party,Green,44,PP63,,,,,No,No,Tina,Rothery,Female,No,No,,No,1269,0.0112900000,0.0303515905285816790241569003
3310,18694,E14001104,E12000002,Blackpool North and Fleetwood,North West,England,Borough,Liberal Democrat,LD,Liberal Democrat,LD,17,PP90,,,,,No,No,Bill,Greene,Male,No,No,,No,1318,-0.0088380000,0.0315235589571872757713465678
3310,18695,E14001104,E12000002,Blackpool North and Fleetwood,North West,England,Borough,Reform UK,RUK,Reform UK,RUK,1036,PP7931,,,,,No,No,Dan,Barker,Male,No,No,,No,9913,0.2199520000,0.2370963884238220521406362114
3310,18696,E14001104,E12000002,Blackpool North and Fleetwood,North West,England,Borough,Conservative,Con,Conservative,Con,4,PP52,,,,,No,No,Paul,Maynard,Male,Yes,Yes,3926,No,12097,-0.2690510000,0.2893326955273857928725185362
3310,18697,E14001104,E12000002,Blackpool North and Fleetwood,North West,England,Borough,Labour,Lab,Labour,Lab,15,PP53,,,,,No,No,Lorraine,Beavers,Female,No,No,5232,Yes,16744,0.0442800000,0.4004783544606553456110978235
3311,18698,E14001105,E12000002,Blackpool South,North West,England,Borough,Alliance for Democracy and Freedom,ADF,Alliance for Democracy and Freedom,ADF,1075,PP10288,,,,,No,No,Kim,Knight,Female,No,No,,No,183,,0.0052018192154633314383172257
3311,18699,E14001105,E12000002,Blackpool South,North West,England,Borough,Independent,IND,,,,,,,,,Yes,No,Stephen,Black,Male,No,No,,No,261,,0.0074189880613985218874360432
3311,18700,E14001105,E12000002,Blackpool South,North West,England,Borough,Liberal Democrat,LD,Liberal Democrat,LD,17,PP90,,,,,No,No,Andrew,Cregan,Male,No,No,,No,1041,-0.0057040000,0.0295906765207504263786242183
3311,18701,E14001105,E12000002,Blackpool South,North West,England,Borough,Green Party,Green,Green Party,Green,44,PP63,,,,,No,No,Ben,Thomas,Male,No,No,,No,1207,0.0152120000,0.0343092666287663445139283684
3311,18702,E14001105,E12000002,Blackpool South,North West,England,Borough,Conservative,Con,Conservative,Con,4,PP52,,,,,No,No,Zak,Khan,Male,No,No,,No,5504,-0.3319480000,0.156452529846503695281409892
3311,18703,E14001105,E12000002,Blackpool South,North West,England,Borough,Reform UK,RUK,Reform UK,RUK,1036,PP7931,,,,,No,No,Mark,Butcher,Male,No,No,,No,10068,0.2388190000,0.2861853325753268902785673678
3311,18704,E14001105,E12000002,Blackpool South,North West,England,Borough,Labour,Lab,Labour,Lab,15,PP53,,,,,No,No,Chris,Webb,Male,Yes,Yes,5025,Yes,16916,0.0796770000,0.4808413871517907902217168846
3312,18705,W07000084,W92000004,Blaenau Gwent and Rhymney,,Wales,County,Communist Party of Britain,Comm,Communist Party of Britain,Comm,76,PP78,,,,,No,No,Robert,Griffiths,Male,No,No,,No,309,,0.0103268498095047122518548225
3312,18706,W07000084,W92000004,Blaenau Gwent and Rhymney,,Wales,County,Workers Party of Britain,WPB,Workers Party of Britain,WPB,1042,PP11382,,,,,No,No,Yas,Iqbal,Male,No,No,,No,570,,0.0190495287748145177461399639
3312,18707,W07000084,W92000004,Blaenau Gwent and Rhymney,,Wales,County,Liberal Democrat,LD,Liberal Democrat,LD,17,PP90,,,,,No,No,Jackie,Charlton,Female,No,No,,No,1268,0.0049370000,0.0423768464674821201791324109
3312,18708,W07000084,W92000004,Blaenau Gwent and Rhymney,,Wales,County,Green Party,Green,Green Party,Green,44,PP63,,,,,No,No,Anne,Baker,Female,No,No,,No,1719,0.0475190000,0.0574493683577300982554642069
3312,18709,W07000084,W92000004,Blaenau Gwent and Rhymney,,Wales,County,Independent,IND,,,,,,,,,Yes,No,Mike,Whatley,Male,No,No,,No,2409,,0.0805093242430318828955283738
3312,18710,W07000084,W92000004,Blaenau Gwent and Rhymney,,Wales,County,Conservative,Con,Conservative,Con,4,PP52,,,,,No,No,Hannah,Jarvis,Female,No,No,,No,3776,-0.0697000000,0.1261947730766659982621482521
3312,18711,W07000084,W92000004,Blaenau Gwent and Rhymney,,Wales,County,Plaid Cymru,PC,Plaid Cymru,PC,22,PP77,,,,,No,No,Niamh,Salkeld,Female,No,No,,No,3844,0.0646340000,0.1284673484392754495020386338
3312,18712,W07000084,W92000004,Blaenau Gwent and Rhymney,,Wales,County,Labour,Lab,Labour,Lab,15,PP53,,,,,No,No,Nick,Smith,Male,Yes,Yes,3928,Yes,16027,0.0316350000,0.535625960831495220907693336
3313,18713,E14001106,E12000001,Blaydon and Consett,North East,England,County,Social Democratic Party,SDP,Social Democratic Party,SDP,32,PP243,,,,,No,No,Paul,Topping,Male,No,No,,No,135,,0.0031978396816372939169982945
3313,18714,E14001106,E12000001,Blaydon and Consett,North East,England,County,Liberal Democrat,LD,Liberal Democrat,LD,17,PP90,,,,,No,No,Vicky,Anderson,Female,No,No,,No,2273,0.0081490000,0.0538421451582338449876823953
3313,18715,E14001106,E12000001,Blaydon and Consett,North East,England,County,Green Party,Green,Green Party,Green,44,PP63,,,,,No,No,Richard,Simpson,Male,No,No,,No,2589,0.0310710000,0.0613274587833996588971006254
3313,18716,E14001106,E12000001,Blaydon and Consett,North East,England,County,Conservative,Con,Conservative,Con,4,PP52,,,,,No,No,Angela,Sterling,Female,No,No,,No,6052,-0.2052210000,0.1433579685427326132272124313
3313,18717,E14001106,E12000001,Blaydon and Consett,North East,England,County,Reform UK,RUK,Reform UK,RUK,1036,PP7931,,,,,No,No,David,Ayre,Male,No,No,,No,10007,0.1400560000,0.2370428273640325942770513549
3313,18718,E14001106,E12000001,Blaydon and Consett,North East,England,County,Labour,Lab,Labour,Lab,15,PP53,,,,,No,No,Liz,Twist,Female,Yes,Yes,4618,Yes,21160,0.0614150000,0.5012317604699639946939548986
3314,18719,E14001107,E12000001,Blyth and Ashington,North East,England,County,Liberal Democrat,LD,Liberal Democrat,LD,17,PP90,,,,,No,No,Stephen,Psallidas,Male,No,No,,No,1433,-0.0287550000,0.0354694190737853023440013861
3314,18720,E14001107,E12000001,Blyth and Ashington,North East,England,County,Green Party,Green,Green Party,Green,44,PP63,,,,,No,No,Steve,Leyland,Male,No,No,,No,1960,0.0194840000,0.0485136506522115789213138289
3314,18721,E14001107,E12000001,Blyth and Ashington,North East,England,County,Conservative,Con,Conservative,Con,4,PP52,,,,,No,No,Maureen,Levy,Female,No,No,,No,6121,-0.1830370000,0.1515061508378505482537560951
3314,18722,E14001107,E12000001,Blyth and Ashington,North East,England,County,Reform UK,RUK,Reform UK,RUK,1036,PP7931,,,,,No,No,Mark,Peart,Male,No,No,,No,10857,0.1775240000,0.2687309720056434246677062449
3314,18723,E14001107,E12000001,Blyth and Ashington,North East,England,County,Labour,Lab,Labour,Lab,15,PP53,,,,,No,No,Ian,Lavery,Male,Yes,Yes,4139,Yes,20030,0.0189250000,0.495779807430509145813222445
3315,18724,E14001108,E12000008,Bognor Regis and Littlehampton,South East,England,Borough,Heritage Party,HPUK,Heritage Party,HPUK,1037,PP12550,,,,,No,No,David,Kurten,Male,No,No,,No,708,,0.0148033537541556024839525791
3315,18725,E14001108,E12000008,Bognor Regis and Littlehampton,South East,England,Borough,Green Party,Green,Green Party,Green,44,PP63,,,,,No,No,Carol,Birch,Female,No,No,,No,2185,0.0131010000,0.0456854914587994229201078888
3315,18726,E14001108,E12000008,Bognor Regis and Littlehampton,South East,England,Borough,Liberal Democrat,LD,Liberal Democrat,LD,17,PP90,,,,,No,No,Henry,Jones,Male,No,No,,No,5081,-0.0266520000,0.1062370627469839212160495118
3315,18727,E14001108,E12000008,Bognor Regis and Littlehampton,South East,England,Borough,Reform UK,RUK,Reform UK,RUK,1036,PP7931,,,,,No,No,Sandra,Daniells,Female,No,No,,No,10262,,0.2145649946682836054948041901
3315,18728,E14001108,E12000008,Bognor Regis and Littlehampton,South East,England,Borough,Labour,Lab,Labour,Lab,15,PP53,,,,,No,No,Clare,Walsh,Female,No,No,,No,13913,0.1011670000,0.2909026282225521149141698204
3315,18729,E14001108,E12000008,Bognor Regis and Littlehampton,South East,England,Borough,Conservative,Con,Conservative,Con,4,PP52,,,,,No,No,Alison,Griffiths,Female,No,No,5203,Yes,15678,-0.2938850000,0.3278064691492253329709160098
3316,18730,E14001109,E12000004,Bolsover,East Midlands,England,County,Liberal Democrat,LD,Liberal Democrat,LD,17,PP90,,,,,No,No,David,Hancock,Male,No,No,,No,1478,-0.0032860000,0.0348305603996795022859028138
3316,18731,E14001109,E12000004,Bolsover,East Midlands,England,County,Green Party,Green,Green Party,Green,44,PP63,,,,,No,No,David,Kesteven,Male,No,No,,No,3754,0.0727690000,0.0884667954941791959277937503
3316,18732,E14001109,E12000004,Bolsover,East Midlands,England,County,Reform UK,RUK,Reform UK,RUK,1036,PP7931,,,,,No,No,Robert,Reaney,Male,No,No,,No,9131,0.1293590000,0.2151812226045152472074280058
3316,18733,E14001109,E12000004,Bolsover,East Midlands,England,County,Conservative,Con,Conservative,Con,4,PP52,,,,,No,No,Mark,Fletcher,Male,Yes,Yes,4774,No,10874,-0.2208430000,0.2562567752274119809586652213
3316,18734,E14001109,E12000004,Bolsover,East Midlands,England,County,Labour,Lab,Labour,Lab,15,PP53,,,,,No,No,Natalie,Fleet,Female,No,No,5053,Yes,17197,0.0436090000,0.4052646462742140736202102088
3317,18735,E14001110,E12000002,Bolton North East,North West,England,Borough,Independent,IND,,,,,,,,,Yes,No,John,Partington,Male,No,No,,No,254,,0.0058580686823958117115247123
3317,18736,E14001110,E12000002,Bolton North East,North West,England,Borough,Independent,IND,,,,,,,,,Yes,No,Kevin,Allsop,Male,No,No,,No,345,,0.007956825572545492285338684
3317,18737,E14001110,E12000002,Bolton North East,North West,England,Borough,Workers Party of Britain,WPB,Workers Party of Britain,WPB,1042,PP11382,,,,,No,No,Syeda,Kazmi,Female,No,No,,No,1463,,0.0337415530800987107636246223
3317,18738,E14001110,E12000002,Bolton North East,North West,England,Borough,Liberal Democrat,LD,Liberal Democrat,LD,17,PP90,,,,,No,No,Rebecca,Forrest,Female,No,No,,No,1507,-0.0091410000,0.0347563366313798749971170922
3317,18739,E14001110,E12000002,Bolton North East,North West,England,Borough,Green Party,Green,Green Party,Green,44,PP63,,,,,No,No,Hanif,Alli,Male,No,No,,No,4683,0.0918950000,0.1080052584238566387601190064
3317,18740,E14001110,E12000002,Bolton North East,North West,England,Borough,Reform UK,RUK,Reform UK,RUK,1036,PP7931,,,,,No,No,Trevor,Jones,Male,No,No,,No,9428,0.1520560000,0.2174404391245185543947046749
3317,18741,E14001110,E12000002,Bolton North East,North West,England,Borough,Conservative,Con,Conservative,Con,4,PP52,,,,,No,No,Adele,Warren,Female,No,No,,No,9513,-0.2307240000,0.2194008164394935307548605826
3317,18742,E14001110,E12000002,Bolton North East,North West,England,Borough,Labour,Lab,Labour,Lab,15,PP53,,,,,No,No,Kirith,Entwistle,Female,No,No,5095,Yes,16166,-0.0516440000,0.3728407020457113863327106252
3318,18743,E14001111,E12000002,Bolton South and Walkden,North West,England,Borough,Independent,IND,,,,,,,,,Yes,No,Abraham,Halliwell,Male,No,No,,No,433,,0.0117248849174113187110750068
3318,18744,E14001111,E12000002,Bolton South and Walkden,North West,England,Borough,Liberal Democrat,LD,Liberal Democrat,LD,17,PP90,,,,,No,No,Gemma,Bowker,Female,No,No,,No,1384,-0.0010600000,0.037476306525859734633089629
3318,18745,E14001111,E12000002,Bolton South and Walkden,North West,England,Borough,Green Party,Green,Green Party,Green,44,PP63,,,,,No,No,Philip,Kochitty,Male,No,No,,No,2827,0.0520640000,0.0765502301651773625778499865
3318,18746,E14001111,E12000002,Bolton South and Walkden,North West,England,Borough,Conservative,Con,Conservative,Con,4,PP52,,,,,No,No,Mohammed,Afzal,Male,No,No,,No,4170,-0.2044950000,0.1129163281884646628757108042
3318,18747,E14001111,E12000002,Bolton South and Walkden,North West,England,Borough,Workers Party of Britain,WPB,Workers Party of Britain,WPB,1042,PP11382,,,,,No,No,Jack,Khan,Male,No,No,,No,4673,,0.1265366910370972109396154888
3318,18748,E14001111,E12000002,Bolton South and Walkden,North West,England,Borough,Reform UK,RUK,Reform UK,RUK,1036,PP7931,,,,,No,No,Julie,Pattison,Female,No,No,,No,8350,0.1724240000,0.2261034389385323585161115624
3318,18749,E14001111,E12000002,Bolton South and Walkden,North West,England,Borough,Labour,Lab,Labour,Lab,15,PP53,,,,,No,No,Yasmin,Qureshi,Female,Yes,Yes,3924,Yes,15093,-0.1571950000,0.4086921202274573517465475223
3319,18750,E14001112,E12000002,Bolton West,North West,England,County,English Democrats,ED,English Democrats,ED,90,PP17,,,,,No,No,Patrick,McGrath,Male,No,No,,No,202,,0.0045293510919772187093591641
3319,18751,E14001112,E12000002,Bolton West,North West,England,County,Liberal Democrat,LD,Liberal Democrat,LD,17,PP90,,,,,No,No,Donald,Mcintosh,Male,No,No,,No,1966,-0.0123660000,0.0440826942912238216960401812
3319,18752,E14001112,E12000002,Bolton West,North West,England,County,Green Party,Green,Green Party,Green,44,PP63,,,,,No,No,Vicki,Attenborough,Female,No,No,,No,4132,0.0747430000,0.0926498946141082559756042872
3319,18753,E14001112,E12000002,Bolton West,North West,England,County,Reform UK,RUK,Reform UK,RUK,1036,PP7931,,,,,No,No,Dylan,Evans,Male,No,No,,No,8517,0.1832530000,0.1909726893582671868693663393
3319,18754,E14001112,E12000002,Bolton West,North West,England,County,Conservative,Con,Conservative,Con,4,PP52,,,,,No,No,Chris,Green,Male,Yes,Yes,4398,No,12418,-0.2869900000,0.2784429795058074353110004933
3319,18755,E14001112,E12000002,Bolton West,North West,England,County,Labour,Lab,Labour,Lab,15,PP53,,,,,No,No,Phil,Brickell,Male,No,No,5128,Yes,17363,0.0368320000,0.389322391138616081438629535
3320,18756,E14001113,E12000002,Bootle,North West,England,Borough,Workers Party of Britain,WPB,Workers Party of Britain,WPB,1042,PP11382,,,,,No,No,Ian,Smith,Male,No,No,,No,526,,0.0135288065843621399176954733
3320,18757,E14001113,E12000002,Bootle,North West,England,Borough,Liberal Democrat,LD,Liberal Democrat,LD,17,PP90,,,,,No,No,John,Gibson,Male,No,No,,No,1301,-0.0035900000,0.0334619341563786008230452675
3320,18758,E14001113,E12000002,Bootle,North West,England,Borough,Conservative,Con,Conservative,Con,4,PP52,,,,,No,No,Rowena,Bass,Female,No,No,,No,1674,-0.0486600000,0.0430555555555555555555555556
3320,18759,E14001113,E12000002,Bootle,North West,England,Borough,Green Party,Green,Green Party,Green,44,PP63,,,,,No,No,Neil,Doolin,Male,No,No,,No,3904,0.0767000000,0.1004115226337448559670781893
3320,18760,E14001113,E12000002,Bootle,North West,England,Borough,Reform UK,RUK,Reform UK,RUK,1036,PP7931,,,,,No,No,Darren,Burns,Male,No,No,,No,4746,0.0689910000,0.1220679012345679012345679012
3320,18761,E14001113,E12000002,Bootle,North West,England,Borough,Labour,Lab,Labour,Lab,15,PP53,,,,,No,No,Peter,Dowd,Male,Yes,Yes,4397,Yes,26729,-0.1069700000,0.6874742798353909465020576132
3321,18762,E14001114,E12000004,Boston and Skegness,East Midlands,England,County,Blue Revolution,BR,Blue Revolution,BR,267,PP6342,,,,,No,No,Mike,Gilbert,Male,No,No,,No,397,,0.0098133728834507477444073662
3321,18763,E14001114,E12000004,Boston and Skegness,East Midlands,England,County,English Democrats,ED,English Democrats,ED,90,PP17,,,,,No,No,David,Dickason,Male,No,No,,No,518,,0.0128043505129155852181436164
3321,18764,E14001114,E12000004,Boston and Skegness,East Midlands,England,County,Liberal Democrat,LD,Liberal Democrat,LD,17,PP90,,,,,No,No,Richard,Lloyd,Male,No,No,,No,1375,-0.0144370000,0.0339883821530095167470028427
3321,18765,E14001114,E12000004,Boston and Skegness,East Midlands,England,County,Green Party,Green,Green Party,Green,44,PP63,,,,,No,No,Chris,Moore,Male,No,No,,No,1506,,0.037226548016314423433444568
3321,18766,E14001114,E12000004,Boston and Skegness,East Midlands,England,County,Labour,Lab,Labour,Lab,15,PP53,,,,,No,No,Alexandra,Fawbert,Female,No,No,,No,7629,0.0329980000,0.1885799035965888023730070449
3321,18767,E14001114,E12000004,Boston and Skegness,East Midlands,England,County,Conservative,Con,Conservative,Con,4,PP52,,,,,No,No,Matt,Warman,Male,Yes,Yes,4361,No,13510,-0.4303210000,0.3339513039179335063650970214
3321,18768,E14001114,E12000004,Boston and Skegness,East Midlands,England,County,Reform UK,RUK,Reform UK,RUK,1036,PP7931,,,,,No,No,Richard,Tice,Male,No,No,5161,Yes,15520,,0.3836361389197874181188975405
3322,18769,E14001115,E12000009,Bournemouth East,South West,England,Borough,Social Democratic Party,SDP,Social Democratic Party,SDP,32,PP243,,,,,No,No,Miles,Penn,Male,No,No,,No,88,,0.0019594745045646849254063683
3322,18770,E14001115,E12000009,Bournemouth East,South West,England,Borough,Independent,IND,,,,,,,,,Yes,No,Kieron,Wilson,Male,No,No,,No,1529,,0.0340458695168114005789356491
3322,18771,E14001115,E12000009,Bournemouth East,South West,England,Borough,Green Party,Green,Green Party,Green,44,PP63,,,,,No,No,Joe,Salmon,Male,No,No,,No,2790,0.0205250000,0.0621242484969939879759519038
3322,18772,E14001115,E12000009,Bournemouth East,South West,England,Borough,Liberal Democrat,LD,Liberal Democrat,LD,17,PP90,,,,,No,No,Jon,Nicholas,Male,No,No,,No,3082,-0.0412100000,0.068626141171231351592073035
3322,18773,E14001115,E12000009,Bournemouth East,South West,England,Borough,Reform UK,RUK,Reform UK,RUK,1036,PP7931,,,,,No,No,Martin,Houlden,Male,No,No,,No,6268,,0.1395680249387664217323535961
3322,18774,E14001115,E12000009,Bournemouth East,South West,England,Borough,Conservative,Con,Conservative,Con,4,PP52,,,,,No,No,Tobias,Ellwood,Male,Yes,Yes,1487,No,12837,-0.2201010000,0.2858383433533734134936539746
3322,18775,E14001115,E12000009,Bournemouth East,South West,England,Borough,Labour,Lab,Labour,Lab,15,PP53,,,,,No,No,Tom,Hayes,Male,No,No,5210,Yes,18316,0.0806400000,0.4078378980182587397016254732
3323,18776,E14001116,E12000009,Bournemouth West,South West,England,Borough,Social Democratic Party,SDP,Social Democratic Party,SDP,32,PP243,,,,,No,No,David,Warden,Male,No,No,,No,139,,0.0035263077781724085443198539
3323,18777,E14001116,E12000009,Bournemouth West,South West,England,Borough,Christian Peoples Alliance,CPA,Christian Peoples Alliance,CPA,80,PP79,,,,,No,No,Julie,Vivienne,Female,No,No,,No,201,,0.0050991932619615404130092851
3323,18778,E14001116,E12000009,Bournemouth West,South West,England,Borough,Green Party,Green,Green Party,Green,44,PP63,,,,,No,No,Darren,Jones,Male,No,No,,No,2614,0.0211580000,0.066314881526206301689583439
3323,18779,E14001116,E12000009,Bournemouth West,South West,England,Borough,Liberal Democrat,LD,Liberal Democrat,LD,17,PP90,,,,,No,No,Jeff,Hanna,Male,No,No,,No,4311,0.0087590000,0.1093662793647572175148409356
3323,18780,E14001116,E12000009,Bournemouth West,South West,England,Borough,Reform UK,RUK,Reform UK,RUK,1036,PP7931,,,,,No,No,Ben,Aston,Male,No,No,,No,6647,,0.1686285453346187021157846669
3323,18781,E14001116,E12000009,Bournemouth West,South West,England,Borough,Conservative,Con,Conservative,Con,4,PP52,,,,,No,No,Conor,Burns,Male,Yes,Yes,3922,No,11141,-0.2531210000,0.2826373737886244862753056979
3323,18782,E14001116,E12000009,Bournemouth West,South West,England,Borough,Labour,Lab,Labour,Lab,15,PP53,,,,,No,No,Jessica,Toale,Female,No,No,5202,Yes,14365,0.0459500000,0.3644274189456593434471561216
3324,18783,E14001117,E12000008,Bracknell,South East,England,Borough,Heritage Party,HPUK,Heritage Party,HPUK,1037,PP12550,,,,,No,No,Jason,Reardon,Male,No,No,,No,196,,0.0044711088806259552432876337
3324,18784,E14001117,E12000008,Bracknell,South East,England,Borough,Independent,IND,,,,,,,,,Yes,No,Olivio,Barreto,Male,No,No,,No,480,,0.0109496544015329516162146132
3324,18785,E14001117,E12000008,Bracknell,South East,England,Borough,Green Party,Green,Green Party,Green,44,PP63,,,,,No,No,Emily,Torode,Female,No,No,,No,2166,0.0096350000,0.0494103154869174441681684422
3324,18786,E14001117,E12000008,Bracknell,South East,England,Borough,Liberal Democrat,LD,Liberal Democrat,LD,17,PP90,,,,,No,No,Katie,Mansfield,Female,No,No,,No,4768,-0.0310350000,0.1087665670552273193877318247
3324,18787,E14001117,E12000008,Bracknell,South East,England,Borough,Reform UK,RUK,Reform UK,RUK,1036,PP7931,,,,,No,No,Malcolm,Tullett,Male,No,No,,No,7445,,0.1698337021237767182973287406
3324,18788,E14001117,E12000008,Bracknell,South East,England,Borough,Conservative,Con,Conservative,Con,4,PP52,,,,,No,No,James,Sunderland,Male,Yes,Yes,4767,No,13999,-0.2356400000,0.3193421082647078951570591053
3324,18789,E14001117,E12000008,Bracknell,South East,England,Borough,Labour,Lab,Labour,Lab,15,PP53,,,,,No,No,Peter,Swallow,Male,No,No,5165,Yes,14783,0.0835800000,0.3372265437872117161302096403
3325,18790,E14001118,E12000003,Bradford East,Yorkshire and The Humber,England,Borough,Social Democratic Party,SDP,Social Democratic Party,SDP,32,PP243,,,,,No,No,Richard,Riley,Male,No,No,,No,65,,0.0017465606190885640584694755
3325,18791,E14001118,E12000003,Bradford East,Yorkshire and The Humber,England,Borough,Independent,IND,,,,,,,,,Yes,No,Amer,Rehman,Male,No,No,,No,683,,0.018352321582115219260533104
3325,18792,E14001118,E12000003,Bradford East,Yorkshire and The Humber,England,Borough,The Yorkshire Party,Yrks,The Yorkshire Party,Yrks,262,PP2055,,,,,No,No,Lara,Barras,Female,No,No,,No,761,,0.0204481943250214961306964746
3325,18793,E14001118,E12000003,Bradford East,Yorkshire and The Humber,England,Borough,Independent,IND,,,,,,,,,Yes,No,Mohammed,Rahman,Male,No,No,,No,817,,0.0219529234737747205503009458
3325,18794,E14001118,E12000003,Bradford East,Yorkshire and The Humber,England,Borough,Liberal Democrat,LD,Liberal Democrat,LD,17,PP90,,,,,No,No,Robert,O'Carroll,Male,No,No,,No,1910,-0.0254040000,0.0513220120378331900257953568
3325,18795,E14001118,E12000003,Bradford East,Yorkshire and The Humber,England,Borough,Green Party,Green,Green Party,Green,44,PP63,,,,,No,No,Celia,Hickson,Female,No,No,,No,2571,0.0542580000,0.0690831900257953568357695615
3325,18796,E14001118,E12000003,Bradford East,Yorkshire and The Humber,England,Borough,Conservative,Con,Conservative,Con,4,PP52,,,,,No,No,Aubrey,Holt,Male,No,No,,No,3450,-0.1244180000,0.0927020636285468615649183147
3325,18797,E14001118,E12000003,Bradford East,Yorkshire and The Humber,England,Borough,Reform UK,RUK,Reform UK,RUK,1036,PP7931,,,,,No,No,Jacob,Anstey,Male,No,No,,No,4952,0.0715540000,0.13306104901117798796216681
3325,18798,E14001118,E12000003,Bradford East,Yorkshire and The Humber,England,Borough,Independent,IND,,,,,,,,,Yes,No,Talat,Sajawal,Male,No,No,,No,7909,,0.2125161220980223559759243336
3325,18799,E14001118,E12000003,Bradford East,Yorkshire and The Humber,England,Borough,Labour,Lab,Labour,Lab,15,PP53,,,,,No,No,Imran,Hussain,Male,Yes,Yes,4394,Yes,14098,-0.2510060000,0.3788155631986242476354256234
3326,18800,E14001119,E12000003,Bradford South,Yorkshire and The Humber,England,Borough,English Democrats,ED,English Democrats,ED,90,PP17,,,,,No,No,Therese,Hirst,Female,No,No,,No,248,,0.0075055989346891834634707342
3326,18801,E14001119,E12000003,Bradford South,Yorkshire and The Humber,England,Borough,The Yorkshire Party,Yrks,The Yorkshire Party,Yrks,262,PP2055,,,,,No,No,Jonathan,Barras,Male,No,No,,No,489,,0.0147993462865443980388596332
3326,18802,E14001119,E12000003,Bradford South,Yorkshire and The Humber,England,Borough,Workers Party of Britain,WPB,Workers Party of Britain,WPB,1042,PP11382,,,,,No,No,Harry,Boota,Male,No,No,,No,513,,0.0155256945705465770837116397
3326,18803,E14001119,E12000003,Bradford South,Yorkshire and The Humber,England,Borough,Liberal Democrat,LD,Liberal Democrat,LD,17,PP90,,,,,No,No,Anthony,Smith,Male,No,No,,No,954,-0.0082770000,0.0288723442890866170328672599
3326,18804,E14001119,E12000003,Bradford South,Yorkshire and The Humber,England,Borough,Independent,IND,,,,,,,,,Yes,No,Rehiana,Ali,Female,No,No,,No,3345,,0.1012347920828037043762484111
3326,18805,E14001119,E12000003,Bradford South,Yorkshire and The Humber,England,Borough,Green Party,Green,Green Party,Green,44,PP63,,,,,No,No,Matt,Edwards,Male,No,No,,No,3366,0.0772430000,0.1018703468313056110404939168
3326,18806,E14001119,E12000003,Bradford South,Yorkshire and The Humber,England,Borough,Conservative,Con,Conservative,Con,4,PP52,,,,,No,No,Zaf,Shah,Male,No,No,,No,4853,-0.2537480000,0.1468736759276072876944494885
3326,18807,E14001119,E12000003,Bradford South,Yorkshire and The Humber,England,Borough,Reform UK,RUK,Reform UK,RUK,1036,PP7931,,,,,No,No,Ian,Eglin,Male,No,No,,No,7441,0.1549590000,0.2251982325525089280309908601
3326,18808,E14001119,E12000003,Bradford South,Yorkshire and The Humber,England,Borough,Labour,Lab,Labour,Lab,15,PP53,,,,,No,No,Judith,Cummins,Female,Yes,Yes,4391,Yes,11833,-0.1092430000,0.3581199685249076932389080564
3327,18809,E14001120,E12000003,Bradford West,Yorkshire and The Humber,England,Borough,Independent,IND,,,,,,,,,Yes,No,Umar,Ghafoor,Male,No,No,,No,334,,0.0090073083250182033925730158
3327,18810,E14001120,E12000003,Bradford West,Yorkshire and The Humber,England,Borough,Liberal Democrat,LD,Liberal Democrat,LD,17,PP90,,,,,No,No,Imad,Ahmed,Male,No,No,,No,756,-0.0100900000,0.0203877996817777298346862274
3327,18811,E14001120,E12000003,Bradford West,Yorkshire and The Humber,England,Borough,Reform UK,RUK,Reform UK,RUK,1036,PP7931,,,,,No,No,Jamie,Hinton-Wardle,Male,No,No,,No,2958,0.0446160000,0.079771311453304927051589763
3327,18812,E14001120,E12000003,Bradford West,Yorkshire and The Humber,England,Borough,Conservative,Con,Conservative,Con,4,PP52,,,,,No,No,Nigel,Moxon,Male,No,No,,No,3055,-0.0693720000,0.0823872063860197945039238424
3327,18813,E14001120,E12000003,Bradford West,Yorkshire and The Humber,England,Borough,Independent,IND,,,,,,,,,Yes,No,Akeel,Hussain,Male,No,No,,No,3547,,0.0956554569725735551899894825
3327,18814,E14001120,E12000003,Bradford West,Yorkshire and The Humber,England,Borough,Green Party,Green,Green Party,Green,44,PP63,,,,,No,No,Khalid,Mahmood,Male,No,No,,No,3690,0.0811440000,0.0995118793991532051454923006
3327,18815,E14001120,E12000003,Bradford West,Yorkshire and The Humber,England,Borough,Independent,IND,,,,,,,,,Yes,No,Muhammed,Islam,Male,No,No,,No,11017,,0.2971063347806154095089129204
3327,18816,E14001120,E12000003,Bradford West,Yorkshire and The Humber,England,Borough,Labour,Lab,Labour,Lab,15,PP53,,,,,No,No,Naz,Shah,Female,Yes,Yes,4409,Yes,11724,-0.4460330000,0.3161727030015371753728324479
3328,18817,E14001121,E12000006,Braintree,East of England,England,County,Independent,IND,,,,,,,,,Yes,No,David,Heather,Male,No,No,,No,767,,0.0156441217263604470914579424
3328,18818,E14001121,E12000006,Braintree,East of England,England,County,Green Party,Green,Green Party,Green,44,PP63,,,,,No,No,Paul,Thorogood,Male,No,No,,No,2878,0.0541920000,0.0587011503630578444970221098
3328,18819,E14001121,E12000006,Braintree,East of England,England,County,Liberal Democrat,LD,Liberal Democrat,LD,17,PP90,,,,,No,No,Kieron,Franks,Male,No,No,,No,2879,-0.0382890000,0.0587215468711756547279105817
3328,18820,E14001121,E12000006,Braintree,East of England,England,County,Reform UK,RUK,Reform UK,RUK,1036,PP7931,,,,,No,No,Richard,Thomson,Male,No,No,,No,11346,,0.2314187811046748796606021049
3328,18821,E14001121,E12000006,Braintree,East of England,England,County,Labour,Lab,Labour,Lab,15,PP53,,,,,No,No,Matthew,Wright,Male,No,No,,No,13744,0.0984820000,0.2803296075711838133311577058
3328,18822,E14001121,E12000006,Braintree,East of England,England,County,Conservative,Con,Conservative,Con,4,PP52,,,,,No,No,James,Cleverly,Male,Yes,Yes,4366,Yes,17414,-0.3194740000,0.3551847923635473606918495554
3329,18823,W07000085,W92000004,"Brecon, Radnor and Cwm Tawe",,Wales,County,Official Monster Raving Loony Party,MRLP,Official Monster Raving Loony Party,MRLP,119,PP66,,,,,No,No,Lady Lily,The Pink,Female,No,No,,No,237,-0.0015080000,0.005091518432585717968548595
3329,18824,W07000085,W92000004,"Brecon, Radnor and Cwm Tawe",,Wales,County,Abolish the Welsh Assembly Party,AWA,Abolish the Welsh Assembly Party,AWA,1008,PP12653,,,,,No,No,Jonathan,Harrington,Male,No,No,,No,372,,0.0079917504511472028873420985
3329,18825,W07000085,W92000004,"Brecon, Radnor and Cwm Tawe",,Wales,County,Green Party,Green,Green Party,Green,44,PP63,,,,,No,No,Amerjit,Kaur-Dhaliwal,Female,No,No,,No,1188,0.0212940000,0.0255220417633410672853828306
3329,18826,W07000085,W92000004,"Brecon, Radnor and Cwm Tawe",,Wales,County,Plaid Cymru,PC,Plaid Cymru,PC,22,PP77,,,,,No,No,Emily,Durrant-Munro,Female,No,No,,No,2280,0.0166150000,0.048981696313482856406290281
3329,18827,W07000085,W92000004,"Brecon, Radnor and Cwm Tawe",,Wales,County,Reform UK,RUK,Reform UK,RUK,1036,PP7931,,,,,No,No,Adam,Hill,Male,No,No,,No,6567,0.1226390000,0.1410801753029131219386439804
3329,18828,W07000085,W92000004,"Brecon, Radnor and Cwm Tawe",,Wales,County,Labour,Lab,Labour,Lab,15,PP53,,,,,No,No,Matthew,Dorrance,Male,No,No,,No,9904,0.0374690000,0.2127696141617255306350433961
3329,18829,W07000085,W92000004,"Brecon, Radnor and Cwm Tawe",,Wales,County,Conservative,Con,Conservative,Con,4,PP52,,,,,No,No,Fay,Jones,Female,Yes,Yes,4763,No,12264,-0.2026710000,0.2634699664862077855117298273
3329,18830,W07000085,W92000004,"Brecon, Radnor and Cwm Tawe",,Wales,County,Liberal Democrat,LD,Liberal Democrat,LD,17,PP90,,,,,No,No,David,Chadwick,Male,No,No,5284,Yes,13736,0.0028560000,0.2950932370885967173670189911
3330,18831,E14001122,E12000007,Brent East,London,England,Borough,Independent,IND,,,,,,,,,Yes,No,Jenner,Folwell,Male,No,No,,No,169,,0.0044706629278874133643722554
3330,18832,E14001122,E12000007,Brent East,London,England,Borough,Independent,IND,,,,,,,,,Yes,No,Amin,Moafi,Male,No,No,,No,654,,0.0173006719221205227236654145
3330,18833,E14001122,E12000007,Brent East,London,England,Borough,Workers Party of Britain,WPB,Workers Party of Britain,WPB,1042,PP11382,,,,,No,No,James,Mutimer,Male,No,No,,No,1052,,0.0278292153854293423628379451
3330,18834,E14001122,E12000007,Brent East,London,England,Borough,Independent,IND,,,,,,,,,Yes,No,Aadil,Shaikh,Male,No,No,,No,1846,,0.0488333950584625152108354055
3330,18835,E14001122,E12000007,Brent East,London,England,Borough,Reform UK,RUK,Reform UK,RUK,1036,PP7931,,,,,No,No,Zbigniew,Kowalczyk,Male,No,No,,No,2024,0.0495660000,0.0535421406274800275117718639
3330,18836,E14001122,E12000007,Brent East,London,England,Borough,Liberal Democrat,LD,Liberal Democrat,LD,17,PP90,,,,,No,No,Jonny,Singh,Male,No,No,,No,2635,-0.0205330000,0.0697053065975345219829638643
3330,18837,E14001122,E12000007,Brent East,London,England,Borough,Green Party,Green,Green Party,Green,44,PP63,,,,,No,No,Nida,Alfulaij,Female,No,No,,No,3729,0.0662490000,0.0986455743082376593831014232
3330,18838,E14001122,E12000007,Brent East,London,England,Borough,Conservative,Con,Conservative,Con,4,PP52,,,,,No,No,Jamila,Robertson,Female,No,No,,No,6323,-0.0677340000,0.1672662822072906195439394741
3330,18839,E14001122,E12000007,Brent East,London,England,Borough,Labour,Lab,Labour,Lab,15,PP53,,,,,No,No,Dawn,Butler,Female,Yes,Yes,1489,Yes,19370,-0.1259830000,0.5124067509655573779165123538
3331,18840,E14001123,E12000007,Brent West,London,England,Borough,Reform UK,RUK,Reform UK,RUK,1036,PP7931,,,,,No,No,Ian,Collier,Male,No,No,,No,2061,0.0343170000,0.0498114849187935034802784223
3331,18841,E14001123,E12000007,Brent West,London,England,Borough,Workers Party of Britain,WPB,Workers Party of Britain,WPB,1042,PP11382,,,,,No,No,Nadia,Klok,Female,No,No,,No,2774,,0.0670436968290796597061098221
3331,18842,E14001123,E12000007,Brent West,London,England,Borough,Green Party,Green,Green Party,Green,44,PP63,,,,,No,No,Baston,De'Medici-Jaguar,Male,No,No,,No,2805,0.0507290000,0.0677929234338747099767981439
3331,18843,E14001123,E12000007,Brent West,London,England,Borough,Liberal Democrat,LD,Liberal Democrat,LD,17,PP90,,,,,No,No,Paul,Lorber,Male,No,No,,No,3013,-0.0182410000,0.0728199922660479505027068832
3331,18844,E14001123,E12000007,Brent West,London,England,Borough,Conservative,Con,Conservative,Con,4,PP52,,,,,No,No,Sushil,Rapatwar,Male,No,No,,No,13465,-0.0125580000,0.3254302010827532869296210363
3331,18845,E14001123,E12000007,Brent West,London,England,Borough,Labour,Lab,Labour,Lab,15,PP53,,,,,No,No,Barry,Gardiner,Male,Yes,Yes,146,Yes,17258,-0.1157140000,0.4171017014694508894044856922
3332,18846,E14001124,E12000007,Brentford and Isleworth,London,England,Borough,Independent,IND,,,,,,,,,Yes,No,Zebunisa,Rao,Female,No,No,,No,486,,0.0107393821540637291731117691
3332,18847,E14001124,E12000007,Brentford and Isleworth,London,England,Borough,Workers Party of Britain,WPB,Workers Party of Britain,WPB,1042,PP11382,,,,,No,No,Nisar,Malik,Male,No,No,,No,2746,,0.0606797189198744862332611482
3332,18848,E14001124,E12000007,Brentford and Isleworth,London,England,Borough,Liberal Democrat,LD,Liberal Democrat,LD,17,PP90,,,,,No,No,Kuldev,Sehra,Male,No,No,,No,3863,-0.0778650000,0.0853626198789057320899809962
3332,18849,E14001124,E12000007,Brentford and Isleworth,London,England,Borough,Reform UK,RUK,Reform UK,RUK,1036,PP7931,,,,,No,No,David,Kerr,Male,No,No,,No,3940,0.0664690000,0.0870641269280063640783135192
3332,18850,E14001124,E12000007,Brentford and Isleworth,London,England,Borough,Green Party,Green,Green Party,Green,44,PP63,,,,,No,No,Freya,Summersgill,Female,No,No,,No,4029,0.0591950000,0.0890308039068369646882043576
3332,18851,E14001124,E12000007,Brentford and Isleworth,London,England,Borough,Conservative,Con,Conservative,Con,4,PP52,,,,,No,No,Laura,Blumenthal,Female,No,No,,No,10183,-0.0580190000,0.2250187828700225394440270473
3332,18852,E14001124,E12000007,Brentford and Isleworth,London,England,Borough,Labour,Lab,Labour,Lab,15,PP53,,,,,No,No,Ruth,Cadbury,Female,Yes,Yes,4389,Yes,20007,-0.0611990000,0.4421045653422901842931011623
3333,18853,E14001125,E12000006,Brentwood and Ongar,East of England,England,County,English Democrats,ED,English Democrats,ED,90,PP17,,,,,No,No,Robin,Tilbrook,Male,No,No,,No,189,-0.0061620000,0.0039104527021435074071008855
3333,18854,E14001125,E12000006,Brentwood and Ongar,East of England,England,County,Green Party,Green,Green Party,Green,44,PP63,,,,,No,No,RJ,Learmouth,Non-binary,No,No,,No,1770,0.0049080000,0.0366216999089630058760241662
3333,18855,E14001125,E12000006,Brentwood and Ongar,East of England,England,County,Liberal Democrat,LD,Liberal Democrat,LD,17,PP90,,,,,No,No,David,Kendall,Male,No,No,,No,5809,-0.0157350000,0.1201895224695853678722171646
3333,18856,E14001125,E12000006,Brentwood and Ongar,East of England,England,County,Labour,Lab,Labour,Lab,15,PP53,,,,,No,No,Gareth,Barrett,Male,No,No,,No,11082,0.0924370000,0.2292890838367954978068360506
3333,18857,E14001125,E12000006,Brentwood and Ongar,East of England,England,County,Reform UK,RUK,Reform UK,RUK,1036,PP7931,,,,,No,No,Paul,Godfrey,Male,No,No,,No,11751,,0.2431308449888272779938756931
3333,18858,E14001125,E12000006,Brentwood and Ongar,East of England,England,County,Conservative,Con,Conservative,Con,4,PP52,,,,,No,No,Alex,Burghart,Male,Yes,Yes,4613,Yes,17731,-0.3185780000,0.3668583960936853430439460399
3334,18859,W07000086,W92000004,Bridgend,,Wales,County,Liberal Democrat,LD,Liberal Democrat,LD,17,PP90,,,,,No,No,Claire,Waller,Female,No,No,,No,1446,-0.0175680000,0.0349494851839319379320346111
3334,18860,W07000086,W92000004,Bridgend,,Wales,County,Green Party,Green,Green Party,Green,44,PP63,,,,,No,No,Debra,Cooper,Female,No,No,,No,1760,0.0239550000,0.0425387924783680572340116982
3334,18861,W07000086,W92000004,Bridgend,,Wales,County,Independent,IND,,,,,,,,,Yes,No,Mark,John,Male,No,No,,No,3338,,0.0806786870981775994585971866
3334,18862,W07000086,W92000004,Bridgend,,Wales,County,Plaid Cymru,PC,Plaid Cymru,PC,22,PP77,,,,,No,No,Iolo,Caudy,Male,No,No,,No,3629,0.0354510000,0.0877120897181804998308116208
3334,18863,W07000086,W92000004,Bridgend,,Wales,County,Conservative,Con,Conservative,Con,4,PP52,,,,,No,No,Anita,Boateng,Female,No,No,,No,6764,-0.2760760000,0.1634843138202736017788949582
3334,18864,W07000086,W92000004,Bridgend,,Wales,County,Reform UK,RUK,Reform UK,RUK,1036,PP7931,,,,,No,No,Caroline,Jones,Female,No,No,,No,7921,0.1392740000,0.1914487359211098757673901484
3334,18865,W07000086,W92000004,Bridgend,,Wales,County,Labour,Lab,Labour,Lab,15,PP53,,,,,No,No,Chris,Elmore,Male,Yes,Yes,4572,Yes,16516,0.0142860000,0.3991878957799584279982597767
3335,18866,E14001126,E12000009,Bridgwater,South West,England,County,Workers Party of Britain,WPB,Workers Party of Britain,WPB,1042,PP11382,,,,,No,No,Gregory,Tanner,Male,No,No,,No,168,,0.0041864985422014004834409031
3335,18867,E14001126,E12000009,Bridgwater,South West,England,County,Independent,IND,,,,,,,,,Yes,No,Pelé,Barnes,Male,No,No,,No,334,,0.0083231578160432604849360811
3335,18868,E14001126,E12000009,Bridgwater,South West,England,County,Green Party,Green,Green Party,Green,44,PP63,,,,,No,No,Charles,Graham,Male,No,No,,No,1720,0.0223080000,0.0428617707892048144733235316
3335,18869,E14001126,E12000009,Bridgwater,South West,England,County,Liberal Democrat,LD,Liberal Democrat,LD,17,PP90,,,,,No,No,Claire,Sully,Female,No,No,,No,5781,-0.0321910000,0.1440604051932517630641182187
3335,18870,E14001126,E12000009,Bridgwater,South West,England,County,Reform UK,RUK,Reform UK,RUK,1036,PP7931,,,,,No,No,Wiliam,Fagg,Male,No,No,,No,8913,,0.2221086994442921577911236263
3335,18871,E14001126,E12000009,Bridgwater,South West,England,County,Labour,Lab,Labour,Lab,15,PP53,,,,,No,No,Leigh,Redman,Male,No,No,,No,10932,0.0650180000,0.2724214408532482743153330509
3335,18872,E14001126,E12000009,Bridgwater,South West,England,County,Conservative,Con,Conservative,Con,4,PP52,,,,,No,No,Ashley,Fox,Male,No,No,5101,Yes,12281,-0.2729770000,0.3060380273617583293877245882
3336,18873,E14001127,E12000003,Bridlington and The Wolds,Yorkshire and The Humber,England,County,Social Democratic Party,SDP,Social Democratic Party,SDP,32,PP243,,,,,No,No,Carlo,Verda,Male,No,No,,No,104,,0.0024221533875212520669818571
3336,18874,E14001127,E12000003,Bridlington and The Wolds,Yorkshire and The Humber,England,County,Independent,IND,,,,,,,,,Yes,No,Tom,Cone,Male,No,No,,No,309,,0.0071965903533083354682441717
3336,18875,E14001127,E12000003,Bridlington and The Wolds,Yorkshire and The Humber,England,County,The Yorkshire Party,Yrks,The Yorkshire Party,Yrks,262,PP2055,,,,,No,No,Tim,Norman,Male,No,No,,No,915,,0.0213102918229033234739269162
3336,18876,E14001127,E12000003,Bridlington and The Wolds,Yorkshire and The Humber,England,County,Green Party,Green,Green Party,Green,44,PP63,,,,,No,No,Gill,Leek,Female,No,No,,No,1595,0.0086590000,0.0371474485874653562195775206
3336,18877,E14001127,E12000003,Bridlington and The Wolds,Yorkshire and The Humber,England,County,Liberal Democrat,LD,Liberal Democrat,LD,17,PP90,,,,,No,No,Jayne,Phoenix,Female,No,No,,No,3097,-0.0027850000,0.0721289330880126697254116496
3336,18878,E14001127,E12000003,Bridlington and The Wolds,Yorkshire and The Humber,England,County,Reform UK,RUK,Reform UK,RUK,1036,PP7931,,,,,No,No,Maria,Bowtell,Female,No,No,,No,10350,,0.2410508419312015278198290519
3336,18879,E14001127,E12000003,Bridlington and The Wolds,Yorkshire and The Humber,England,County,Labour,Lab,Labour,Lab,15,PP53,,,,,No,No,Sarah,Carter,Female,No,No,,No,11721,0.0742090000,0.2729813447609288026643687263
3336,18880,E14001127,E12000003,Bridlington and The Wolds,Yorkshire and The Humber,England,County,Conservative,Con,Conservative,Con,4,PP52,,,,,No,No,Charlie,Dewhirst,Male,No,No,5169,Yes,14846,-0.3199570000,0.3457623960686587325616601067
3337,18881,E14001128,E12000003,Brigg and Immingham,Yorkshire and The Humber,England,County,Liberal Democrat,LD,Liberal Democrat,LD,17,PP90,,,,,No,No,Eleanor,Rylance,Female,No,No,,No,1442,-0.0098280000,0.033923026253881622282864402
3337,18882,E14001128,E12000003,Brigg and Immingham,Yorkshire and The Humber,England,County,Green Party,Green,Green Party,Green,44,PP63,,,,,No,No,Amie,Watson,Female,No,No,,No,1905,0.0169810000,0.0448150936294344593958784229
3337,18883,E14001128,E12000003,Brigg and Immingham,Yorkshire and The Humber,England,County,Reform UK,RUK,Reform UK,RUK,1036,PP7931,,,,,No,No,Paul,Ladlow,Male,No,No,,No,10594,0.2422600000,0.2492236755434271196010162793
3337,18884,E14001128,E12000003,Brigg and Immingham,Yorkshire and The Humber,England,County,Labour,Lab,Labour,Lab,15,PP53,,,,,No,No,Najmul,Hussain,Male,No,No,,No,12662,0.0958410000,0.2978733414886609579373294439
3337,18885,E14001128,E12000003,Brigg and Immingham,Yorkshire and The Humber,England,County,Conservative,Con,Conservative,Con,4,PP52,,,,,No,No,Martin,Vickers,Male,Yes,Yes,3957,Yes,15905,-0.3452550000,0.374164863084595840782911452
3338,18886,E14001129,E12000008,Brighton Kemptown and Peacehaven,South East,England,Borough,Social Democratic Party,SDP,Social Democratic Party,SDP,32,PP243,,,,,No,No,Valerie,Gray,Female,No,No,,No,784,,0.0192695276016320110111586295
3338,18887,E14001129,E12000008,Brighton Kemptown and Peacehaven,South East,England,Borough,Independent,IND,,,,,,,,,Yes,No,Emma,Wall,Female,No,No,,No,1833,,0.0450523521604483114584869488
3338,18888,E14001129,E12000008,Brighton Kemptown and Peacehaven,South East,England,Borough,Liberal Democrat,LD,Liberal Democrat,LD,17,PP90,,,,,No,No,Stewart,Stone,Male,No,No,,No,3949,0.0370970000,0.0970604139015877697488079438
3338,18889,E14001129,E12000008,Brighton Kemptown and Peacehaven,South East,England,Borough,Green Party,Green,Green Party,Green,44,PP63,,,,,No,No,Elaine,Hills,Female,No,No,,No,7997,0.1396450000,0.1965540972324632551737698471
3338,18890,E14001129,E12000008,Brighton Kemptown and Peacehaven,South East,England,Borough,Conservative,Con,Conservative,Con,4,PP52,,,,,No,No,Khobi,Vallis,Female,No,No,,No,8230,-0.1420240000,0.202280882858968687017647348
3338,18891,E14001129,E12000008,Brighton Kemptown and Peacehaven,South East,England,Borough,Labour,Lab,Labour,Lab,15,PP53,,,,,No,No,Chris,Ward,Male,No,No,5276,Yes,17893,-0.0720320000,0.4397827262448999655901292828
3339,18892,E14001130,E12000008,Brighton Pavilion,South East,England,Borough,Independent,IND,,,,,,,,,Yes,No,Steve,AI,Male,No,No,,No,179,,0.0034184443213719611175830262
3339,18893,E14001130,E12000008,Brighton Pavilion,South East,England,Borough,Social Democratic Party,SDP,Social Democratic Party,SDP,32,PP243,,,,,No,No,Carl,Buckfield,Male,No,No,,No,184,,0.0035139315929186639420965185
3339,18894,E14001130,E12000008,Brighton Pavilion,South East,England,Borough,Official Monster Raving Loony Party,MRLP,Official Monster Raving Loony Party,MRLP,119,PP66,,,,,No,No,Citizen,Skwith,Male,No,No,,No,257,-0.0003630000,0.0049080457575005251799935069
3339,18895,E14001130,E12000008,Brighton Pavilion,South East,England,Borough,Liberal Democrat,LD,Liberal Democrat,LD,17,PP90,,,,,No,No,Ashley,Ridley,Male,No,No,,No,1604,,0.0306323167121822661039283464
3339,18896,E14001130,E12000008,Brighton Pavilion,South East,England,Borough,Reform UK,RUK,Reform UK,RUK,1036,PP7931,,,,,No,No,Mark,Mulvihill,Male,No,No,,No,2836,0.0408150000,0.0541603804212898420640528618
3339,18897,E14001130,E12000008,Brighton Pavilion,South East,England,Borough,Conservative,Con,Conservative,Con,4,PP52,,,,,No,No,Sarah,Webster,Female,No,No,,No,3975,-0.1014750000,0.0759123808796287454882264194
3339,18898,E14001130,E12000008,Brighton Pavilion,South East,England,Borough,Labour,Lab,Labour,Lab,15,PP53,,,,,No,No,Tom,Gray,Male,No,No,,No,14519,0.0505720000,0.2772759391173156618222790902
3339,18899,E14001130,E12000008,Brighton Pavilion,South East,England,Borough,Green Party,Green,Green Party,Green,44,PP63,,,,,No,No,Siân,Berry,Female,No,No,5314,Yes,28809,-0.0203020000,0.5501785611977923342818402307
3340,18900,E14001131,E12000009,Bristol Central,South West,England,Borough,Party of Women,POW,Party of Women,POW,1102,PP17545,,,,,No,No,Kellie-Jay,Keen,Female,No,No,,No,196,,0.0045197740112994350282485876
3340,18901,E14001131,E12000009,Bristol Central,South West,England,Borough,Liberal Democrat,LD,Liberal Democrat,LD,17,PP90,,,,,No,No,Nicholas,Coombes,Male,No,No,,No,1162,,0.0267958030669895076674737692
3340,18902,E14001131,E12000009,Bristol Central,South West,England,Borough,Reform UK,RUK,Reform UK,RUK,1036,PP7931,,,,,No,No,Robert,Clarke,Male,No,No,,No,1338,0.0193230000,0.0308543756485645105499827049
3340,18903,E14001131,E12000009,Bristol Central,South West,England,Borough,Conservative,Con,Conservative,Con,4,PP52,,,,,No,No,Samuel,Williams,Male,No,No,,No,1998,-0.0973530000,0.0460740228294707713593912141
3340,18904,E14001131,E12000009,Bristol Central,South West,England,Borough,Labour,Lab,Labour,Lab,15,PP53,,,,,No,No,Thangam,Debbonaire,Female,Yes,Yes,4433,No,14132,-0.2589630000,0.3258849302432837541796379569
3340,18905,E14001131,E12000009,Bristol Central,South West,England,Borough,Green Party,Green,Green Party,Green,44,PP63,,,,,No,No,Carla,Denyer,Female,No,No,5102,Yes,24539,0.3056770000,0.5658710942003920212152657673
3341,18906,E14001132,E12000009,Bristol East,South West,England,Borough,Independent,IND,,,,,,,,,Yes,No,Wael,Arafat,Male,No,No,,No,257,,0.0055737491596000780758637142
3341,18907,E14001132,E12000009,Bristol East,South West,England,Borough,Social Democratic Party,SDP,Social Democratic Party,SDP,32,PP243,,,,,No,No,Claire,Dunnage,Female,No,No,,No,555,,0.0120366956559456938992387603
3341,18908,E14001132,E12000009,Bristol East,South West,England,Borough,Independent,IND,,,,,,,,,Yes,No,Farooq,Siddique,Male,No,No,,No,1259,,0.0273048645600641957101650437
3341,18909,E14001132,E12000009,Bristol East,South West,England,Borough,Liberal Democrat,LD,Liberal Democrat,LD,17,PP90,,,,,No,No,Tony,Sutcliffe,Male,No,No,,No,2713,-0.0106180000,0.0588388384046498514389815437
3341,18910,E14001132,E12000009,Bristol East,South West,England,Borough,Conservative,Con,Conservative,Con,4,PP52,,,,,No,No,Dan,Conaghan,Male,No,No,,No,6435,-0.0935360000,0.1395606063892081806154980589
3341,18911,E14001132,E12000009,Bristol East,South West,England,Borough,Green Party,Green,Green Party,Green,44,PP63,,,,,No,No,Ani,Stafford-Townsend,Female,No,No,,No,14142,0.2223470000,0.3067080179574486542757379254
3341,18912,E14001132,E12000009,Bristol East,South West,England,Borough,Labour,Lab,Labour,Lab,15,PP53,,,,,No,No,Kerry,McCarthy,Female,Yes,Yes,1491,Yes,20748,-0.1338960000,0.4499772278730833459845149537
3342,18913,E14001133,E12000009,Bristol North East,South West,England,Borough,Social Democratic Party,SDP,Social Democratic Party,SDP,32,PP243,,,,,No,No,Tommy,Trueman,Male,No,No,,No,122,,0.0029055228750387006120650647
3342,18914,E14001133,E12000009,Bristol North East,South West,England,Borough,Trade Unionist and Socialist Coalition,TUSC,Trade Unionist and Socialist Coalition,TUSC,157,PP804,,,,,No,No,Dan,Smart,Male,No,No,,No,399,,0.0095024887470527995427373836
3342,18915,E14001133,E12000009,Bristol North East,South West,England,Borough,Independent,IND,,,,,,,,,Yes,No,Asif,Ali,Male,No,No,,No,1029,,0.0245064183476624830312700945
3342,18916,E14001133,E12000009,Bristol North East,South West,England,Borough,Liberal Democrat,LD,Liberal Democrat,LD,17,PP90,,,,,No,No,Louise,Harris,Female,No,No,,No,1964,-0.0042230000,0.0467741551358689180499654671
3342,18917,E14001133,E12000009,Bristol North East,South West,England,Borough,Reform UK,RUK,Reform UK,RUK,1036,PP7931,,,,,No,No,Anthony,New,Male,No,No,,No,5418,0.1140870000,0.1290337945652432780013813142
3342,18918,E14001133,E12000009,Bristol North East,South West,England,Borough,Conservative,Con,Conservative,Con,4,PP52,,,,,No,No,Rose,Hulse,Female,No,No,,No,6216,-0.2432100000,0.1480387720593488770868560814
3342,18919,E14001133,E12000009,Bristol North East,South West,England,Borough,Green Party,Green,Green Party,Green,44,PP63,,,,,No,No,Lorraine,Francis,Female,No,No,,No,7837,0.1468120000,0.1866441210793303007930648503
3342,18920,E14001133,E12000009,Bristol North East,South West,England,Borough,Labour,Lab,Labour,Lab,15,PP53,,,,,No,No,Damien,Egan,Male,Yes,Yes,5010,Yes,19004,-0.0503800000,0.4525947271904546428826597442
3343,18921,E14001134,E12000009,Bristol North West,South West,England,Borough,Social Democratic Party,SDP,Social Democratic Party,SDP,32,PP243,,,,,No,No,Ben,Smith,Male,No,No,,No,222,,0.0045807197094750742819412347
3343,18922,E14001134,E12000009,Bristol North West,South West,England,Borough,Liberal Democrat,LD,Liberal Democrat,LD,17,PP90,,,,,No,No,Caroline,Gooch,Female,No,No,,No,4159,0.0047440000,0.0858162759986794321558270056
3343,18923,E14001134,E12000009,Bristol North West,South West,England,Borough,Reform UK,RUK,Reform UK,RUK,1036,PP7931,,,,,No,No,Scarlett,O'Connor,Female,No,No,,No,4863,0.0989220000,0.1003425222845823704192802905
3343,18924,E14001134,E12000009,Bristol North West,South West,England,Borough,Conservative,Con,Conservative,Con,4,PP52,,,,,No,No,Laura,Saunders,Female,No,No,,No,6773,-0.2251470000,0.1397532188841201716738197425
3343,18925,E14001134,E12000009,Bristol North West,South West,England,Borough,Green Party,Green,Green Party,Green,44,PP63,,,,,No,No,Mary,Page,Female,No,No,,No,8389,0.1092670000,0.1730975569494882799603829647
3343,18926,E14001134,E12000009,Bristol North West,South West,England,Borough,Labour,Lab,Labour,Lab,15,PP53,,,,,No,No,Darren,Jones,Male,Yes,Yes,4621,Yes,24058,0.0076330000,0.496409706173654671508748762
3344,18927,E14001135,E12000009,Bristol South,South West,England,Borough,Social Democratic Party,SDP,Social Democratic Party,SDP,32,PP243,,,,,No,No,Neil,Norton,Male,No,No,,No,164,,0.0037785406538718521761168583
3344,18928,E14001135,E12000009,Bristol South,South West,England,Borough,Liberal Democrat,LD,Liberal Democrat,LD,17,PP90,,,,,No,No,Andrew,Brown,Male,No,No,,No,2721,0.0002900000,0.0626915190194226205561827523
3344,18929,E14001135,E12000009,Bristol South,South West,England,Borough,Conservative,Con,Conservative,Con,4,PP52,,,,,No,No,Liz,Brennan,Female,No,No,,No,4947,-0.2141890000,0.1139782964311222726539640117
3344,18930,E14001135,E12000009,Bristol South,South West,England,Borough,Reform UK,RUK,Reform UK,RUK,1036,PP7931,,,,,No,No,Richard,Visick,Male,No,No,,No,6195,0.1001780000,0.1427320692118056355551459577
3344,18931,E14001135,E12000009,Bristol South,South West,England,Borough,Green Party,Green,Green Party,Green,44,PP63,,,,,No,No,Jai,Breitnauer,Female,No,No,,No,10855,0.1994430000,0.2500979194986521669009054674
3344,18932,E14001135,E12000009,Bristol South,South West,England,Borough,Labour,Lab,Labour,Lab,15,PP53,,,,,No,No,Karin,Smyth,Female,Yes,Yes,4444,Yes,18521,-0.0895000000,0.4267216551851254521576849527
3345,18933,E14001136,E12000006,Broadland and Fakenham,East of England,England,County,Green Party,Green,Green Party,Green,44,PP63,,,,,No,No,Jan,Davis,Male,No,No,,No,3203,0.0397350000,0.0646900813927655363237937511
3345,18934,E14001136,E12000006,Broadland and Fakenham,East of England,England,County,Liberal Democrat,LD,Liberal Democrat,LD,17,PP90,,,,,No,No,Leyla,Hannbeck,Female,No,No,,No,5526,-0.0489560000,0.1116070526932320804637165997
3345,18935,E14001136,E12000006,Broadland and Fakenham,East of England,England,County,Reform UK,RUK,Reform UK,RUK,1036,PP7931,,,,,No,No,Eric,Masters,Male,No,No,,No,8859,,0.1789227071678145133601276432
3345,18936,E14001136,E12000006,Broadland and Fakenham,East of England,England,County,Labour,Lab,Labour,Lab,15,PP53,,,,,No,No,Iain,Simpson,Male,No,No,,No,15603,0.0990120000,0.3151293599660695170965201058
3345,18937,E14001136,E12000006,Broadland and Fakenham,East of England,England,County,Conservative,Con,Conservative,Con,4,PP52,,,,,No,No,Jerome,Mayhew,Male,Yes,Yes,4739,Yes,16322,-0.2618400000,0.3296507987801183527558419001
3346,18938,E14001137,E12000007,Bromley and Biggin Hill,London,England,Borough,Climate Party,Cli,Climate Party,Cli,1053,PP12958,,,,,No,No,Karen,Miller,Female,No,No,,No,94,,0.0020090621526887236043429939
3346,18939,E14001137,E12000007,Bromley and Biggin Hill,London,England,Borough,Green Party,Green,Green Party,Green,44,PP63,,,,,No,No,Caroline,Sandes,Female,No,No,,No,2583,0.0183930000,0.0552064631956912028725314183
3346,18940,E14001137,E12000007,Bromley and Biggin Hill,London,England,Borough,Liberal Democrat,LD,Liberal Democrat,LD,17,PP90,,,,,No,No,Julie,Ireland,Female,No,No,,No,4352,-0.0667550000,0.0930153030691630332563905275
3346,18941,E14001137,E12000007,Bromley and Biggin Hill,London,England,Borough,Reform UK,RUK,Reform UK,RUK,1036,PP7931,,,,,No,No,Alan,Cook,Male,No,No,,No,8203,,0.1753227323245276566641019065
3346,18942,E14001137,E12000007,Bromley and Biggin Hill,London,England,Borough,Labour,Lab,Labour,Lab,15,PP53,,,,,No,No,Oana,Olaru-Holmes,Female,No,No,,No,15627,0.0826610000,0.3339958963836881251602975122
3346,18943,E14001137,E12000007,Bromley and Biggin Hill,London,England,Borough,Conservative,Con,Conservative,Con,4,PP52,,,,,No,No,Peter,Fortune,Male,No,No,5209,Yes,15929,-0.2040070000,0.3404505428742412584423356416
3347,18944,E14001138,E12000005,Bromsgrove,West Midlands,England,County,Workers Party of Britain,WPB,Workers Party of Britain,WPB,1042,PP11382,,,,,No,No,Aheesha,Zahir,Female,No,No,,No,144,,0.0028568594385477631187382204
3347,18945,E14001138,E12000005,Bromsgrove,West Midlands,England,County,Independent,IND,,,,,,,,,Yes,No,Sam,Ammar,Female,No,No,,No,1561,,0.0309691498859240154746552921
3347,18946,E14001138,E12000005,Bromsgrove,West Midlands,England,County,Green Party,Green,Green Party,Green,44,PP63,,,,,No,No,Talia,Ellis,Female,No,No,,No,1675,0.0003780000,0.0332308302747743279436563833
3347,18947,E14001138,E12000005,Bromsgrove,West Midlands,England,County,Liberal Democrat,LD,Liberal Democrat,LD,17,PP90,,,,,No,No,David,Nicholl,Male,No,No,,No,7391,0.0217240000,0.146632278543795258406904077
3347,18948,E14001138,E12000005,Bromsgrove,West Midlands,England,County,Reform UK,RUK,Reform UK,RUK,1036,PP7931,,,,,No,No,Glen,Brampton,Male,No,No,,No,9584,,0.1901398670766789009026882254
3347,18949,E14001138,E12000005,Bromsgrove,West Midlands,England,County,Labour,Lab,Labour,Lab,15,PP53,,,,,No,No,Neena,Gill,Female,No,No,,No,13517,0.0599200000,0.2681678404920146810832258704
3347,18950,E14001138,E12000005,Bromsgrove,West Midlands,England,County,Conservative,Con,Conservative,Con,4,PP52,,,,,No,No,Bradley,Thomas,Male,No,No,5186,Yes,16533,-0.3059890000,0.3280031742882650530701319314
3348,18951,E14001139,E12000006,Broxbourne,East of England,England,County,English Constitution Party,ECP,English Constitution Party,ECP,1046,PP12881,,,,,No,No,Brett,Frewin,Male,No,No,,No,87,,0.002025516856025330601601788
3348,18952,E14001139,E12000006,Broxbourne,East of England,England,County,UK Independence Party,UKIP,UK Independence Party,UKIP,35,PP85,,,,,No,No,Martin,Harvey,Male,No,No,,No,172,,0.0040044701061650214192587074
3348,18953,E14001139,E12000006,Broxbourne,East of England,England,County,Green Party,Green,Green Party,Green,44,PP63,,,,,No,No,Owen,Brett,Male,No,No,,No,2461,0.0295880000,0.0572965170422797541441609238
3348,18954,E14001139,E12000006,Broxbourne,East of England,England,County,Liberal Democrat,LD,Liberal Democrat,LD,17,PP90,,,,,No,No,Nick,Belfitt,Male,No,No,,No,2688,-0.0274450000,0.0625814863102998696219035202
3348,18955,E14001139,E12000006,Broxbourne,East of England,England,County,Reform UK,RUK,Reform UK,RUK,1036,PP7931,,,,,No,No,Tom,Holdsworth,Male,No,No,,No,8782,,0.2044607934438442913019184206
3348,18956,E14001139,E12000006,Broxbourne,East of England,England,County,Labour,Lab,Labour,Lab,15,PP53,,,,,No,No,Catherine,Deakin,Female,No,No,,No,12952,0.0616930000,0.3015459117154032408269696405
3348,18957,E14001139,E12000006,Broxbourne,East of England,England,County,Conservative,Con,Conservative,Con,4,PP52,,,,,No,No,Lewis,Cocking,Male,No,No,5050,Yes,15810,-0.2743270000,0.3680853045259824920841869994
3349,18958,E14001140,E12000004,Broxtowe,East Midlands,England,County,Workers Party of Britain,WPB,Workers Party of Britain,WPB,1042,PP11382,,,,,No,No,Maqsood,Syed,Male,No,No,,No,388,,0.0081107069693549061415611021
3349,18959,E14001140,E12000004,Broxtowe,East Midlands,England,County,Independent,IND,,,,,,,,,Yes,No,John,Doddy,Male,No,No,,No,1034,,0.0216146159956519921401396379
3349,18960,E14001140,E12000004,Broxtowe,East Midlands,England,County,Green Party,Green,Green Party,Green,44,PP63,,,,,No,No,Teresa,Needham,Female,No,No,,No,3488,0.0427930000,0.0729127471884276098499101133
3349,18961,E14001140,E12000004,Broxtowe,East Midlands,England,County,Liberal Democrat,LD,Liberal Democrat,LD,17,PP90,,,,,No,No,James,Collis,Male,No,No,,No,3807,0.0745170000,0.0795810861658096074250595761
3349,18962,E14001140,E12000004,Broxtowe,East Midlands,England,County,Reform UK,RUK,Reform UK,RUK,1036,PP7931,,,,,No,No,Joseph,Oakley,Male,No,No,,No,8402,0.1688070000,0.1756344328776286634056607718
3349,18963,E14001140,E12000004,Broxtowe,East Midlands,England,County,Conservative,Con,Conservative,Con,4,PP52,,,,,No,No,Darren,Henry,Male,Yes,Yes,4794,No,11158,-0.2184150000,0.2332455370207784606379865379
3349,18964,E14001140,E12000004,Broxtowe,East Midlands,England,County,Labour,Lab,Labour,Lab,15,PP53,,,,,No,No,Juliet,Campbell,Female,No,No,5058,Yes,19561,0.0288630000,0.408900873782348760399682261
3350,18965,E14001141,E12000008,Buckingham and Bletchley,South East,England,County,Independent,IND,,,,,,,,,Yes,No,Ray,Brady,Male,No,No,,No,500,,0.0104951617304422661153208371
3350,18966,E14001141,E12000008,Buckingham and Bletchley,South East,England,County,Green Party,Green,Green Party,Green,44,PP63,,,,,No,No,Amanda,Onwuemene,Female,No,No,,No,2590,0.0424090000,0.0543649377636909384773619361
3350,18967,E14001141,E12000008,Buckingham and Bletchley,South East,England,County,Liberal Democrat,LD,Liberal Democrat,LD,17,PP90,,,,,No,No,Dominic,Dyer,Male,No,No,,No,4300,-0.0640500000,0.090258390881803488591759199
3350,18968,E14001141,E12000008,Buckingham and Bletchley,South East,England,County,Reform UK,RUK,Reform UK,RUK,1036,PP7931,,,,,No,No,Jordan,Cattell,Male,No,No,,No,7468,0.1471000000,0.1567557356058856866984320228
3350,18969,E14001141,E12000008,Buckingham and Bletchley,South East,England,County,Conservative,Con,Conservative,Con,4,PP52,,,,,No,No,Iain,Stewart,Male,Yes,Yes,4015,No,15181,-0.2119020000,0.3186541004596880837933712559
3350,18970,E14001141,E12000008,Buckingham and Bletchley,South East,England,County,Labour,Lab,Labour,Lab,15,PP53,,,,,No,No,Callum,Anderson,Male,No,No,5193,Yes,17602,0.0925800000,0.3694716735584895363237547491
3351,18971,E14001142,E12000002,Burnley,North West,England,County,Independent,IND,,,,,,,,,Yes,No,David,Roper,Male,No,No,,No,151,,0.003801706991616103124449256
3351,18972,E14001142,E12000002,Burnley,North West,England,County,Independent,IND,,,,,,,,,Yes,No,Mitchell,Cryer,Male,No,No,,No,169,,0.0042548906065107379339862534
3351,18973,E14001142,E12000002,Burnley,North West,England,County,Independent,IND,,,,,,,,,Yes,No,Rayyan,Fiass,Male,No,No,,No,292,,0.0073516453082907424658224024
3351,18974,E14001142,E12000002,Burnley,North West,England,County,Green Party,Green,Green Party,Green,44,PP63,,,,,No,No,Jack,Launer,Male,No,No,,No,1518,0.0202360000,0.038218484856114202270953448
3351,18975,E14001142,E12000002,Burnley,North West,England,County,Reform UK,RUK,Reform UK,RUK,1036,PP7931,,,,,No,No,Nathan,McCollum,Male,No,No,,No,7755,0.1238700000,0.1952466074171051637755230494
3351,18976,E14001142,E12000002,Burnley,North West,England,County,Conservative,Con,Conservative,Con,4,PP52,,,,,No,No,Antony,Higginbotham,Male,Yes,Yes,4833,No,8058,-0.2016940000,0.2028751982678315164027291724
3351,18977,E14001142,E12000002,Burnley,North West,England,County,Liberal Democrat,LD,Liberal Democrat,LD,17,PP90,,,,,No,No,Gordon,Birtwistle,Male,No,Yes,3946,No,9178,0.1543460000,0.2310732898612754601072534555
3351,18978,E14001142,E12000002,Burnley,North West,England,County,Labour / Co-operative Party,Lab / Co-op,Labour,Lab,15,PP53,Co-operative Party,Co-op,,,No,No,Oliver,Ryan,Male,No,No,5135,Yes,12598,-0.0846940000,0.3171781766912560739192829628
3352,18979,E14001143,E12000005,Burton and Uttoxeter,West Midlands,England,County,Liberal Democrat,LD,Liberal Democrat,LD,17,PP90,,,,,No,No,Sarah,Murray,Female,No,No,,No,1663,-0.0185610000,0.0364477173603348894295044601
3352,18980,E14001143,E12000005,Burton and Uttoxeter,West Midlands,England,County,Workers Party of Britain,WPB,Workers Party of Britain,WPB,1042,PP11382,,,,,No,No,Azmat,Mir,Male,No,No,,No,2056,,0.0450610384202336335941438184
3352,18981,E14001143,E12000005,Burton and Uttoxeter,West Midlands,England,County,Green Party,Green,Green Party,Green,44,PP63,,,,,No,No,Anna,Williams Westwood,Female,No,No,,No,2119,0.0170400000,0.046441799811515111666337914
3352,18982,E14001143,E12000005,Burton and Uttoxeter,West Midlands,England,County,Reform UK,RUK,Reform UK,RUK,1036,PP7931,,,,,No,No,James,Bush,Male,No,No,,No,9611,,0.2106428211366077103469436956
3352,18983,E14001143,E12000005,Burton and Uttoxeter,West Midlands,England,County,Conservative,Con,Conservative,Con,4,PP52,,,,,No,No,Kate,Kniveton,Female,Yes,Yes,4773,No,13956,-0.3006370000,0.3058715234400683805641396542
3352,18984,E14001143,E12000005,Burton and Uttoxeter,West Midlands,England,County,Labour,Lab,Labour,Lab,15,PP53,,,,,No,No,Jacob,Collier,Male,No,No,5077,Yes,16222,0.0464540000,0.3555350998312402743989304578
3353,18985,E14001144,E12000002,Bury North,North West,England,Borough,Independent,IND,,,,,,,,,Yes,No,Spencer,Donnelly,Male,No,No,,No,277,,0.0060852372583479789103690685
3353,18986,E14001144,E12000002,Bury North,North West,England,Borough,Independent,IND,,,,,,,,,Yes,No,Anwarul,Haq,Male,No,No,,No,571,,0.0125439367311072056239015817
3353,18987,E14001144,E12000002,Bury North,North West,England,Borough,Liberal Democrat,LD,Liberal Democrat,LD,17,PP90,,,,,No,No,Mark,Alcock,Male,No,No,,No,1317,-0.0017200000,0.0289323374340949033391915641
3353,18988,E14001144,E12000002,Bury North,North West,England,Borough,Green Party,Green,Green Party,Green,44,PP63,,,,,No,No,Owain,Sutton,Male,No,No,,No,1747,0.0208170000,0.0383787346221441124780316344
3353,18989,E14001144,E12000002,Bury North,North West,England,Borough,Workers Party of Britain,WPB,Workers Party of Britain,WPB,1042,PP11382,,,,,No,No,Shafat,Ali,Male,No,No,,No,1917,,0.0421133567662565905096660808
3353,18990,E14001144,E12000002,Bury North,North West,England,Borough,Reform UK,RUK,Reform UK,RUK,1036,PP7931,,,,,No,No,Lynda,Rosewell,Female,No,No,,No,7385,0.1351930000,0.1622363796133567662565905097
3353,18991,E14001144,E12000002,Bury North,North West,England,Borough,Conservative,Con,Conservative,Con,4,PP52,,,,,No,No,James,Daly,Male,Yes,Yes,4854,No,12681,-0.1943010000,0.2785808435852372583479789104
3353,18992,E14001144,E12000002,Bury North,North West,England,Borough,Labour,Lab,Labour,Lab,15,PP53,,,,,No,No,James,Frith,Male,No,Yes,4637,Yes,19625,-0.0177770000,0.4311291739894551845342706503
3354,18993,E14001145,E12000002,Bury South,North West,England,Borough,Communist Party of Britain,Comm,Communist Party of Britain,Comm,76,PP78,,,,,No,No,Dan,Ross,Male,No,No,,No,181,,0.0042876770739565073198464964
3354,18994,E14001145,E12000002,Bury South,North West,England,Borough,English Democrats,ED,English Democrats,ED,90,PP17,,,,,No,No,Stephen,Morris,Male,No,No,,No,224,,0.0053062964893163405505282608
3354,18995,E14001145,E12000002,Bury South,North West,England,Borough,Independent,IND,,,,,,,,,Yes,No,Michael,Elston,Male,No,No,,No,277,,0.0065618041408063675557871796
3354,18996,E14001145,E12000002,Bury South,North West,England,Borough,Workers Party of Britain,WPB,Workers Party of Britain,WPB,1042,PP11382,,,,,No,No,Sameera,Ashraf,Female,No,No,,No,1023,,0.0242336665561188231392429052
3354,18997,E14001145,E12000002,Bury South,North West,England,Borough,Liberal Democrat,LD,Liberal Democrat,LD,17,PP90,,,,,No,No,Andrew,Page,Male,No,No,,No,1796,-0.0190860000,0.0425451272089828019140569479
3354,18998,E14001145,E12000002,Bury South,North West,England,Borough,Green Party,Green,Green Party,Green,44,PP63,,,,,No,No,Michael,Welton,Male,No,No,,No,2715,0.0461820000,0.0643151561093476097976974463
3354,18999,E14001145,E12000002,Bury South,North West,England,Borough,Reform UK,RUK,Reform UK,RUK,1036,PP7931,,,,,No,No,Jeff,Armstrong,Male,No,No,,No,6865,0.1254120000,0.1626237741033780262472165632
3354,19000,E14001145,E12000002,Bury South,North West,England,Borough,Conservative,Con,Conservative,Con,4,PP52,,,,,No,No,Arnie,Saunders,Male,No,No,,No,9886,-0.2004740000,0.2341877102383095655469749372
3354,19001,E14001145,E12000002,Bury South,North West,England,Borough,Labour,Lab,Labour,Lab,15,PP53,,,,,No,No,Christian,Wakeford,Male,Yes,Yes,4871,Yes,19247,0.0401150000,0.4559387880797839579286492633
3355,19002,E14001146,E12000006,Bury St Edmunds and Stowmarket,East of England,England,County,Communist Party of Britain,Comm,Communist Party of Britain,Comm,76,PP78,,,,,No,No,Darren,Turner,Male,No,No,,No,176,,0.0034582359067062267895388364
3355,19003,E14001146,E12000006,Bury St Edmunds and Stowmarket,East of England,England,County,Rejoin EU,REU,Rejoin EU,REU,1040,PP11423,,,,,No,No,Richard,Baker-Howard,Male,No,No,,No,350,,0.0068771736781089737291965496
3355,19004,E14001146,E12000006,Bury St Edmunds and Stowmarket,East of England,England,County,Independent,IND,,,,,,,,,Yes,No,Jeremy,Lee,Male,No,No,,No,819,,0.0160925864067749985263199261
3355,19005,E14001146,E12000006,Bury St Edmunds and Stowmarket,East of England,England,County,Liberal Democrat,LD,Liberal Democrat,LD,17,PP90,,,,,No,No,Peter,McDonald,Male,No,No,,No,3154,0.0512070000,0.0619731593735877232625311929
3355,19006,E14001146,E12000006,Bury St Edmunds and Stowmarket,East of England,England,County,Green Party,Green,Green Party,Green,44,PP63,,,,,No,No,Emma,Buckmaster,Female,No,No,,No,5761,-0.0110370000,0.1131982787416737075825752068
3355,19007,E14001146,E12000006,Bury St Edmunds and Stowmarket,East of England,England,County,Reform UK,RUK,Reform UK,RUK,1036,PP7931,,,,,No,No,Scott,Hussey,Male,No,No,,No,8595,,0.1688837364667046548641266972
3355,19008,E14001146,E12000006,Bury St Edmunds and Stowmarket,East of England,England,County,Conservative,Con,Conservative,Con,4,PP52,,,,,No,No,Will,Tanner,Male,No,No,,No,15293,-0.3287440000,0.3004931915980586721160080954
3355,19009,E14001146,E12000006,Bury St Edmunds and Stowmarket,East of England,England,County,Labour,Lab,Labour,Lab,15,PP53,,,,,No,No,Peter,Prinsley,Male,No,No,5163,Yes,16745,0.1206050000,0.3290236378283850431297034956
3356,19010,W07000087,W92000004,Caerfyrddin,,Wales,County,Workers Party of Britain,WPB,Workers Party of Britain,WPB,1042,PP11382,,,,,No,No,David,Evans,Male,No,No,,No,216,,0.0047364266292430488553635646
3356,19011,W07000087,W92000004,Caerfyrddin,,Wales,County,Women's Equality Party,WEP,Women's Equality Party,WEP,260,PP2755,,,,,No,No,Nancy,Cole,Female,No,No,,No,282,,0.0061836680992895360056135427
3356,19012,W07000087,W92000004,Caerfyrddin,,Wales,County,Green Party,Green,Green Party,Green,44,PP63,,,,,No,No,Will,Beasley,Male,No,No,,No,1371,,0.0300631523550565739847381809
3356,19013,W07000087,W92000004,Caerfyrddin,,Wales,County,Liberal Democrat,LD,Liberal Democrat,LD,17,PP90,,,,,No,No,Nick,Beckett,Male,No,No,,No,1461,0.0191760000,0.0320366634505745110078063328
3356,19014,W07000087,W92000004,Caerfyrddin,,Wales,County,Reform UK,RUK,Reform UK,RUK,1036,PP7931,,,,,No,No,Bernard,Holton,Male,No,No,,No,6944,0.1143420000,0.1522673449697394965353916323
3356,19015,W07000087,W92000004,Caerfyrddin,,Wales,County,Conservative,Con,Conservative,Con,4,PP52,,,,,No,No,Simon,Hart,Male,Yes,Yes,3944,No,8825,-0.1981290000,0.1935137268660643803175160074
3356,19016,W07000087,W92000004,Caerfyrddin,,Wales,County,Labour,Lab,Labour,Lab,15,PP53,,,,,No,No,Martha,O'Neil,Female,No,No,,No,10985,-0.0099560000,0.2408779931584948688711516534
3356,19017,W07000087,W92000004,Caerfyrddin,,Wales,County,Plaid Cymru,PC,Plaid Cymru,PC,22,PP77,,,,,No,No,Ann,Davies,Female,No,No,5177,Yes,15520,0.0335830000,0.340321024471537584422419086
3357,19018,W07000088,W92000004,Caerphilly,,Wales,County,Green Party,Green,Green Party,Green,44,PP63,,,,,No,No,Mark,Thomas,Male,No,No,,No,1650,0.0395160000,0.0431553067949992153580582727
3357,19019,W07000088,W92000004,Caerphilly,,Wales,County,Liberal Democrat,LD,Liberal Democrat,LD,17,PP90,,,,,No,No,Steve,Aicheler,Male,No,No,,No,1788,0.0395980000,0.0467646597269446042789140556
3357,19020,W07000088,W92000004,Caerphilly,,Wales,County,Conservative,Con,Conservative,Con,4,PP52,,,,,No,No,Brandon,Gorman,Male,No,No,,No,4385,-0.1711400000,0.1146884971491342783909609248
3357,19021,W07000088,W92000004,Caerphilly,,Wales,County,Reform UK,RUK,Reform UK,RUK,1036,PP7931,,,,,No,No,Joshua,Kim,Male,No,No,,No,7754,0.0854950000,0.2028037872051054035675053617
3357,19022,W07000088,W92000004,Caerphilly,,Wales,County,Plaid Cymru,PC,Plaid Cymru,PC,22,PP77,,,,,No,No,Lindsay,Whittle,Male,No,No,,No,8119,0.0652420000,0.2123502641627870481770152221
3357,19023,W07000088,W92000004,Caerphilly,,Wales,County,Labour / Co-operative Party,Lab / Co-op,Labour,Lab,15,PP53,Co-operative Party,Co-op,,,No,No,Chris,Evans,Male,Yes,Yes,4040,Yes,14538,-0.0587120000,0.3802374849610294502275461631
3358,19024,S14000069,S92000003,"Caithness, Sutherland and Easter Ross",,Scotland,County,Alba Party,Alba,Alba Party,Alba,1034,PP12700,,,,,No,No,Steve,Chisholm,Male,No,No,,No,795,,0.0172645934676858929812369701
3358,19025,S14000069,S92000003,"Caithness, Sutherland and Easter Ross",,Scotland,County,Scottish Green Party,Green,Scottish Green Party,Green,1057,PP130,,,,,No,No,Anne,Thomas,Female,No,No,,No,1641,0.0292640000,0.0356367268936761640027797081
3358,19026,S14000069,S92000003,"Caithness, Sutherland and Easter Ross",,Scotland,County,Conservative,Con,Conservative,Con,4,PP52,,,,,No,No,Fiona,Fawcett,Female,No,No,,No,1860,-0.1329570000,0.0403926337734537873523280056
3358,19027,S14000069,S92000003,"Caithness, Sutherland and Easter Ross",,Scotland,County,Reform UK,RUK,Reform UK,RUK,1036,PP7931,,,,,No,No,Sandra,Skinner,Female,No,No,,No,3360,0.0443250000,0.0729673384294649061848505907
3358,19028,S14000069,S92000003,"Caithness, Sutherland and Easter Ross",,Scotland,County,Labour,Lab,Labour,Lab,15,PP53,,,,,No,No,Eva,Kestner,Female,No,No,,No,3409,0.0209400000,0.0740314454482279360667129951
3358,19029,S14000069,S92000003,"Caithness, Sutherland and Easter Ross",,Scotland,County,Scottish National Party,SNP,Scottish National Party,SNP,29,PP102,,,,,No,No,Lucy,Beattie,Female,No,No,,No,12247,-0.1228470000,0.2659616052814454482279360667
3358,19030,S14000069,S92000003,"Caithness, Sutherland and Easter Ross",,Scotland,County,Liberal Democrat,LD,Liberal Democrat,LD,17,PP90,,,,,No,No,Jamie,Stone,Male,Yes,Yes,4612,Yes,22736,0.1578200000,0.4937456567060458651841556637
3359,19031,E14001147,E12000003,Calder Valley,Yorkshire and The Humber,England,County,Social Democratic Party,SDP,Social Democratic Party,SDP,32,PP243,,,,,No,No,Jim,McNeill,Male,No,No,,No,171,,0.0034470246734397677793904209
3359,19032,E14001147,E12000003,Calder Valley,Yorkshire and The Humber,England,County,The Yorkshire Party,Yrks,The Yorkshire Party,Yrks,262,PP2055,,,,,No,No,James,Vasey,Male,No,No,,No,404,,0.0081438477664892759232381874
3359,19033,E14001147,E12000003,Calder Valley,Yorkshire and The Humber,England,County,Liberal Democrat,LD,Liberal Democrat,LD,17,PP90,,,,,No,No,Donal,O'Hanlon,Male,No,No,,No,2587,0.0015240000,0.0521488469601677148846960168
3359,19034,E14001147,E12000003,Calder Valley,Yorkshire and The Humber,England,County,Green Party,Green,Green Party,Green,44,PP63,,,,,No,No,Kieran,Turner,Male,No,No,,No,3701,,0.0746049024350911143363973553
3359,19035,E14001147,E12000003,Calder Valley,Yorkshire and The Humber,England,County,Reform UK,RUK,Reform UK,RUK,1036,PP7931,,,,,No,No,Donald,Walmsley,Male,No,No,,No,7644,,0.1540880503144654088050314465
3359,19036,E14001147,E12000003,Calder Valley,Yorkshire and The Humber,England,County,Conservative,Con,Conservative,Con,4,PP52,,,,,No,No,Vanessa,Lee,Female,No,No,,No,13055,-0.2503700000,0.2631631994839542009353330108
3359,19037,E14001147,E12000003,Calder Valley,Yorkshire and The Humber,England,County,Labour,Lab,Labour,Lab,15,PP53,,,,,No,No,Josh,Fenton-Glynn,Male,No,No,5295,Yes,22046,0.0213340000,0.4444041283663925173359135623
3360,19038,E14001148,E12000009,Camborne and Redruth,South West,England,County,Socialist Labour Party,SL,Socialist Labour Party,SL,147,PP73,,,,,No,No,Robert,Hawkins,Male,No,No,,No,342,,0.0071570576540755467196819085
3360,19039,E14001148,E12000009,Camborne and Redruth,South West,England,County,Liberal,Lib,Liberal,Lib,16,PP54,,,,,No,No,Paul,Holmes,Male,No,No,,No,624,-0.0000470000,0.0130584911583132782253845349
3360,19040,E14001148,E12000009,Camborne and Redruth,South West,England,County,Green Party,Green,Green Party,Green,44,PP63,,,,,No,No,Catherine,Hayes,Female,No,No,,No,2840,0.0314960000,0.0594328764256565867950193575
3360,19041,E14001148,E12000009,Camborne and Redruth,South West,England,County,Liberal Democrat,LD,Liberal Democrat,LD,17,PP90,,,,,No,No,Thalia,Marrington,Female,No,No,,No,4113,0.0013520000,0.0860730354713822329182797949
3360,19042,E14001148,E12000009,Camborne and Redruth,South West,England,County,Reform UK,RUK,Reform UK,RUK,1036,PP7931,,,,,No,No,Roger,Tarrant,Male,No,No,,No,8952,,0.1873391231558020299257089045
3360,19043,E14001148,E12000009,Camborne and Redruth,South West,England,County,Conservative,Con,Conservative,Con,4,PP52,,,,,No,No,Connor,Donnithorne,Male,No,No,,No,11554,-0.2907880000,0.2417913571204352830386104426
3360,19044,E14001148,E12000009,Camborne and Redruth,South West,England,County,Labour,Lab,Labour,Lab,15,PP53,,,,,No,No,Perran,Moon,Male,No,No,5208,Yes,19360,0.0634910000,0.405148059014335042377315057
3361,19045,E14001149,E12000006,Cambridge,East of England,England,Borough,Rebooting Democracy,RBD,Rebooting Democracy,RBD,195,PP2674,,,,,No,No,Keith,Garrett,Male,No,No,,No,265,0.0049480000,0.0062945368171021377672209026
3361,19046,E14001149,E12000006,Cambridge,East of England,England,Borough,Independent,IND,,,,,,,,,Yes,No,David,Carmona,Male,No,No,,No,819,,0.0194536817102137767220902613
3361,19047,E14001149,E12000006,Cambridge,East of England,England,Borough,Workers Party of Britain,WPB,Workers Party of Britain,WPB,1042,PP11382,,,,,No,No,Khalid,Abu-Tayyem,Male,No,No,,No,951,,0.0225890736342042755344418052
3361,19048,E14001149,E12000006,Cambridge,East of England,England,Borough,Conservative,Con,Conservative,Con,4,PP52,,,,,No,No,Shane,Manning,Male,No,No,,No,5073,-0.0271490000,0.1204988123515439429928741093
3361,19049,E14001149,E12000006,Cambridge,East of England,England,Borough,Green Party,Green,Green Party,Green,44,PP63,,,,,No,No,Sarah,Nicmanis,Female,No,No,,No,6842,0.1209420000,0.162517814726840855106888361
3361,19050,E14001149,E12000006,Cambridge,East of England,England,Borough,Liberal Democrat,LD,Liberal Democrat,LD,17,PP90,,,,,No,No,Cheney,Payne,Female,No,No,,No,8536,-0.1088850000,0.2027553444180522565320665083
3361,19051,E14001149,E12000006,Cambridge,East of England,England,Borough,Labour,Lab,Labour,Lab,15,PP53,,,,,No,No,Daniel,Zeichner,Male,Yes,Yes,4382,Yes,19614,-0.0085760000,0.4658907363420427553444180523
3362,19052,E14001150,E12000005,Cannock Chase,West Midlands,England,County,Liberal Democrat,LD,Liberal Democrat,LD,17,PP90,,,,,No,No,Elizabeth,Jewkes,Female,No,No,,No,1029,,0.023956417479570693548762601
3362,19053,E14001150,E12000005,Cannock Chase,West Midlands,England,County,Green Party,Green,Green Party,Green,44,PP63,,,,,No,No,Andrea,Muckley,Female,No,No,,No,2137,-0.0132970000,0.0497520545712755802854282588
3362,19054,E14001150,E12000005,Cannock Chase,West Midlands,England,County,Reform UK,RUK,Reform UK,RUK,1036,PP7931,,,,,No,No,Paul,Allen,Male,No,No,,No,11570,,0.2693641887644634833422578167
3362,19055,E14001150,E12000005,Cannock Chase,West Midlands,England,County,Conservative,Con,Conservative,Con,4,PP52,,,,,No,No,Amanda,Milling,Female,Yes,Yes,4454,No,12546,-0.3910040000,0.2920866994156403510814145694
3362,19056,E14001150,E12000005,Cannock Chase,West Midlands,England,County,Labour,Lab,Labour,Lab,15,PP53,,,,,No,No,Josh,Newbury,Male,No,No,5034,Yes,15671,0.1109810000,0.3648406397690498917421367541
3363,19057,E14001151,E12000008,Canterbury,South East,England,County,Social Democratic Party,SDP,Social Democratic Party,SDP,32,PP243,,,,,No,No,Luke,Buchanan-Hodgman,Male,No,No,,No,285,,0.0060341724714700091041900447
3363,19058,E14001151,E12000008,Canterbury,South East,England,County,Liberal Democrat,LD,Liberal Democrat,LD,17,PP90,,,,,No,No,Russ,Timpson,Male,No,No,,No,3812,0.0237350000,0.0807097033727848235269208782
3363,19059,E14001151,E12000008,Canterbury,South East,England,County,Green Party,Green,Green Party,Green,44,PP63,,,,,No,No,Henry,Stanton,Male,No,No,,No,5920,,0.1253414071266752768308949631
3363,19060,E14001151,E12000008,Canterbury,South East,England,County,Reform UK,RUK,Reform UK,RUK,1036,PP7931,,,,,No,No,Bridget,Porter,Female,No,No,,No,6805,,0.1440791005907137261544324702
3363,19061,E14001151,E12000008,Canterbury,South East,England,County,Conservative,Con,Conservative,Con,4,PP52,,,,,No,No,Louise,Harvey-Quirke,Female,No,No,,No,10878,-0.2178890000,0.2303148355952658211767694946
3363,19062,E14001151,E12000008,Canterbury,South East,England,County,Labour,Lab,Labour,Lab,15,PP53,,,,,No,No,Rosie,Duffield,Female,Yes,Yes,4616,Yes,19531,-0.0724670000,0.4135207808430903432067921492
3364,19063,W07000089,W92000004,Cardiff East,,Wales,Borough,Trade Unionist and Socialist Coalition,TUSC,Trade Unionist and Socialist Coalition,TUSC,157,PP804,,,,,No,No,John,Williams,Male,No,No,,No,195,,0.0049842803465991871788973238
3364,19064,W07000089,W92000004,Cardiff East,,Wales,Borough,Plaid Cymru,PC,Plaid Cymru,PC,22,PP77,,,,,No,No,Cadewyn,Skelley,Non-binary,No,No,,No,3550,0.0844550000,0.0907394627201390486414641004
3364,19065,W07000089,W92000004,Cardiff East,,Wales,Borough,Conservative,Con,Conservative,Con,4,PP52,,,,,No,No,Beatrice,Brandon,Female,No,No,,No,3913,-0.1271260000,0.1000178922884236893898729648
3364,19066,W07000089,W92000004,Cardiff East,,Wales,Borough,Green Party,Green,Green Party,Green,44,PP63,,,,,No,No,Sam,Coates,Male,No,No,,No,3916,0.0936820000,0.1000945735245252153464713851
3364,19067,W07000089,W92000004,Cardiff East,,Wales,Borough,Reform UK,RUK,Reform UK,RUK,1036,PP7931,,,,,No,No,Lee,Canning,Male,No,No,,No,4980,0.0927260000,0.1272908519285330879533778085
3364,19068,W07000089,W92000004,Cardiff East,,Wales,Borough,Liberal Democrat,LD,Liberal Democrat,LD,17,PP90,,,,,No,No,Rodney,Berman,Male,No,No,,No,6736,0.0492190000,0.1721749354599596145489865297
3364,19069,W07000089,W92000004,Cardiff East,,Wales,Borough,Labour,Lab,Labour,Lab,15,PP53,,,,,No,No,Jo,Stevens,Female,Yes,Yes,4425,Yes,15833,-0.1875300000,0.4046980037318201569409298878
3365,19070,W07000090,W92000004,Cardiff North,,Wales,Borough,Green Party,Green,Green Party,Green,44,PP63,,,,,No,No,Meg,Shepherd-Foster,Female,No,No,,No,3160,0.0515760000,0.0665641522549659806626924778
3365,19071,W07000090,W92000004,Cardiff North,,Wales,Borough,Liberal Democrat,LD,Liberal Democrat,LD,17,PP90,,,,,No,No,Irfan,Latif,Male,No,No,,No,3168,0.0012590000,0.066732669096117793271965117
3365,19072,W07000090,W92000004,Cardiff North,,Wales,Borough,Plaid Cymru,PC,Plaid Cymru,PC,22,PP77,,,,,No,No,Malcolm,Phillips,Male,No,No,,No,4669,0.0638410000,0.098350641417226634086744044
3365,19073,W07000090,W92000004,Cardiff North,,Wales,Borough,Reform UK,RUK,Reform UK,RUK,1036,PP7931,,,,,No,No,Lawrence,Gwynn,Male,No,No,,No,5985,0.0995680000,0.1260716617866998083120931898
3365,19074,W07000090,W92000004,Cardiff North,,Wales,Borough,Conservative,Con,Conservative,Con,4,PP52,,,,,No,No,Joel,Williams,Male,No,No,,No,9642,-0.1542590000,0.203104922798222147325848377
3365,19075,W07000090,W92000004,Cardiff North,,Wales,Borough,Labour,Lab,Labour,Lab,15,PP53,,,,,No,No,Anna,McMorrin,Female,Yes,Yes,4632,Yes,20849,-0.0567210000,0.4391759526467676363406567944
3366,19076,W07000091,W92000004,Cardiff South and Penarth,,Wales,Borough,Liberal Democrat,LD,Liberal Democrat,LD,17,PP90,,,,,No,No,Alex,Wilson,Male,No,No,,No,2908,0.0041870000,0.0742291198693077394323054932
3366,19077,W07000091,W92000004,Cardiff South and Penarth,,Wales,Borough,Plaid Cymru,PC,Plaid Cymru,PC,22,PP77,,,,,No,No,Sharifah,Rahman,Female,No,No,,No,3227,0.0408590000,0.0823718603226465182764958138
3366,19078,W07000091,W92000004,Cardiff South and Penarth,,Wales,Borough,Reform UK,RUK,Reform UK,RUK,1036,PP7931,,,,,No,No,Simon,Llewellyn,Male,No,No,,No,4493,0.0871120000,0.1146875638145803553195834184
3366,19079,W07000091,W92000004,Cardiff South and Penarth,,Wales,Borough,Conservative,Con,Conservative,Con,4,PP52,,,,,No,No,Ellis,Smith,Male,No,No,,No,5459,-0.1620040000,0.1393455176638758423524606902
3366,19080,W07000091,W92000004,Cardiff South and Penarth,,Wales,Borough,Green Party,Green,Green Party,Green,44,PP63,,,,,No,No,Anthony,Slaughter,Male,No,No,,No,5661,0.1216110000,0.144501735756585664692668981
3366,19081,W07000091,W92000004,Cardiff South and Penarth,,Wales,Borough,Labour / Co-operative Party,Lab / Co-op,Labour,Lab,15,PP53,Co-operative Party,Co-op,,,No,No,Stephen,Doughty,Male,Yes,Yes,4264,Yes,17428,-0.0917650000,0.4448642025730038799264856034
3367,19082,W07000092,W92000004,Cardiff West,,Wales,Borough,Heritage Party,HPUK,Heritage Party,HPUK,1037,PP12550,,,,,No,No,Sean,Wesley,Male,No,No,,No,71,,0.0015863440355698549947494247
3367,19083,W07000092,W92000004,Cardiff West,,Wales,Borough,Independent,IND,,,,,,,,,Yes,No,John,Urquhart,Non-binary,No,No,,No,241,,0.005384632571441338784994526
3367,19084,W07000092,W92000004,Cardiff West,,Wales,Borough,Propel,Pro,Propel,Pro,1104,PP12731,,,,,No,No,Neil,McEvoy,Male,No,No,,No,1041,,0.0232589315637777330920302969
3367,19085,W07000092,W92000004,Cardiff West,,Wales,Borough,Liberal Democrat,LD,Liberal Democrat,LD,17,PP90,,,,,No,No,Manda,Rigby,Female,No,No,,No,1921,-0.0100050000,0.042920660455347766829769645
3367,19086,W07000092,W92000004,Cardiff West,,Wales,Borough,Green Party,Green,Green Party,Green,44,PP63,,,,,No,No,Jess,Ryan,Female,No,No,,No,3157,0.0485690000,0.0705364523985074960341399111
3367,19087,W07000092,W92000004,Cardiff West,,Wales,Borough,Reform UK,RUK,Reform UK,RUK,1036,PP7931,,,,,No,No,Peter,Hopkins,Male,No,No,,No,5626,0.0887940000,0.1257010076636056929642290591
3367,19088,W07000092,W92000004,Cardiff West,,Wales,Borough,Conservative,Con,Conservative,Con,4,PP52,,,,,No,No,James,Hamblin,Male,No,No,,No,6835,-0.1457980000,0.152713542015774068860736868
3367,19089,W07000092,W92000004,Cardiff West,,Wales,Borough,Plaid Cymru,PC,Plaid Cymru,PC,22,PP77,,,,,No,No,Kiera,Marshall,Female,No,No,,No,9423,0.1254600000,0.210536899255982304443997587
3367,19090,W07000092,W92000004,Cardiff West,,Wales,Borough,Labour,Lab,Labour,Lab,15,PP53,,,,,No,No,Alex,Barros-Curtis,Male,No,No,5175,Yes,16442,-0.1341880000,0.3673615300399937439953526823
3368,19091,E14001152,E12000002,Carlisle,North West,England,County,Independent,IND,,,,,,,,,Yes,No,Thomas,Lynestrider,Male,No,No,,No,175,,0.0038060853868070205963592075
3368,19092,E14001152,E12000002,Carlisle,North West,England,County,Social Democratic Party,SDP,Social Democratic Party,SDP,32,PP243,,,,,No,No,Rachel,Hayton,Female,No,No,,No,244,,0.0053067704821766458600665521
3368,19093,E14001152,E12000002,Carlisle,North West,England,County,Independent,IND,,,,,,,,,Yes,No,Sean,Reed,Male,No,No,,No,303,,0.0065899649840144413754105135
3368,19094,E14001152,E12000002,Carlisle,North West,England,County,Green Party,Green,Green Party,Green,44,PP63,,,,,No,No,Gavin,Hawkton,Male,No,No,,No,1922,0.0257400000,0.0418016920768176776354422671
3368,19095,E14001152,E12000002,Carlisle,North West,England,County,Liberal Democrat,LD,Liberal Democrat,LD,17,PP90,,,,,No,No,Brian,Wernham,Male,No,No,,No,2982,0.0148950000,0.0648556949911916309619608952
3368,19096,E14001152,E12000002,Carlisle,North West,England,County,Reform UK,RUK,Reform UK,RUK,1036,PP7931,,,,,No,No,Stephen,Ward,Male,No,No,,No,9295,,0.2021575066878357511037647622
3368,19097,E14001152,E12000002,Carlisle,North West,England,County,Conservative,Con,Conservative,Con,4,PP52,,,,,No,No,John,Stevenson,Male,Yes,Yes,3942,No,12929,-0.2839700000,0.2811935883773026816590182475
3368,19098,E14001152,E12000002,Carlisle,North West,England,County,Labour,Lab,Labour,Lab,15,PP53,,,,,No,No,Julie,Minns,Female,No,No,5094,Yes,18129,0.0494600000,0.394288697013854150807977555
3369,19099,E14001153,E12000007,Carshalton and Wallington,London,England,Borough,Social Democratic Party,SDP,Social Democratic Party,SDP,32,PP243,,,,,No,No,Steve,Kelleher,Male,No,No,,No,85,,0.0018212984786800942789800729
3369,19100,E14001153,E12000007,Carshalton and Wallington,London,England,Borough,Christian Peoples Alliance,CPA,Christian Peoples Alliance,CPA,80,PP79,,,,,No,No,Ashley,Dickenson,Male,No,No,,No,231,0.0008760000,0.004949646453824726805228198
3369,19101,E14001153,E12000007,Carshalton and Wallington,London,England,Borough,Workers Party of Britain,WPB,Workers Party of Britain,WPB,1042,PP11382,,,,,No,No,Atif,Abdul Rashid,Male,No,No,,No,441,,0.009449325048210842082708378
3369,19102,E14001153,E12000007,Carshalton and Wallington,London,England,Borough,Green Party,Green,Green Party,Green,44,PP63,,,,,No,No,Tracey,Hague,Female,No,No,,No,1517,0.0170460000,0.0325048210842082708377973002
3369,19103,E14001153,E12000007,Carshalton and Wallington,London,England,Borough,Reform UK,RUK,Reform UK,RUK,1036,PP7931,,,,,No,No,Elizabeth,Cooper,Female,No,No,,No,5941,0.1060550000,0.1272980501392757660167130919
3369,19104,E14001153,E12000007,Carshalton and Wallington,London,England,Borough,Labour,Lab,Labour,Lab,15,PP53,,,,,No,No,Hersh,Thaker,Male,No,No,,No,6108,0.0070220000,0.1308763659738590100707092351
3369,19105,E14001153,E12000007,Carshalton and Wallington,London,England,Borough,Conservative,Con,Conservative,Con,4,PP52,,,,,No,No,Elliot,Colburn,Male,Yes,Yes,4775,No,12221,-0.1622310000,0.2618598671523462609813584744
3369,19106,E14001153,E12000007,Carshalton and Wallington,London,England,Borough,Liberal Democrat,LD,Liberal Democrat,LD,17,PP90,,,,,No,No,Bobby,Dean,Male,No,No,5083,Yes,20126,0.0199610000,0.4312406256695950289265052496
3370,19107,E14001154,E12000006,Castle Point,East of England,England,Borough,Liberal Democrat,LD,Liberal Democrat,LD,17,PP90,,,,,No,No,James,Willis,Male,No,No,,No,1341,-0.0334320000,0.0330027317697438042969999754
3370,19108,E14001154,E12000006,Castle Point,East of England,England,Borough,Green Party,Green,Green Party,Green,44,PP63,,,,,No,No,Bob,Chapman,Male,No,No,,No,2118,,0.0521251199763738832968277016
3370,19109,E14001154,E12000006,Castle Point,East of England,England,Borough,Labour,Lab,Labour,Lab,15,PP53,,,,,No,No,Mark,Maguire,Male,No,No,,No,9455,0.0645700000,0.2326926389880146678807865528
3370,19110,E14001154,E12000006,Castle Point,East of England,England,Borough,Reform UK,RUK,Reform UK,RUK,1036,PP7931,,,,,No,No,Keiron,McGill,Male,No,No,,No,12234,,0.3010853247360519774567469791
3370,19111,E14001154,E12000006,Castle Point,East of England,England,Borough,Conservative,Con,Conservative,Con,4,PP52,,,,,No,No,Rebecca,Harris,Female,Yes,Yes,3948,Yes,15485,-0.3843480000,0.3810941845298156670686387911
3371,19112,S14000109,S92000003,Central Ayrshire,,Scotland,County,Social Democratic Party,SDP,Social Democratic Party,SDP,32,PP243,,,,,No,No,Alan,MacMillan,Male,No,No,,No,188,,0.0045389796953089161978801999
3371,19113,S14000109,S92000003,Central Ayrshire,,Scotland,County,Socialist Labour Party,SL,Socialist Labour Party,SL,147,PP73,,,,,No,No,Louise,McDaid,Female,No,No,,No,329,,0.0079432144667906033462903498
3371,19114,S14000109,S92000003,Central Ayrshire,,Scotland,County,Liberal Democrat,LD,Liberal Democrat,LD,17,PP90,,,,,No,No,Elaine,Ford,Female,No,No,,No,983,-0.0253280000,0.0237330693643014075665757261
3371,19115,S14000109,S92000003,Central Ayrshire,,Scotland,County,Scottish Green Party,Green,Scottish Green Party,Green,1057,PP130,,,,,No,No,Tom,Kerr,Male,No,No,,No,1039,,0.0250851058692870421787102537
3371,19116,S14000109,S92000003,Central Ayrshire,,Scotland,County,Reform UK,RUK,Reform UK,RUK,1036,PP7931,,,,,No,No,Kevin,Blades,Male,No,No,,No,3420,,0.082570800840194113812501509
3371,19117,S14000109,S92000003,Central Ayrshire,,Scotland,County,Conservative,Con,Conservative,Con,4,PP52,,,,,No,No,David,Rocks,Male,No,No,,No,6147,-0.1993360000,0.1484101499311909992998382385
3371,19118,S14000109,S92000003,Central Ayrshire,,Scotland,County,Scottish National Party,SNP,Scottish National Party,SNP,29,PP102,,,,,No,No,Annie,McIndoe,Female,No,No,,No,11222,-0.1907880000,0.2709384581955141360245298052
3371,19119,S14000109,S92000003,Central Ayrshire,,Scotland,County,Labour,Lab,Labour,Lab,15,PP53,,,,,No,No,Alan,Gemmell,Male,No,No,5185,Yes,18091,0.2953140000,0.4367802216374127815736739178
3372,19120,E14001155,E12000009,Central Devon,South West,England,County,Independent,IND,,,,,,,,,Yes,No,Arthur,Price,Male,No,No,,No,477,,0.0089272346159604731247192694
3372,19121,E14001155,E12000009,Central Devon,South West,England,County,Green Party,Green,Green Party,Green,44,PP63,,,,,No,No,Gill,Westcott,Female,No,No,,No,3338,0.0133040000,0.0624719269351699356191046564
3372,19122,E14001155,E12000009,Central Devon,South West,England,County,Reform UK,RUK,Reform UK,RUK,1036,PP7931,,,,,No,No,Jeffrey,Leeks,Male,No,No,,No,7784,,0.1456804910914807605929031292
3372,19123,E14001155,E12000009,Central Devon,South West,England,County,Liberal Democrat,LD,Liberal Democrat,LD,17,PP90,,,,,No,No,Mark,Wooding,Male,No,No,,No,8232,0.0041640000,0.1540649797873933223536457554
3372,19124,E14001155,E12000009,Central Devon,South West,England,County,Labour,Lab,Labour,Lab,15,PP53,,,,,No,No,Ollie,Pearson,Male,No,No,,No,16770,0.0658840000,0.313856864800119778409941608
3372,19125,E14001155,E12000009,Central Devon,South West,England,County,Conservative,Con,Conservative,Con,4,PP52,,,,,No,No,Mel,Stride,Male,Yes,Yes,3935,Yes,16831,-0.2379600000,0.3149985027698757298996855817
3373,19126,E14001156,E12000006,Central Suffolk and North Ipswich,East of England,England,County,Independent,IND,,,,,,,,,Yes,No,Mike,Hallatt,Male,No,No,,No,194,,0.0041789630140232212480882321
3373,19127,E14001156,E12000006,Central Suffolk and North Ipswich,East of England,England,County,Independent,IND,,,,,,,,,Yes,No,Charlie,Caiger,Male,No,No,,No,366,,0.0078840230058376235917540874
3373,19128,E14001156,E12000006,Central Suffolk and North Ipswich,East of England,England,County,Liberal Democrat,LD,Liberal Democrat,LD,17,PP90,,,,,No,No,Brett,Mickelburgh,Male,No,No,,No,5407,0.0100490000,0.1164724382310492643732632531
3373,19129,E14001156,E12000006,Central Suffolk and North Ipswich,East of England,England,County,Green Party,Green,Green Party,Green,44,PP63,,,,,No,No,Daniel,Pratt,Male,No,No,,No,5652,0.0658900000,0.1217499946147383839906942679
3373,19130,E14001156,E12000006,Central Suffolk and North Ipswich,East of England,England,County,Reform UK,RUK,Reform UK,RUK,1036,PP7931,,,,,No,No,Tony,Gould,Male,No,No,,No,8806,,0.1896904551623117851065204748
3373,19131,E14001156,E12000006,Central Suffolk and North Ipswich,East of England,England,County,Labour,Lab,Labour,Lab,15,PP53,,,,,No,No,Kevin,Craig,Male,No,No,,No,10854,0.0154260000,0.2338065183206600176636581005
3373,19132,E14001156,E12000006,Central Suffolk and North Ipswich,East of England,England,County,Conservative,Con,Conservative,Con,4,PP52,,,,,No,No,Patrick,Spencer,Male,No,No,5303,Yes,15144,-0.2931190000,0.3262176076513797040260215841
3374,19133,W07000093,W92000004,Ceredigion Preseli,,Wales,County,Workers Party of Britain,WPB,Workers Party of Britain,WPB,1042,PP11382,,,,,No,No,Taghrid,Al-Mawed,Female,No,No,,No,228,,0.0049241933393805883115200207
3374,19134,W07000093,W92000004,Ceredigion Preseli,,Wales,County,Green Party,Green,Green Party,Green,44,PP63,,,,,No,No,Tomos,Barlow,Male,No,No,,No,1864,0.0274250000,0.0402574402833570904064619239
3374,19135,W07000093,W92000004,Ceredigion Preseli,,Wales,County,Conservative,Con,Conservative,Con,4,PP52,,,,,No,No,Aled,Thomas,Male,No,No,,No,4763,-0.1797490000,0.1028681266467971145954818366
3374,19136,W07000093,W92000004,Ceredigion Preseli,,Wales,County,Reform UK,RUK,Reform UK,RUK,1036,PP7931,,,,,No,No,Karl,Pollard,Male,No,No,,No,5374,0.0761350000,0.1160641009027687788864411904
3374,19137,W07000093,W92000004,Ceredigion Preseli,,Wales,County,Labour / Co-operative Party,Lab / Co-op,Labour,Lab,15,PP53,Co-operative Party,Co-op,,,No,No,Jackie,Jones,Female,No,No,,No,5386,-0.0914110000,0.1163232689732624940607317179
3374,19138,W07000093,W92000004,Ceredigion Preseli,,Wales,County,Liberal Democrat,LD,Liberal Democrat,LD,17,PP90,,,,,No,No,Mark,Williams,Male,No,Yes,1498,No,6949,0.0037390000,0.1500799101550688955120729126
3374,19139,W07000093,W92000004,Ceredigion Preseli,,Wales,County,Plaid Cymru,PC,Plaid Cymru,PC,22,PP77,,,,,No,No,Ben,Lake,Male,Yes,Yes,4630,Yes,21738,0.1589370000,0.4694829596993650382272903978
3375,19140,E14001157,E12000008,Chatham and Aylesford,South East,England,County,Social Democratic Party,SDP,Social Democratic Party,SDP,32,PP243,,,,,No,No,Steve,Tanner,Male,No,No,,No,141,,0.0034520749173705471905986045
3375,19141,E14001157,E12000008,Chatham and Aylesford,South East,England,County,Christian Peoples Alliance,CPA,Christian Peoples Alliance,CPA,80,PP79,,,,,No,No,Adedotun,Ogundemuren,Male,No,No,,No,316,0.0031090000,0.0077365650630432121434692129
3375,19142,E14001157,E12000008,Chatham and Aylesford,South East,England,County,Workers Party of Britain,WPB,Workers Party of Britain,WPB,1042,PP11382,,,,,No,No,Matt,Valentine,Male,No,No,,No,340,,0.0083241522830211776227200392
3375,19143,E14001157,E12000008,Chatham and Aylesford,South East,England,County,Liberal Democrat,LD,Liberal Democrat,LD,17,PP90,,,,,No,No,Nicholas,Chan,Male,No,No,,No,2175,-0.0140950000,0.0532500918105031215571061329
3375,19144,E14001157,E12000008,Chatham and Aylesford,South East,England,County,Green Party,Green,Green Party,Green,44,PP63,,,,,No,No,Kim,Winterbottom,Female,No,No,,No,2504,0.0364630000,0.0613049332843677316685028767
3375,19145,E14001157,E12000008,Chatham and Aylesford,South East,England,County,Reform UK,RUK,Reform UK,RUK,1036,PP7931,,,,,No,No,Thomas,Mallon,Male,No,No,,No,9989,,0.2445586975149957155098543273
3375,19146,E14001157,E12000008,Chatham and Aylesford,South East,England,County,Conservative,Con,Conservative,Con,4,PP52,,,,,No,No,Nathan,Gamester,Male,No,No,,No,11691,-0.3726600000,0.2862284245317664340800587587
3375,19147,E14001157,E12000008,Chatham and Aylesford,South East,England,County,Labour,Lab,Labour,Lab,15,PP53,,,,,No,No,Tristan,Osborne,Male,No,No,5220,Yes,13689,0.0908480000,0.3351450605949320602276900477
3376,19148,E14001158,E12000002,Cheadle,North West,England,Borough,Independent,IND,,,,,,,,,Yes,No,Marcus,Farmer,Male,No,No,,No,105,,0.0020697403954189745914726696
3376,19149,E14001158,E12000002,Cheadle,North West,England,Borough,Workers Party of Britain,WPB,Workers Party of Britain,WPB,1042,PP11382,,,,,No,No,Tanya,Manzoor,Female,No,No,,No,811,,0.015986280577950365654136524
3376,19150,E14001158,E12000002,Cheadle,North West,England,Borough,Green Party,Green,Green Party,Green,44,PP63,,,,,No,No,Alexander,Drury,Male,No,No,,No,1630,,0.0321302556622183674676233467
3376,19151,E14001158,E12000002,Cheadle,North West,England,Borough,Reform UK,RUK,Reform UK,RUK,1036,PP7931,,,,,No,No,Stephen,Speakman,Male,No,No,,No,5149,,0.1014961266286885730618359583
3376,19152,E14001158,E12000002,Cheadle,North West,England,Borough,Labour,Lab,Labour,Lab,15,PP53,,,,,No,No,Kelly,Fowler,Female,No,No,,No,7909,0.0333490000,0.155900731308273048037688987
3376,19153,E14001158,E12000002,Cheadle,North West,England,Borough,Conservative,Con,Conservative,Con,4,PP52,,,,,No,No,Mary,Robinson,Female,Yes,Yes,4406,No,11446,-0.2339960000,0.2256214149139579349904397706
3376,19154,E14001158,E12000002,Cheadle,North West,England,Borough,Liberal Democrat,LD,Liberal Democrat,LD,17,PP90,,,,,No,No,Tom,Morrison,Male,No,No,5090,Yes,23681,0.0489650000,0.4667954505134927361968027439
3377,19155,E14001159,E12000006,Chelmsford,East of England,England,Borough,Independent,IND,,,,,,,,,Yes,No,Kamla,Sangha,Female,No,No,,No,69,,0.0013605173909614322896127455
3377,19156,E14001159,E12000006,Chelmsford,East of England,England,Borough,Workers Party of Britain,WPB,Workers Party of Britain,WPB,1042,PP11382,,,,,No,No,Mark,Kenlen,Male,No,No,,No,105,,0.0020703525514630491363672214
3377,19157,E14001159,E12000006,Chelmsford,East of England,England,Borough,Official Monster Raving Loony Party,MRLP,Official Monster Raving Loony Party,MRLP,119,PP66,,,,,No,No,Mark,Lawrence,Male,No,No,,No,187,-0.0070880000,0.003687199305938954176196861
3377,19158,E14001159,E12000006,Chelmsford,East of England,England,Borough,Independent Network,INet,Independent Network,INet,1028,PP1951,,,,,No,No,Richard,Hyland,Male,No,No,,No,230,,0.0045350579698714409653758183
3377,19159,E14001159,E12000006,Chelmsford,East of England,England,Borough,Green Party,Green,Green Party,Green,44,PP63,,,,,No,No,Reza,Hossain,Male,No,No,,No,1588,,0.0313116176354602097957252149
3377,19160,E14001159,E12000006,Chelmsford,East of England,England,Borough,Labour,Lab,Labour,Lab,15,PP53,,,,,No,No,Richard,Parry,Male,No,No,,No,6108,-0.0610380000,0.1204353655651076583326760786
3377,19161,E14001159,E12000006,Chelmsford,East of England,England,Borough,Reform UK,RUK,Reform UK,RUK,1036,PP7931,,,,,No,No,Darren,Ingrouille,Male,No,No,,No,6754,,0.1331729631674422273049925073
3377,19162,E14001159,E12000006,Chelmsford,East of England,England,Borough,Conservative,Con,Conservative,Con,4,PP52,,,,,No,No,Vicky,Ford,Female,Yes,Yes,4674,No,15461,-0.2422230000,0.3048544837920971685464153324
3377,19163,E14001159,E12000006,Chelmsford,East of England,England,Borough,Liberal Democrat,LD,Liberal Democrat,LD,17,PP90,,,,,No,No,Marie,Goldman,Female,No,No,5073,Yes,20214,0.1378990000,0.3985724426216578594526382207
3378,19164,E14001160,E12000007,Chelsea and Fulham,London,England,Borough,Heritage Party,HPUK,Heritage Party,HPUK,1037,PP12550,,,,,No,No,David,Poulden,Male,No,No,,No,65,,0.0013795738178113591985737329
3378,19165,E14001160,E12000007,Chelsea and Fulham,London,England,Borough,Workers Party of Britain,WPB,Workers Party of Britain,WPB,1042,PP11382,,,,,No,No,Sabi,Patwary,Male,No,No,,No,538,,0.0114186263689617115205025894
3378,19166,E14001160,E12000007,Chelsea and Fulham,London,England,Borough,Green Party,Green,Green Party,Green,44,PP63,,,,,No,No,Mona,Crocker,Female,No,No,,No,2798,0.0552230000,0.059385346803633585193989303
3378,19167,E14001160,E12000007,Chelsea and Fulham,London,England,Borough,Reform UK,RUK,Reform UK,RUK,1036,PP7931,,,,,No,No,Anthony,Goodwin,Male,No,No,,No,3144,0.0635340000,0.0667289243569063587740894813
3378,19168,E14001160,E12000007,Chelsea and Fulham,London,England,Borough,Liberal Democrat,LD,Liberal Democrat,LD,17,PP90,,,,,No,No,Blaise,Baquiche,Male,No,No,,No,3611,-0.1616350000,0.0766406316325664317853807624
3378,19169,E14001160,E12000007,Chelsea and Fulham,London,England,Borough,Conservative,Con,Conservative,Con,4,PP52,,,,,No,No,Greg,Hands,Male,Yes,Yes,1526,No,18404,-0.0640910000,0.3906104083538500721623227778
3378,19170,E14001160,E12000007,Chelsea and Fulham,London,England,Borough,Labour,Lab,Labour,Lab,15,PP53,,,,,No,No,Ben,Coleman,Male,No,No,5344,Yes,18556,0.1032980000,0.3938364886662704813651413533
3379,19171,E14001161,E12000009,Cheltenham,South West,England,Borough,Independent,IND,,,,,,,,,Yes,No,Daud,McDonald,Male,No,No,,No,775,,0.0156432925598482095999354083
3379,19172,E14001161,E12000009,Cheltenham,South West,England,Borough,Labour,Lab,Labour,Lab,15,PP53,,,,,No,No,Lara,Chaplin,Female,No,No,,No,2665,0.0057470000,0.05379274151225223043074563
3379,19173,E14001161,E12000009,Cheltenham,South West,England,Borough,Green Party,Green,Green Party,Green,44,PP63,,,,,No,No,Daniel,Wilson,Male,No,No,,No,3160,,0.0637842638569294739816721166
3379,19174,E14001161,E12000009,Cheltenham,South West,England,Borough,Conservative,Con,Conservative,Con,4,PP52,,,,,No,No,Alex,Chalk,Male,Yes,Yes,4481,No,17866,-0.1239330000,0.3606233095151588551128335554
3379,19175,E14001161,E12000009,Cheltenham,South West,England,Borough,Liberal Democrat,LD,Liberal Democrat,LD,17,PP90,,,,,No,No,Max,Wilkinson,Male,No,No,5055,Yes,25076,0.0465810000,0.5061563925558112308748132897
3380,19176,E14001162,E12000008,Chesham and Amersham,South East,England,County,Heritage Party,HPUK,Heritage Party,HPUK,1037,PP12550,,,,,No,No,Julian,Foster,Male,No,No,,No,111,,0.0020383803140207510788724635
3380,19177,E14001162,E12000008,Chesham and Amersham,South East,England,County,Workers Party of Britain,WPB,Workers Party of Britain,WPB,1042,PP11382,,,,,No,No,Muhammad,Khan,Male,No,No,,No,466,,0.0085575245615645946194105224
3380,19178,E14001162,E12000008,Chesham and Amersham,South East,England,County,Green Party,Green,Green Party,Green,44,PP63,,,,,No,No,Justine,Fulford,Female,No,No,,No,1673,-0.0176850000,0.0307226150032136626572399229
3380,19179,E14001162,E12000008,Chesham and Amersham,South East,England,County,Labour,Lab,Labour,Lab,15,PP53,,,,,No,No,Chris,Chilton,Male,No,No,,No,3502,-0.0748240000,0.0643099807180240565604627674
3380,19180,E14001162,E12000008,Chesham and Amersham,South East,England,County,Reform UK,RUK,Reform UK,RUK,1036,PP7931,,,,,No,No,Laurence,Jarvis,Male,No,No,,No,5310,,0.0975117069139656597190340648
3380,19181,E14001162,E12000008,Chesham and Amersham,South East,England,County,Conservative,Con,Conservative,Con,4,PP52,,,,,No,No,Gareth,Williams,Male,No,No,,No,18971,-0.2150810000,0.3483793958314204388945000459
3380,19182,E14001162,E12000008,Chesham and Amersham,South East,England,County,Liberal Democrat,LD,Liberal Democrat,LD,17,PP90,,,,,No,No,Sarah,Green,Female,Yes,Yes,4918,Yes,24422,0.2241690000,0.448480396657790836470480213
3381,19183,E14001163,E12000002,Chester North and Neston,North West,England,County,Liberal Democrat,LD,Liberal Democrat,LD,17,PP90,,,,,No,No,Steve,Gribbon,Male,No,No,,No,2076,-0.0154340000,0.046449187810444354946972748
3381,19184,E14001163,E12000002,Chester North and Neston,North West,England,County,Green Party,Green,Green Party,Green,44,PP63,,,,,No,No,Nick,Brown,Male,No,No,,No,4102,0.0694890000,0.0917796572246834026938738981
3381,19185,E14001163,E12000002,Chester North and Neston,North West,England,County,Reform UK,RUK,Reform UK,RUK,1036,PP7931,,,,,No,No,Nicholas,Goulding,Male,No,No,,No,5870,0.1034840000,0.1313375397145030652884056025
3381,19186,E14001163,E12000002,Chester North and Neston,North West,England,County,Conservative,Con,Conservative,Con,4,PP52,,,,,No,No,Simon,Eardley,Male,No,No,,No,10388,-0.1523020000,0.2324249339956146238868751958
3381,19187,E14001163,E12000002,Chester North and Neston,North West,England,County,Labour,Lab,Labour,Lab,15,PP53,,,,,No,No,Samantha,Dixon,Female,Yes,Yes,4976,Yes,22258,-0.0052370000,0.4980086812547545531838725556
3382,19188,E14001164,E12000002,Chester South and Eddisbury,North West,England,County,Independent,IND,,,,,,,,,Yes,No,Gillian,Edwards,Female,No,No,,No,1611,,0.0306938993255344282284799756
3382,19189,E14001164,E12000002,Chester South and Eddisbury,North West,England,County,Green Party,Green,Green Party,Green,44,PP63,,,,,No,No,Steve,Davies,Male,No,No,,No,2278,0.0223370000,0.0434020500704949891399611325
3382,19190,E14001164,E12000002,Chester South and Eddisbury,North West,England,County,Liberal Democrat,LD,Liberal Democrat,LD,17,PP90,,,,,No,No,Rob,Herd,Male,No,No,,No,5430,-0.0495260000,0.1034561597378348511984148154
3382,19191,E14001164,E12000002,Chester South and Eddisbury,North West,England,County,Reform UK,RUK,Reform UK,RUK,1036,PP7931,,,,,No,No,Peter,Langley,Male,No,No,,No,6414,0.1118980000,0.1222040163091110010288457874
3382,19192,E14001164,E12000002,Chester South and Eddisbury,North West,England,County,Labour,Lab,Labour,Lab,15,PP53,,,,,No,No,Angeliki,Stogia,Female,No,No,,No,16848,0.1058720000,0.3209998856838013946576229852
3382,19193,E14001164,E12000002,Chester South and Eddisbury,North West,England,County,Conservative,Con,Conservative,Con,4,PP52,,,,,No,No,Aphra,Brandreth,Female,No,No,5241,Yes,19905,-0.2131050000,0.3792439888732233357466753039
3383,19194,E14001165,E12000004,Chesterfield,East Midlands,England,Borough,Workers Party of Britain,WPB,Workers Party of Britain,WPB,1042,PP11382,,,,,No,No,Julie,Lowe,Female,No,No,,No,248,,0.0059679942245217182047888341
3383,19195,E14001165,E12000004,Chesterfield,East Midlands,England,Borough,Chesterfield And North Derbyshire Independents (CANDI),CANDI,Chesterfield And North Derbyshire Independents (CANDI),CANDI,1082,PP2883,,,,,No,No,Kris,Stone,Male,No,No,,No,363,,0.0087354109012152568884610757
3383,19196,E14001165,E12000004,Chesterfield,East Midlands,England,Borough,Liberal Democrat,LD,Liberal Democrat,LD,17,PP90,,,,,No,No,Ian,Barfield,Male,No,No,,No,2553,-0.0267540000,0.0614366502225965587775237637
3383,19197,E14001165,E12000004,Chesterfield,East Midlands,England,Borough,Green Party,Green,Green Party,Green,44,PP63,,,,,No,No,David,Wadsworth,Male,No,No,,No,2682,0.0391350000,0.0645409697990614847792082782
3383,19198,E14001165,E12000004,Chesterfield,East Midlands,England,Borough,Reform UK,RUK,Reform UK,RUK,1036,PP7931,,,,,No,No,Dan,Price,Male,No,No,,No,7897,0.0844510000,0.1900372999639032607387799302
3383,19199,E14001165,E12000004,Chesterfield,East Midlands,England,Borough,Conservative,Con,Conservative,Con,4,PP52,,,,,No,No,Ben,Flook,Male,No,No,,No,8496,-0.1655740000,0.2044519311755504752737336061
3383,19200,E14001165,E12000004,Chesterfield,East Midlands,England,Borough,Labour,Lab,Labour,Lab,15,PP53,,,,,No,No,Toby,Perkins,Male,Yes,Yes,3952,Yes,19316,0.0626920000,0.4648297437131512453375045121
3384,19201,E14001166,E12000008,Chichester,South East,England,County,Independent,IND,,,,,,,,,Yes,No,Andrew,Emerson,Male,No,No,,No,190,,0.0036575740658748339653877991
3384,19202,E14001166,E12000008,Chichester,South East,England,County,Green Party,Green,Green Party,Green,44,PP63,,,,,No,No,Tim,Young,Male,No,No,,No,1815,-0.0140390000,0.0349394575240148613009413441
3384,19203,E14001166,E12000008,Chichester,South East,England,County,Labour,Lab,Labour,Lab,15,PP53,,,,,No,No,Tom,Collinge,Male,No,No,,No,3175,-0.0927350000,0.0611199876797505149479276955
3384,19204,E14001166,E12000008,Chichester,South East,England,County,Reform UK,RUK,Reform UK,RUK,1036,PP7931,,,,,No,No,Teresa,De Santis,Female,No,No,,No,7859,,0.1512888135984753691262248061
3384,19205,E14001166,E12000008,Chichester,South East,England,County,Conservative,Con,Conservative,Con,4,PP52,,,,,No,No,Gillian,Keegan,Female,Yes,Yes,4680,No,13368,-0.3302700000,0.2573392111190251602594952548
3384,19206,E14001166,E12000008,Chichester,South East,England,County,Liberal Democrat,LD,Liberal Democrat,LD,17,PP90,,,,,No,No,Jess,Brown-Fuller,Female,No,No,5335,Yes,25540,0.2886250000,0.4916549560128592604000231005
3385,19207,E14001167,E12000007,Chingford and Woodford Green,London,England,Borough,Liberal Democrat,LD,Liberal Democrat,LD,17,PP90,,,,,No,No,Josh,Hadley,Male,No,No,,No,1275,-0.0321910000,0.0262821569920844327176781003
3385,19208,E14001167,E12000007,Chingford and Woodford Green,London,England,Borough,Green Party,Green,Green Party,Green,44,PP63,,,,,No,No,Chris,Brody,Male,No,No,,No,1334,0.0235980000,0.0274983509234828496042216359
3385,19209,E14001167,E12000007,Chingford and Woodford Green,London,England,Borough,Reform UK,RUK,Reform UK,RUK,1036,PP7931,,,,,No,No,Paul,Luggeri,Male,No,No,,No,3653,0.0723710000,0.0753009564643799472295514512
3385,19210,E14001167,E12000007,Chingford and Woodford Green,London,England,Borough,Independent,IND,,,,,,,,,Yes,No,Faiza,Shaheen,Female,No,No,,No,12445,,0.25653446569920844327176781
3385,19211,E14001167,E12000007,Chingford and Woodford Green,London,England,Borough,Labour,Lab,Labour,Lab,15,PP53,,,,,No,No,Shama,Tatler,Female,No,No,,No,12524,-0.1944980000,0.2581629287598944591029023747
3385,19212,E14001167,E12000007,Chingford and Woodford Green,London,England,Borough,Conservative,Con,Conservative,Con,4,PP52,,,,,No,No,Iain,Duncan Smith,Male,Yes,Yes,152,Yes,17281,-0.1258140000,0.356221141160949868073878628
3386,19213,E14001168,E12000009,Chippenham,South West,England,County,Independent,IND,,,,,,,,,Yes,No,Ed,Deedigan,Male,No,No,,No,540,,0.0109064469219583131362094038
3386,19214,E14001168,E12000009,Chippenham,South West,England,County,Green Party,Green,Green Party,Green,44,PP63,,,,,No,No,Declan,Baseley,Male,No,No,,No,1954,0.0225800000,0.0394651801583454516076910648
3386,19215,E14001168,E12000009,Chippenham,South West,England,County,Labour,Lab,Labour,Lab,15,PP53,,,,,No,No,Ravi,Venkatesh,Male,No,No,,No,3925,-0.0374350000,0.0792737114234932945548553886
3386,19216,E14001168,E12000009,Chippenham,South West,England,County,Reform UK,RUK,Reform UK,RUK,1036,PP7931,,,,,No,No,Benjamin,Ginsburg,Male,No,No,,No,6127,,0.1237477783163677492325092907
3386,19217,E14001168,E12000009,Chippenham,South West,England,County,Conservative,Con,Conservative,Con,4,PP52,,,,,No,No,Nic,Puntis,Male,No,No,,No,14414,-0.2727260000,0.2911213443205687510098561965
3386,19218,E14001168,E12000009,Chippenham,South West,England,County,Liberal Democrat,LD,Liberal Democrat,LD,17,PP90,,,,,No,No,Sarah,Gibson,Female,No,No,5239,Yes,22552,0.1529260000,0.4554855388592664404588786557
3387,19219,E14001169,E12000007,Chipping Barnet,London,England,Borough,Independent,IND,,,,,,,,,Yes,No,Kay,Lauer,Female,No,No,,No,182,,0.0035785210090642757427397314
3387,19220,E14001169,E12000007,Chipping Barnet,London,England,Borough,Rejoin EU,REU,Rejoin EU,REU,1040,PP11423,,,,,No,No,Richard,Hewison,Male,No,No,,No,379,,0.0074519750683261566291118583
3387,19221,E14001169,E12000007,Chipping Barnet,London,England,Borough,Liberal Democrat,LD,Liberal Democrat,LD,17,PP90,,,,,No,No,Mark,Durrant,Male,No,No,,No,2614,-0.0469390000,0.0513969995477693230303387798
3387,19222,E14001169,E12000007,Chipping Barnet,London,England,Borough,Green Party,Green,Green Party,Green,44,PP63,,,,,No,No,David,Farbey,Male,No,No,,No,3442,0.0460930000,0.0676773039186771269588470084
3387,19223,E14001169,E12000007,Chipping Barnet,London,England,Borough,Reform UK,RUK,Reform UK,RUK,1036,PP7931,,,,,No,No,Hamish,Haddow,Male,No,No,,No,3986,,0.0783735425391769401679152166
3387,19224,E14001169,E12000007,Chipping Barnet,London,England,Borough,Conservative,Con,Conservative,Con,4,PP52,,,,,No,No,Theresa,Villiers,Female,Yes,Yes,1500,No,18671,-0.1083410000,0.3671129986826323757840303584
3387,19225,E14001169,E12000007,Chipping Barnet,London,England,Borough,Labour,Lab,Labour,Lab,15,PP53,,,,,No,No,Dan,Tomlinson,Male,No,No,5282,Yes,21585,0.0209990000,0.4244086592343538016870170471
3388,19226,E14001170,E12000002,Chorley,North West,England,County,Trade Unionist and Socialist Coalition,TUSC,Trade Unionist and Socialist Coalition,TUSC,157,PP804,,,,,No,No,Martin,Powell-Davies,Male,No,No,,No,632,,0.0186079378165116005181957367
3388,19227,E14001170,E12000002,Chorley,North West,England,County,English Constitution Party,ECP,English Constitution Party,ECP,1046,PP12881,,,,,No,No,Graham,Moore,Male,No,No,,No,1007,,0.0296490401601695913319985867
3388,19228,E14001170,E12000002,Chorley,North West,England,County,Democracy for Chorley,DFC,Democracy for Chorley,DFC,1098,PP14064,,,,,No,No,Ben,Holden-Crowther,Male,No,No,,No,2424,,0.0713696855494052526204216229
3388,19229,E14001170,E12000002,Chorley,North West,England,County,Green Party,Green,Green Party,Green,44,PP63,,,,,No,No,Mark,Tebbutt,Male,No,No,,No,4663,0.0469990000,0.1372924272759392297727005064
3388,19230,E14001170,E12000002,Chorley,North West,England,County,Speaker,Spk,,,,,,,,,No,Yes,Lindsay,Hoyle,Male,Yes,Yes,467,Yes,25238,0.0701190000,0.7430809091979743257566835473
3389,19231,E14001171,E12000009,Christchurch,South West,England,County,Social Democratic Party,SDP,Social Democratic Party,SDP,32,PP243,,,,,No,No,Trevor,Parsons,Male,No,No,,No,59,,0.0012464349846836379000739411
3389,19232,E14001171,E12000009,Christchurch,South West,England,County,UK Independence Party,UKIP,UK Independence Party,UKIP,35,PP85,,,,,No,No,Steve,Unwin,Male,No,No,,No,163,,0.0034435407203971691137635999
3389,19233,E14001171,E12000009,Christchurch,South West,England,County,Animal Welfare Party,ANWP,Animal Welfare Party,ANWP,220,PP4041,,,,,No,No,Sasha,Jolliffe Yasawi,Male,No,No,,No,335,,0.0070772155910003168902503433
3389,19234,E14001171,E12000009,Christchurch,South West,England,County,Independent,IND,,,,,,,,,Yes,No,Simon,McCormack,Male,No,No,,No,1728,,0.0365057568395479032428435618
3389,19235,E14001171,E12000009,Christchurch,South West,England,County,Green Party,Green,Green Party,Green,44,PP63,,,,,No,No,Susan,Graham,Female,No,No,,No,1900,-0.0017570000,0.0401394317101510510193303053
3389,19236,E14001171,E12000009,Christchurch,South West,England,County,Labour,Lab,Labour,Lab,15,PP53,,,,,No,No,Joanna,Howard,Female,No,No,,No,7762,0.0353230000,0.163980141544311820006337805
3389,19237,E14001171,E12000009,Christchurch,South West,England,County,Reform UK,RUK,Reform UK,RUK,1036,PP7931,,,,,No,No,Robin,Adamson,Male,No,No,,No,8961,,0.1893102355550860885180099292
3389,19238,E14001171,E12000009,Christchurch,South West,England,County,Liberal Democrat,LD,Liberal Democrat,LD,17,PP90,,,,,No,No,Mike,Cox,Male,No,No,,No,9486,0.0269000000,0.2004013943171015105101933031
3389,19239,E14001171,E12000009,Christchurch,South West,England,County,Conservative,Con,Conservative,Con,4,PP52,,,,,No,No,Christopher,Chope,Male,Yes,Yes,242,Yes,16941,-0.2980490000,0.3578958487377205027991972114
3390,19240,E14001172,E12000007,Cities of London and Westminster,London,England,Borough,Independent,IND,,,,,,,,,Yes,No,Matthew,Carr,Male,No,No,,No,34,,0.0008670151727655233966594415
3390,19241,E14001172,E12000007,Cities of London and Westminster,London,England,Borough,Independent,IND,,,,,,,,,Yes,No,Tim,Hallett,Male,No,No,,No,55,,0.001402524544179523141654979
3390,19242,E14001172,E12000007,Cities of London and Westminster,London,England,Borough,Social Democratic Party,SDP,Social Democratic Party,SDP,32,PP243,,,,,No,No,Huge,De Burgh,Male,No,No,,No,110,,0.0028050490883590462833099579
3390,19243,E14001172,E12000007,Cities of London and Westminster,London,England,Borough,Independent,IND,,,,,,,,,Yes,No,John,Generic,Male,No,No,,No,110,,0.0028050490883590462833099579
3390,19244,E14001172,E12000007,Cities of London and Westminster,London,England,Borough,Rejoin EU,REU,Rejoin EU,REU,1040,PP11423,,,,,No,No,Liz,Burford,Female,No,No,,No,352,,0.0089761570827489481065918654
3390,19245,E14001172,E12000007,Cities of London and Westminster,London,England,Borough,Workers Party of Britain,WPB,Workers Party of Britain,WPB,1042,PP11382,,,,,No,No,Hoz,Shafiei,Male,No,No,,No,727,,0.0185388244294275149815121765
3390,19246,E14001172,E12000007,Cities of London and Westminster,London,England,Borough,Reform UK,RUK,Reform UK,RUK,1036,PP7931,,,,,No,No,Tarun,Ghulati,Male,No,No,,No,2752,0.0682010000,0.0701772281014917761060818564
3390,19247,E14001172,E12000007,Cities of London and Westminster,London,England,Borough,Green Party,Green,Green Party,Green,44,PP63,,,,,No,No,Rajiv,Sinha,Male,No,No,,No,2844,0.0531430000,0.0725232691572102511793956394
3390,19248,E14001172,E12000007,Cities of London and Westminster,London,England,Borough,Liberal Democrat,LD,Liberal Democrat,LD,17,PP90,,,,,No,No,Edward,Lucas,Male,No,No,,No,4335,-0.1717680000,0.1105444345276042330740787964
3390,19249,E14001172,E12000007,Cities of London and Westminster,London,England,Borough,Conservative,Con,Conservative,Con,4,PP52,,,,,No,No,Tim,Barnes,Male,No,No,,No,12594,-0.0821780000,0.3211526201708529899273237282
3390,19250,E14001172,E12000007,Cities of London and Westminster,London,England,Borough,Labour / Co-operative Party,Lab / Co-op,Labour,Lab,15,PP53,Co-operative Party,Co-op,,,No,No,Rachel,Blake,Female,No,No,5257,Yes,15302,0.1015440000,0.3902078286370011475200816014
3391,19251,E14001173,E12000001,City of Durham,North East,England,County,Social Democratic Party,SDP,Social Democratic Party,SDP,32,PP243,,,,,No,No,Sarah,Welbourne,Female,No,No,,No,178,,0.0043813227656484603834888129
3391,19252,E14001173,E12000001,City of Durham,North East,England,County,Green Party,Green,Green Party,Green,44,PP63,,,,,No,No,Jonathan,Elmer,Male,No,No,,No,2803,0.0360820000,0.0689935264725428901961749575
3391,19253,E14001173,E12000001,City of Durham,North East,England,County,Conservative,Con,Conservative,Con,4,PP52,,,,,No,No,Luke,Holmes,Male,No,No,,No,5221,-0.1900760000,0.1285105964014079306864892805
3391,19254,E14001173,E12000001,City of Durham,North East,England,County,Liberal Democrat,LD,Liberal Democrat,LD,17,PP90,,,,,No,No,Mark,Wilkes,Male,No,No,,No,5920,-0.0236380000,0.1457159032170723902823245625
3391,19255,E14001173,E12000001,City of Durham,North East,England,County,Reform UK,RUK,Reform UK,RUK,1036,PP7931,,,,,No,No,Mark,Belch,Male,No,No,,No,7374,0.1155650000,0.1815049105274817239766657641
3391,19256,E14001173,E12000001,City of Durham,North East,England,County,Labour,Lab,Labour,Lab,15,PP53,,,,,No,No,Mary,Foy,Female,Yes,Yes,4753,Yes,19131,0.0615080000,0.4708937406158466044748566224
3392,19257,E14001174,E12000006,Clacton,East of England,England,County,Heritage Party,HPUK,Heritage Party,HPUK,1037,PP12550,,,,,No,No,Tasos,Papanastasiou,Male,No,No,,No,33,,0.0007180469123982766874102441
3392,19258,E14001174,E12000006,Clacton,East of England,England,County,Climate Party,Cli,Climate Party,Cli,1053,PP12958,,,,,No,No,Craig,Jamieson,Male,No,No,,No,48,,0.0010444318725793115453239915
3392,19259,E14001174,E12000006,Clacton,East of England,England,County,UK Independence Party,UKIP,UK Independence Party,UKIP,35,PP85,,,,,No,No,Andrew,Pemberton,Male,No,No,,No,116,,0.0025240436920666695678663127
3392,19260,E14001174,E12000006,Clacton,East of England,England,County,Independent,IND,,,,,,,,,Yes,No,Tony,Mack,Male,No,No,,No,317,,0.006897602158492536663910527
3392,19261,E14001174,E12000006,Clacton,East of England,England,County,Green Party,Green,Green Party,Green,44,PP63,,,,,No,No,Natasha,Osben,Female,No,No,,No,1935,0.0127400000,0.0421036598633534966708734062
3392,19262,E14001174,E12000006,Clacton,East of England,England,County,Liberal Democrat,LD,Liberal Democrat,LD,17,PP90,,,,,No,No,Matthew,Bensilum,Male,No,No,,No,2016,-0.0180800000,0.0438661386483310849036076418
3392,19263,E14001174,E12000006,Clacton,East of England,England,County,Labour,Lab,Labour,Lab,15,PP53,,,,,No,No,Jovan,Owusu-Nepaul,Male,No,No,,No,7448,0.0064190000,0.1620610122285565081161060098
3392,19264,E14001174,E12000006,Clacton,East of England,England,County,Conservative,Con,Conservative,Con,4,PP52,,,,,No,No,Giles,Watling,Male,Yes,Yes,4677,No,12820,-0.4398090000,0.2789503459680577918969493886
3392,19265,E14001174,E12000006,Clacton,East of England,England,County,Reform UK,RUK,Reform UK,RUK,1036,PP7931,,,,,No,No,Nigel,Farage,Male,No,No,5091,Yes,21225,,0.4618347186561643239479524783
3393,19266,E14001175,E12000007,Clapham and Brixton Hill,London,England,Borough,The Socialist Party of Great Britain,SPGB,The Socialist Party of Great Britain,SPGB,192,PP110,,,,,No,No,Bill,Martin,Male,No,No,,No,122,,0.0028544020963477691209845348
3393,19267,E14001175,E12000007,Clapham and Brixton Hill,London,England,Borough,Independent,IND,,,,,,,,,Yes,No,Jon,Key,Male,No,No,,No,406,,0.0094990758288294611731124681
3393,19268,E14001175,E12000007,Clapham and Brixton Hill,London,England,Borough,Reform UK,RUK,Reform UK,RUK,1036,PP7931,,,,,No,No,Mark,Matlock,Male,No,No,,No,1758,0.0298420000,0.0411314662736014599564820664
3393,19269,E14001175,E12000007,Clapham and Brixton Hill,London,England,Borough,Conservative,Con,Conservative,Con,4,PP52,,,,,No,No,Asha,Saroy,Female,No,No,,No,4360,-0.0929440000,0.1020097798366907653073161601
3393,19270,E14001175,E12000007,Clapham and Brixton Hill,London,England,Borough,Green Party,Green,Green Party,Green,44,PP63,,,,,No,No,Shâo-Lan,Yuen,Female,No,No,,No,5768,0.0929020000,0.1349523876371633794249081678
3393,19271,E14001175,E12000007,Clapham and Brixton Hill,London,England,Borough,Liberal Democrat,LD,Liberal Democrat,LD,17,PP90,,,,,No,No,Ben,Curtis,Male,No,No,,No,6161,-0.0539320000,0.1441473058655623406097190052
3393,19272,E14001175,E12000007,Clapham and Brixton Hill,London,England,Borough,Labour,Lab,Labour,Lab,15,PP53,,,,,No,No,Bell,Ribeiro-Addy,Female,Yes,Yes,4764,Yes,24166,0.0117780000,0.5654055824618048244074775976
3394,19273,W07000094,W92000004,Clwyd East,,Wales,County,Independent,IND,,,,,,,,,Yes,No,Rob,Roberts,Male,Yes,Yes,4810,No,599,,0.0125256158253523482915812806
3394,19274,W07000094,W92000004,Clwyd East,,Wales,County,Green Party,Green,Green Party,Green,44,PP63,,,,,No,No,Lee,Lavery,Male,No,No,,No,1659,,0.0346911463343231148843628456
3394,19275,W07000094,W92000004,Clwyd East,,Wales,County,Liberal Democrat,LD,Liberal Democrat,LD,17,PP90,,,,,No,No,Alec,Dauncey,Male,No,No,,No,1859,-0.0145720000,0.0388733219020534482037555937
3394,19276,W07000094,W92000004,Clwyd East,,Wales,County,Plaid Cymru,PC,Plaid Cymru,PC,22,PP77,,,,,No,No,Paul,Penlington,Male,No,No,,No,3733,0.0314870000,0.0780603069716866714064656434
3394,19277,W07000094,W92000004,Clwyd East,,Wales,County,Reform UK,RUK,Reform UK,RUK,1036,PP7931,,,,,No,No,Kirsty,Walmsley,Female,No,No,,No,7626,0.1183260000,0.1594663543975576094684454853
3394,19278,W07000094,W92000004,Clwyd East,,Wales,County,Conservative,Con,Conservative,Con,4,PP52,,,,,No,No,James,Davies,Male,Yes,Yes,4476,No,13862,-0.1895730000,0.2898665885993894023671113713
3394,19279,W07000094,W92000004,Clwyd East,,Wales,County,Labour,Lab,Labour,Lab,15,PP53,,,,,No,No,Becky,Gittins,Female,No,No,5181,Yes,18484,0.0071150000,0.3865166659696374053782777801
3395,19280,W07000095,W92000004,Clwyd North,,Wales,County,Green Party,Green,Green Party,Green,44,PP63,,,,,No,No,Martyn,Hogg,Male,No,No,,No,1391,,0.0334158118528839455161313571
3395,19281,W07000095,W92000004,Clwyd North,,Wales,County,Liberal Democrat,LD,Liberal Democrat,LD,17,PP90,,,,,No,No,David,Wilkins,Male,No,No,,No,1685,-0.0082840000,0.0404785355658586974800009609
3395,19282,W07000095,W92000004,Clwyd North,,Wales,County,Plaid Cymru,PC,Plaid Cymru,PC,22,PP77,,,,,No,No,Paul,Rowlinson,Male,No,No,,No,3159,0.0034950000,0.0758882456098205491628029884
3395,19283,W07000095,W92000004,Clwyd North,,Wales,County,Reform UK,RUK,Reform UK,RUK,1036,PP7931,,,,,No,No,Jamie,Orange,Male,No,No,,No,7000,0.1496180000,0.1681600884041607610445143777
3395,19284,W07000095,W92000004,Clwyd North,,Wales,County,Conservative,Con,Conservative,Con,4,PP52,,,,,No,No,Darren,Millar,Male,No,No,,No,13598,-0.1311150000,0.3266629831599682898119009297
3395,19285,W07000095,W92000004,Clwyd North,,Wales,County,Labour,Lab,Labour,Lab,15,PP53,,,,,No,No,Gill,German,Female,No,No,5104,Yes,14794,-0.0471290000,0.3553943354073077569846493862
3396,19286,S14000070,S92000003,Coatbridge and Bellshill,,Scotland,Burgh,Communist Party of Britain,Comm,Communist Party of Britain,Comm,76,PP78,,,,,No,No,Drew,Gilchrist,Male,No,No,,No,181,,0.0046732591464201802173969172
3396,19287,S14000070,S92000003,Coatbridge and Bellshill,,Scotland,Burgh,Scottish Family Party,SFP,Scottish Family Party,SFP,1016,PP6380,,,,,No,No,Leo,Lanahan,Male,No,No,,No,429,,0.0110763987503550127804600966
3396,19288,S14000070,S92000003,Coatbridge and Bellshill,,Scotland,Burgh,Liberal Democrat,LD,Liberal Democrat,LD,17,PP90,,,,,No,No,Emma,Farthing,Female,No,No,,No,671,-0.0126340000,0.0173246236864527122976427151
3396,19289,S14000070,S92000003,Coatbridge and Bellshill,,Scotland,Burgh,Scottish Green Party,Green,Scottish Green Party,Green,1057,PP130,,,,,No,No,Patrick,McAleer,Male,No,No,,No,1229,0.0164580000,0.0317316877953060855645348687
3396,19290,S14000070,S92000003,Coatbridge and Bellshill,,Scotland,Burgh,Conservative,Con,Conservative,Con,4,PP52,,,,,No,No,Christina,Sandhu,Female,No,No,,No,1382,-0.0829340000,0.0356820118251529782344891689
3396,19291,S14000070,S92000003,Coatbridge and Bellshill,,Scotland,Burgh,Reform UK,RUK,Reform UK,RUK,1036,PP7931,,,,,No,No,Fiona,McRae,Female,No,No,,No,2601,,0.0671555085073971753892231029
3396,19292,S14000070,S92000003,Coatbridge and Bellshill,,Scotland,Burgh,Scottish National Party,SNP,Scottish National Party,SNP,29,PP102,,,,,No,No,Steven,Bonnar,Male,Yes,Yes,4748,No,12947,-0.1391820000,0.3342800340812269241692700937
3396,19293,S14000070,S92000003,Coatbridge and Bellshill,,Scotland,Burgh,Labour,Lab,Labour,Lab,15,PP53,,,,,No,No,Frank,McNally,Male,No,No,5183,Yes,19291,0.1353870000,0.4980764762076889313469830368
3397,19294,E14001176,E12000006,Colchester,East of England,England,Borough,Climate Party,Cli,Climate Party,Cli,1053,PP12958,,,,,No,No,James,Rolfe,Male,No,No,,No,74,,0.0016479967930873215598066944
3397,19295,E14001176,E12000006,Colchester,East of England,England,Borough,Green Party,Green,Green Party,Green,44,PP63,,,,,No,No,Sara,Ruth,Female,No,No,,No,2414,0.0245090000,0.0537603278177404627753156805
3397,19296,E14001176,E12000006,Colchester,East of England,England,Borough,Liberal Democrat,LD,Liberal Democrat,LD,17,PP90,,,,,No,No,Martin,Goss,Male,No,No,,No,6393,-0.0044760000,0.142373560786584415295191858
3397,19297,E14001176,E12000006,Colchester,East of England,England,Borough,Reform UK,RUK,Reform UK,RUK,1036,PP7931,,,,,No,No,Terence,Longstaff,Male,No,No,,No,6664,,0.1484087922855933901966461038
3397,19298,E14001176,E12000006,Colchester,East of England,England,Borough,Conservative,Con,Conservative,Con,4,PP52,,,,,No,No,James,Cracknell,Male,No,No,,No,10554,-0.2883350000,0.2350399750573458343540520678
3397,19299,E14001176,E12000006,Colchester,East of England,England,Borough,Labour,Lab,Labour,Lab,15,PP53,,,,,No,No,Pam,Cox,Female,No,No,5042,Yes,18804,0.1182460000,0.4187693472596485758189875955
3398,19300,E14001177,E12000003,Colne Valley,Yorkshire and The Humber,England,County,The Yorkshire Party,Yrks,The Yorkshire Party,Yrks,262,PP2055,,,,,No,No,Timothy,Millea,Male,No,No,,No,459,,0.0099305510482248328681768028
3398,19301,E14001177,E12000003,Colne Valley,Yorkshire and The Humber,England,County,Liberal Democrat,LD,Liberal Democrat,LD,17,PP90,,,,,No,No,Katharine,Macy,Non-binary,No,No,,No,2007,-0.0267030000,0.0434218212500811319530083728
3398,19302,E14001177,E12000003,Colne Valley,Yorkshire and The Humber,England,County,Green Party,Green,Green Party,Green,44,PP63,,,,,No,No,Heather,Peacock,Female,No,No,,No,3480,0.0580390000,0.0752904523917699746868306614
3398,19303,E14001177,E12000003,Colne Valley,Yorkshire and The Humber,England,County,Reform UK,RUK,Reform UK,RUK,1036,PP7931,,,,,No,No,Stuart,Hale,Male,No,No,,No,7298,0.1368570000,0.157893598148027952662209818
3398,19304,E14001177,E12000003,Colne Valley,Yorkshire and The Humber,England,County,Conservative,Con,Conservative,Con,4,PP52,,,,,No,No,Jason,McCartney,Male,Yes,Yes,3953,No,14007,-0.2092130000,0.3030440708768741481144934121
3398,19305,E14001177,E12000003,Colne Valley,Yorkshire and The Humber,England,County,Labour,Lab,Labour,Lab,15,PP53,,,,,No,No,Paul,Davies,Male,No,No,5317,Yes,18970,0.0480900000,0.4104195062850219597152809329
3399,19306,E14001178,E12000002,Congleton,North West,England,County,Women's Equality Party,WEP,Women's Equality Party,WEP,260,PP2755,,,,,No,No,Kay,Wesley,Female,No,No,,No,544,,0.0108528678304239401496259352
3399,19307,E14001178,E12000002,Congleton,North West,England,County,Green Party,Green,Green Party,Green,44,PP63,,,,,No,No,Richard,McCarthy,Male,No,No,,No,2007,0.0114730000,0.0400399002493765586034912718
3399,19308,E14001178,E12000002,Congleton,North West,England,County,Independent,IND,,,,,,,,,Yes,No,Rob,Moreton,Male,No,No,,No,2181,,0.0435112219451371571072319202
3399,19309,E14001178,E12000002,Congleton,North West,England,County,Liberal Democrat,LD,Liberal Democrat,LD,17,PP90,,,,,No,No,Paul,Duffy,Male,No,No,,No,2785,-0.0552730000,0.05556109725685785536159601
3399,19310,E14001178,E12000002,Congleton,North West,England,County,Reform UK,RUK,Reform UK,RUK,1036,PP7931,,,,,No,No,Martin,York,Male,No,No,,No,8245,,0.1644887780548628428927680798
3399,19311,E14001178,E12000002,Congleton,North West,England,County,Conservative,Con,Conservative,Con,4,PP52,,,,,No,No,Fiona,Bruce,Female,Yes,Yes,3958,No,15488,-0.2974200000,0.3089875311720698254364089776
3399,19312,E14001178,E12000002,Congleton,North West,England,County,Labour,Lab,Labour,Lab,15,PP53,,,,,No,No,Sarah,Russell,Female,No,No,5324,Yes,18875,0.1355770000,0.3765586034912718204488778055
3400,19313,E14001179,E12000004,Corby and East Northamptonshire,East Midlands,England,County,Independent,IND,,,,,,,,,Yes,No,Karen,Blott,Female,No,No,,No,422,,0.0085099518038274617354655266
3400,19314,E14001179,E12000004,Corby and East Northamptonshire,East Midlands,England,County,Liberal Democrat,LD,Liberal Democrat,LD,17,PP90,,,,,No,No,Chris,Lofts,Male,No,No,,No,2191,-0.0241040000,0.0441831857871705418540402105
3400,19315,E14001179,E12000004,Corby and East Northamptonshire,East Midlands,England,County,Green Party,Green,Green Party,Green,44,PP63,,,,,No,No,Lee,Forster,Male,No,No,,No,2507,,0.0505555667587569823952892779
3400,19316,E14001179,E12000004,Corby and East Northamptonshire,East Midlands,England,County,Reform UK,RUK,Reform UK,RUK,1036,PP7931,,,,,No,No,Eddie,McDonald,Male,No,No,,No,8760,,0.176652080098408921333360221
3400,19317,E14001179,E12000004,Corby and East Northamptonshire,East Midlands,England,County,Conservative,Con,Conservative,Con,4,PP52,,,,,No,No,Tom,Pursglove,Male,Yes,Yes,4369,No,14689,-0.2501390000,0.2962148863659279275645808546
3400,19318,E14001179,E12000004,Corby and East Northamptonshire,East Midlands,England,County,Labour,Lab,Labour,Lab,15,PP53,,,,,No,No,Lee,Barron,Male,No,No,5315,Yes,21020,0.0385250000,0.4238843291859081651172639093
3401,19319,E14001180,E12000005,Coventry East,West Midlands,England,Borough,Trade Unionist and Socialist Coalition,TUSC,Trade Unionist and Socialist Coalition,TUSC,157,PP804,,,,,No,No,Dave,Nellist,Male,No,Yes,1199,No,797,,0.0215323931485383908791268169
3401,19320,E14001180,E12000005,Coventry East,West Midlands,England,Borough,Workers Party of Britain,WPB,Workers Party of Britain,WPB,1042,PP11382,,,,,No,No,Paul,Bedson,Male,No,No,,No,1027,,0.0277462581725833468417355595
3401,19321,E14001180,E12000005,Coventry East,West Midlands,England,Borough,Liberal Democrat,LD,Liberal Democrat,LD,17,PP90,,,,,No,No,Mike,Massimi,Male,No,No,,No,1227,-0.0208990000,0.0331496190630572215918301183
3401,19322,E14001180,E12000005,Coventry East,West Midlands,England,Borough,Green Party,Green,Green Party,Green,44,PP63,,,,,No,No,Stephen,Gray,Male,No,No,,No,2730,0.0504450000,0.0737558761549683903387907278
3401,19323,E14001180,E12000005,Coventry East,West Midlands,England,Borough,Conservative,Con,Conservative,Con,4,PP52,,,,,No,No,Sarah,Lesadd,Female,No,No,,No,6240,-0.1816630000,0.168584859782784892202950235
3401,19324,E14001180,E12000005,Coventry East,West Midlands,England,Borough,Reform UK,RUK,Reform UK,RUK,1036,PP7931,,,,,No,No,Iddrisu,Sufyan,Male,No,No,,No,6685,0.1292060000,0.1806073377640892635219106284
3401,19325,E14001180,E12000005,Coventry East,West Midlands,England,Borough,Labour,Lab,Labour,Lab,15,PP53,,,,,No,No,Mary,Creagh,Female,No,Yes,1579,Yes,18308,-0.0263680000,0.494623655913978494623655914
3402,19326,E14001181,E12000005,Coventry North West,West Midlands,England,Borough,Independent,IND,,,,,,,,,Yes,No,Elizabeth,Richards,Female,No,No,,No,511,,0.0121579823935284320723292886
3402,19327,E14001181,E12000005,Coventry North West,West Midlands,England,Borough,Liberal Democrat,LD,Liberal Democrat,LD,17,PP90,,,,,No,No,Tom,Holder,Male,No,No,,No,1931,-0.0109640000,0.0459433737806328812752795622
3402,19328,E14001181,E12000005,Coventry North West,West Midlands,England,Borough,Green Party,Green,Green Party,Green,44,PP63,,,,,No,No,Esther,Reeves,Female,No,No,,No,3420,0.0511470000,0.0813704496788008565310492505
3402,19329,E14001181,E12000005,Coventry North West,West Midlands,England,Borough,Reform UK,RUK,Reform UK,RUK,1036,PP7931,,,,,No,No,Holly-Mae,Nelson,Female,No,No,,No,7950,0.1481830000,0.1891506067094932191291934333
3402,19330,E14001181,E12000005,Coventry North West,West Midlands,England,Borough,Conservative,Con,Conservative,Con,4,PP52,,,,,No,No,Tom,Mercer,Male,No,No,,No,8522,-0.2310120000,0.2027599333809183916250297407
3402,19331,E14001181,E12000005,Coventry North West,West Midlands,England,Borough,Labour,Lab,Labour,Lab,15,PP53,,,,,No,No,Taiwo,Owatemi,Female,Yes,Yes,4779,Yes,19696,0.0304890000,0.4686176540566262193671187247
3403,19332,E14001182,E12000005,Coventry South,West Midlands,England,Borough,Independent,IND,,,,,,,,,Yes,No,Joshua,Morland,Male,No,No,,No,231,,0.0054059113992183660574290328
3403,19333,E14001182,E12000005,Coventry South,West Midlands,England,Borough,Independent,IND,,,,,,,,,Yes,No,Niko,Omilana,Male,No,No,,No,263,,0.0061547822424001310523975568
3403,19334,E14001182,E12000005,Coventry South,West Midlands,England,Borough,Social Democratic Party,SDP,Social Democratic Party,SDP,32,PP243,,,,,No,No,Alastair,Mellon,Male,No,No,,No,334,,0.0078163394257096721349839695
3403,19335,E14001182,E12000005,Coventry South,West Midlands,England,Borough,Workers Party of Britain,WPB,Workers Party of Britain,WPB,1042,PP11382,,,,,No,No,Mohammed,Syed,Male,No,No,,No,777,,0.0181835201610072312840794739
3403,19336,E14001182,E12000005,Coventry South,West Midlands,England,Borough,Green Party,Green,Green Party,Green,44,PP63,,,,,No,No,Anne,Patterson,Female,No,No,,No,2363,0.0288490000,0.0552994313262034588472069458
3403,19337,E14001182,E12000005,Coventry South,West Midlands,England,Borough,Liberal Democrat,LD,Liberal Democrat,LD,17,PP90,,,,,No,No,Stephen,Richmond,Male,No,No,,No,2531,-0.0081120000,0.0592310032529077250707916969
3403,19338,E14001182,E12000005,Coventry South,West Midlands,England,Borough,Reform UK,RUK,Reform UK,RUK,1036,PP7931,,,,,No,No,Chris,Baddon,Male,No,No,,No,5711,0.1048500000,0.1336500432940956214457887716
3403,19339,E14001182,E12000005,Coventry South,West Midlands,England,Borough,Conservative,Con,Conservative,Con,4,PP52,,,,,No,No,Mattie,Heaven,Female,No,No,,No,10160,-0.1876580000,0.2377664927102103859025063771
3403,19340,E14001182,E12000005,Coventry South,West Midlands,England,Borough,Labour,Lab,Labour,Lab,15,PP53,,,,,No,No,Zarah,Sultana,Female,Yes,Yes,4786,Yes,20361,0.0338050000,0.4764924761882474082048161756
3404,19341,S14000071,S92000003,Cowdenbeath and Kirkcaldy,,Scotland,County,Scottish Libertarian Party,Scot Libt,Scottish Libertarian Party,Scot Libt,1091,PP15208,,,,,No,No,Calum,Paul,Male,No,No,,No,126,,0.0030871759690302347233792326
3404,19342,S14000071,S92000003,Cowdenbeath and Kirkcaldy,,Scotland,County,Alba Party,Alba,Alba Party,Alba,1034,PP12700,,,,,No,No,Neale,Hanvey,Male,Yes,Yes,4782,No,1132,,0.02773558092811290243543882
3404,19343,S14000071,S92000003,Cowdenbeath and Kirkcaldy,,Scotland,County,Scottish Green Party,Green,Scottish Green Party,Green,1057,PP130,,,,,No,No,Mags,Hall,Female,No,No,,No,1556,0.0030220000,0.0381241730778654383299848091
3404,19344,S14000071,S92000003,Cowdenbeath and Kirkcaldy,,Scotland,County,Liberal Democrat,LD,Liberal Democrat,LD,17,PP90,,,,,No,No,Fraser,Graham,Male,No,No,,No,1593,-0.0256170000,0.0390307247513108247170088695
3404,19345,S14000071,S92000003,Cowdenbeath and Kirkcaldy,,Scotland,County,Reform UK,RUK,Reform UK,RUK,1036,PP7931,,,,,No,No,Sonia,Davidson,Female,No,No,,No,3128,0.0567240000,0.0766403685010045572597638065
3404,19346,S14000071,S92000003,Cowdenbeath and Kirkcaldy,,Scotland,County,Conservative,Con,Conservative,Con,4,PP52,,,,,No,No,Jonathan,Gray,Male,No,No,,No,3203,-0.1438430000,0.078477973244474935071299064
3404,19347,S14000071,S92000003,Cowdenbeath and Kirkcaldy,,Scotland,County,Scottish National Party,SNP,Scottish National Party,SNP,29,PP102,,,,,No,No,Lesley,Backhouse,Female,No,No,,No,11414,-0.0834950000,0.2796589405596118978781790562
3404,19348,S14000071,S92000003,Cowdenbeath and Kirkcaldy,,Scotland,County,Labour,Lab,Labour,Lab,15,PP53,,,,,No,No,Melanie,Ward,Female,No,No,5240,Yes,18662,0.1623860000,0.4572450629685892095849463419
3405,19349,E14001183,E12000001,Cramlington and Killingworth,North East,England,County,Social Democratic Party,SDP,Social Democratic Party,SDP,32,PP243,,,,,No,No,Mathew,Wilkinson,Male,No,No,,No,137,,0.0030180200026435211701987047
3405,19350,E14001183,E12000001,Cramlington and Killingworth,North East,England,County,Independent,IND,,,,,,,,,Yes,No,Dawn,Furness,Female,No,No,,No,322,,0.0070934484733665242102480504
3405,19351,E14001183,E12000001,Cramlington and Killingworth,North East,England,County,Independent,IND,,,,,,,,,Yes,No,Scott,Lee,Male,No,No,,No,573,,0.0126228135876988148213420276
3405,19352,E14001183,E12000001,Cramlington and Killingworth,North East,England,County,Liberal Democrat,LD,Liberal Democrat,LD,17,PP90,,,,,No,No,Thom,Campion,Male,No,No,,No,1898,-0.0106100000,0.0418116931753095122703440983
3405,19353,E14001183,E12000001,Cramlington and Killingworth,North East,England,County,Green Party,Green,Green Party,Green,44,PP63,,,,,No,No,Ian,Jones,Male,No,No,,No,2144,0.0224350000,0.0472309115742168568533286337
3405,19354,E14001183,E12000001,Cramlington and Killingworth,North East,England,County,Conservative,Con,Conservative,Con,4,PP52,,,,,No,No,Ian,Levy,Male,Yes,Yes,4749,No,8592,-0.2095840000,0.1892761157862272547032647486
3405,19355,E14001183,E12000001,Cramlington and Killingworth,North East,England,County,Reform UK,RUK,Reform UK,RUK,1036,PP7931,,,,,No,No,Gordon,Fletcher,Male,No,No,,No,9454,0.1280730000,0.2082654095254879499493325109
3405,19356,E14001183,E12000001,Cramlington and Killingworth,North East,England,County,Labour / Co-operative Party,Lab / Co-op,Labour,Lab,15,PP53,Co-operative Party,Co-op,,,No,No,Emma,Foody,Female,No,No,5029,Yes,22274,0.0469510000,0.4906815878750495660219412257
3406,19357,E14001184,E12000008,Crawley,South East,England,Borough,Heritage Party,HPUK,Heritage Party,HPUK,1037,PP12550,,,,,No,No,Dan,Weir,Male,No,No,,No,138,,0.0030235309583278559221769423
3406,19358,E14001184,E12000008,Crawley,South East,England,Borough,Trade Unionist and Socialist Coalition,TUSC,Trade Unionist and Socialist Coalition,TUSC,157,PP804,,,,,No,No,Robin,Burnham,Male,No,No,,No,153,,0.0033521756277113185224135665
3406,19359,E14001184,E12000008,Crawley,South East,England,Borough,Liberal Democrat,LD,Liberal Democrat,LD,17,PP90,,,,,No,No,Lee,Gibbs,Male,No,No,,No,2205,-0.0063600000,0.0483107663993690022347837518
3406,19360,E14001184,E12000008,Crawley,South East,England,Borough,Workers Party of Britain,WPB,Workers Party of Britain,WPB,1042,PP11382,,,,,No,No,Linda,Bamieh,Female,No,No,,No,2407,,0.0527365146137329652513036239
3406,19361,E14001184,E12000008,Crawley,South East,England,Borough,Green Party,Green,Green Party,Green,44,PP63,,,,,No,No,Iain,Dickson,Male,No,No,,No,2621,0.0283460000,0.0574251785636036983480127952
3406,19362,E14001184,E12000008,Crawley,South East,England,Borough,Reform UK,RUK,Reform UK,RUK,1036,PP7931,,,,,No,No,Tim,Charters,Male,No,No,,No,8447,,0.1850707681521405722799176197
3406,19363,E14001184,E12000008,Crawley,South East,England,Borough,Conservative,Con,Conservative,Con,4,PP52,,,,,No,No,Zack,Ali,Male,No,No,,No,12218,-0.2742030000,0.2676920380351430699794049341
3406,19364,E14001184,E12000008,Crawley,South East,England,Borough,Labour,Lab,Labour,Lab,15,PP53,,,,,No,No,Peter,Lamb,Male,No,No,5345,Yes,17453,0.0080330000,0.3823890276499715174619867666
3407,19365,E14001185,E12000002,Crewe and Nantwich,North West,England,County,Official Monster Raving Loony Party,MRLP,Official Monster Raving Loony Party,MRLP,119,PP66,,,,,No,No,Lord Psychobilly,Tractor,Male,No,No,,No,250,,0.0052969468398415153505519419
3407,19366,E14001185,E12000002,Crewe and Nantwich,North West,England,County,Workers Party of Britain,WPB,Workers Party of Britain,WPB,1042,PP11382,,,,,No,No,Phil,Lane,Male,No,No,,No,373,,0.0079030446850435409030234973
3407,19367,E14001185,E12000002,Crewe and Nantwich,North West,England,County,"Putting Crewe First, Independent Residents Group",PCFIRG,"Putting Crewe First, Independent Residents Group",PCFIRG,1077,PP12493,,,,,No,No,Brian,Silvester,Male,No,No,,No,588,,0.0124584189673072441044981673
3407,19368,E14001185,E12000002,Crewe and Nantwich,North West,England,County,Green Party,Green,Green Party,Green,44,PP63,,,,,No,No,Te Ata,Browne,Female,No,No,,No,2151,0.0266290000,0.0455749306099963980761489078
3407,19369,E14001185,E12000002,Crewe and Nantwich,North West,England,County,Liberal Democrat,LD,Liberal Democrat,LD,17,PP90,,,,,No,No,Matthew,Theobald,Male,No,No,,No,2286,-0.0028240000,0.0484352819035108163654469564
3407,19370,E14001185,E12000002,Crewe and Nantwich,North West,England,County,Reform UK,RUK,Reform UK,RUK,1036,PP7931,,,,,No,No,Matt,Wood,Male,No,No,,No,9602,0.1772080000,0.203445134224632921583998983
3407,19371,E14001185,E12000002,Crewe and Nantwich,North West,England,County,Conservative,Con,Conservative,Con,4,PP52,,,,,No,No,Ben,Fletcher,Male,No,No,,No,11110,-0.2728310000,0.2353963175625569421785282963
3407,19372,E14001185,E12000002,Crewe and Nantwich,North West,England,County,Labour,Lab,Labour,Lab,15,PP53,,,,,No,No,Connor,Naismith,Male,No,No,5273,Yes,20837,0.0491280000,0.4414899252071106214378032502
3408,19373,E14001186,E12000007,Croydon East,London,England,Borough,Liberal Democrat,LD,Liberal Democrat,LD,17,PP90,,,,,No,No,Andrew,Pelling,Male,No,Yes,1505,No,3563,0.0153870000,0.0813860526736563192398181777
3408,19374,E14001186,E12000007,Croydon East,London,England,Borough,Green Party,Green,Green Party,Green,44,PP63,,,,,No,No,Peter,Underwood,Male,No,No,,No,4097,0.0703330000,0.093583681673861897256675575
3408,19375,E14001186,E12000007,Croydon East,London,England,Borough,Reform UK,RUK,Reform UK,RUK,1036,PP7931,,,,,No,No,Scott,Holman,Male,No,No,,No,5862,0.1173660000,0.1338998149797848283423559241
3408,19376,E14001186,E12000007,Croydon East,London,England,Borough,Conservative,Con,Conservative,Con,4,PP52,,,,,No,No,Jason,Cummings,Male,No,No,,No,11716,-0.1457800000,0.2676168939445853034559948834
3408,19377,E14001186,E12000007,Croydon East,London,England,Borough,Labour,Lab,Labour,Lab,15,PP53,,,,,No,No,Natasha,Irons,Female,No,No,5119,Yes,18541,-0.0573050000,0.4235135567281116517051554398
3409,19378,E14001187,E12000007,Croydon South,London,England,Borough,Independent,IND,,,,,,,,,Yes,No,Mark,Samuel,Male,No,No,,No,173,,0.0035035845923285673781846166
3409,19379,E14001187,E12000007,Croydon South,London,England,Borough,Workers Party of Britain,WPB,Workers Party of Britain,WPB,1042,PP11382,,,,,No,No,Kulsum,Hussin,Female,No,No,,No,612,,0.0123941836445380533840981814
3409,19380,E14001187,E12000007,Croydon South,London,England,Borough,Green Party,Green,Green Party,Green,44,PP63,,,,,No,No,Elaine,Garrod,Female,No,No,,No,2859,0.0290950000,0.0579002794766900238972821904
3409,19381,E14001187,E12000007,Croydon South,London,England,Borough,Reform UK,RUK,Reform UK,RUK,1036,PP7931,,,,,No,No,Bob,Bromley,Male,No,No,,No,4149,0.0828660000,0.0840252744137065089716067884
3409,19382,E14001187,E12000007,Croydon South,London,England,Borough,Liberal Democrat,LD,Liberal Democrat,LD,17,PP90,,,,,No,No,Richard,Howard,Male,No,No,,No,4384,-0.0464970000,0.0887844789177366438494876261
3409,19383,E14001187,E12000007,Croydon South,London,England,Borough,Labour,Lab,Labour,Lab,15,PP53,,,,,No,No,Ben,Taylor,Male,No,No,,No,17444,0.0719650000,0.3532747377374539268500141764
3409,19384,E14001187,E12000007,Croydon South,London,England,Borough,Conservative,Con,Conservative,Con,4,PP52,,,,,No,No,Chris,Philp,Male,Yes,Yes,4503,Yes,19757,-0.1446420000,0.4001174612175462756693264207
3410,19385,E14001188,E12000007,Croydon West,London,England,Borough,Trade Unionist and Socialist Coalition,TUSC,Trade Unionist and Socialist Coalition,TUSC,157,PP804,,,,,No,No,April,Ashley,Female,No,No,,No,247,,0.0064791983631498872042390221
3410,19386,E14001188,E12000007,Croydon West,London,England,Borough,Taking The Initiative Party,TI,Taking The Initiative Party,TI,1085,PP6615,,,,,No,No,Donna,Murray-Turner,Female,No,No,,No,503,,0.0131944808771837783956770369
3410,19387,E14001188,E12000007,Croydon West,London,England,Borough,Workers Party of Britain,WPB,Workers Party of Britain,WPB,1042,PP11382,,,,,No,No,Ahsan,Ullah,Male,No,No,,No,708,,0.0185719532028749803263207597
3410,19388,E14001188,E12000007,Croydon West,London,England,Borough,Reform UK,RUK,Reform UK,RUK,1036,PP7931,,,,,No,No,Vinayak,Malhotra,Male,No,No,,No,2148,0.0431390000,0.0563454173443156182781595929
3410,19389,E14001188,E12000007,Croydon West,London,England,Borough,Liberal Democrat,LD,Liberal Democrat,LD,17,PP90,,,,,No,No,Jahir,Hussain,Male,No,No,,No,3667,0.0265160000,0.096191175699071402339856251
3410,19390,E14001188,E12000007,Croydon West,London,England,Borough,Green Party,Green,Green Party,Green,44,PP63,,,,,No,No,Ria,Patel,Female,No,No,,No,3851,0.0739080000,0.1010177850060332616337023241
3410,19391,E14001188,E12000007,Croydon West,London,England,Borough,Conservative,Con,Conservative,Con,4,PP52,,,,,No,No,Simon,Fox,Male,No,No,,No,6386,-0.0475860000,0.1675148208383610513614186034
3410,19392,E14001188,E12000007,Croydon West,London,England,Borough,Labour,Lab,Labour,Lab,15,PP53,,,,,No,No,Sarah,Jones,Female,Yes,Yes,4631,Yes,20612,-0.1263940000,0.5406851686690100204606264099
3411,19393,S14000072,S92000003,Cumbernauld and Kirkintilloch,,Scotland,County,Liberal Democrat,LD,Liberal Democrat,LD,17,PP90,,,,,No,No,Adam,Harley,Male,No,No,,No,1294,-0.0242370000,0.0315794611479890667707926591
3411,19394,S14000072,S92000003,Cumbernauld and Kirkintilloch,,Scotland,County,Scottish Green Party,Green,Scottish Green Party,Green,1057,PP130,,,,,No,No,Anne,McCrossan,Female,No,No,,No,1694,0.0389560000,0.0413412729402577118313158922
3411,19395,S14000072,S92000003,Cumbernauld and Kirkintilloch,,Scotland,County,Conservative,Con,Conservative,Con,4,PP52,,,,,No,No,Satbir,Gill,Male,No,No,,No,1939,-0.1029120000,0.0473203826630222569308863725
3411,19396,S14000072,S92000003,Cumbernauld and Kirkintilloch,,Scotland,County,Reform UK,RUK,Reform UK,RUK,1036,PP7931,,,,,No,No,Billy,Ross,Male,No,No,,No,3167,,0.0772891448652869972666926982
3411,19397,S14000072,S92000003,Cumbernauld and Kirkintilloch,,Scotland,County,Scottish National Party,SNP,Scottish National Party,SNP,29,PP102,,,,,No,No,Stuart,McDonald,Male,Yes,Yes,4393,No,14369,-0.1696170000,0.3506686841077704021866458415
3411,19398,S14000072,S92000003,Cumbernauld and Kirkintilloch,,Scotland,County,Labour,Lab,Labour,Lab,15,PP53,,,,,No,No,Katrina,Murray,Female,No,No,5309,Yes,18513,0.1805200000,0.4518010542756735650136665365
3412,19399,E14001189,E12000007,Dagenham and Rainham,London,England,Borough,Independent,IND,,,,,,,,,Yes,No,Terence,London,Male,No,No,,No,755,,0.0194252193377415288033550313
3412,19400,E14001189,E12000007,Dagenham and Rainham,London,England,Borough,Liberal Democrat,LD,Liberal Democrat,LD,17,PP90,,,,,No,No,Francesca,Flack,Female,No,No,,No,1033,-0.0038370000,0.0265778166568039725216764865
3412,19401,E14001189,E12000007,Dagenham and Rainham,London,England,Borough,Green Party,Green,Green Party,Green,44,PP63,,,,,No,No,Kim,Arrowsmith,Male,No,No,,No,4184,0.0923280000,0.1076491625286232536599171534
3412,19402,E14001189,E12000007,Dagenham and Rainham,London,England,Borough,Conservative,Con,Conservative,Con,4,PP52,,,,,No,No,Sam,Holland,Male,No,No,,No,6926,-0.2530170000,0.1781974425605269251550158232
3412,19403,E14001189,E12000007,Dagenham and Rainham,London,England,Borough,Reform UK,RUK,Reform UK,RUK,1036,PP7931,,,,,No,No,Kevin,Godfrey,Male,No,No,,No,9398,0.1755820000,0.2417989554120462088661332236
3412,19404,E14001189,E12000007,Dagenham and Rainham,London,England,Borough,Labour,Lab,Labour,Lab,15,PP53,,,,,No,No,Margaret,Mullane,Female,No,No,5272,Yes,16571,-0.0209120000,0.4263514035042581109939022821
3413,19405,E14001190,E12000001,Darlington,North East,England,County,Liberal Democrat,LD,Liberal Democrat,LD,17,PP90,,,,,No,No,Simon,Thorley,Male,No,No,,No,1735,-0.0052570000,0.0409410543206380669215158809
3413,19406,E14001190,E12000001,Darlington,North East,England,County,Green Party,Green,Green Party,Green,44,PP63,,,,,No,No,Matthew,Snedker,Male,No,No,,No,2847,0.0419980000,0.0671810845249893812827410449
3413,19407,E14001190,E12000001,Darlington,North East,England,County,Reform UK,RUK,Reform UK,RUK,1036,PP7931,,,,,No,No,Michael,Walker,Male,No,No,,No,6852,0.1253170000,0.1616876681296899334560385105
3413,19408,E14001190,E12000001,Darlington,North East,England,County,Conservative,Con,Conservative,Con,4,PP52,,,,,No,No,Peter,Gibson,Male,Yes,Yes,4754,No,14323,-0.1586380000,0.3379819717778092406437302374
3413,19409,E14001190,E12000001,Darlington,North East,England,County,Labour,Lab,Labour,Lab,15,PP53,,,,,No,No,Lola,McEvoy,Female,No,No,5037,Yes,16621,0.0028860000,0.3922082212468733776959743263
3414,19410,E14001191,E12000008,Dartford,South East,England,County,Liberal Democrat,LD,Liberal Democrat,LD,17,PP90,,,,,No,No,Kyle,Marsh,Male,No,No,,No,2184,-0.0208400000,0.0490918899478511059162021219
3414,19411,E14001191,E12000008,Dartford,South East,England,County,Green Party,Green,Green Party,Green,44,PP63,,,,,No,No,Laura,Edie,Female,No,No,,No,3189,0.0476980000,0.0716822513936342384463226038
3414,19412,E14001191,E12000008,Dartford,South East,England,County,Reform UK,RUK,Reform UK,RUK,1036,PP7931,,,,,No,No,Lee,Stranders,Male,No,No,,No,9523,,0.214057723431037583168494875
3414,19413,E14001191,E12000008,Dartford,South East,England,County,Conservative,Con,Conservative,Con,4,PP52,,,,,No,No,Gareth,Johnson,Male,Yes,Yes,3970,No,14200,-0.2920030000,0.3191871965473835641071749685
3414,19414,E14001191,E12000008,Dartford,South East,England,County,Labour,Lab,Labour,Lab,15,PP53,,,,,No,No,Jim,Dickson,Male,No,No,5223,Yes,15392,0.0510880000,0.3459809386800935083618054307
3415,19415,E14001192,E12000004,Daventry,East Midlands,England,County,Green Party,Green,Green Party,Green,44,PP63,,,,,No,No,Clare,Slater,Female,No,No,,No,2959,0.0096730000,0.0557439433329565577785313289
3415,19416,E14001192,E12000004,Daventry,East Midlands,England,County,Liberal Democrat,LD,Liberal Democrat,LD,17,PP90,,,,,No,No,Jonathan,Harris,Male,No,No,,No,6755,-0.0039680000,0.1272559436343770016201348856
3415,19417,E14001192,E12000004,Daventry,East Midlands,England,County,Reform UK,RUK,Reform UK,RUK,1036,PP7931,,,,,No,No,Scott,Cameron,Male,No,No,,No,10636,,0.2003692400437059643570325157
3415,19418,E14001192,E12000004,Daventry,East Midlands,England,County,Labour,Lab,Labour,Lab,15,PP53,,,,,No,No,Marianne,Kimani,Female,No,No,,No,14860,0.1022110000,0.2799442372178893033419991711
3415,19419,E14001192,E12000004,Daventry,East Midlands,England,County,Conservative,Con,Conservative,Con,4,PP52,,,,,No,No,Stuart,Andrew,Male,Yes,Yes,4032,Yes,17872,-0.3082850000,0.3366866357710711729023020986
3416,19420,E14001193,E12000004,Derby North,East Midlands,England,Borough,Liberal Democrat,LD,Liberal Democrat,LD,17,PP90,,,,,No,No,John,Sweeney,Male,No,No,,No,1822,-0.0288510000,0.0445269923507417092304308512
3416,19421,E14001193,E12000004,Derby North,East Midlands,England,Borough,Green Party,Green,Green Party,Green,44,PP63,,,,,No,No,Helen,Hitchcock,Female,No,No,,No,3286,0.0580580000,0.0803049927906351572619076713
3416,19422,E14001193,E12000004,Derby North,East Midlands,England,Borough,Reform UK,RUK,Reform UK,RUK,1036,PP7931,,,,,No,No,Tim,Prosser,Male,No,No,,No,7488,0.1424150000,0.1829956743810943571446027518
3416,19423,E14001193,E12000004,Derby North,East Midlands,England,Borough,Conservative,Con,Conservative,Con,4,PP52,,,,,No,No,Amanda,Solloway,Female,Yes,Yes,4372,No,9704,-0.2150040000,0.2371514455387472812141059166
3416,19424,E14001193,E12000004,Derby North,East Midlands,England,Borough,Labour,Lab,Labour,Lab,15,PP53,,,,,No,No,Catherine,Atkinson,Female,No,No,5143,Yes,18619,0.0568880000,0.4550208949387814951489528092
3417,19425,E14001194,E12000004,Derby South,East Midlands,England,Borough,Independent,IND,,,,,,,,,Yes,No,Zephyr,Tair,Male,No,No,,No,292,,0.0078076953929249445172330811
3417,19426,E14001194,E12000004,Derby South,East Midlands,England,Borough,Liberal Democrat,LD,Liberal Democrat,LD,17,PP90,,,,,No,No,Joe,Naitta,Male,No,No,,No,1807,-0.0134090000,0.0483167999144362148720554026
3417,19427,E14001194,E12000004,Derby South,East Midlands,England,Borough,Green Party,Green,Green Party,Green,44,PP63,,,,,No,No,Sam,Ward,Male,No,No,,No,1899,,0.0507767587368646220487178802
3417,19428,E14001194,E12000004,Derby South,East Midlands,England,Borough,Conservative,Con,Conservative,Con,4,PP52,,,,,No,No,Jamie,Mulhall,Male,No,No,,No,5192,-0.2302320000,0.1388272413700901093612128667
3417,19429,E14001194,E12000004,Derby South,East Midlands,England,Borough,Workers Party of Britain,WPB,Workers Party of Britain,WPB,1042,PP11382,,,,,No,No,Chris,Williamson,Male,No,Yes,3976,No,5205,,0.1391748442471723842883499559
3417,19430,E14001194,E12000004,Derby South,East Midlands,England,Borough,Reform UK,RUK,Reform UK,RUK,1036,PP7931,,,,,No,No,Alan,Graves,Male,No,No,,No,8501,0.1689010000,0.2273055429289553196609535014
3417,19431,E14001194,E12000004,Derby South,East Midlands,England,Borough,Labour / Co-operative Party,Lab / Co-op,Labour,Lab,15,PP53,Co-operative Party,Co-op,,,No,No,Baggy,Shanker,Male,No,No,5176,Yes,14503,-0.1230190000,0.3877911174095564052514773122
3418,19432,E14001195,E12000004,Derbyshire Dales,East Midlands,England,County,1 & Fair Party,TFB,1 & Fair Party,TFB,1059,PP12922,,,,,No,No,Helen,Wetherall,Female,No,No,,No,317,,0.0061827118115150569511624278
3418,19433,E14001195,E12000004,Derbyshire Dales,East Midlands,England,County,Independent,IND,,,,,,,,,Yes,No,Rachel,Elnaugh-Love,Female,No,No,,No,369,,0.0071969105944765173974098923
3418,19434,E14001195,E12000004,Derbyshire Dales,East Midlands,England,County,Green Party,Green,Green Party,Green,44,PP63,,,,,No,No,Kelda,Boothroyd,Female,No,No,,No,2830,0.0142720000,0.0551958183804025589015447028
3418,19435,E14001195,E12000004,Derbyshire Dales,East Midlands,England,County,Liberal Democrat,LD,Liberal Democrat,LD,17,PP90,,,,,No,No,Robert,Court,Male,No,No,,No,4860,-0.0327840000,0.0947885785613980340146668747
3418,19436,E14001195,E12000004,Derbyshire Dales,East Midlands,England,County,Reform UK,RUK,Reform UK,RUK,1036,PP7931,,,,,No,No,Edward,Oakenfull,Male,No,No,,No,7728,,0.1507255422062724293961616477
3418,19437,E14001195,E12000004,Derbyshire Dales,East Midlands,England,County,Conservative,Con,Conservative,Con,4,PP52,,,,,No,No,Sarah,Dines,Female,Yes,Yes,4816,No,17409,-0.2504820000,0.3395420502418474020908097987
3418,19438,E14001195,E12000004,Derbyshire Dales,East Midlands,England,County,Labour,Lab,Labour,Lab,15,PP53,,,,,No,No,John,Whitby,Male,No,No,5342,Yes,17759,0.1048890000,0.346368388204088001248244656
3419,19439,E14001196,E12000003,Dewsbury and Batley,Yorkshire and The Humber,England,Borough,Liberal Democrat,LD,Liberal Democrat,LD,17,PP90,,,,,No,No,John,Rossington,Male,No,No,,No,1340,0.0101230000,0.0351983188862621486734961912
3419,19440,E14001196,E12000003,Dewsbury and Batley,Yorkshire and The Humber,England,Borough,Green Party,Green,Green Party,Green,44,PP63,,,,,No,No,Simon,Cope,Male,No,No,,No,2048,0.0426900000,0.053795639611242448121880746
3419,19441,E14001196,E12000003,Dewsbury and Batley,Yorkshire and The Humber,England,Borough,Conservative,Con,Conservative,Con,4,PP52,,,,,No,No,Lalit,Suryawanshi,Male,No,No,,No,4182,-0.1771720000,0.1098502758077226162332545311
3419,19442,E14001196,E12000003,Dewsbury and Batley,Yorkshire and The Humber,England,Borough,Reform UK,RUK,Reform UK,RUK,1036,PP7931,,,,,No,No,Johnathan,Thackray,Male,No,No,,No,6152,0.1276500000,0.1615970580509587601786183346
3419,19443,E14001196,E12000003,Dewsbury and Batley,Yorkshire and The Humber,England,Borough,Labour,Lab,Labour,Lab,15,PP53,,,,,No,No,Heather,Iqbal,Female,No,No,,No,8707,-0.3621880000,0.2287102705542421854478592067
3419,19444,E14001196,E12000003,Dewsbury and Batley,Yorkshire and The Humber,England,Borough,Independent,IND,,,,,,,,,Yes,No,Iqbal,Mohamed,Male,No,No,5268,Yes,15641,,0.4108484370895718413448909903
3420,19445,E14001197,E12000008,Didcot and Wantage,South East,England,County,Social Democratic Party,SDP,Social Democratic Party,SDP,32,PP243,,,,,No,No,Kyn,Pomlett,Male,No,No,,No,242,,0.004421464198929347925383224
3420,19446,E14001197,E12000008,Didcot and Wantage,South East,England,County,Green Party,Green,Green Party,Green,44,PP63,,,,,No,No,Sam,Casey-Rerhaye,Female,No,No,,No,2693,0.0423940000,0.0492024920980030329051943069
3420,19447,E14001197,E12000008,Didcot and Wantage,South East,England,County,Reform UK,RUK,Reform UK,RUK,1036,PP7931,,,,,No,No,Steve,Beatty,Male,No,No,,No,6400,,0.1169312845997844079440191475
3420,19448,E14001197,E12000008,Didcot and Wantage,South East,England,County,Labour,Lab,Labour,Lab,15,PP53,,,,,No,No,Mocky,Khan,Male,No,No,,No,8045,-0.0132460000,0.146986278844572744048380319
3420,19449,E14001197,E12000008,Didcot and Wantage,South East,England,County,Conservative,Con,Conservative,Con,4,PP52,,,,,No,No,David,Johnston,Male,Yes,Yes,4761,No,15560,-0.2133560000,0.2842891856832258418138965524
3420,19450,E14001197,E12000008,Didcot and Wantage,South East,England,County,Liberal Democrat,LD,Liberal Democrat,LD,17,PP90,,,,,No,No,Olly,Glover,Male,No,No,5318,Yes,21793,0.0849540000,0.3981692945754846253631264502
3421,19451,E14001198,E12000003,Doncaster Central,Yorkshire and The Humber,England,County,The Yorkshire Party,Yrks,The Yorkshire Party,Yrks,262,PP2055,,,,,No,No,Andrew,Walmsley,Male,No,No,,No,742,,0.0195551338815095930845456462
3421,19452,E14001198,E12000003,Doncaster Central,Yorkshire and The Humber,England,County,Workers Party of Britain,WPB,Workers Party of Britain,WPB,1042,PP11382,,,,,No,No,Tosh,McDonald,Male,No,No,,No,758,,0.0199768079274720640944549863
3421,19453,E14001198,E12000003,Doncaster Central,Yorkshire and The Humber,England,County,Liberal Democrat,LD,Liberal Democrat,LD,17,PP90,,,,,No,No,Greg,Ruback,Male,No,No,,No,1199,-0.0093190000,0.0315991988193126713050811723
3421,19454,E14001198,E12000003,Doncaster Central,Yorkshire and The Humber,England,County,Green Party,Green,Green Party,Green,44,PP63,,,,,No,No,Jennifer,Rozenfelds,Female,No,No,,No,1880,0.0270030000,0.0495467004005903436643474594
3421,19455,E14001198,E12000003,Doncaster Central,Yorkshire and The Humber,England,County,Reform UK,RUK,Reform UK,RUK,1036,PP7931,,,,,No,No,Surjit,Duhre,Male,No,No,,No,7886,0.0520440000,0.207832595403752899009065992
3421,19456,E14001198,E12000003,Doncaster Central,Yorkshire and The Humber,England,County,Conservative,Con,Conservative,Con,4,PP52,,,,,No,No,Nick,Allen,Male,No,No,,No,7964,-0.1561390000,0.2098882563778199451823740249
3421,19457,E14001198,E12000003,Doncaster Central,Yorkshire and The Humber,England,County,Labour / Co-operative Party,Lab / Co-op,Labour,Lab,15,PP53,Co-operative Party,Co-op,,,No,No,Sally,Jameson,Female,No,No,5178,Yes,17515,0.0679690000,0.461601307189542483660130719
3422,19458,E14001199,E12000003,Doncaster East and the Isle of Axholme,Yorkshire and The Humber,England,County,Climate Party,Cli,Climate Party,Cli,1053,PP12958,,,,,No,No,Michael,Longfellow,Male,No,No,,No,146,,0.0037309618726362056628845957
3422,19459,E14001199,E12000003,Doncaster East and the Isle of Axholme,Yorkshire and The Humber,England,County,Liberal Democrat,LD,Liberal Democrat,LD,17,PP90,,,,,No,No,Nicola,Turner,Female,No,No,,No,1166,-0.0145820000,0.0297965859143412041296125933
3422,19460,E14001199,E12000003,Doncaster East and the Isle of Axholme,Yorkshire and The Humber,England,County,Green Party,Green,Green Party,Green,44,PP63,,,,,No,No,Paul,Garrett,Male,No,No,,No,1400,0.0122180000,0.0357763467239088214249207809
3422,19461,E14001199,E12000003,Doncaster East and the Isle of Axholme,Yorkshire and The Humber,England,County,Reform UK,RUK,Reform UK,RUK,1036,PP7931,,,,,No,No,Irwen,Martin,Male,No,No,,No,8487,0.1135480000,0.2168813247470101195952161914
3422,19462,E14001199,E12000003,Doncaster East and the Isle of Axholme,Yorkshire and The Humber,England,County,Conservative,Con,Conservative,Con,4,PP52,,,,,No,No,Nick,Fletcher,Male,Yes,Yes,4832,No,12811,-0.1939280000,0.3273791270571399366247572319
3422,19463,E14001199,E12000003,Doncaster East and the Isle of Axholme,Yorkshire and The Humber,England,County,Labour,Lab,Labour,Lab,15,PP53,,,,,No,No,Lee,Pitcher,Male,No,No,5233,Yes,15122,0.0992060000,0.3864356536849637125626086068
3423,19464,E14001200,E12000003,Doncaster North,Yorkshire and The Humber,England,County,Trade Unionist and Socialist Coalition,TUSC,Trade Unionist and Socialist Coalition,TUSC,157,PP804,,,,,No,No,Andy,Hiles,Male,No,No,,No,212,,0.0068382684988065286110573511
3423,19465,E14001200,E12000003,Doncaster North,Yorkshire and The Humber,England,County,Party of Women,POW,Party of Women,POW,1102,PP17545,,,,,No,No,Catherine,Briggs,Female,No,No,,No,452,,0.0145797045351912779820656732
3423,19466,E14001200,E12000003,Doncaster North,Yorkshire and The Humber,England,County,Liberal Democrat,LD,Liberal Democrat,LD,17,PP90,,,,,No,No,Jonathan,Harston,Male,No,No,,No,1045,-0.0023790000,0.0337075027417585962195987356
3423,19467,E14001200,E12000003,Doncaster North,Yorkshire and The Humber,England,County,The Yorkshire Party,Yrks,The Yorkshire Party,Yrks,262,PP2055,,,,,No,No,Christopher,Dawson,Male,No,No,,No,1059,,0.034159086510547706599574221
3423,19468,E14001200,E12000003,Doncaster North,Yorkshire and The Humber,England,County,British Democratic Party,BDP,British Democratic Party,BDP,200,PP1765,,,,,No,No,Frank,Calladine,Male,No,No,,No,1160,,0.0374169408425262886265402232
3423,19469,E14001200,E12000003,Doncaster North,Yorkshire and The Humber,England,County,Green Party,Green,Green Party,Green,44,PP63,,,,,No,No,Tony,Nicholson,Male,No,No,,No,1778,0.0569020000,0.0573511386362170182568866525
3423,19470,E14001200,E12000003,Doncaster North,Yorkshire and The Humber,England,County,Social Democratic Party,SDP,Social Democratic Party,SDP,32,PP243,,,,,No,No,Dave,Bettney,Male,No,No,,No,1960,,0.0632217276304754531965679634
3423,19471,E14001200,E12000003,Doncaster North,Yorkshire and The Humber,England,County,Conservative,Con,Conservative,Con,4,PP52,,,,,No,No,Glenn,Bluff,Male,No,No,,No,7105,-0.1023910000,0.2291787626604735178375588672
3423,19472,E14001200,E12000003,Doncaster North,Yorkshire and The Humber,England,County,Labour,Lab,Labour,Lab,15,PP53,,,,,No,No,Ed,Miliband,Male,Yes,Yes,1510,Yes,16231,0.1403180000,0.5235468679440036126701503129
3424,19473,E14001201,E12000008,Dorking and Horley,South East,England,County,Green Party,Green,Green Party,Green,44,PP63,,,,,No,No,Lisa,Scott,Female,No,No,,No,2563,0.0090540000,0.0512959071349944961473031122
3424,19474,E14001201,E12000008,Dorking and Horley,South East,England,County,Labour,Lab,Labour,Lab,15,PP53,,,,,No,No,Nadia,Burrell,Female,No,No,,No,4053,-0.0182500000,0.0811167817472230561392975083
3424,19475,E14001201,E12000008,Dorking and Horley,South East,England,County,Reform UK,RUK,Reform UK,RUK,1036,PP7931,,,,,No,No,Craig,Young,Male,No,No,,No,6898,,0.1380566396477534273991794256
3424,19476,E14001201,E12000008,Dorking and Horley,South East,England,County,Conservative,Con,Conservative,Con,4,PP52,,,,,No,No,Marisa,Heath,Female,No,No,,No,15530,-0.2008440000,0.3108175723006104272991093766
3424,19477,E14001201,E12000008,Dorking and Horley,South East,England,County,Liberal Democrat,LD,Liberal Democrat,LD,17,PP90,,,,,No,No,Chris,Coghlan,Male,No,No,5198,Yes,20921,0.0975460000,0.4187130991694185930151105774
3425,19478,E14001202,E12000008,Dover and Deal,South East,England,County,Workers Party of Britain,WPB,Workers Party of Britain,WPB,1042,PP11382,,,,,No,No,Colin,Tasker,Male,No,No,,No,98,,0.0020512820512820512820512821
3425,19479,E14001202,E12000008,Dover and Deal,South East,England,County,Independent,IND,,,,,,,,,Yes,No,Chris,Tough,Male,No,No,,No,104,,0.0021768707482993197278911565
3425,19480,E14001202,E12000008,Dover and Deal,South East,England,County,Heritage Party,HPUK,Heritage Party,HPUK,1037,PP12550,,,,,No,No,Sylvia,Petersen,Female,No,No,,No,168,,0.0035164835164835164835164835
3425,19481,E14001202,E12000008,Dover and Deal,South East,England,County,English Democrats,ED,English Democrats,ED,90,PP17,,,,,No,No,Steve,Laws,Male,No,No,,No,185,,0.003872318158032443746729461
3425,19482,E14001202,E12000008,Dover and Deal,South East,England,County,Independent,IND,,,,,,,,,Yes,No,Ash,Payne,Male,No,No,,No,369,,0.0077237048665620094191522763
3425,19483,E14001202,E12000008,Dover and Deal,South East,England,County,Independent,IND,,,,,,,,,Yes,No,Geoffrey,Lymer,Male,No,No,,No,485,,0.0101517530088958660387231816
3425,19484,E14001202,E12000008,Dover and Deal,South East,England,County,Liberal Democrat,LD,Liberal Democrat,LD,17,PP90,,,,,No,No,Penelope,James,Female,No,No,,No,2595,-0.0028540000,0.0543171114599686028257456829
3425,19485,E14001202,E12000008,Dover and Deal,South East,England,County,Green Party,Green,Green Party,Green,44,PP63,,,,,No,No,Christine,Oliver,Female,No,No,,No,3106,0.0375900000,0.0650130821559392987964416536
3425,19486,E14001202,E12000008,Dover and Deal,South East,England,County,Conservative,Con,Conservative,Con,4,PP52,,,,,No,No,Stephen,James,Male,No,No,,No,10370,-0.3516660000,0.2170591313448456305599162742
3425,19487,E14001202,E12000008,Dover and Deal,South East,England,County,Reform UK,RUK,Reform UK,RUK,1036,PP7931,,,,,No,No,Howard,Cox,Male,No,No,,No,11355,,0.2376766091051805337519623234
3425,19488,E14001202,E12000008,Dover and Deal,South East,England,County,Labour,Lab,Labour,Lab,15,PP53,,,,,No,No,Mike,Tapp,Male,No,No,5266,Yes,18940,0.0703290000,0.396441653584510727367870225
3426,19489,E14001203,E12000005,Droitwich and Evesham,West Midlands,England,County,Social Democratic Party,SDP,Social Democratic Party,SDP,32,PP243,,,,,No,No,Andrew,Flaxman,Male,No,No,,No,239,,0.0048176742123405027313592292
3426,19490,E14001203,E12000005,Droitwich and Evesham,West Midlands,England,County,Green Party,Green,Green Party,Green,44,PP63,,,,,No,No,Neil,Franks,Male,No,No,,No,3828,0.0370410000,0.0771634179281985123667076539
3426,19491,E14001203,E12000005,Droitwich and Evesham,West Midlands,England,County,Liberal Democrat,LD,Liberal Democrat,LD,17,PP90,,,,,No,No,Oliver,Walker,Male,No,No,,No,5131,-0.0169000000,0.1034288133201636799774234514
3426,19492,E14001203,E12000005,Droitwich and Evesham,West Midlands,England,County,Reform UK,RUK,Reform UK,RUK,1036,PP7931,,,,,No,No,Sam,Bastow,Male,No,No,,No,9456,,0.1906105746941079239654095023
3426,19493,E14001203,E12000005,Droitwich and Evesham,West Midlands,England,County,Labour,Lab,Labour,Lab,15,PP53,,,,,No,No,Chippie,Kalebe-Nyamongo,Female,No,No,,No,10980,0.0508400000,0.2213308069100364853151645871
3426,19494,E14001203,E12000005,Droitwich and Evesham,West Midlands,England,County,Conservative,Con,Conservative,Con,4,PP52,,,,,No,No,Nigel,Huddleston,Male,Yes,Yes,4407,Yes,19975,-0.2543010000,0.4026487129351528956439355762
3427,19495,E14001204,E12000005,Dudley,West Midlands,England,Borough,Independent,IND,,,,,,,,,Yes,No,Dharmanand,Mortha,Male,No,No,,No,136,,0.003799307185160353112079562
3427,19496,E14001204,E12000005,Dudley,West Midlands,England,Borough,Workers Party of Britain,WPB,Workers Party of Britain,WPB,1042,PP11382,,,,,No,No,Aftab,Hussain,Male,No,No,,No,621,,0.0173483070734160241367750587
3427,19497,E14001204,E12000005,Dudley,West Midlands,England,Borough,Independent,IND,,,,,,,,,Yes,No,Shakeela,Bibi,Female,No,No,,No,857,,0.0239412224829589898312660632
3427,19498,E14001204,E12000005,Dudley,West Midlands,England,Borough,Liberal Democrat,LD,Liberal Democrat,LD,17,PP90,,,,,No,No,Ian,Flynn,Male,No,No,,No,1056,-0.0083930000,0.0295005028494803888702648341
3427,19499,E14001204,E12000005,Dudley,West Midlands,England,Borough,Green Party,Green,Green Party,Green,44,PP63,,,,,No,No,Zia,Qari,Male,No,No,,No,1154,0.0109940000,0.0322382389093753492010280478
3427,19500,E14001204,E12000005,Dudley,West Midlands,England,Borough,Reform UK,RUK,Reform UK,RUK,1036,PP7931,,,,,No,No,Andrew,Southall,Male,No,No,,No,9442,,0.2637724885462062800312884121
3427,19501,E14001204,E12000005,Dudley,West Midlands,England,Borough,Conservative,Con,Conservative,Con,4,PP52,,,,,No,No,Marco,Longhi,Male,Yes,Yes,4789,No,10315,-0.3434230000,0.2881606883450664878757403062
3427,19502,E14001204,E12000005,Dudley,West Midlands,England,Borough,Labour,Lab,Labour,Lab,15,PP53,,,,,No,No,Sonia,Kumar,Female,No,No,5274,Yes,12215,0.0319600000,0.3412392446083361269415577159
3428,19503,E14001205,E12000007,Dulwich and West Norwood,London,England,Borough,Independent,IND,,,,,,,,,Yes,No,Mike,Spenser,Male,No,No,,No,296,,0.0065229847062453171140200097
3428,19504,E14001205,E12000007,Dulwich and West Norwood,London,England,Borough,Reform UK,RUK,Reform UK,RUK,1036,PP7931,,,,,No,No,Gary,Stevens,Male,No,No,,No,1801,0.0288450000,0.0396888359998237031160474239
3428,19505,E14001205,E12000007,Dulwich and West Norwood,London,England,Borough,Liberal Democrat,LD,Liberal Democrat,LD,17,PP90,,,,,No,No,Donna,Harris,Female,No,No,,No,3485,0.0671620000,0.0767993300718409802106747763
3428,19506,E14001205,E12000007,Dulwich and West Norwood,London,England,Borough,Conservative,Con,Conservative,Con,4,PP52,,,,,No,No,Leon,Cook,Male,No,No,,No,3873,-0.0810680000,0.0853497289435409229141874917
3428,19507,E14001205,E12000007,Dulwich and West Norwood,London,England,Borough,Green Party,Green,Green Party,Green,44,PP63,,,,,No,No,Pete,Elliott,Male,No,No,,No,8567,0.0264170000,0.1887919256027149720128696725
3428,19508,E14001205,E12000007,Dulwich and West Norwood,London,England,Borough,Labour,Lab,Labour,Lab,15,PP53,,,,,No,No,Helen,Hayes,Female,Yes,Yes,4510,Yes,27356,-0.0418440000,0.6028471946758341046322006259
3429,19509,S14000073,S92000003,Dumfries and Galloway,,Scotland,County,Heritage Party,HPUK,Heritage Party,HPUK,1037,PP12550,,,,,No,No,David,Griffiths,Male,No,No,,No,230,,0.0050245767340251228836701256
3429,19510,S14000073,S92000003,Dumfries and Galloway,,Scotland,County,Scottish Green Party,Green,Scottish Green Party,Green,1057,PP130,,,,,No,No,Laura,Moodie,Female,No,No,,No,1249,,0.0272856362643364281813216821
3429,19511,S14000073,S92000003,Dumfries and Galloway,,Scotland,County,Liberal Democrat,LD,Liberal Democrat,LD,17,PP90,,,,,No,No,Iain,McDonald,Male,No,No,,No,2092,-0.0140120000,0.0457018022938285090114691425
3429,19512,S14000073,S92000003,Dumfries and Galloway,,Scotland,County,Reform UK,RUK,Reform UK,RUK,1036,PP7931,,,,,No,No,Charles,Keal,Male,No,No,,No,4313,,0.0942217367558711086837793555
3429,19513,S14000073,S92000003,Dumfries and Galloway,,Scotland,County,Labour,Lab,Labour,Lab,15,PP53,,,,,No,No,James,Wallace,Male,No,No,,No,11767,0.1632900000,0.2570617149098853085745494265
3429,19514,S14000073,S92000003,Dumfries and Galloway,,Scotland,County,Scottish National Party,SNP,Scottish National Party,SNP,29,PP102,,,,,No,No,Tracey,Little,Female,No,No,,No,12597,-0.1332440000,0.2751938831239759694156198798
3429,19515,S14000073,S92000003,Dumfries and Galloway,,Scotland,County,Conservative,Con,Conservative,Con,4,PP52,,,,,No,No,John,Cooper,Male,No,No,5358,Yes,13527,-0.1425660000,0.2955106499180775532495903878
3430,19516,S14000074,S92000003,"Dumfriesshire, Clydesdale and Tweeddale",,Scotland,County,Scottish Family Party,SFP,Scottish Family Party,SFP,1016,PP6380,,,,,No,No,Gareth,Kirk,Male,No,No,,No,208,,0.0047043922739403808748360248
3430,19517,S14000074,S92000003,"Dumfriesshire, Clydesdale and Tweeddale",,Scotland,County,Scottish Green Party,Green,Scottish Green Party,Green,1057,PP130,,,,,No,No,Dominic,Ashmole,Male,No,No,,No,1488,,0.0336544985751119554892115619
3430,19518,S14000074,S92000003,"Dumfriesshire, Clydesdale and Tweeddale",,Scotland,County,Liberal Democrat,LD,Liberal Democrat,LD,17,PP90,,,,,No,No,Drummond,Begg,Male,No,No,,No,2800,-0.0096240000,0.0633283575338128194689464875
3430,19519,S14000074,S92000003,"Dumfriesshire, Clydesdale and Tweeddale",,Scotland,County,Reform UK,RUK,Reform UK,RUK,1036,PP7931,,,,,No,No,David,Kirkwood,Male,No,No,,No,3822,,0.0864432080336544985751119555
3430,19520,S14000074,S92000003,"Dumfriesshire, Clydesdale and Tweeddale",,Scotland,County,Labour,Lab,Labour,Lab,15,PP53,,,,,No,No,Daniel,Coleman,Male,No,No,,No,10140,0.1463660000,0.2293391233545935676482562084
3430,19521,S14000074,S92000003,"Dumfriesshire, Clydesdale and Tweeddale",,Scotland,County,Scottish National Party,SNP,Scottish National Party,SNP,29,PP102,,,,,No,No,Kim,Marshall,Female,No,No,,No,10757,-0.1361270000,0.2432939792825801782240919166
3430,19522,S14000074,S92000003,"Dumfriesshire, Clydesdale and Tweeddale",,Scotland,County,Conservative,Con,Conservative,Con,4,PP52,,,,,No,No,David,Mundell,Male,Yes,Yes,1512,Yes,14999,-0.1254170000,0.3392364409463065997195458452
3431,19523,S14000075,S92000003,Dundee Central,,Scotland,Burgh,Independent,IND,,,,,,,,,Yes,No,Niko,Omilana,Male,No,No,,No,139,,0.0035780477759472817133443163
3431,19524,S14000075,S92000003,Dundee Central,,Scotland,Burgh,Workers Party of Britain,WPB,Workers Party of Britain,WPB,1042,PP11382,,,,,No,No,Raymond,Mennie,Male,No,No,,No,192,,0.0049423393739703459637561779
3431,19525,S14000075,S92000003,Dundee Central,,Scotland,Burgh,Scottish Family Party,SFP,Scottish Family Party,SFP,1016,PP6380,,,,,No,No,Susan,Ettle,Female,No,No,,No,357,,0.0091896622734761120263591433
3431,19526,S14000075,S92000003,Dundee Central,,Scotland,Burgh,Trade Unionist and Socialist Coalition,TUSC,Trade Unionist and Socialist Coalition,TUSC,157,PP804,,,,,No,No,Jim,McFarlane,Male,No,No,,No,600,,0.015444810543657331136738056
3431,19527,S14000075,S92000003,Dundee Central,,Scotland,Burgh,Alba Party,Alba,Alba Party,Alba,1034,PP12700,,,,,No,No,Alan,Ross,Male,No,No,,No,813,,0.0209277182866556836902800659
3431,19528,S14000075,S92000003,Dundee Central,,Scotland,Burgh,Conservative,Con,Conservative,Con,4,PP52,,,,,No,No,Emma,Farquhar,Female,No,No,,No,1569,-0.0702420000,0.0403881795716639209225700165
3431,19529,S14000075,S92000003,Dundee Central,,Scotland,Burgh,Reform UK,RUK,Reform UK,RUK,1036,PP7931,,,,,No,No,Vicky,McCann,Female,No,No,,No,2363,0.0352970000,0.0608268121911037891268533773
3431,19530,S14000075,S92000003,Dundee Central,,Scotland,Burgh,Liberal Democrat,LD,Liberal Democrat,LD,17,PP90,,,,,No,No,Daniel,Coleman,Male,No,No,,No,2402,0.0063980000,0.0618307248764415156507413509
3431,19531,S14000075,S92000003,Dundee Central,,Scotland,Burgh,Labour / Co-operative Party,Lab / Co-op,Labour,Lab,15,PP53,Co-operative Party,Co-op,,,No,No,Richard,McCready,Male,No,No,,No,14869,0.1442540000,0.3827481466227347611202635914
3431,19532,S14000075,S92000003,Dundee Central,,Scotland,Burgh,Scottish National Party,SNP,Scottish National Party,SNP,29,PP102,,,,,No,No,Chris,Law,Male,Yes,Yes,4403,Yes,15544,-0.1646450000,0.4001235584843492586490939044
3432,19533,S14000076,S92000003,Dunfermline and Dollar,,Scotland,County,Independent,IND,,,,,,,,,Yes,No,George,Morton,Male,No,No,,No,88,,0.001975885219031367177852123
3432,19534,S14000076,S92000003,Dunfermline and Dollar,,Scotland,County,Scottish Family Party,SFP,Scottish Family Party,SFP,1016,PP6380,,,,,No,No,Danny,Smith,Male,No,No,,No,251,,0.0056357635224644677459191234
3432,19535,S14000076,S92000003,Dunfermline and Dollar,,Scotland,County,Independent,IND,,,,,,,,,Yes,No,Graham,Hadley,Male,No,No,,No,324,,0.0072748501246154882457282709
3432,19536,S14000076,S92000003,Dunfermline and Dollar,,Scotland,County,Scottish Green Party,Green,Scottish Green Party,Green,1057,PP130,,,,,No,No,Ryan,Blackadder,Male,No,No,,No,2078,0.0243420000,0.0466578350584906931315535398
3432,19537,S14000076,S92000003,Dunfermline and Dollar,,Scotland,County,Reform UK,RUK,Reform UK,RUK,1036,PP7931,,,,,No,No,Udo,van den Brock,Male,No,No,,No,2887,0.0648020000,0.0648225071289040573006713519
3432,19538,S14000076,S92000003,Dunfermline and Dollar,,Scotland,County,Liberal Democrat,LD,Liberal Democrat,LD,17,PP90,,,,,No,No,Lauren,Buchanan-Quigley,Female,No,No,,No,3181,-0.0130080000,0.0714237600197588521903136718
3432,19539,S14000076,S92000003,Dunfermline and Dollar,,Scotland,County,Conservative,Con,Conservative,Con,4,PP52,,,,,No,No,Thomas,Heald,Male,No,No,,No,3297,-0.1404760000,0.0740283359903001998338460157
3432,19540,S14000076,S92000003,Dunfermline and Dollar,,Scotland,County,Scottish National Party,SNP,Scottish National Party,SNP,29,PP102,,,,,No,No,Naz,Anis-Miah,Male,No,No,,No,12095,-0.1713820000,0.271571951411186204728652581
3432,19541,S14000076,S92000003,Dunfermline and Dollar,,Scotland,County,Labour,Lab,Labour,Lab,15,PP53,,,,,No,No,Graeme,Downie,Male,No,No,5275,Yes,20336,0.2208370000,0.4566091115252486696454633226
3433,19542,E14001206,E12000006,Dunstable and Leighton Buzzard,East of England,England,County,English Democrats,ED,English Democrats,ED,90,PP17,,,,,No,No,Antonio,Vitiello,Male,No,No,,No,77,,0.0016722771202084916929091107
3433,19543,E14001206,E12000006,Dunstable and Leighton Buzzard,East of England,England,County,Green Party,Green,Green Party,Green,44,PP63,,,,,No,No,Sukhinder,Hundal,Male,No,No,,No,2115,0.0093890000,0.0459333260940384406558801173
3433,19544,E14001206,E12000006,Dunstable and Leighton Buzzard,East of England,England,County,Liberal Democrat,LD,Liberal Democrat,LD,17,PP90,,,,,No,No,Emma,Holland-Lindsay,Female,No,No,,No,6497,0.0331670000,0.1411010967531762406341622326
3433,19545,E14001206,E12000006,Dunstable and Leighton Buzzard,East of England,England,County,Reform UK,RUK,Reform UK,RUK,1036,PP7931,,,,,No,No,Harry,Palmer,Male,No,No,,No,8071,,0.1752850472363991747203822348
3433,19546,E14001206,E12000006,Dunstable and Leighton Buzzard,East of England,England,County,Conservative,Con,Conservative,Con,4,PP52,,,,,No,No,Andrew,Selous,Male,Yes,Yes,1453,No,14309,-0.2763740000,0.3107612118579650342056683679
3433,19547,E14001206,E12000006,Dunstable and Leighton Buzzard,East of England,England,County,Labour,Lab,Labour,Lab,15,PP53,,,,,No,No,Alex,Mayer,Female,No,No,5141,Yes,14976,0.0568610000,0.3252470409382126180909979368
3434,19548,W07000096,W92000004,Dwyfor Meirionnydd,,Wales,County,Heritage Party,HPUK,Heritage Party,HPUK,1037,PP12550,,,,,No,No,Joan,Ginsberg,Female,No,No,,No,297,,0.0073523950984032677311548459
3434,19549,W07000096,W92000004,Dwyfor Meirionnydd,,Wales,County,Liberal Democrat,LD,Liberal Democrat,LD,17,PP90,,,,,No,No,Phoebe,Jenkins,Female,No,No,,No,1381,0.0326240000,0.0341873994306226018071543508
3434,19550,W07000096,W92000004,Dwyfor Meirionnydd,,Wales,County,Green Party,Green,Green Party,Green,44,PP63,,,,,No,No,Karl,Drinkwater,Male,No,No,,No,1448,,0.0358460205470974130461690803
3434,19551,W07000096,W92000004,Dwyfor Meirionnydd,,Wales,County,Conservative,Con,Conservative,Con,4,PP52,,,,,No,No,Tomos,Day,Male,No,No,,No,4712,-0.1452390000,0.1166481000123777695259314272
3434,19552,W07000096,W92000004,Dwyfor Meirionnydd,,Wales,County,Reform UK,RUK,Reform UK,RUK,1036,PP7931,,,,,No,No,Lucy,Murphy,Female,No,No,,No,4857,0.0696030000,0.1202376531748978834014110657
3434,19553,W07000096,W92000004,Dwyfor Meirionnydd,,Wales,County,Labour,Lab,Labour,Lab,15,PP53,,,,,No,No,Joanna,Stallard,Female,No,No,,No,5912,-0.0820980000,0.1463547468746131947023146429
3434,19554,W07000096,W92000004,Dwyfor Meirionnydd,,Wales,County,Plaid Cymru,PC,Plaid Cymru,PC,22,PP77,,,,,No,No,Liz,Saville Roberts,Female,Yes,Yes,4521,Yes,21788,0.0819130000,0.5393736848619878697858645872
3435,19555,E14001207,E12000007,Ealing Central and Acton,London,England,Borough,Independent,IND,,,,,,,,,Yes,No,Julie,Carter,Female,No,No,,No,303,,0.0063430258117188971927400615
3435,19556,E14001207,E12000007,Ealing Central and Acton,London,England,Borough,Social Democratic Party,SDP,Social Democratic Party,SDP,32,PP243,,,,,No,No,Stephen,Balogh,Male,No,No,,No,410,,0.0085829722204777156733446377
3435,19557,E14001207,E12000007,Ealing Central and Acton,London,England,Borough,Workers Party of Britain,WPB,Workers Party of Britain,WPB,1042,PP11382,,,,,No,No,Nada,Jarche,Female,No,No,,No,1766,,0.0369695827838137704368942201
3435,19558,E14001207,E12000007,Ealing Central and Acton,London,England,Borough,Reform UK,RUK,Reform UK,RUK,1036,PP7931,,,,,No,No,Felix,Orrell,Male,No,No,,No,3105,0.0514110000,0.0650003140111787979652075614
3435,19559,E14001207,E12000007,Ealing Central and Acton,London,England,Borough,Green Party,Green,Green Party,Green,44,PP63,,,,,No,No,Kate,Crossland,Female,No,No,,No,5444,0.0801250000,0.1139651238250748393309468484
3435,19560,E14001207,E12000007,Ealing Central and Acton,London,England,Borough,Liberal Democrat,LD,Liberal Democrat,LD,17,PP90,,,,,No,No,Alastair,Mitton,Male,No,No,,No,6056,-0.0466870000,0.1267767799200318197994515271
3435,19561,E14001207,E12000007,Ealing Central and Acton,London,England,Borough,Conservative,Con,Conservative,Con,4,PP52,,,,,No,No,James,Windsor-Clive,Male,No,No,,No,8345,-0.0814910000,0.1746948858046013104733195168
3435,19562,E14001207,E12000007,Ealing Central and Acton,London,England,Borough,Labour,Lab,Labour,Lab,15,PP53,,,,,No,No,Rupa,Huq,Female,Yes,Yes,4511,Yes,22340,-0.0552540000,0.4676673156231028491280956269
3436,19563,E14001208,E12000007,Ealing North,London,England,Borough,Social Democratic Party,SDP,Social Democratic Party,SDP,32,PP243,,,,,No,No,Les,Beaumont,Male,No,No,,No,240,,0.0055514433752775721687638786
3436,19564,E14001208,E12000007,Ealing North,London,England,Borough,Independent,IND,,,,,,,,,Yes,No,Helmi,Alharahsheh,Male,No,No,,No,499,,0.0115423760177646188008882309
3436,19565,E14001208,E12000007,Ealing North,London,England,Borough,Liberal Democrat,LD,Liberal Democrat,LD,17,PP90,,,,,No,No,Craig,O'Donnell,Male,No,No,,No,2543,-0.0295830000,0.0588221687638786084381939304
3436,19566,E14001208,E12000007,Ealing North,London,England,Borough,Workers Party of Britain,WPB,Workers Party of Britain,WPB,1042,PP11382,,,,,No,No,Sam,Habeeb,Male,No,No,,No,3139,,0.0726082531458179126572908956
3436,19567,E14001208,E12000007,Ealing North,London,England,Borough,Reform UK,RUK,Reform UK,RUK,1036,PP7931,,,,,No,No,Leon,Harris,Male,No,No,,No,3948,,0.0913212435233160621761658031
3436,19568,E14001208,E12000007,Ealing North,London,England,Borough,Green Party,Green,Green Party,Green,44,PP63,,,,,No,No,Natalia,Kubica,Female,No,No,,No,4056,0.0643920000,0.0938193930421909696521095485
3436,19569,E14001208,E12000007,Ealing North,London,England,Borough,Conservative,Con,Conservative,Con,4,PP52,,,,,No,No,Maria,Khan,Female,No,No,,No,8144,-0.1306060000,0.1883789785344189489267209474
3436,19570,E14001208,E12000007,Ealing North,London,England,Borough,Labour / Co-operative Party,Lab / Co-op,Labour,Lab,15,PP53,Co-operative Party,Co-op,,,No,No,James,Murray,Male,Yes,Yes,4797,Yes,20663,-0.0852260000,0.4779561435973353071798667654
3437,19571,E14001209,E12000007,Ealing Southall,London,England,Borough,Independent,IND,,,,,,,,,Yes,No,Pedro,Da Conceicao,Male,No,No,,No,213,,0.0045497265892002734107997266
3437,19572,E14001209,E12000007,Ealing Southall,London,England,Borough,Independent,IND,,,,,,,,,Yes,No,Jaginder,Singh,Male,No,No,,No,295,,0.0063012645249487354750512645
3437,19573,E14001209,E12000007,Ealing Southall,London,England,Borough,Independent,IND,,,,,,,,,Yes,No,Joe,Bhangu,Male,No,No,,No,319,,0.0068139097744360902255639098
3437,19574,E14001209,E12000007,Ealing Southall,London,England,Borough,Rejoin EU,REU,Rejoin EU,REU,1040,PP11423,,,,,No,No,Peter,Ward,Male,No,No,,No,475,,0.0101461038961038961038961039
3437,19575,E14001209,E12000007,Ealing Southall,London,England,Borough,Independent,IND,,,,,,,,,Yes,No,Sangeet Kaur,Bhail,Female,No,No,,No,557,,0.0118976418318523581681476418
3437,19576,E14001209,E12000007,Ealing Southall,London,England,Borough,Independent,IND,,,,,,,,,Yes,No,Niko,Omilana,Male,No,No,,No,740,,0.0158065618591934381408065619
3437,19577,E14001209,E12000007,Ealing Southall,London,England,Borough,Reform UK,RUK,Reform UK,RUK,1036,PP7931,,,,,No,No,Steve,Chilcott,Male,No,No,,No,2585,0.0366660000,0.0552161654135338345864661654
3437,19578,E14001209,E12000007,Ealing Southall,London,England,Borough,Liberal Democrat,LD,Liberal Democrat,LD,17,PP90,,,,,No,No,Tariq,Mahmood,Male,No,No,,No,2832,-0.0374530000,0.0604921394395078605604921394
3437,19579,E14001209,E12000007,Ealing Southall,London,England,Borough,Workers Party of Britain,WPB,Workers Party of Britain,WPB,1042,PP11382,,,,,No,No,Darshan Singh,Azad,Male,No,No,,No,4237,,0.0905032467532467532467532468
3437,19580,E14001209,E12000007,Ealing Southall,London,England,Borough,Green Party,Green,Green Party,Green,44,PP63,,,,,No,No,Neil,Reynolds,Male,No,No,,No,4356,0.0552400000,0.0930451127819548872180451128
3437,19581,E14001209,E12000007,Ealing Southall,London,England,Borough,Conservative,Con,Conservative,Con,4,PP52,,,,,No,No,Georgie,Calle,Female,No,No,,No,7207,-0.0853410000,0.1539430963773069036226930964
3437,19582,E14001209,E12000007,Ealing Southall,London,England,Borough,Labour,Lab,Labour,Lab,15,PP53,,,,,No,No,Deirdre,Costigan,Female,No,No,5075,Yes,23000,-0.1061700000,0.4912850307587149692412850308
3438,19583,E14001210,E12000008,Earley and Woodley,South East,England,Borough,Social Democratic Party,SDP,Social Democratic Party,SDP,32,PP243,,,,,No,No,Alastair,Hunter,Male,No,No,,No,784,,0.0170754018382192795225857037
3438,19584,E14001210,E12000008,Earley and Woodley,South East,England,Borough,Green Party,Green,Green Party,Green,44,PP63,,,,,No,No,Gary,Shacklady,Male,No,No,,No,3418,0.0522560000,0.0744435248508080324084157338
3438,19585,E14001210,E12000008,Earley and Woodley,South East,England,Borough,Liberal Democrat,LD,Liberal Democrat,LD,17,PP90,,,,,No,No,Tahir,Maher,Male,No,No,,No,6142,-0.0843260000,0.1337718342989066515659711635
3438,19586,E14001210,E12000008,Earley and Woodley,South East,England,Borough,Conservative,Con,Conservative,Con,4,PP52,,,,,No,No,Pauline,Jorgensen,Female,No,No,,No,17361,-0.1094950000,0.3781199634098532038158295945
3438,19587,E14001210,E12000008,Earley and Woodley,South East,England,Borough,Labour,Lab,Labour,Lab,15,PP53,,,,,No,No,Yuan,Yang,Female,No,No,5267,Yes,18209,0.1299290000,0.3965892756022128326871978046
3439,19588,E14001211,E12000001,Easington,North East,England,County,Liberal Democrat,LD,Liberal Democrat,LD,17,PP90,,,,,No,No,Tony,Ferguson,Male,No,No,,No,811,-0.0177800000,0.0236277823097541079128306724
3439,19589,E14001211,E12000001,Easington,North East,England,County,Green Party,Green,Green Party,Green,44,PP63,,,,,No,No,Stephen,Ashfield,Male,No,No,,No,1173,0.0315640000,0.0341743386551683952919240182
3439,19590,E14001211,E12000001,Easington,North East,England,County,The North East Party,NEP,The North East Party,NEP,213,PP17515,,,,,No,No,Mary,Cartwright,Female,No,No,,No,1581,0.0097230000,0.0460610651439226197412888941
3439,19591,E14001211,E12000001,Easington,North East,England,County,Conservative,Con,Conservative,Con,4,PP52,,,,,No,No,Joanne,Howey,Female,No,No,,No,3753,-0.1612380000,0.1093404032164083440158489687
3439,19592,E14001211,E12000001,Easington,North East,England,County,Reform UK,RUK,Reform UK,RUK,1036,PP7931,,,,,No,No,Lynn,Murphy,Female,No,No,,No,10232,0.1166610000,0.2981004544924833935438760051
3439,19593,E14001211,E12000001,Easington,North East,England,County,Labour,Lab,Labour,Lab,15,PP53,,,,,No,No,Grahame,Morris,Male,Yes,Yes,3973,Yes,16774,0.0210690000,0.4886959561822631394942314416
3440,19594,N05000005,N92000002,East Antrim,,Northern Ireland,County,Green Party Northern Ireland,Green,Green Party Northern Ireland,Green,1113,PP305,,,,,No,No,Mark,Bailey,Male,No,No,,No,568,-0.0027420000,0.0143163201008191556395715186
3440,19595,N05000005,N92000002,East Antrim,,Northern Ireland,County,Social Democratic & Labour Party,SDLP,Social Democratic & Labour Party,SDLP,31,PP55,,,,,No,No,Margaret,McKillop,Female,No,No,,No,892,-0.0131780000,0.0224826717076244486452425961
3440,19596,N05000005,N92000002,East Antrim,,Northern Ireland,County,Sinn Féin,SF,Sinn Féin,SF,30,PP39,,,,,No,No,Oliver,McMullan,Male,No,No,,No,2986,-0.0024350000,0.0752614996849401386263390044
3440,19597,N05000005,N92000002,East Antrim,,Northern Ireland,County,Traditional Unionist Voice,TUV,Traditional Unionist Voice,TUV,158,PP680,,,,,No,No,Matthew,Warwick,Male,No,No,,No,4135,,0.10422180214240705734089477
3440,19598,N05000005,N92000002,East Antrim,,Northern Ireland,County,Ulster Unionist Party,UUP,Ulster Unionist Party,UUP,38,PP83,,,,,No,No,John,Stewart,Male,No,No,,No,9476,0.0727130000,0.2388405797101449275362318841
3440,19599,N05000005,N92000002,East Antrim,,Northern Ireland,County,Alliance,APNI,Alliance,APNI,1,PP103,,,,,No,No,Danny,Donnelly,Male,No,No,,No,10156,-0.0035830000,0.2559798361688720856962822936
3440,19600,N05000005,N92000002,East Antrim,,Northern Ireland,County,Democratic Unionist Party,DUP,Democratic Unionist Party,DUP,7,PP70,,,,,No,No,Sammy,Wilson,Male,Yes,Yes,1593,Yes,11462,-0.1299190000,0.2888972904851921865154379332
3441,19601,E14001212,E12000008,East Grinstead and Uckfield,South East,England,County,English Democrats,ED,English Democrats,ED,90,PP17,,,,,No,No,William,Highton,Male,No,No,,No,2036,,0.0404024368463873950747127577
3441,19602,E14001212,E12000008,East Grinstead and Uckfield,South East,England,County,Independent,IND,,,,,,,,,Yes,No,Ian,Gibson,Male,No,No,,No,2482,,0.049252872422757128966324688
3441,19603,E14001212,E12000008,East Grinstead and Uckfield,South East,England,County,Green Party,Green,Green Party,Green,44,PP63,,,,,No,No,Christina,Coleman,Female,No,No,,No,5277,0.0552680000,0.1047169249697378604171214256
3441,19604,E14001212,E12000008,East Grinstead and Uckfield,South East,England,County,Labour,Lab,Labour,Lab,15,PP53,,,,,No,No,Ben,Cox,Male,No,No,,No,10440,0.0714410000,0.2071716309804933224852658107
3441,19605,E14001212,E12000008,East Grinstead and Uckfield,South East,England,County,Liberal Democrat,LD,Liberal Democrat,LD,17,PP90,,,,,No,No,Benedict,Dempsey,Male,No,No,,No,10839,-0.0150480000,0.2150893973369317167066854523
3441,19606,E14001212,E12000008,East Grinstead and Uckfield,South East,England,County,Conservative,Con,Conservative,Con,4,PP52,,,,,No,No,Mims,Davies,Female,Yes,Yes,4513,Yes,19319,-0.2013160000,0.3833667374436925763498898657
3442,19607,E14001213,E12000007,East Ham,London,England,Borough,Independent,IND,,,,,,,,,Yes,No,Sathish Mohan,Ramadoss,Male,No,No,,No,385,,0.0101604560329357120236461522
3442,19608,E14001213,E12000007,East Ham,London,England,Borough,Independent,IND,,,,,,,,,Yes,No,Anand Kumar,Sundar,Male,No,No,,No,578,,0.0152538794468489390900453922
3442,19609,E14001213,E12000007,East Ham,London,England,Borough,Liberal Democrat,LD,Liberal Democrat,LD,17,PP90,,,,,No,No,Hillary,Briffa,Female,No,No,,No,1210,-0.0037310000,0.0319328618177979520743164784
3442,19610,E14001213,E12000007,East Ham,London,England,Borough,Reform UK,RUK,Reform UK,RUK,1036,PP7931,,,,,No,No,Daniel,Oxley,Male,No,No,,No,1340,0.0158070000,0.0353636651535944262641190753
3442,19611,E14001213,E12000007,East Ham,London,England,Borough,Conservative,Con,Conservative,Con,4,PP52,,,,,No,No,Maria,Higson,Female,No,No,,No,3876,-0.0434330000,0.1022907209965164150744220416
3442,19612,E14001213,E12000007,East Ham,London,England,Borough,Green Party,Green,Green Party,Green,44,PP63,,,,,No,No,Rosie,Pearce,Female,No,No,,No,4226,0.0955480000,0.1115274992082761532777367254
3442,19613,E14001213,E12000007,East Ham,London,England,Borough,Independent,IND,,,,,,,,,Yes,No,Tahir,Mirza,Male,No,No,,No,6707,,0.17700306133220732608466167
3442,19614,E14001213,E12000007,East Ham,London,England,Borough,Labour,Lab,Labour,Lab,15,PP53,,,,,No,No,Stephen,Timms,Male,Yes,Yes,163,Yes,19570,-0.2613170000,0.5164678560118230761110524649
3443,19615,E14001214,E12000008,East Hampshire,South East,England,County,Social Democratic Party,SDP,Social Democratic Party,SDP,32,PP243,,,,,No,No,Sara,Smith,Female,No,No,,No,152,,0.0030396352437707475102987641
3443,19616,E14001214,E12000008,East Hampshire,South East,England,County,Hampshire Independents,HI,Hampshire Independents,HI,1106,PP10327,,,,,No,No,Jim,Makin,Male,No,No,,No,364,,0.007279126504819421669399672
3443,19617,E14001214,E12000008,East Hampshire,South East,England,County,Green Party,Green,Green Party,Green,44,PP63,,,,,No,No,Richard,Knight,Male,No,No,,No,2404,-0.0067670000,0.0480742310922689277286725593
3443,19618,E14001214,E12000008,East Hampshire,South East,England,County,Labour,Lab,Labour,Lab,15,PP53,,,,,No,No,Lucy,Sims,Female,No,No,,No,4867,-0.0256440000,0.0973283206015278166620005599
3443,19619,E14001214,E12000008,East Hampshire,South East,England,County,Reform UK,RUK,Reform UK,RUK,1036,PP7931,,,,,No,No,Matthew,Kellerman,Male,No,No,,No,6476,,0.1295044594648642162940447146
3443,19620,E14001214,E12000008,East Hampshire,South East,England,County,Liberal Democrat,LD,Liberal Democrat,LD,17,PP90,,,,,No,No,Dominic,Martin,Male,No,No,,No,17234,0.1274720000,0.3446386433627964644242690877
3443,19621,E14001214,E12000008,East Hampshire,South East,England,County,Conservative,Con,Conservative,Con,4,PP52,,,,,No,No,Damian,Hinds,Male,Yes,Yes,3969,Yes,18509,-0.2198970000,0.3701355837299524057113146422
3444,19622,S14000077,S92000003,East Kilbride and Strathaven,,Scotland,County,UK Independence Party,UKIP,UK Independence Party,UKIP,35,PP85,,,,,No,No,Donald,MacKay,Male,No,No,,No,86,-0.0089740000,0.0018412657631618386965551202
3444,19623,S14000077,S92000003,East Kilbride and Strathaven,,Scotland,County,Scottish Family Party,SFP,Scottish Family Party,SFP,1016,PP6380,,,,,No,No,David,Richardson,Male,No,No,,No,505,,0.0108120838418224249041899501
3444,19624,S14000077,S92000003,East Kilbride and Strathaven,,Scotland,County,Liberal Democrat,LD,Liberal Democrat,LD,17,PP90,,,,,No,No,Aisha,Mir,Female,No,No,,No,1074,-0.0458080000,0.0229944119725094739546534781
3444,19625,S14000077,S92000003,East Kilbride and Strathaven,,Scotland,County,Scottish Green Party,Green,Scottish Green Party,Green,1057,PP130,,,,,No,No,Ann,McGuinness,Female,No,No,,No,1811,0.0179940000,0.0387736313614661613890851478
3444,19626,S14000077,S92000003,East Kilbride and Strathaven,,Scotland,County,Reform UK,RUK,Reform UK,RUK,1036,PP7931,,,,,No,No,David,Mills,Male,No,No,,No,3377,,0.0723017963046224334682167555
3444,19627,S14000077,S92000003,East Kilbride and Strathaven,,Scotland,County,Conservative,Con,Conservative,Con,4,PP52,,,,,No,No,Ross,Lambie,Male,No,No,,No,3547,-0.1377030000,0.0759415076969190913567559466
3444,19628,S14000077,S92000003,East Kilbride and Strathaven,,Scotland,County,Scottish National Party,SNP,Scottish National Party,SNP,29,PP102,,,,,No,No,Grant,Costello,Male,No,No,,No,13625,-0.1786660000,0.2917121630590703748902734066
3444,19629,S14000077,S92000003,East Kilbride and Strathaven,,Scotland,County,Labour,Lab,Labour,Lab,15,PP53,,,,,No,No,Joani,Reid,Female,No,No,5079,Yes,22682,0.2700440000,0.485623140000428201340270195
3445,19630,N05000006,N92000002,East Londonderry,,Northern Ireland,County,Conservative,Con,Conservative,Con,4,PP52,,,,,No,No,Claire,Scull,Female,No,No,,No,187,,0.0045303680015505002786055188
3445,19631,N05000006,N92000002,East Londonderry,,Northern Ireland,County,Green Party Northern Ireland,Green,Green Party Northern Ireland,Green,1113,PP305,,,,,No,No,Jen,McCahon,Female,No,No,,No,445,,0.0107808222496789979891949512
3445,19632,N05000006,N92000002,East Londonderry,,Northern Ireland,County,Aontú,AONT,Aontú,AONT,1025,PP7968,,,,,No,No,Gemma,Brolly,Female,No,No,,No,1043,-0.0179420000,0.0252683092278993143881580541
3445,19633,N05000006,N92000002,East Londonderry,,Northern Ireland,County,Ulster Unionist Party,UUP,Ulster Unionist Party,UUP,38,PP83,,,,,No,No,Glen,Miller,Male,No,No,,No,3412,-0.0087240000,0.0826610461031567216609734235
3445,19634,N05000006,N92000002,East Londonderry,,Northern Ireland,County,Alliance,APNI,Alliance,APNI,1,PP103,,,,,No,No,Richard,Stewart,Male,No,No,,No,3734,-0.0547900000,0.0904620006298907381834920173
3445,19635,N05000006,N92000002,East Londonderry,,Northern Ireland,County,Traditional Unionist Voice,TUV,Traditional Unionist Voice,TUV,158,PP680,,,,,No,No,Allister,Kyle,Male,No,No,,No,4363,,0.1057005111805606027569833079
3445,19636,N05000006,N92000002,East Londonderry,,Northern Ireland,County,Social Democratic & Labour Party,SDLP,Social Democratic & Labour Party,SDLP,31,PP55,,,,,No,No,Cara,Hunter,Female,No,No,,No,5260,-0.0367740000,0.1274317416478910773554279623
3445,19637,N05000006,N92000002,East Londonderry,,Northern Ireland,County,Sinn Féin,SF,Sinn Féin,SF,30,PP39,,,,,No,No,Kathleen,McGurk,Female,No,No,,No,11327,0.1200870000,0.2744143227463236184800251956
3445,19638,N05000006,N92000002,East Londonderry,,Northern Ireland,County,Democratic Unionist Party,DUP,Democratic Unionist Party,DUP,7,PP70,,,,,No,No,Gregory,Campbell,Male,Yes,Yes,1409,Yes,11506,-0.1216290000,0.2787508782130484289071395693
3446,19639,S14000021,S92000003,East Renfrewshire,,Scotland,County,Independence for Scotland Party,ISP,Independence for Scotland Party,ISP,1058,PP11433,,,,,No,No,Colette,Walker,Female,No,No,,No,296,,0.0058932446692018237203097935
3446,19640,S14000021,S92000003,East Renfrewshire,,Scotland,County,Liberal,Lib,Liberal,Lib,16,PP54,,,,,No,No,Allan,Steele,Male,No,No,,No,481,,0.0095765225874529635455034145
3446,19641,S14000021,S92000003,East Renfrewshire,,Scotland,County,Scottish Family Party,SFP,Scottish Family Party,SFP,1016,PP6380,,,,,No,No,Maria,Reid,Female,No,No,,No,487,,0.0096959802496665140263205049
3446,19642,S14000021,S92000003,East Renfrewshire,,Scotland,County,Liberal Democrat,LD,Liberal Democrat,LD,17,PP90,,,,,No,No,Alan,Grant,Male,No,No,,No,1150,-0.0525050000,0.0228960519242638421566089952
3446,19643,S14000021,S92000003,East Renfrewshire,,Scotland,County,Scottish Green Party,Green,Scottish Green Party,Green,1057,PP130,,,,,No,No,Karen,Sharkey,Female,No,No,,No,1510,,0.0300635116570768710056344197
3446,19644,S14000021,S92000003,East Renfrewshire,,Scotland,County,Reform UK,RUK,Reform UK,RUK,1036,PP7931,,,,,No,No,Matt,Alexander,Male,No,No,,No,2360,,0.0469866804706631891213888944
3446,19645,S14000021,S92000003,East Renfrewshire,,Scotland,County,Conservative,Con,Conservative,Con,4,PP52,,,,,No,No,Sandesh,Gulhane,Male,No,No,,No,8494,-0.1822620000,0.1691122304736496306767276564
3446,19646,S14000021,S92000003,East Renfrewshire,,Scotland,County,Scottish National Party,SNP,Scottish National Party,SNP,29,PP102,,,,,No,No,Kirsten,Oswald,Female,Yes,Yes,4413,No,13514,-0.1803340000,0.2690584745256535329603599658
3446,19647,S14000021,S92000003,East Renfrewshire,,Scotland,County,Labour,Lab,Labour,Lab,15,PP53,,,,,No,No,Blair,McDougall,Male,No,No,5076,Yes,21935,0.3128850000,0.4367173034423716327871463555
3447,19648,E14001215,E12000008,East Surrey,South East,England,County,Official Monster Raving Loony Party,MRLP,Official Monster Raving Loony Party,MRLP,119,PP66,,,,,No,No,Martin,Hogbin,Male,No,No,,No,327,-0.0034750000,0.0066468818603138466541995284
3447,19649,E14001215,E12000008,East Surrey,South East,England,County,Independent,IND,,,,,,,,,Yes,No,Judy,Moore,Female,No,No,,No,1145,,0.0232742499390194324741848931
3447,19650,E14001215,E12000008,East Surrey,South East,England,County,Green Party,Green,Green Party,Green,44,PP63,,,,,No,No,Shasha,Khan,Male,No,No,,No,2957,0.0303060000,0.0601065127246117570534189772
3447,19651,E14001215,E12000008,East Surrey,South East,England,County,Reform UK,RUK,Reform UK,RUK,1036,PP7931,,,,,No,No,Chris,Scott,Male,No,No,,No,8380,,0.1703390519554435319944710952
3447,19652,E14001215,E12000008,East Surrey,South East,England,County,Liberal Democrat,LD,Liberal Democrat,LD,17,PP90,,,,,No,No,Claire,Malcomson,Female,No,No,,No,8833,-0.0243970000,0.1795471176518416131392796162
3447,19653,E14001215,E12000008,East Surrey,South East,England,County,Labour,Lab,Labour,Lab,15,PP53,,,,,No,No,Thomas,Bowell,Male,No,No,,No,10052,0.0724750000,0.2043255549231644849174729653
3447,19654,E14001215,E12000008,East Surrey,South East,England,County,Conservative,Con,Conservative,Con,4,PP52,,,,,No,No,Claire,Coutinho,Female,Yes,Yes,4806,Yes,17502,-0.2476970000,0.3557606309456053337669729246
3448,19655,E14001216,E12000008,East Thanet,South East,England,Borough,Independent,IND,,,,,,,,,Yes,No,Mo,Shafaei,Male,No,No,,No,98,,0.0022943834429798890267600028
3448,19656,E14001216,E12000008,East Thanet,South East,England,Borough,Independent,IND,,,,,,,,,Yes,No,Paul,Holton,Male,No,No,,No,369,,0.008639056025097745417086133
3448,19657,E14001216,E12000008,East Thanet,South East,England,Borough,Independent,IND,,,,,,,,,Yes,No,Grahame,Birchall,Male,No,No,,No,563,,0.0131809987591599747149579753
3448,19658,E14001216,E12000008,East Thanet,South East,England,Borough,Liberal Democrat,LD,Liberal Democrat,LD,17,PP90,,,,,No,No,Jai,Singh,Male,No,No,,No,1365,-0.0199160000,0.0319574836700770257298714677
3448,19659,E14001216,E12000008,East Thanet,South East,England,Borough,Green Party,Green,Green Party,Green,44,PP63,,,,,No,No,Steve,Roberts,Male,No,No,,No,4590,0.0700900000,0.1074614286048743942125348255
3448,19660,E14001216,E12000008,East Thanet,South East,England,Borough,Reform UK,RUK,Reform UK,RUK,1036,PP7931,,,,,No,No,Paul,Webb,Male,No,No,,No,8591,,0.2011331444759206798866855524
3448,19661,E14001216,E12000008,East Thanet,South East,England,Borough,Conservative,Con,Conservative,Con,4,PP52,,,,,No,No,Helen,Harrison,Female,No,No,,No,10083,-0.2984490000,0.2360639617914920516002153911
3448,19662,E14001216,E12000008,East Thanet,South East,England,Borough,Labour,Lab,Labour,Lab,15,PP53,,,,,No,No,Polly,Billington,Female,No,No,5123,Yes,17054,0.0230280000,0.3992695432303982394118886522
3449,19663,E14001217,E12000009,East Wiltshire,South West,England,County,1 & Fair Party,TFB,1 & Fair Party,TFB,1059,PP12922,,,,,No,No,Pete,Force-Jones,Male,No,No,,No,278,,0.0058907041298497658551056301
3449,19664,E14001217,E12000009,East Wiltshire,South West,England,County,Green Party,Green,Green Party,Green,44,PP63,,,,,No,No,Emily,Herbert,Female,No,No,,No,1844,0.0021460000,0.0390735914224567202763121649
3449,19665,E14001217,E12000009,East Wiltshire,South West,England,County,Reform UK,RUK,Reform UK,RUK,1036,PP7931,,,,,No,No,Stephen,Talbot,Male,No,No,,No,7885,,0.1670798635390841862140571695
3449,19666,E14001217,E12000009,East Wiltshire,South West,England,County,Liberal Democrat,LD,Liberal Democrat,LD,17,PP90,,,,,No,No,David,Kinnaird,Male,No,No,,No,8204,0.0289060000,0.1738393405801707880405992414
3449,19667,E14001217,E12000009,East Wiltshire,South West,England,County,Labour,Lab,Labour,Lab,15,PP53,,,,,No,No,Rob,Newman,Male,No,No,,No,12133,0.0983200000,0.2570932129765007522302036319
3449,19668,E14001217,E12000009,East Wiltshire,South West,England,County,Conservative,Con,Conservative,Con,4,PP52,,,,,No,No,Danny,Kruger,Male,Yes,Yes,4858,Yes,16849,-0.3023420000,0.3570232873519377873837221622
3450,19669,E14001218,E12000008,East Worthing and Shoreham,South East,England,County,Independent,IND,,,,,,,,,Yes,No,Ivana,Forman,Female,No,No,,No,169,,0.003443498105057255796894739
3450,19670,E14001218,E12000008,East Worthing and Shoreham,South East,England,County,Independent,IND,,,,,,,,,Yes,No,John,Greenshields,Male,No,No,,No,273,,0.0055625738620155670565222707
3450,19671,E14001218,E12000008,East Worthing and Shoreham,South East,England,County,Independent,IND,,,,,,,,,Yes,No,Frank,Ward,Male,No,No,,No,320,,0.006520233098333265414238559
3450,19672,E14001218,E12000008,East Worthing and Shoreham,South East,England,County,Liberal Democrat,LD,Liberal Democrat,LD,17,PP90,,,,,No,No,David,Batchelor,Male,No,No,,No,3180,-0.0128860000,0.0647948164146868250539956803
3450,19673,E14001218,E12000008,East Worthing and Shoreham,South East,England,County,Green Party,Green,Green Party,Green,44,PP63,,,,,No,No,Debbie,Woudman,Female,No,No,,No,3246,0.0283820000,0.0661396144912180610456823831
3450,19674,E14001218,E12000008,East Worthing and Shoreham,South East,England,County,Reform UK,RUK,Reform UK,RUK,1036,PP7931,,,,,No,No,Lionel,Harman,Male,No,No,,No,7169,,0.1460735971310974367333632177
3450,19675,E14001218,E12000008,East Worthing and Shoreham,South East,England,County,Conservative,Con,Conservative,Con,4,PP52,,,,,No,No,Leila,Williams,Female,No,No,,No,12601,-0.2534660000,0.2567545539753046171400627572
3450,19676,E14001218,E12000008,East Worthing and Shoreham,South East,England,County,Labour,Lab,Labour,Lab,15,PP53,,,,,No,No,Tom,Rutland,Male,No,No,5222,Yes,22120,0.0811700000,0.4507111129222869717592403928
3451,19677,E14001219,E12000008,Eastbourne,South East,England,Borough,UK Independence Party,UKIP,UK Independence Party,UKIP,35,PP85,,,,,No,No,Ian,Garbutt,Male,No,No,,No,154,,0.003376822716807367613200307
3451,19678,E14001219,E12000008,Eastbourne,South East,England,Borough,Green Party,Green,Green Party,Green,44,PP63,,,,,No,No,Mike,Munson,Male,No,No,,No,1421,,0.0311588641596316193399846508
3451,19679,E14001219,E12000008,Eastbourne,South East,England,Borough,Labour / Co-operative Party,Lab / Co-op,Labour,Lab,15,PP53,Co-operative Party,Co-op,,,No,No,Paul,Richards,Male,No,No,,No,2689,-0.0104880000,0.0589628330226948799473741914
3451,19680,E14001219,E12000008,Eastbourne,South East,England,Borough,Reform UK,RUK,Reform UK,RUK,1036,PP7931,,,,,No,No,Mark,Ashdown,Male,No,No,,No,6061,0.1054340000,0.1329020940686328253480977963
3451,19681,E14001219,E12000008,Eastbourne,South East,England,Borough,Conservative,Con,Conservative,Con,4,PP52,,,,,No,No,Caroline,Ansell,Female,Yes,Yes,4512,No,11538,-0.2178850000,0.2529985747176844644227606622
3451,19682,E14001219,E12000008,Eastbourne,South East,England,Borough,Liberal Democrat,LD,Liberal Democrat,LD,17,PP90,,,,,No,No,Josh,Babarinde,Male,No,No,5086,Yes,23742,0.0920130000,0.5206008113145488433285823923
3452,19683,E14001220,E12000008,Eastleigh,South East,England,Borough,Independent,IND,,,,,,,,,Yes,No,Russ,Kitching,Male,No,No,,No,467,,0.0100603188280913399396811719
3452,19684,E14001220,E12000008,Eastleigh,South East,England,Borough,Green Party,Green,Green Party,Green,44,PP63,,,,,No,No,Ben,Parry,Male,No,No,,No,2403,0.0313320000,0.0517664799655320982335200345
3452,19685,E14001220,E12000008,Eastleigh,South East,England,Borough,Reform UK,RUK,Reform UK,RUK,1036,PP7931,,,,,No,No,Clare,Fawcett,Female,No,No,,No,6151,,0.1325075398535114174924601465
3452,19686,E14001220,E12000008,Eastleigh,South East,England,Borough,Labour,Lab,Labour,Lab,15,PP53,,,,,No,No,Daniel,Shearer,Male,No,No,,No,7005,0.0343470000,0.1509047824213700990952175786
3452,19687,E14001220,E12000008,Eastleigh,South East,England,Borough,Conservative,Con,Conservative,Con,4,PP52,,,,,No,No,Sam,Joynson,Male,No,No,,No,14424,-0.2079320000,0.3107281344248168892718655752
3452,19688,E14001220,E12000008,Eastleigh,South East,England,Borough,Liberal Democrat,LD,Liberal Democrat,LD,17,PP90,,,,,No,No,Liz,Jarvis,Female,No,No,5040,Yes,15970,-0.0003150000,0.3440327445066781559672554933
3453,19689,S14000078,S92000003,Edinburgh East and Musselburgh,,Scotland,Burgh,Independent,IND,,,,,,,,,Yes,No,Jane,Gould,Female,No,No,,No,365,,0.0080087767416346681294569391
3453,19690,S14000078,S92000003,Edinburgh East and Musselburgh,,Scotland,Burgh,Liberal Democrat,LD,Liberal Democrat,LD,17,PP90,,,,,No,No,Charles,Dundas,Male,No,No,,No,1949,-0.0269350000,0.0427646736149204607789358201
3453,19691,S14000078,S92000003,Edinburgh East and Musselburgh,,Scotland,Burgh,Reform UK,RUK,Reform UK,RUK,1036,PP7931,,,,,No,No,Derek,Winton,Male,No,No,,No,2129,,0.0467142073505211190345584202
3453,19692,S14000078,S92000003,Edinburgh East and Musselburgh,,Scotland,Burgh,Conservative,Con,Conservative,Con,4,PP52,,,,,No,No,Marie-Clair,Munro,Female,No,No,,No,2598,-0.0837330000,0.0570049369171695008228195283
3453,19693,S14000078,S92000003,Edinburgh East and Musselburgh,,Scotland,Burgh,Scottish Green Party,Green,Scottish Green Party,Green,1057,PP130,,,,,No,No,Amanda,Grimm,Female,No,No,,No,4669,0.0664870000,0.1024465167306637410861217773
3453,19694,S14000078,S92000003,Edinburgh East and Musselburgh,,Scotland,Burgh,Scottish National Party,SNP,Scottish National Party,SNP,29,PP102,,,,,No,No,Tommy,Sheppard,Male,Yes,Yes,4453,No,15075,-0.1589020000,0.3307734503565551289083927592
3453,19695,S14000078,S92000003,Edinburgh East and Musselburgh,,Scotland,Burgh,Labour,Lab,Labour,Lab,15,PP53,,,,,No,No,Chris,Murray,Male,No,No,5245,Yes,18790,0.1483600000,0.4122874382885353812397147559
3454,19696,S14000079,S92000003,Edinburgh North and Leith,,Scotland,Burgh,Independent,IND,,,,,,,,,Yes,No,Caroline,Waterloo,Female,No,No,,No,139,,0.0028094997473471450227387569
3454,19697,S14000079,S92000003,Edinburgh North and Leith,,Scotland,Burgh,Communist Party of Britain,Comm,Communist Party of Britain,Comm,76,PP78,,,,,No,No,Richard,Shillcock,Male,No,No,,No,189,,0.0038201111672561899949469429
3454,19698,S14000079,S92000003,Edinburgh North and Leith,,Scotland,Burgh,Scottish Family Party,SFP,Scottish Family Party,SFP,1016,PP6380,,,,,No,No,Niel,Deepnarain,Male,No,No,,No,210,,0.004244567963617988883274381
3454,19699,S14000079,S92000003,Edinburgh North and Leith,,Scotland,Burgh,Socialist Labour Party,SL,Socialist Labour Party,SL,147,PP73,,,,,No,No,David,Jacobsen,Male,No,No,,No,227,,0.0045881758463870641738251642
3454,19700,S14000079,S92000003,Edinburgh North and Leith,,Scotland,Burgh,Reform UK,RUK,Reform UK,RUK,1036,PP7931,,,,,No,No,Alan,Melville,Male,No,No,,No,1818,0.0281150000,0.0367458312278928751894896412
3454,19701,S14000079,S92000003,Edinburgh North and Leith,,Scotland,Burgh,Conservative,Con,Conservative,Con,4,PP52,,,,,No,No,Joanna,Mowat,Female,No,No,,No,3254,-0.1102890000,0.0657705912076806467913087418
3454,19702,S14000079,S92000003,Edinburgh North and Leith,,Scotland,Burgh,Liberal Democrat,LD,Liberal Democrat,LD,17,PP90,,,,,No,No,Mike,Andersen,Male,No,No,,No,3879,-0.0467180000,0.0784032339565437089439110662
3454,19703,S14000079,S92000003,Edinburgh North and Leith,,Scotland,Burgh,Scottish Green Party,Green,Scottish Green Party,Green,1057,PP130,,,,,No,No,Kayleigh,O'Neill,Female,No,No,,No,5417,0.0768670000,0.1094896412329459322890348661
3454,19704,S14000079,S92000003,Edinburgh North and Leith,,Scotland,Burgh,Scottish National Party,SNP,Scottish National Party,SNP,29,PP102,,,,,No,No,Deidre,Brock,Female,Yes,Yes,4417,No,13537,-0.1642940000,0.2736129358261748357756442648
3454,19705,S14000079,S92000003,Edinburgh North and Leith,,Scotland,Burgh,Labour,Lab,Labour,Lab,15,PP53,,,,,No,No,Tracy,Gilbert,Female,No,No,5188,Yes,20805,0.2032020000,0.4205154118241536129358261748
3455,19706,S14000080,S92000003,Edinburgh South,,Scotland,Burgh,Independent,IND,,,,,,,,,Yes,No,Mark,Rowbotham,Male,No,No,,No,76,,0.001623029940631273224277111
3455,19707,S14000080,S92000003,Edinburgh South,,Scotland,Burgh,Scottish Family Party,SFP,Scottish Family Party,SFP,1016,PP6380,,,,,No,No,Phil,Holden,Male,No,No,,No,267,,0.0057019604493230256694998505
3455,19708,S14000080,S92000003,Edinburgh South,,Scotland,Burgh,Alba Party,Alba,Alba Party,Alba,1034,PP12700,,,,,No,No,Lynne,Lyon,Female,No,No,,No,454,,0.0096954683295605005766027421
3455,19709,S14000080,S92000003,Edinburgh South,,Scotland,Burgh,Independent,IND,,,,,,,,,Yes,No,Alex,Martin,Male,No,No,,No,466,,0.0099517362149233331909622859
3455,19710,S14000080,S92000003,Edinburgh South,,Scotland,Burgh,Reform UK,RUK,Reform UK,RUK,1036,PP7931,,,,,No,No,Cameron,Rose,Male,No,No,,No,1845,,0.0394011873745355144577798659
3455,19711,S14000080,S92000003,Edinburgh South,,Scotland,Burgh,Liberal Democrat,LD,Liberal Democrat,LD,17,PP90,,,,,No,No,Andy,Williamson,Male,No,No,,No,2746,-0.0232750000,0.0586426344338615299192756161
3455,19712,S14000080,S92000003,Edinburgh South,,Scotland,Burgh,Conservative,Con,Conservative,Con,4,PP52,,,,,No,No,Christopher,Cowdy,Male,No,No,,No,4001,-0.0828040000,0.0854439841113911075043779097
3455,19713,S14000080,S92000003,Edinburgh South,,Scotland,Burgh,Scottish Green Party,Green,Scottish Green Party,Green,1057,PP130,,,,,No,No,Jo,Phillips,Female,No,No,,No,4270,0.0621110000,0.0911886558749412719429376842
3455,19714,S14000080,S92000003,Edinburgh South,,Scotland,Burgh,Scottish National Party,SNP,Scottish National Party,SNP,29,PP102,,,,,No,No,Simita,Kumar,Female,No,No,,No,7725,-0.0936220000,0.164972451202323495493956349
3455,19715,S14000080,S92000003,Edinburgh South,,Scotland,Burgh,Labour,Lab,Labour,Lab,15,PP53,,,,,No,No,Ian,Murray,Male,Yes,Yes,3966,Yes,24976,0.0712170000,0.5333788920685089480203305856
3456,19716,S14000081,S92000003,Edinburgh South West,,Scotland,Burgh,Independent,IND,,,,,,,,,Yes,No,Marc,Wilkinson,Male,No,No,,No,181,,0.0039637351086194814295725298
3456,19717,S14000081,S92000003,Edinburgh South West,,Scotland,Burgh,Scottish Family Party,SFP,Scottish Family Party,SFP,1016,PP6380,,,,,No,No,Richard,Lucas,Male,No,No,,No,265,,0.0058032585844428871758934828
3456,19718,S14000081,S92000003,Edinburgh South West,,Scotland,Burgh,Reform UK,RUK,Reform UK,RUK,1036,PP7931,,,,,No,No,Ian,Harper,Male,No,No,,No,2087,0.0337140000,0.0457033987386124737210932025
3456,19719,S14000081,S92000003,Edinburgh South West,,Scotland,Burgh,Liberal Democrat,LD,Liberal Democrat,LD,17,PP90,,,,,No,No,Bruce,Wilson,Male,No,No,,No,3014,-0.0293520000,0.0660038542396636299929922915
3456,19720,S14000081,S92000003,Edinburgh South West,,Scotland,Burgh,Scottish Green Party,Green,Scottish Green Party,Green,1057,PP130,,,,,No,No,Dan,Heap,Male,No,No,,No,3450,0.0512860000,0.0755518570427470217238962859
3456,19721,S14000081,S92000003,Edinburgh South West,,Scotland,Burgh,Conservative,Con,Conservative,Con,4,PP52,,,,,No,No,Sue,Webber,Female,No,No,,No,5558,-0.1247410000,0.1217151366503153468815697267
3456,19722,S14000081,S92000003,Edinburgh South West,,Scotland,Burgh,Scottish National Party,SNP,Scottish National Party,SNP,29,PP102,,,,,No,No,Joanna,Cherry,Female,Yes,Yes,4419,No,12446,-0.2037440000,0.2725560616678346180798878767
3456,19723,S14000081,S92000003,Edinburgh South West,,Scotland,Burgh,Labour,Lab,Labour,Lab,15,PP53,,,,,No,No,Scott,Arthur,Male,No,No,5212,Yes,18663,0.2652560000,0.4087026979677645409950946041
3457,19724,S14000082,S92000003,Edinburgh West,,Scotland,Burgh,Scottish Libertarian Party,Scot Libt,Scottish Libertarian Party,Scot Libt,1091,PP15208,,,,,No,No,Tam,Laird,Male,No,No,,No,85,,0.0016199424443978578643441139
3457,19725,S14000082,S92000003,Edinburgh West,,Scotland,Burgh,Independent,IND,,,,,,,,,Yes,No,Nick,Hornig,Male,No,No,,No,143,,0.0027253149358693373482495093
3457,19726,S14000082,S92000003,Edinburgh West,,Scotland,Burgh,Independent,IND,,,,,,,,,Yes,No,David,Henry,Male,No,No,,No,363,,0.0069181071448990871147872158
3457,19727,S14000082,S92000003,Edinburgh West,,Scotland,Burgh,Scottish Green Party,Green,Scottish Green Party,Green,1057,PP130,,,,,No,No,James,Puchowski,Male,No,No,,No,2100,0.0204120000,0.0400221074498294295896781079
3457,19728,S14000082,S92000003,Edinburgh West,,Scotland,Burgh,Reform UK,RUK,Reform UK,RUK,1036,PP7931,,,,,No,No,Otto,Inglis,Male,No,No,,No,2209,0.0411900000,0.0420994454079396237921899716
3457,19729,S14000082,S92000003,Edinburgh West,,Scotland,Burgh,Conservative,Con,Conservative,Con,4,PP52,,,,,No,No,Alastair,Shields,Male,No,No,,No,2897,-0.1251100000,0.0552114501343599321529987993
3457,19730,S14000082,S92000003,Edinburgh West,,Scotland,Burgh,Labour,Lab,Labour,Lab,15,PP53,,,,,No,No,Michael,Davidson,Male,No,No,,No,7854,0.0626840000,0.1496826818623620666653961236
3457,19731,S14000082,S92000003,Edinburgh West,,Scotland,Burgh,Scottish National Party,SNP,Scottish National Party,SNP,29,PP102,,,,,No,No,Euan,Hyslop,Male,No,No,,No,10175,-0.1359210000,0.1939166396676259267023689276
3457,19732,S14000082,S92000003,Edinburgh West,,Scotland,Burgh,Liberal Democrat,LD,Liberal Democrat,LD,17,PP90,,,,,No,No,Christine,Jardine,Female,Yes,Yes,4634,Yes,26645,0.1254800000,0.507804310952716738769987231
3458,19733,E14001221,E12000007,Edmonton and Winchmore Hill,London,England,Borough,Christian Peoples Alliance,CPA,Christian Peoples Alliance,CPA,80,PP79,,,,,No,No,Yemi,Awolola,Male,No,No,,No,366,,0.008917042270678523571689609
3458,19734,E14001221,E12000007,Edmonton and Winchmore Hill,London,England,Borough,Workers Party of Britain,WPB,Workers Party of Britain,WPB,1042,PP11382,,,,,No,No,Denise,Headley,Female,No,No,,No,668,,0.016274820319161895480570106
3458,19735,E14001221,E12000007,Edmonton and Winchmore Hill,London,England,Borough,Independent,IND,,,,,,,,,Yes,No,Khalid,Sadur,Male,No,No,,No,1700,,0.0414179559020587160433670362
3458,19736,E14001221,E12000007,Edmonton and Winchmore Hill,London,England,Borough,Liberal Democrat,LD,Liberal Democrat,LD,17,PP90,,,,,No,No,Tim,Martin,Male,No,No,,No,2721,-0.0010480000,0.0662930929467657449141186503
3458,19737,E14001221,E12000007,Edmonton and Winchmore Hill,London,England,Borough,Reform UK,RUK,Reform UK,RUK,1036,PP7931,,,,,No,No,Neville,Watson,Male,No,No,,No,3501,0.0677620000,0.0852966256547691558046047022
3458,19738,E14001221,E12000007,Edmonton and Winchmore Hill,London,England,Borough,Green Party,Green,Green Party,Green,44,PP63,,,,,No,No,Luke,Balnave,Male,No,No,,No,3681,0.0690800000,0.0896820562796930198562553295
3458,19739,E14001221,E12000007,Edmonton and Winchmore Hill,London,England,Borough,Conservative,Con,Conservative,Con,4,PP52,,,,,No,No,Zoe,Huggins,Female,No,No,,No,7888,-0.1188870000,0.1921793153855524424412230479
3458,19740,E14001221,E12000007,Edmonton and Winchmore Hill,London,England,Borough,Labour / Co-operative Party,Lab / Co-op,Labour,Lab,15,PP53,Co-operative Party,Co-op,,,No,No,Kate,Osamor,Female,Yes,Yes,4515,Yes,20520,-0.0819620000,0.4999390912413205018881715191
3459,19741,E14001222,E12000002,Ellesmere Port and Bromborough,North West,England,Borough,Independent,IND,,,,,,,,,Yes,No,Ruth,Boulton,Female,No,No,,No,256,,0.0061004670670098179391859689
3459,19742,E14001222,E12000002,Ellesmere Port and Bromborough,North West,England,Borough,Liberal Democrat,LD,Liberal Democrat,LD,17,PP90,,,,,No,No,Chris,Carubia,Male,No,No,,No,2328,-0.0187230000,0.0554761223906205318844724049
3459,19743,E14001222,E12000002,Ellesmere Port and Bromborough,North West,England,Borough,Green Party,Green,Green Party,Green,44,PP63,,,,,No,No,Harry,Gorman,Male,No,No,,No,2706,0.0454860000,0.0644838432942522161853016872
3459,19744,E14001222,E12000002,Ellesmere Port and Bromborough,North West,England,Borough,Conservative,Con,Conservative,Con,4,PP52,,,,,No,No,Lee,Evans,Male,No,No,,No,5210,-0.1464140000,0.1241540367934419979029644457
3459,19745,E14001222,E12000002,Ellesmere Port and Bromborough,North West,England,Borough,Reform UK,RUK,Reform UK,RUK,1036,PP7931,,,,,No,No,Michael,Alreed,Male,No,No,,No,7278,0.1301530000,0.1734343723191306834429511009
3459,19746,E14001222,E12000002,Ellesmere Port and Bromborough,North West,England,Borough,Labour,Lab,Labour,Lab,15,PP53,,,,,No,No,Justin,Madders,Male,Yes,Yes,4418,Yes,24186,-0.0166030000,0.5763511581355447526451243923
3460,19747,E14001223,E12000007,Eltham and Chislehurst,London,England,Borough,Independent,IND,,,,,,,,,Yes,No,John,Courtneidge,Male,No,No,,No,91,,0.0019971031031909757275161304
3460,19748,E14001223,E12000007,Eltham and Chislehurst,London,England,Borough,Independent,IND,,,,,,,,,Yes,No,Christian,Hacking,Male,No,No,,No,173,,0.0037966905148575692402229733
3460,19749,E14001223,E12000007,Eltham and Chislehurst,London,England,Borough,Independent,IND,,,,,,,,,Yes,No,Arnold,Tarling,Male,No,No,,No,307,,0.0067374796997761488829390335
3460,19750,E14001223,E12000007,Eltham and Chislehurst,London,England,Borough,Workers Party of Britain,WPB,Workers Party of Britain,WPB,1042,PP11382,,,,,No,No,Sean Ellis,Stewart,Male,No,No,,No,356,,0.0078128429091866742746784883
3460,19751,E14001223,E12000007,Eltham and Chislehurst,London,England,Borough,Liberal Democrat,LD,Liberal Democrat,LD,17,PP90,,,,,No,No,Ulysse,Abbate,Male,No,No,,No,2423,-0.0217160000,0.05317561339595312294254488
3460,19752,E14001223,E12000007,Eltham and Chislehurst,London,England,Borough,Green Party,Green,Green Party,Green,44,PP63,,,,,No,No,Sam,Gabriel,Male,No,No,,No,3079,0.0378970000,0.0675723126892858710441996225
3460,19753,E14001223,E12000007,Eltham and Chislehurst,London,England,Borough,Reform UK,RUK,Reform UK,RUK,1036,PP7931,,,,,No,No,Mark George,Simpson,Male,No,No,,No,7428,0.1372360000,0.1630162840714567879559320546
3460,19754,E14001223,E12000007,Eltham and Chislehurst,London,England,Borough,Conservative,Con,Conservative,Con,4,PP52,,,,,No,No,Charlie,Davis,Male,No,No,,No,11640,-0.2130800000,0.2554536277048676644866786639
3460,19755,E14001223,E12000007,Eltham and Chislehurst,London,England,Borough,Labour,Lab,Labour,Lab,15,PP53,,,,,No,No,Clive,Efford,Male,Yes,Yes,165,Yes,20069,0.0393180000,0.4404380459114251854452881534
3461,19756,E14001224,E12000006,Ely and East Cambridgeshire,East of England,England,County,Independent,IND,,,,,,,,,Yes,No,Rob,Rawlins,Male,No,No,,No,102,,0.0019477171609158089709561
3461,19757,E14001224,E12000006,Ely and East Cambridgeshire,East of England,England,County,Independent,IND,,,,,,,,,Yes,No,Obi,Monye,Male,No,No,,No,103,,0.0019668124271992972942007676
3461,19758,E14001224,E12000006,Ely and East Cambridgeshire,East of England,England,County,Social Democratic Party,SDP,Social Democratic Party,SDP,32,PP243,,,,,No,No,Robert,Bayley,Male,No,No,,No,172,,0.0032843858007599915980828353
3461,19759,E14001224,E12000006,Ely and East Cambridgeshire,East of England,England,County,Official Monster Raving Loony Party,MRLP,Official Monster Raving Loony Party,MRLP,119,PP66,,,,,No,No,Hoo-Ray,Henry,Male,No,No,,No,271,,0.0051748171628253355993049323
3461,19760,E14001224,E12000006,Ely and East Cambridgeshire,East of England,England,County,Green Party,Green,Green Party,Green,44,PP63,,,,,No,No,Andy,Cogan,Male,No,No,,No,2359,0.0393540000,0.045045733162748954534170979
3461,19761,E14001224,E12000006,Ely and East Cambridgeshire,East of England,England,County,Reform UK,RUK,Reform UK,RUK,1036,PP7931,,,,,No,No,Ryan,Coogan,Male,No,No,,No,6443,,0.1230308006645152666653936489
3461,19762,E14001224,E12000006,Ely and East Cambridgeshire,East of England,England,County,Labour,Lab,Labour,Lab,15,PP53,,,,,No,No,Elizabeth,McWilliams,Female,No,No,,No,9160,0.0312420000,0.1749126391567530409211556455
3461,19763,E14001224,E12000006,Ely and East Cambridgeshire,East of England,England,County,Conservative,Con,Conservative,Con,4,PP52,,,,,No,No,Lucy,Frazer,Female,Yes,Yes,4517,No,16632,-0.2219280000,0.3175924688269777922053123031
3461,19764,E14001224,E12000006,Ely and East Cambridgeshire,East of England,England,County,Liberal Democrat,LD,Liberal Democrat,LD,17,PP90,,,,,No,No,Charlotte,Cane,Female,No,No,5182,Yes,17127,0.0344530000,0.3270446256373045122114227883
3462,19765,E14001225,E12000007,Enfield North,London,England,Borough,Workers Party of Britain,WPB,Workers Party of Britain,WPB,1042,PP11382,,,,,No,No,Aishat,Anifowoshe,Female,No,No,,No,668,,0.0153591465097029338728961648
3462,19766,E14001225,E12000007,Enfield North,London,England,Borough,Independent,IND,,,,,,,,,Yes,No,Ertan,Karpazli,Male,No,No,,No,1448,,0.0332934792605536650418467764
3462,19767,E14001225,E12000007,Enfield North,London,England,Borough,Liberal Democrat,LD,Liberal Democrat,LD,17,PP90,,,,,No,No,Guy,Russo,Male,No,No,,No,2517,-0.0074520000,0.0578727122229375517336521659
3462,19768,E14001225,E12000007,Enfield North,London,England,Borough,Green Party,Green,Green Party,Green,44,PP63,,,,,No,No,Isobel,Whittaker,Female,No,No,,No,3713,0.0612030000,0.085372022440908672859376437
3462,19769,E14001225,E12000007,Enfield North,London,England,Borough,Reform UK,RUK,Reform UK,RUK,1036,PP7931,,,,,No,No,Stephen,Bird,Male,No,No,,No,5146,0.1004500000,0.1183206106870229007633587786
3462,19770,E14001225,E12000007,Enfield North,London,England,Borough,Conservative,Con,Conservative,Con,4,PP52,,,,,No,No,Chris,Dey,Male,No,No,,No,8632,-0.1607220000,0.1984732824427480916030534351
3462,19771,E14001225,E12000007,Enfield North,London,England,Borough,Labour,Lab,Labour,Lab,15,PP53,,,,,No,No,Feryal,Clark,Female,Yes,Yes,4822,Yes,21368,-0.0421310000,0.4913087464361261841258162421
3463,19772,E14001226,E12000006,Epping Forest,East of England,England,County,Shared Ground,SG,Shared Ground,SG,1111,PP1912,,,,,No,No,Thomas,Hall,Male,No,No,,No,568,0.0100031130,0.013603812899671879864919886
3463,19773,E14001226,E12000006,Epping Forest,East of England,England,County,Green Party,Green,Green Party,Green,44,PP63,,,,,No,No,Simon,Heap,Male,No,No,,No,2486,0.0202512240,0.0595406318108878403947021771
3463,19774,E14001226,E12000006,Epping Forest,East of England,England,County,Independent,IND,,,,,,,,,Yes,No,Ed,Pond,Male,No,No,,No,3037,,0.0727372883385624985031015735
3463,19775,E14001226,E12000006,Epping Forest,East of England,England,County,Liberal Democrat,LD,Liberal Democrat,LD,17,PP90,,,,,No,No,Jon,Whitehouse,Male,No,No,,No,5268,0.0190049820,0.1261705745694920125499964074
3463,19776,E14001226,E12000006,Epping Forest,East of England,England,County,Labour,Lab,Labour,Lab,15,PP53,,,,,No,No,Rosalind,Doré,Female,No,No,,No,12356,0.0931974800,0.2959308313175101190333628721
3463,19777,E14001226,E12000006,Epping Forest,East of England,England,County,Conservative,Con,Conservative,Con,4,PP52,,,,,No,No,Neil,Hudson,Male,Yes,Yes,4853,Yes,18038,-0.2118122100,0.4320168610638756496539170838
3464,19778,E14001227,E12000008,Epsom and Ewell,South East,England,Borough,Social Democratic Party,SDP,Social Democratic Party,SDP,32,PP243,,,,,No,No,Damon,Young,Male,No,No,,No,153,,0.0028060522696011004126547455
3464,19779,E14001227,E12000008,Epsom and Ewell,South East,England,Borough,1 & Fair Party,TFB,1 & Fair Party,TFB,1059,PP12922,,,,,No,No,Gina,Miller,Female,No,No,,No,845,,0.0154974782209995414947271894
3464,19780,E14001227,E12000008,Epsom and Ewell,South East,England,Borough,Green Party,Green,Green Party,Green,44,PP63,,,,,No,No,Stephen,McKenna,Male,No,No,,No,1745,-0.0010290000,0.0320036680421824850985786337
3464,19781,E14001227,E12000008,Epsom and Ewell,South East,England,Borough,Reform UK,RUK,Reform UK,RUK,1036,PP7931,,,,,No,No,Mayuran,Senthilnathan,Male,No,No,,No,5795,,0.106281522237505731315910133
3464,19782,E14001227,E12000008,Epsom and Ewell,South East,England,Borough,Labour,Lab,Labour,Lab,15,PP53,,,,,No,No,Mark,Todd,Male,No,No,,No,8325,-0.0154970000,0.1526822558459422283356258597
3464,19783,E14001227,E12000008,Epsom and Ewell,South East,England,Borough,Conservative,Con,Conservative,Con,4,PP52,,,,,No,No,Mhairi,Fraser,Female,No,No,,No,16988,-0.2242140000,0.3115635029802842732691425951
3464,19784,E14001227,E12000008,Epsom and Ewell,South East,England,Borough,Liberal Democrat,LD,Liberal Democrat,LD,17,PP90,,,,,No,No,Helen,Maguire,Female,No,No,5336,Yes,20674,0.1370620000,0.3791655204034846400733608436
3465,19785,E14001228,E12000004,Erewash,East Midlands,England,County,Independent,IND,,,,,,,,,Yes,No,John,Kirby,Male,No,No,,No,351,,0.0081616518625308096544668186
3465,19786,E14001228,E12000004,Erewash,East Midlands,England,County,Liberal Democrat,LD,Liberal Democrat,LD,17,PP90,,,,,No,No,James,Archer,Male,No,No,,No,2426,0.0054620000,0.0564107333860391573268846208
3465,19787,E14001228,E12000004,Erewash,East Midlands,England,County,Green Party,Green,Green Party,Green,44,PP63,,,,,No,No,Brent,Poland,Male,No,No,,No,2478,0.0347780000,0.0576198669953029809793982235
3465,19788,E14001228,E12000004,Erewash,East Midlands,England,County,Reform UK,RUK,Reform UK,RUK,1036,PP7931,,,,,No,No,Liam,Booth-Isherwood,Male,No,No,,No,9162,,0.2130400409245221596986467005
3465,19789,E14001228,E12000004,Erewash,East Midlands,England,County,Conservative,Con,Conservative,Con,4,PP52,,,,,No,No,Maggie,Throup,Female,Yes,Yes,4447,No,11365,-0.3003270000,0.2642654513323722271310979863
3465,19790,E14001228,E12000004,Erewash,East Midlands,England,County,Labour,Lab,Labour,Lab,15,PP53,,,,,No,No,Adam,Thompson,Male,No,No,5044,Yes,17224,0.0531840000,0.4005022554992326652095056504
3466,19791,E14001229,E12000007,Erith and Thamesmead,London,England,Borough,Independent,IND,,,,,,,,,Yes,No,Diana,Diamond,Female,No,No,,No,200,,0.0049530696649248371678347656
3466,19792,E14001229,E12000007,Erith and Thamesmead,London,England,Borough,Workers Party of Britain,WPB,Workers Party of Britain,WPB,1042,PP11382,,,,,No,No,Mohammed Abu,Shahed,Male,No,No,,No,1071,,0.0265236880556725030337551698
3466,19793,E14001229,E12000007,Erith and Thamesmead,London,England,Borough,Liberal Democrat,LD,Liberal Democrat,LD,17,PP90,,,,,No,No,Pierce,Chalmers,Male,No,No,,No,1872,-0.0028210000,0.046360732063696475890933406
3466,19794,E14001229,E12000007,Erith and Thamesmead,London,England,Borough,Green Party,Green,Green Party,Green,44,PP63,,,,,No,No,Sarah,Barry,Female,No,No,,No,3482,0.0577780000,0.086232942866341415092003269
3466,19795,E14001229,E12000007,Erith and Thamesmead,London,England,Borough,Conservative,Con,Conservative,Con,4,PP52,,,,,No,No,Richard,Mark,Male,No,No,,No,5564,-0.1442760000,0.1377943980782089700091631789
3466,19796,E14001229,E12000007,Erith and Thamesmead,London,England,Borough,Reform UK,RUK,Reform UK,RUK,1036,PP7931,,,,,No,No,Michael,Pastor,Male,No,No,,No,5944,0.0967470000,0.1472052304415661606280492335
3466,19797,E14001229,E12000007,Erith and Thamesmead,London,England,Borough,Labour,Lab,Labour,Lab,15,PP53,,,,,No,No,Abena,Oppong-Asare,Female,Yes,Yes,4820,Yes,22246,-0.0325910000,0.5509299388295896381782609772
3467,19798,E14001230,E12000008,Esher and Walton,South East,England,Borough,Social Democratic Party,SDP,Social Democratic Party,SDP,32,PP243,,,,,No,No,Richard,Bateson,Male,No,No,,No,234,,0.004342984409799554565701559
3467,19799,E14001230,E12000008,Esher and Walton,South East,England,Borough,Green Party,Green,Green Party,Green,44,PP63,,,,,No,No,Maciej,Pawlik,Male,No,No,,No,1396,0.0235600000,0.0259094283593170007423904974
3467,19800,E14001230,E12000008,Esher and Walton,South East,England,Borough,Labour,Lab,Labour,Lab,15,PP53,,,,,No,No,Yoel,Gordon,Male,No,No,,No,2846,0.0047950000,0.0528210838901262063845582777
3467,19801,E14001230,E12000008,Esher and Walton,South East,England,Borough,Reform UK,RUK,Reform UK,RUK,1036,PP7931,,,,,No,No,Alastair,Gray,Male,No,No,,No,4777,,0.0886599851521900519673348181
3467,19802,E14001230,E12000008,Esher and Walton,South East,England,Borough,Conservative,Con,Conservative,Con,4,PP52,,,,,No,No,John,Cope,Male,No,No,,No,16312,-0.1924470000,0.3027468448403860430586488493
3467,19803,E14001230,E12000008,Esher and Walton,South East,England,Borough,Liberal Democrat,LD,Liberal Democrat,LD,17,PP90,,,,,No,No,Monica,Harding,Female,No,No,5299,Yes,28315,0.0839950000,0.5255196733481811432813659985
3468,19804,E14001231,E12000009,Exeter,South West,England,Borough,Independent,IND,,,,,,,,,Yes,No,Robert,Spain,Male,No,No,,No,194,,0.0048264709540987685035452171
3468,19805,E14001231,E12000009,Exeter,South West,England,Borough,Independent,IND,,,,,,,,,Yes,No,Wiliam,Poulter,Male,No,No,,No,466,,0.0115934817763403408384127379
3468,19806,E14001231,E12000009,Exeter,South West,England,Borough,Liberal Democrat,LD,Liberal Democrat,LD,17,PP90,,,,,No,No,Will,Aczel,Male,No,No,,No,4201,0.1043500000,0.1045154870008707550690384376
3468,19807,E14001231,E12000009,Exeter,South West,England,Borough,Reform UK,RUK,Reform UK,RUK,1036,PP7931,,,,,No,No,Lee,Bunker,Male,No,No,,No,4914,0.0962600000,0.1222540116929966413733051375
3468,19808,E14001231,E12000009,Exeter,South West,England,Borough,Green Party,Green,Green Party,Green,44,PP63,,,,,No,No,Andrew,Bell,Male,No,No,,No,5907,0.0535720000,0.146958576937430028610523697
3468,19809,E14001231,E12000009,Exeter,South West,England,Borough,Conservative,Con,Conservative,Con,4,PP52,,,,,No,No,Tessa,Tucker,Female,No,No,,No,6288,-0.1643370000,0.1564373678318198780942903346
3468,19810,E14001231,E12000009,Exeter,South West,England,Borough,Labour,Lab,Labour,Lab,15,PP53,,,,,No,No,Steve,Race,Male,No,No,5064,Yes,18225,-0.0945820000,0.4534146038064435875108844384
3469,19811,E14001232,E12000009,Exmouth and Exeter East,South West,England,County,Climate Party,Cli,Climate Party,Cli,1053,PP12958,,,,,No,No,Mark,Baldwin,Male,No,No,,No,134,,0.0026112713383739964143736846
3469,19812,E14001232,E12000009,Exmouth and Exeter East,South West,England,County,Independent,IND,,,,,,,,,Yes,No,Peter,Faithfull,Male,No,No,,No,454,,0.0088471431912074206875048718
3469,19813,E14001232,E12000009,Exmouth and Exeter East,South West,England,County,Independent,IND,,,,,,,,,Yes,No,Daniel,Wilson,Male,No,No,,No,590,,0.0114973887286616260035856263
3469,19814,E14001232,E12000009,Exmouth and Exeter East,South West,England,County,Green Party,Green,Green Party,Green,44,PP63,,,,,No,No,Olly,Davey,Male,No,No,,No,2331,0.0280508800,0.0454244290279834749395899914
3469,19815,E14001232,E12000009,Exmouth and Exeter East,South West,England,County,Reform UK,RUK,Reform UK,RUK,1036,PP7931,,,,,No,No,Garry,Sutherland,Male,No,No,,No,7085,0.1350031000,0.1380661002416400342972951906
3469,19816,E14001232,E12000009,Exmouth and Exeter East,South West,England,County,Liberal Democrat,LD,Liberal Democrat,LD,17,PP90,,,,,No,No,Paul,Arnott,Male,No,No,,No,11387,0.1916123200,0.2218996024631693818692025879
3469,19817,E14001232,E12000009,Exmouth and Exeter East,South West,England,County,Labour,Lab,Labour,Lab,15,PP53,,,,,No,No,Helen,Dallimore,Female,No,No,,No,14607,0.1793679300,0.2846480629823057136175851586
3469,19818,E14001232,E12000009,Exmouth and Exeter East,South West,England,County,Conservative,Con,Conservative,Con,4,PP52,,,,,No,No,David,Reed,Male,No,No,5347,Yes,14728,-0.2114178400,0.2870060020266583521708628888
3470,19819,S14000083,S92000003,Falkirk,,Scotland,County,Alba Party,Alba,Alba Party,Alba,1034,PP12700,,,,,No,No,Zohaib,Arshad,Male,No,No,,No,581,,0.0136304985337243401759530792
3470,19820,S14000083,S92000003,Falkirk,,Scotland,County,Independent,IND,,,,,,,,,Yes,No,Mark,Tunnicliff,Male,No,No,,No,600,,0.0140762463343108504398826979
3470,19821,S14000083,S92000003,Falkirk,,Scotland,County,Liberal Democrat,LD,Liberal Democrat,LD,17,PP90,,,,,No,No,Tim,McKay,Male,No,No,,No,1092,-0.0422070000,0.0256187683284457478005865103
3470,19822,S14000083,S92000003,Falkirk,,Scotland,County,Scottish Green Party,Green,Scottish Green Party,Green,1057,PP130,,,,,No,No,Rachel,Kidd,Female,No,No,,No,1711,0.0091230000,0.040140762463343108504398827
3470,19823,S14000083,S92000003,Falkirk,,Scotland,County,Reform UK,RUK,Reform UK,RUK,1036,PP7931,,,,,No,No,Keith,Barrow,Male,No,No,,No,3375,0.0755660000,0.079178885630498533724340176
3470,19824,S14000083,S92000003,Falkirk,,Scotland,County,Conservative,Con,Conservative,Con,4,PP52,,,,,No,No,James,Bundy,Male,No,No,,No,3576,-0.1754200000,0.0838944281524926686217008798
3470,19825,S14000083,S92000003,Falkirk,,Scotland,County,Scottish National Party,SNP,Scottish National Party,SNP,29,PP102,,,,,No,No,Toni,Giugliano,Male,No,No,,No,13347,-0.2043950000,0.3131260997067448680351906158
3470,19826,S14000083,S92000003,Falkirk,,Scotland,County,Labour,Lab,Labour,Lab,15,PP53,,,,,No,No,Euan,Stainbank,Male,No,No,5110,Yes,18343,0.3096270000,0.4303343108504398826979472141
3471,19827,E14001233,E12000008,Fareham and Waterlooville,South East,England,County,Rejoin EU,REU,Rejoin EU,REU,1040,PP11423,,,,,No,No,Edward,Dean,Male,No,No,,No,210,,0.0041896933543483031741914889
3471,19828,E14001233,E12000008,Fareham and Waterlooville,South East,England,County,Hampshire Independents,HI,Hampshire Independents,HI,1106,PP10327,,,,,No,No,Robert,Holliday,Male,No,No,,No,217,,0.0043293497994932466133312052
3471,19829,E14001233,E12000008,Fareham and Waterlooville,South East,England,County,Green Party,Green,Green Party,Green,44,PP63,,,,,No,No,Baz,Marie,Male,No,No,,No,2036,-0.0003700000,0.0406200746164435488697803404
3471,19830,E14001233,E12000008,Fareham and Waterlooville,South East,England,County,Reform UK,RUK,Reform UK,RUK,1036,PP7931,,,,,No,No,Kevan,Chippindall-Higgin,Male,No,No,,No,9084,,0.18123416395666660016359755
3471,19831,E14001233,E12000008,Fareham and Waterlooville,South East,England,County,Liberal Democrat,LD,Liberal Democrat,LD,17,PP90,,,,,No,No,Bella,Hewitt,Female,No,No,,No,9533,0.0007640000,0.1901921273666779721884164954
3471,19832,E14001233,E12000008,Fareham and Waterlooville,South East,England,County,Labour,Lab,Labour,Lab,15,PP53,,,,,No,No,Gemma,Furnivall,Female,No,No,,No,11482,0.0712500000,0.2290764718791772240288889332
3471,19833,E14001233,E12000008,Fareham and Waterlooville,South East,England,County,Conservative,Con,Conservative,Con,4,PP52,,,,,No,No,Suella,Braverman,Female,Yes,Yes,4475,Yes,17561,-0.2613970000,0.3503581190271931049617939868
3472,19834,E14001234,E12000008,Farnham and Bordon,South East,England,County,Hampshire Independents,HI,Hampshire Independents,HI,1106,PP10327,,,,,No,No,Don,Jerrard,Male,No,No,,No,421,,0.0079411487314910874280863906
3472,19835,E14001234,E12000008,Farnham and Bordon,South East,England,County,Green Party,Green,Green Party,Green,44,PP63,,,,,No,No,Claire,Matthes,Female,No,No,,No,2496,0.0377150000,0.0470810148071300575308874847
3472,19836,E14001234,E12000008,Farnham and Bordon,South East,England,County,Reform UK,RUK,Reform UK,RUK,1036,PP7931,,,,,No,No,Ged,Hall,Male,No,No,,No,6217,,0.1172686975384325190983683863
3472,19837,E14001234,E12000008,Farnham and Bordon,South East,England,County,Labour,Lab,Labour,Lab,15,PP53,,,,,No,No,Alex,Just,Male,No,No,,No,7328,0.0700410000,0.1382250306517023483919645383
3472,19838,E14001234,E12000008,Farnham and Bordon,South East,England,County,Liberal Democrat,LD,Liberal Democrat,LD,17,PP90,,,,,No,No,Khalil,Yousuf,Male,No,No,,No,17602,0.0035350000,0.3320192398377817598792794492
3472,19839,E14001234,E12000008,Farnham and Bordon,South East,England,County,Conservative,Con,Conservative,Con,4,PP52,,,,,No,No,Greg,Stafford,Male,No,No,5351,Yes,18951,-0.2365010000,0.3574648684334622276714137508
3473,19840,E14001235,E12000008,Faversham and Mid Kent,South East,England,County,British Democratic Party,BDP,British Democratic Party,BDP,200,PP1765,,,,,No,No,Lawrence,Rustem,Male,No,No,,No,171,,0.0036700004292398162853586299
3473,19841,E14001235,E12000008,Faversham and Mid Kent,South East,England,County,Liberal Democrat,LD,Liberal Democrat,LD,17,PP90,,,,,No,No,Hannah,Perkin,Female,No,No,,No,4158,-0.0354320000,0.0892389578057260591492466841
3473,19842,E14001235,E12000008,Faversham and Mid Kent,South East,England,County,Green Party,Green,Green Party,Green,44,PP63,,,,,No,No,Hannah,Temple,Female,No,No,,No,4218,0.0495850000,0.0905266772545821350388462034
3473,19843,E14001235,E12000008,Faversham and Mid Kent,South East,England,County,Reform UK,RUK,Reform UK,RUK,1036,PP7931,,,,,No,No,Maxwell,Harrison,Male,No,No,,No,9884,,0.2121303172082242348800274713
3473,19844,E14001235,E12000008,Faversham and Mid Kent,South East,England,County,Labour,Lab,Labour,Lab,15,PP53,,,,,No,No,Mel,Dawkins,Female,No,No,,No,13347,0.0879880000,0.2864531913980340816414130575
3473,19845,E14001235,E12000008,Faversham and Mid Kent,South East,England,County,Conservative,Con,Conservative,Con,4,PP52,,,,,No,No,Helen,Whately,Female,Yes,Yes,4527,Yes,14816,-0.3081110000,0.3179808559041936730051079538
3474,19846,E14001236,E12000007,Feltham and Heston,London,England,Borough,Independent,IND,,,,,,,,,Yes,No,Aysha Siddika,Choudhury,Female,No,No,,No,373,,0.0095918944634453673464139687
3474,19847,E14001236,E12000007,Feltham and Heston,London,England,Borough,Independent,IND,,,,,,,,,Yes,No,Damian,Read,Male,No,No,,No,373,,0.0095918944634453673464139687
3474,19848,E14001236,E12000007,Feltham and Heston,London,England,Borough,Independent,IND,,,,,,,,,Yes,No,Ian Christopher,Brown,Male,No,No,,No,454,,0.011674852778563530228611104
3474,19849,E14001236,E12000007,Feltham and Heston,London,England,Borough,Independent,IND,,,,,,,,,Yes,No,Abdul Majid,Tramboo,Male,No,No,,No,1658,,0.0426363566230359760331216088
3474,19850,E14001236,E12000007,Feltham and Heston,London,England,Borough,Liberal Democrat,LD,Liberal Democrat,LD,17,PP90,,,,,No,No,Dhruv,Sengupta,Male,No,No,,No,1821,-0.0194160000,0.0468279887880268470182837452
3474,19851,E14001236,E12000007,Feltham and Heston,London,England,Borough,Workers Party of Britain,WPB,Workers Party of Britain,WPB,1042,PP11382,,,,,No,No,Amritpal Singh,Mann,Male,No,No,,No,2201,,0.056599891994754030910072775
3474,19852,E14001236,E12000007,Feltham and Heston,London,England,Borough,Green Party,Green,Green Party,Green,44,PP63,,,,,No,No,Katherine,Kandelaki,Female,No,No,,No,2543,0.0414900000,0.0653946048808084964126829017
3474,19853,E14001236,E12000007,Feltham and Heston,London,England,Borough,Reform UK,RUK,Reform UK,RUK,1036,PP7931,,,,,No,No,Prabhdeep,Singh,Male,No,No,,No,5130,0.0971920000,0.1319206932908169825391519017
3474,19854,E14001236,E12000007,Feltham and Heston,London,England,Borough,Conservative,Con,Conservative,Con,4,PP52,,,,,No,No,Reva,Gudi,Female,No,No,,No,8195,-0.1471450000,0.2107388073134980841926607864
3474,19855,E14001236,E12000007,Feltham and Heston,London,England,Borough,Labour / Co-operative Party,Lab / Co-op,Labour,Lab,15,PP53,Co-operative Party,Co-op,,,No,No,Seema,Malhotra,Female,Yes,Yes,4253,Yes,16139,-0.1022160000,0.41502301540360531797258724
3475,19856,N05000007,N92000002,Fermanagh and South Tyrone,,Northern Ireland,County,Aontú,AONT,Aontú,AONT,1025,PP7968,,,,,No,No,Carl,Duffy,Male,No,No,,No,529,0.0091760000,0.0103571148876184509358602866
3475,19857,N05000007,N92000002,Fermanagh and South Tyrone,,Northern Ireland,County,Cross-Community Labour Alternative,CCLA,Cross-Community Labour Alternative,CCLA,1097,PP4037,,,,,No,No,Gerry,Cullen,Male,No,No,,No,624,,0.0122170882606312162267992795
3475,19858,N05000007,N92000002,Fermanagh and South Tyrone,,Northern Ireland,County,Social Democratic & Labour Party,SDLP,Social Democratic & Labour Party,SDLP,31,PP55,,,,,No,No,Paul,Blake,Male,No,No,,No,2386,-0.0252710000,0.0467146996632469261492677579
3475,19859,N05000007,N92000002,Fermanagh and South Tyrone,,Northern Ireland,County,Alliance,APNI,Alliance,APNI,1,PP103,,,,,No,No,Eddie,Roofe,Male,No,No,,No,2420,-0.0065370000,0.0473803743441146526744459237
3475,19860,N05000007,N92000002,Fermanagh and South Tyrone,,Northern Ireland,County,Ulster Unionist Party,UUP,Ulster Unionist Party,UUP,38,PP83,,,,,No,No,Diana,Armstrong,Female,No,No,,No,20273,-0.0186530000,0.3969183178009241130863810792
3475,19861,N05000007,N92000002,Fermanagh and South Tyrone,,Northern Ireland,County,Sinn Féin,SF,Sinn Féin,SF,30,PP39,,,,,No,No,Pat,Cullen,Female,No,No,5261,Yes,24844,0.0609650000,0.4864124050434646409272456731
3476,19862,E14001237,E12000009,Filton and Bradley Stoke,South West,England,Borough,Liberal Democrat,LD,Liberal Democrat,LD,17,PP90,,,,,No,No,Benet,Allen,Male,No,No,,No,3596,-0.0286720000,0.0713959536998431512696805448
3476,19863,E14001237,E12000009,Filton and Bradley Stoke,South West,England,Borough,Green Party,Green,Green Party,Green,44,PP63,,,,,No,No,James,Nelson,Male,No,No,,No,4142,0.0550100000,0.0822363849345801814680246987
3476,19864,E14001237,E12000009,Filton and Bradley Stoke,South West,England,Borough,Reform UK,RUK,Reform UK,RUK,1036,PP7931,,,,,No,No,Stephen,Burge,Male,No,No,,No,6819,,0.135386264816248734290309131
3476,19865,E14001237,E12000009,Filton and Bradley Stoke,South West,England,Borough,Conservative,Con,Conservative,Con,4,PP52,,,,,No,No,Jack,Lopresti,Male,Yes,Yes,3989,No,12905,-0.2537910000,0.2562193499712113089919987293
3476,19866,E14001237,E12000009,Filton and Bradley Stoke,South West,England,Borough,Labour,Lab,Labour,Lab,15,PP53,,,,,No,No,Claire,Hazelgrove,Female,No,No,5306,Yes,22905,0.0970380000,0.4547620465781166239799868962
3477,19867,E14001238,E12000007,Finchley and Golders Green,London,England,Borough,Independent,IND,,,,,,,,,Yes,No,Michael,Shad,Male,No,No,,No,272,,0.0055184726815313761691249569
3477,19868,E14001238,E12000007,Finchley and Golders Green,London,England,Borough,Party of Women,POW,Party of Women,POW,1102,PP17545,,,,,No,No,Katharine Margaret,Murphy,Female,No,No,,No,318,,0.0064517437967903589036093246
3477,19869,E14001238,E12000007,Finchley and Golders Green,London,England,Borough,Rejoin EU,REU,Rejoin EU,REU,1040,PP11423,,,,,No,No,Brendan Patrick,Donnelly,Male,No,No,,No,486,,0.009860212217736208890421798
3477,19870,E14001238,E12000007,Finchley and Golders Green,London,England,Borough,Reform UK,RUK,Reform UK,RUK,1036,PP7931,,,,,No,No,Giuseppe,Pezzulli,Male,No,No,,No,2598,,0.0527095295096268944389214632
3477,19871,E14001238,E12000007,Finchley and Golders Green,London,England,Borough,Green Party,Green,Green Party,Green,44,PP63,,,,,No,No,Steve,Parsons,Male,No,No,,No,3107,0.0629100000,0.063036377284992594696585445
3477,19872,E14001238,E12000007,Finchley and Golders Green,London,England,Borough,Liberal Democrat,LD,Liberal Democrat,LD,17,PP90,,,,,No,No,Sarah,Hoyle,Female,No,No,,No,3375,-0.2498330000,0.0684736959565014506279291525
3477,19873,E14001238,E12000007,Finchley and Golders Green,London,England,Borough,Conservative,Con,Conservative,Con,4,PP52,,,,,No,No,Alex,Deane,Male,No,No,,No,17276,-0.0874330000,0.3505041692872649069772160117
3477,19874,E14001238,E12000007,Finchley and Golders Green,London,England,Borough,Labour,Lab,Labour,Lab,15,PP53,,,,,No,No,Sarah,Sackman,Female,No,No,5204,Yes,21857,0.1998160000,0.4434457992655562092961918481
3478,19875,E14001239,E12000008,Folkestone and Hythe,South East,England,County,The Socialist Party of Great Britain,SPGB,The Socialist Party of Great Britain,SPGB,192,PP110,,,,,No,No,Andy,Thomas,Male,No,No,,No,71,0.0001010000,0.0016417703371410072607871248
3478,19876,E14001239,E12000008,Folkestone and Hythe,South East,England,County,Fairer Voting Party,FVP,Fairer Voting Party,FVP,1099,PP17415,,,,,No,No,David,Allen,Male,No,No,,No,240,,0.0055496462100541090505480276
3478,19877,E14001239,E12000008,Folkestone and Hythe,South East,England,County,Trade Unionist and Socialist Coalition,TUSC,Trade Unionist and Socialist Coalition,TUSC,157,PP804,,,,,No,No,Momtaz,Khanom,Female,No,No,,No,249,,0.0057577579429311381399435786
3478,19878,E14001239,E12000008,Folkestone and Hythe,South East,England,County,Liberal Democrat,LD,Liberal Democrat,LD,17,PP90,,,,,No,No,Larry,Ngan,Male,No,No,,No,1736,-0.0598910000,0.040142440919391388798964066
3478,19879,E14001239,E12000008,Folkestone and Hythe,South East,England,County,Green Party,Green,Green Party,Green,44,PP63,,,,,No,No,Marianne,Brett,Female,No,No,,No,3954,0.0426750000,0.0914304213106414466077787541
3478,19880,E14001239,E12000008,Folkestone and Hythe,South East,England,County,Reform UK,RUK,Reform UK,RUK,1036,PP7931,,,,,No,No,Bill,Wright,Male,No,No,,No,10685,,0.2470748739767839800212736438
3478,19881,E14001239,E12000008,Folkestone and Hythe,South East,England,County,Conservative,Con,Conservative,Con,4,PP52,,,,,No,No,Damian,Collins,Male,Yes,Yes,3986,No,11291,-0.3020780000,0.2610877306571706053739074134
3478,19882,E14001239,E12000008,Folkestone and Hythe,South East,England,County,Labour,Lab,Labour,Lab,15,PP53,,,,,No,No,Tony,Vaughan,Male,No,No,5067,Yes,15020,0.0796960000,0.3473153586458863247467973917
3479,19883,E14001240,E12000009,Forest of Dean,South West,England,County,Socialist Labour Party,SL,Socialist Labour Party,SL,147,PP73,,,,,No,No,Saiham,Sikder,Male,No,No,,No,90,,0.0018714520388430267617641555
3479,19884,E14001240,E12000009,Forest of Dean,South West,England,County,Liberal Democrat,LD,Liberal Democrat,LD,17,PP90,,,,,No,No,James,Joyce,Male,No,No,,No,2604,,0.0541473456571915743070428978
3479,19885,E14001240,E12000009,Forest of Dean,South West,England,County,Green Party,Green,Green Party,Green,44,PP63,,,,,No,No,Chris,McFarling,Male,No,No,,No,4735,0.0075220000,0.098459171154685907966147512
3479,19886,E14001240,E12000009,Forest of Dean,South West,England,County,Reform UK,RUK,Reform UK,RUK,1036,PP7931,,,,,No,No,Stan,Goodin,Male,No,No,,No,8194,,0.1703853111808862365099498867
3479,19887,E14001240,E12000009,Forest of Dean,South West,England,County,Conservative,Con,Conservative,Con,4,PP52,,,,,No,No,Mark,Harper,Male,Yes,Yes,1520,No,16095,-0.2613390000,0.3346780062797612858954898006
3479,19888,E14001240,E12000009,Forest of Dean,South West,England,County,Labour,Lab,Labour,Lab,15,PP53,,,,,No,No,Matt,Bishop,Male,No,No,5323,Yes,16373,0.0527270000,0.3404587136886319685596057474
3480,19889,N05000008,N92000002,Foyle,,Northern Ireland,County,Aontú,AONT,Aontú,AONT,1025,PP7968,,,,,No,No,John,Boyle,Male,No,No,,No,662,-0.0267610000,0.0172584597737108295531570989
3480,19890,N05000008,N92000002,Foyle,,Northern Ireland,County,Alliance,APNI,Alliance,APNI,1,PP103,,,,,No,No,Rachael,Ferguson,Female,No,No,,No,1268,0.0062030000,0.033056989415506543615412691
3480,19891,N05000008,N92000002,Foyle,,Northern Ireland,County,Ulster Unionist Party,UUP,Ulster Unionist Party,UUP,38,PP83,,,,,No,No,Janice,Montgomery,Female,No,No,,No,1422,0.0172420000,0.0370717972782731112153918348
3480,19892,N05000008,N92000002,Foyle,,Northern Ireland,County,Independent,IND,,,,,,,,,Yes,No,Anne,McCloskey,Female,No,No,,No,1519,,0.0396006048281975076907033735
3480,19893,N05000008,N92000002,Foyle,,Northern Ireland,County,People Before Profit Alliance,PBPA,People Before Profit Alliance,PBPA,177,PP773,,,,,No,No,Shaun,Harkin,Male,No,No,,No,2444,0.0354610000,0.0637155221857239689243443349
3480,19894,N05000008,N92000002,Foyle,,Northern Ireland,County,Democratic Unionist Party,DUP,Democratic Unionist Party,DUP,7,PP70,,,,,No,No,Gary,Middleton,Male,No,No,,No,3915,0.0150650000,0.1020647583294228061942749883
3480,19895,N05000008,N92000002,Foyle,,Northern Ireland,County,Sinn Féin,SF,Sinn Féin,SF,30,PP39,,,,,No,No,Sandra,Duffy,Female,No,No,,No,11481,0.0876400000,0.2993117472235257312685750039
3480,19896,N05000008,N92000002,Foyle,,Northern Ireland,County,Social Democratic & Labour Party,SDLP,Social Democratic & Labour Party,SDLP,31,PP55,,,,,No,No,Colum,Eastwood,Male,Yes,Yes,4846,Yes,15647,-0.1744500000,0.4079201209656395015381406747
3481,19897,E14001241,E12000009,Frome and East Somerset,South West,England,County,Independent,IND,,,,,,,,,Yes,No,Gavin,Heathcote,Male,No,No,,No,294,,0.0062933470331363986642692011
3481,19898,E14001241,E12000009,Frome and East Somerset,South West,England,County,Independent,IND,,,,,,,,,Yes,No,Shaun,Hughes,Male,No,No,,No,737,,0.0157761794674201558352598681
3481,19899,E14001241,E12000009,Frome and East Somerset,South West,England,County,Green Party,Green,Green Party,Green,44,PP63,,,,,No,No,Martin,Dimery,Male,No,No,,No,5083,0.0479980000,0.1088064046579330422125181951
3481,19900,E14001241,E12000009,Frome and East Somerset,South West,England,County,Labour,Lab,Labour,Lab,15,PP53,,,,,No,No,Robin,Moss,Male,No,No,,No,6416,-0.0743750000,0.1373405257299426320746639267
3481,19901,E14001241,E12000009,Frome and East Somerset,South West,England,County,Reform UK,RUK,Reform UK,RUK,1036,PP7931,,,,,No,No,David,Swain,Male,No,No,,No,6441,,0.1378756742871821217569997431
3481,19902,E14001241,E12000009,Frome and East Somerset,South West,England,County,Conservative,Con,Conservative,Con,4,PP52,,,,,No,No,Lucy,Trimnell,Female,No,No,,No,11165,-0.2539360000,0.2389973456631560921311756144
3481,19903,E14001241,E12000009,Frome and East Somerset,South West,England,County,Liberal Democrat,LD,Liberal Democrat,LD,17,PP90,,,,,No,No,Anna,Sabine,Female,No,No,5286,Yes,16580,0.1203680000,0.3549105231612295573251134515
3482,19904,E14001242,E12000002,Fylde,North West,England,County,Alliance for Democracy and Freedom,ADF,Alliance for Democracy and Freedom,ADF,1075,PP10288,,,,,No,No,Cheryl,Morrison,Female,No,No,,No,199,,0.004149291075896580483736447
3482,19905,E14001242,E12000002,Fylde,North West,England,County,Green Party,Green,Green Party,Green,44,PP63,,,,,No,No,Brenden,Wilkinson,Male,No,No,,No,1560,-0.0021240000,0.0325271059216013344453711426
3482,19906,E14001242,E12000002,Fylde,North West,England,County,Liberal Democrat,LD,Liberal Democrat,LD,17,PP90,,,,,No,No,Mark,Jewell,Male,No,No,,No,2120,-0.0292560000,0.0442035029190992493744787323
3482,19907,E14001242,E12000002,Fylde,North West,England,County,Independent,IND,,,,,,,,,Yes,No,Anne,Aitken,Female,No,No,,No,4513,,0.0940992493744787322768974145
3482,19908,E14001242,E12000002,Fylde,North West,England,County,Reform UK,RUK,Reform UK,RUK,1036,PP7931,,,,,No,No,Brook,Wimbury,Male,No,No,,No,8295,,0.1729566305254378648874061718
3482,19909,E14001242,E12000002,Fylde,North West,England,County,Labour,Lab,Labour,Lab,15,PP53,,,,,No,No,Tom,Calver,Male,No,No,,No,15356,0.0684850000,0.3201834862385321100917431193
3482,19910,E14001242,E12000002,Fylde,North West,England,County,Conservative,Con,Conservative,Con,4,PP52,,,,,No,No,Andrew,Snowden,Male,No,No,5072,Yes,15917,-0.2904650000,0.3318807339449541284403669725
3483,19911,E14001243,E12000004,Gainsborough,East Midlands,England,County,Social Democratic Party,SDP,Social Democratic Party,SDP,32,PP243,,,,,No,No,Tim,Mellors,Male,No,No,,No,196,,0.004198350647959730106029774
3483,19912,E14001243,E12000004,Gainsborough,East Midlands,England,County,Green Party,Green,Green Party,Green,44,PP63,,,,,No,No,Vanessa,Smith,Female,No,No,,No,1832,,0.0392417264646031916032987041
3483,19913,E14001243,E12000004,Gainsborough,East Midlands,England,County,Liberal Democrat,LD,Liberal Democrat,LD,17,PP90,,,,,No,No,Lesley,Rollings,Female,No,No,,No,5001,0.0035430000,0.1071222019920745421441576524
3483,19914,E14001243,E12000004,Gainsborough,East Midlands,England,County,Reform UK,RUK,Reform UK,RUK,1036,PP7931,,,,,No,No,Pat,O'Connor,Male,No,No,,No,9916,,0.2124022705365749169968940773
3483,19915,E14001243,E12000004,Gainsborough,East Midlands,England,County,Labour,Lab,Labour,Lab,15,PP53,,,,,No,No,Jess,McGuire,Female,No,No,,No,13104,0.0690530000,0.28068972903502195566027632
3483,19916,E14001243,E12000004,Gainsborough,East Midlands,England,County,Conservative,Con,Conservative,Con,4,PP52,,,,,No,No,Edward,Leigh,Male,Yes,Yes,345,Yes,16636,-0.3066570000,0.3563457213237656634893434722
3484,19917,E14001244,E12000001,Gateshead Central and Whickham,North East,England,Borough,Save Us Now,SUN,Save Us Now,SUN,1078,PP6712,,,,,No,No,Graham,Steele,Male,No,No,,No,170,,0.0042270681552577268319367432
3484,19918,E14001244,E12000001,Gateshead Central and Whickham,North East,England,Borough,Trade Unionist and Socialist Coalition,TUSC,Trade Unionist and Socialist Coalition,TUSC,157,PP804,,,,,No,No,Norman,Hall,Male,No,No,,No,369,,0.0091752244075888305940274013
3484,19919,E14001244,E12000001,Gateshead Central and Whickham,North East,England,Borough,Green Party,Green,Green Party,Green,44,PP63,,,,,No,No,Rachel,Cabral,Female,No,No,,No,3217,0.0421290000,0.0799910485615535718725911928
3484,19920,E14001244,E12000001,Gateshead Central and Whickham,North East,England,Borough,Conservative,Con,Conservative,Con,4,PP52,,,,,No,No,Nicholas,Oliver,Male,No,No,,No,4628,-0.2151400000,0.1150757142501927045776661611
3484,19921,E14001244,E12000001,Gateshead Central and Whickham,North East,England,Borough,Liberal Democrat,LD,Liberal Democrat,LD,17,PP90,,,,,No,No,Ron,Beadle,Male,No,No,,No,4987,0.0017300000,0.1240022875898251982992266952
3484,19922,E14001244,E12000001,Gateshead Central and Whickham,North East,England,Borough,Reform UK,RUK,Reform UK,RUK,1036,PP7931,,,,,No,No,Damian,Heslop,Male,No,No,,No,8601,0.1750990000,0.2138647835492453440087525176
3484,19923,E14001244,E12000001,Gateshead Central and Whickham,North East,England,Borough,Labour,Lab,Labour,Lab,15,PP53,,,,,No,No,Mark,Ferguson,Male,No,No,5031,Yes,18245,-0.0172200000,0.4536638734863366238157992889
3485,19924,E14001245,E12000004,Gedling,East Midlands,England,County,Independent,IND,,,,,,,,,Yes,No,Irenea,Marriott,Female,No,No,,No,241,,0.0049464307704938220926891343
3485,19925,E14001245,E12000004,Gedling,East Midlands,England,County,Liberal Democrat,LD,Liberal Democrat,LD,17,PP90,,,,,No,No,Tad,Jones,Male,No,No,,No,2473,0.0058590000,0.0507573580723287221378432741
3485,19926,E14001245,E12000004,Gedling,East Midlands,England,County,Green Party,Green,Green Party,Green,44,PP63,,,,,No,No,Dominic,Berry,Male,No,No,,No,3122,0.0421920000,0.0640778293173515044538401543
3485,19927,E14001245,E12000004,Gedling,East Midlands,England,County,Reform UK,RUK,Reform UK,RUK,1036,PP7931,,,,,No,No,Simon,Christy,Male,No,No,,No,8211,0.1348870000,0.168527564549895324494068388
3485,19928,E14001245,E12000004,Gedling,East Midlands,England,County,Conservative,Con,Conservative,Con,4,PP52,,,,,No,No,Tom,Randall,Male,Yes,Yes,4845,No,11397,-0.2381140000,0.2339189688436435285907803456
3485,19929,E14001245,E12000004,Gedling,East Midlands,England,County,Labour,Lab,Labour,Lab,15,PP53,,,,,No,No,Michael,Payne,Male,No,No,5146,Yes,23278,0.0502300000,0.4777718484462870982307787037
3486,19930,E14001246,E12000008,Gillingham and Rainham,South East,England,Borough,Social Democratic Party,SDP,Social Democratic Party,SDP,32,PP243,,,,,No,No,Peter,Wheeler,Male,No,No,,No,111,,0.002698104035002430724355858
3486,19931,E14001246,E12000008,Gillingham and Rainham,South East,England,Borough,Christian Peoples Alliance,CPA,Christian Peoples Alliance,CPA,80,PP79,,,,,No,No,Roger,Peacock,Male,No,No,,No,175,0.0016640000,0.0042537676227515799708313077
3486,19932,E14001246,E12000008,Gillingham and Rainham,South East,England,Borough,Independent,IND,,,,,,,,,Yes,No,Peter,Cook,Male,No,No,,No,344,,0.0083616917841516771998055421
3486,19933,E14001246,E12000008,Gillingham and Rainham,South East,England,Borough,Liberal Democrat,LD,Liberal Democrat,LD,17,PP90,,,,,No,No,Stuart,Bourne,Male,No,No,,No,2248,0.0001800000,0.0546426835196888672824501702
3486,19934,E14001246,E12000008,Gillingham and Rainham,South East,England,Borough,Green Party,Green,Green Party,Green,44,PP63,,,,,No,No,Kate,Belmonte,Female,No,No,,No,2318,0.0336500000,0.0563441905687894992707826932
3486,19935,E14001246,E12000008,Gillingham and Rainham,South East,England,Borough,Reform UK,RUK,Reform UK,RUK,1036,PP7931,,,,,No,No,Rizvi,Rawoof,Male,No,No,,No,8792,,0.2137092853670393777345649003
3486,19936,E14001246,E12000008,Gillingham and Rainham,South East,England,Borough,Conservative,Con,Conservative,Con,4,PP52,,,,,No,No,Rehman,Chishti,Male,Yes,Yes,3987,No,11590,-0.3312950000,0.2817209528439474963539134662
3486,19937,E14001246,E12000008,Gillingham and Rainham,South East,England,Borough,Labour,Lab,Labour,Lab,15,PP53,,,,,No,No,Naushabah,Khan,Female,No,No,5215,Yes,15562,0.0942270000,0.3782693242586290714632960622
3487,19938,S14000084,S92000003,Glasgow East,,Scotland,Burgh,Scottish Socialist Party,SSP,Scottish Socialist Party,SSP,150,PP46,,,,,No,No,Liam,McLaughlan,Male,No,No,,No,466,,0.0131471293553392580053604175
3487,19939,S14000084,S92000003,Glasgow East,,Scotland,Burgh,Liberal Democrat,LD,Liberal Democrat,LD,17,PP90,,,,,No,No,Matthew,Clark,Male,No,No,,No,872,-0.0164090000,0.0246014952743687403018761461
3487,19940,S14000084,S92000003,Glasgow East,,Scotland,Burgh,Conservative,Con,Conservative,Con,4,PP52,,,,,No,No,Thomas,Kerr,Male,No,No,,No,1707,-0.0749680000,0.0481591197630131189166314008
3487,19941,S14000084,S92000003,Glasgow East,,Scotland,Burgh,Reform UK,RUK,Reform UK,RUK,1036,PP7931,,,,,No,No,Donnie,McLeod,Male,No,No,,No,2371,0.0662850000,0.0668923684581746367611792919
3487,19942,S14000084,S92000003,Glasgow East,,Scotland,Burgh,Scottish Green Party,Green,Scottish Green Party,Green,1057,PP130,,,,,No,No,Amy,Kettyles,Non-binary,No,No,,No,2727,0.0631930000,0.076936098180279305966991113
3487,19943,S14000084,S92000003,Glasgow East,,Scotland,Burgh,Scottish National Party,SNP,Scottish National Party,SNP,29,PP102,,,,,No,No,David,Linden,Male,Yes,Yes,4640,No,11759,-0.1551960000,0.331753420792777542671744957
3487,19944,S14000084,S92000003,Glasgow East,,Scotland,Burgh,Labour,Lab,Labour,Lab,15,PP53,,,,,No,No,John,Grady,Male,No,No,5170,Yes,15543,0.1039470000,0.4385103681760473973762166737
3488,19945,S14000085,S92000003,Glasgow North,,Scotland,Burgh,Alba Party,Alba,Alba Party,Alba,1034,PP12700,,,,,No,No,Nick,Durie,Male,No,No,,No,572,,0.0164656438009153976798411008
3488,19946,S14000085,S92000003,Glasgow North,,Scotland,Burgh,Liberal Democrat,LD,Liberal Democrat,LD,17,PP90,,,,,No,No,Daniel,O'Malley,Male,No,No,,No,1142,-0.0190290000,0.0328737154207087135496128271
3488,19947,S14000085,S92000003,Glasgow North,,Scotland,Burgh,Conservative,Con,Conservative,Con,4,PP52,,,,,No,No,Naveed,Asghar,Male,No,No,,No,1366,-0.0487400000,0.0393217997063818762773827686
3488,19948,S14000085,S92000003,Glasgow North,,Scotland,Burgh,Reform UK,RUK,Reform UK,RUK,1036,PP7931,,,,,No,No,Helen,Burns,Female,No,No,,No,1655,0.0417190000,0.0476409798785226978324073808
3488,19949,S14000085,S92000003,Glasgow North,,Scotland,Burgh,Scottish Green Party,Green,Scottish Green Party,Green,1057,PP130,,,,,No,No,Iris,Duane,Female,No,No,,No,4233,0.0844650000,0.1218515213448861510118310832
3488,19950,S14000085,S92000003,Glasgow North,,Scotland,Burgh,Scottish National Party,SNP,Scottish National Party,SNP,29,PP102,,,,,No,No,Alison,Thewliss,Female,Yes,Yes,4430,No,11116,-0.1555670000,0.3199861826765307003655833501
3488,19951,S14000085,S92000003,Glasgow North,,Scotland,Burgh,Labour,Lab,Labour,Lab,15,PP53,,,,,No,No,Martin,Rhodes,Male,No,No,5251,Yes,14655,0.0806870000,0.4218601571720544632833414894
3489,19952,S14000086,S92000003,Glasgow North East,,Scotland,Burgh,Communist Party of Britain,Comm,Communist Party of Britain,Comm,76,PP78,,,,,No,No,Gary,Steele,Male,No,No,,No,146,,0.0042826552462526766595289079
3489,19953,S14000086,S92000003,Glasgow North East,,Scotland,Burgh,Trade Unionist and Socialist Coalition,TUSC,Trade Unionist and Socialist Coalition,TUSC,157,PP804,,,,,No,No,Chris,Sermanni,Male,No,No,,No,236,,0.0069226482062714499428001525
3489,19954,S14000086,S92000003,Glasgow North East,,Scotland,Burgh,Alba Party,Alba,Alba Party,Alba,1034,PP12700,,,,,No,No,Catherine,McKernan,Female,No,No,,No,551,,0.0161626235663371564342495087
3489,19955,S14000086,S92000003,Glasgow North East,,Scotland,Burgh,Liberal Democrat,LD,Liberal Democrat,LD,17,PP90,,,,,No,No,Sheila,Thomson,Female,No,No,,No,592,-0.0165910000,0.0173652870259012642632952979
3489,19956,S14000086,S92000003,Glasgow North East,,Scotland,Burgh,Conservative,Con,Conservative,Con,4,PP52,,,,,No,No,Robert,Connelly,Male,No,No,,No,1182,-0.0751400000,0.0346719075415798891202956792
3489,19957,S14000086,S92000003,Glasgow North East,,Scotland,Burgh,Reform UK,RUK,Reform UK,RUK,1036,PP7931,,,,,No,No,Jonathan,Walmsley,Male,No,No,,No,2272,,0.0666451556129183655510251973
3489,19958,S14000086,S92000003,Glasgow North East,,Scotland,Burgh,Scottish Green Party,Green,Scottish Green Party,Green,1057,PP130,,,,,No,No,Ewan,Lewis,Male,No,No,,No,2471,0.0709590000,0.0724824733800709864773693937
3489,19959,S14000086,S92000003,Glasgow North East,,Scotland,Burgh,Scottish National Party,SNP,Scottish National Party,SNP,29,PP102,,,,,No,No,Anne,McLaughlin,Female,Yes,Yes,4437,No,11002,-0.1547440000,0.3227244727347393740283359244
3489,19960,S14000086,S92000003,Glasgow North East,,Scotland,Burgh,Labour,Lab,Labour,Lab,15,PP53,,,,,No,No,Maureen,Burke,Female,No,No,5137,Yes,15639,0.0815020000,0.4587427766859288375230999384
3490,19961,S14000087,S92000003,Glasgow South,,Scotland,Burgh,Alba Party,Alba,Alba Party,Alba,1034,PP12700,,,,,No,No,Dhruva,Kumar,Male,No,No,,No,444,,0.0104771343621690499787625655
3490,19962,S14000087,S92000003,Glasgow South,,Scotland,Burgh,Trade Unionist and Socialist Coalition,TUSC,Trade Unionist and Socialist Coalition,TUSC,157,PP804,,,,,No,No,Brian,Smith,Male,No,No,,No,473,,0.0111614516966350464863844448
3490,19963,S14000087,S92000003,Glasgow South,,Scotland,Burgh,Liberal Democrat,LD,Liberal Democrat,LD,17,PP90,,,,,No,No,Peter,McLaughlin,Male,No,No,,No,1316,-0.0291340000,0.0310538486950776346217376941
3490,19964,S14000087,S92000003,Glasgow South,,Scotland,Burgh,Conservative,Con,Conservative,Con,4,PP52,,,,,No,No,Haroun,Malik,Male,No,No,,No,1617,-0.0887490000,0.0381565906838453914767096135
3490,19965,S14000087,S92000003,Glasgow South,,Scotland,Burgh,Reform UK,RUK,Reform UK,RUK,1036,PP7931,,,,,No,No,Danny,Raja,Male,No,No,,No,1736,0.0316550000,0.040964651470102411628675256
3490,19966,S14000087,S92000003,Glasgow South,,Scotland,Burgh,Scottish Green Party,Green,Scottish Green Party,Green,1057,PP130,,,,,No,No,Niall,Christie,Male,No,No,,No,5554,0.1049820000,0.1310585681249705035631695691
3490,19967,S14000087,S92000003,Glasgow South,,Scotland,Burgh,Scottish National Party,SNP,Scottish National Party,SNP,29,PP102,,,,,No,No,Stewart,McDonald,Male,Yes,Yes,4461,No,13542,-0.1634540000,0.3195525980461560243522582472
3490,19968,S14000087,S92000003,Glasgow South,,Scotland,Burgh,Labour,Lab,Labour,Lab,15,PP53,,,,,No,No,Gordon,McKee,Male,No,No,5189,Yes,17696,0.1230630000,0.4175751569210439378923026098
3491,19969,S14000088,S92000003,Glasgow South West,,Scotland,Burgh,Alba Party,Alba,Alba Party,Alba,1034,PP12700,,,,,No,No,Tony,Osy,Male,No,No,,No,542,,0.0151952675993159326025400207
3491,19970,S14000088,S92000003,Glasgow South West,,Scotland,Burgh,Liberal Democrat,LD,Liberal Democrat,LD,17,PP90,,,,,No,No,Paul,McGarry,Male,No,No,,No,958,-0.0171180000,0.0268580560150270543048585607
3491,19971,S14000088,S92000003,Glasgow South West,,Scotland,Burgh,Conservative,Con,Conservative,Con,4,PP52,,,,,No,No,Mamun,Rashid,Male,No,No,,No,1387,-0.0871640000,0.0388853065687291485603745549
3491,19972,S14000088,S92000003,Glasgow South West,,Scotland,Burgh,Reform UK,RUK,Reform UK,RUK,1036,PP7931,,,,,No,No,Morag,McRae,Female,No,No,,No,2236,0.0465330000,0.062687487734447279149962152
3491,19973,S14000088,S92000003,Glasgow South West,,Scotland,Burgh,Scottish Green Party,Green,Scottish Green Party,Green,1057,PP130,,,,,No,No,John,Hamelink,Male,No,No,,No,2727,0.0681320000,0.076452942330875550197650621
3491,19974,S14000088,S92000003,Glasgow South West,,Scotland,Burgh,Scottish National Party,SNP,Scottish National Party,SNP,29,PP102,,,,,No,No,Chris,Stephens,Male,Yes,Yes,4463,No,12267,-0.1231400000,0.3439120805180969469287055987
3491,19975,S14000088,S92000003,Glasgow South West,,Scotland,Burgh,Labour,Lab,Labour,Lab,15,PP53,,,,,No,No,Zubir,Ahmed,Male,No,No,5213,Yes,15552,0.0975620000,0.436008859233508088255908492
3492,19976,S14000089,S92000003,Glasgow West,,Scotland,Burgh,"Christian Party, Proclaiming Christ's Lordship",CHP,"Christian Party, Proclaiming Christ's Lordship",CHP,174,PP2893,,,,,No,No,John,Cormack,Male,No,No,,No,310,,0.0077690341336273870983910581
3492,19977,S14000089,S92000003,Glasgow West,,Scotland,Burgh,Liberal Democrat,LD,Liberal Democrat,LD,17,PP90,,,,,No,No,James,Calder,Male,No,No,,No,1316,-0.0422170000,0.0329808029672698110370407498
3492,19978,S14000089,S92000003,Glasgow West,,Scotland,Burgh,Conservative,Con,Conservative,Con,4,PP52,,,,,No,No,Faten,Hameed,Female,No,No,,No,1720,-0.1103790000,0.0431056087414164703523632901
3492,19979,S14000089,S92000003,Glasgow West,,Scotland,Burgh,Reform UK,RUK,Reform UK,RUK,1036,PP7931,,,,,No,No,Dionne,Moore,Female,No,No,,No,2098,0.0510130000,0.052578818104355671394917548
3492,19980,S14000089,S92000003,Glasgow West,,Scotland,Burgh,Scottish Green Party,Green,Scottish Green Party,Green,1057,PP130,,,,,No,No,Nick,Quail,Male,No,No,,No,3662,0.0879660000,0.0917748483785273921106711443
3492,19981,S14000089,S92000003,Glasgow West,,Scotland,Burgh,Scottish National Party,SNP,Scottish National Party,SNP,29,PP102,,,,,No,No,Carol,Monaghan,Female,Yes,Yes,4443,No,12175,-0.1807650000,0.3051225502481078642674552654
3492,19982,S14000089,S92000003,Glasgow West,,Scotland,Burgh,Labour,Lab,Labour,Lab,15,PP53,,,,,No,No,Patricia,Ferguson,Female,No,No,5190,Yes,18621,0.1866120000,0.4666683374266954037391609443
3493,19983,E14001247,E12000009,Glastonbury and Somerton,South West,England,County,Green Party,Green,Green Party,Green,44,PP63,,,,,No,No,Jon,Cousins,Male,No,No,,No,2736,0.0373130000,0.0574283195499769111288359011
3493,19984,E14001247,E12000009,Glastonbury and Somerton,South West,England,County,Labour,Lab,Labour,Lab,15,PP53,,,,,No,No,Hal,Hooberman,Male,No,No,,No,3111,-0.0304820000,0.0652995256286469921497838042
3493,19985,E14001247,E12000009,Glastonbury and Somerton,South West,England,County,Reform UK,RUK,Reform UK,RUK,1036,PP7931,,,,,No,No,Tom,Carter,Male,No,No,,No,7678,,0.1611603207254103522102346669
3493,19986,E14001247,E12000009,Glastonbury and Somerton,South West,England,County,Conservative,Con,Conservative,Con,4,PP52,,,,,No,No,Faye,Purbrick,Female,No,No,,No,13753,-0.2866920000,0.2886738591998656647495906973
3493,19987,E14001247,E12000009,Glastonbury and Somerton,South West,England,County,Liberal Democrat,LD,Liberal Democrat,LD,17,PP90,,,,,No,No,Sarah,Dyke,Female,Yes,Yes,4995,Yes,20364,0.1187000000,0.4274379748961000797615549305
3494,19988,S14000090,S92000003,Glenrothes and Mid Fife,,Scotland,County,Liberal Democrat,LD,Liberal Democrat,LD,17,PP90,,,,,No,No,Jill,Reilly,Female,No,No,,No,1604,0.0000110000,0.0443841832922881097982788677
3494,19989,S14000090,S92000003,Glenrothes and Mid Fife,,Scotland,County,Conservative,Con,Conservative,Con,4,PP52,,,,,No,No,Debbie,MacCallum,Female,No,No,,No,1973,-0.0987240000,0.0545947591244915465286809264
3494,19990,S14000090,S92000003,Glenrothes and Mid Fife,,Scotland,County,Reform UK,RUK,Reform UK,RUK,1036,PP7931,,,,,No,No,Ian,Smith,Male,No,No,,No,3528,0.0672530000,0.0976230664932621267882343175
3494,19991,S14000090,S92000003,Glenrothes and Mid Fife,,Scotland,County,Scottish National Party,SNP,Scottish National Party,SNP,29,PP102,,,,,No,No,John,Beare,Male,No,No,,No,13040,-0.1340150000,0.36082902127895071806082072
3494,19992,S14000090,S92000003,Glenrothes and Mid Fife,,Scotland,County,Labour,Lab,Labour,Lab,15,PP53,,,,,No,No,Richard,Baker,Male,No,No,5253,Yes,15994,0.1689280000,0.4425689698110074988239851684
3495,19993,E14001248,E12000009,Gloucester,South West,England,Borough,Independent,IND,,,,,,,,,Yes,No,Fred,Wing Commander (RTD) Ramsey,Male,No,No,,No,336,,0.0073535848726254048848813797
3495,19994,E14001248,E12000009,Gloucester,South West,England,Borough,Socialist Labour Party,SL,Socialist Labour Party,SL,147,PP73,,,,,No,No,Akhlaque,Ahmed,Male,No,No,,No,496,,0.0108552919548279786395867986
3495,19995,E14001248,E12000009,Gloucester,South West,England,Borough,Workers Party of Britain,WPB,Workers Party of Britain,WPB,1042,PP11382,,,,,No,No,Steve,Gower,Male,No,No,,No,974,,0.0213166418629081677317692375
3495,19996,E14001248,E12000009,Gloucester,South West,England,Borough,Green Party,Green,Green Party,Green,44,PP63,,,,,No,No,Adam,Shearing,Male,No,No,,No,2307,0.0254570000,0.0504902389915083603256587586
3495,19997,E14001248,E12000009,Gloucester,South West,England,Borough,Liberal Democrat,LD,Liberal Democrat,LD,17,PP90,,,,,No,No,Rebecca,Trimnell,Female,No,No,,No,4759,0.0274310000,0.1041539000262628031165193032
3495,19998,E14001248,E12000009,Gloucester,South West,England,Borough,Reform UK,RUK,Reform UK,RUK,1036,PP7931,,,,,No,No,Chris,Farmer,Male,No,No,,No,7307,,0.159918585310338790160203099
3495,19999,E14001248,E12000009,Gloucester,South West,England,Borough,Conservative,Con,Conservative,Con,4,PP52,,,,,No,No,Richard,Graham,Male,Yes,Yes,3990,No,13041,-0.2603980000,0.2854110128687735270944585485
3495,20000,E14001248,E12000009,Gloucester,South West,England,Borough,Labour,Lab,Labour,Lab,15,PP53,,,,,No,No,Alex,McIntyre,Male,No,No,5349,Yes,16472,0.0080650000,0.3605007441127549680469228749
3496,20001,E14001249,E12000008,Godalming and Ash,South East,England,County,Women's Equality Party,WEP,Women's Equality Party,WEP,260,PP2755,,,,,No,No,Harriet,Williams,Female,No,No,,No,195,,0.0035651601579640193067134708
3496,20002,E14001249,E12000008,Godalming and Ash,South East,England,County,Green Party,Green,Green Party,Green,44,PP63,,,,,No,No,Ruby,Tucker,Female,No,No,,No,1243,0.0065060000,0.0227256106479450051192043294
3496,20003,E14001249,E12000008,Godalming and Ash,South East,England,County,Labour,Lab,Labour,Lab,15,PP53,,,,,No,No,James,Walsh,Male,No,No,,No,2748,-0.0389210000,0.0502413339183852566915313734
3496,20004,E14001249,E12000008,Godalming and Ash,South East,England,County,Reform UK,RUK,Reform UK,RUK,1036,PP7931,,,,,No,No,Graham,Drage,Male,No,No,,No,4815,,0.0880320315928038613426941641
3496,20005,E14001249,E12000008,Godalming and Ash,South East,England,County,Liberal Democrat,LD,Liberal Democrat,LD,17,PP90,,,,,No,No,Paul,Follows,Male,No,No,,No,22402,0.0681570000,0.4095729120959485154307444786
3496,20006,E14001249,E12000008,Godalming and Ash,South East,England,County,Conservative,Con,Conservative,Con,4,PP52,,,,,No,No,Jeremy,Hunt,Male,Yes,Yes,1572,Yes,23293,-0.1081030000,0.4258629515869533421091121837
3497,20007,E14001250,E12000003,Goole and Pocklington,Yorkshire and The Humber,England,County,Independent,IND,,,,,,,,,Yes,No,Shona,Wade,Female,No,No,,No,467,,0.0093884443729644968035060914
3497,20008,E14001250,E12000003,Goole and Pocklington,Yorkshire and The Humber,England,County,Green Party,Green,Green Party,Green,44,PP63,,,,,No,No,Angela,Stone,Female,No,No,,No,2451,0.0101970000,0.0492742551566080977845683728
3497,20009,E14001250,E12000003,Goole and Pocklington,Yorkshire and The Humber,England,County,Liberal Democrat,LD,Liberal Democrat,LD,17,PP90,,,,,No,No,Dale,Needham,Male,No,No,,No,3380,-0.0098430000,0.0679506252261670218326565076
3497,20010,E14001250,E12000003,Goole and Pocklington,Yorkshire and The Humber,England,County,Reform UK,RUK,Reform UK,RUK,1036,PP7931,,,,,No,No,Rich,Kelly,Male,No,No,,No,9054,,0.182019219170921957299666278
3497,20011,E14001250,E12000003,Goole and Pocklington,Yorkshire and The Humber,England,County,Labour,Lab,Labour,Lab,15,PP53,,,,,No,No,Liam,Draycott,Male,No,No,,No,15409,0.1055740000,0.309778456837280366692131398
3497,20012,E14001250,E12000003,Goole and Pocklington,Yorkshire and The Humber,England,County,Conservative,Con,Conservative,Con,4,PP52,,,,,No,No,David,Davis,Male,Yes,Yes,373,Yes,18981,-0.2695400000,0.3815889992360580595874713522
3498,20013,S14000091,S92000003,Gordon and Buchan,,Scotland,County,Reform UK,RUK,Reform UK,RUK,1036,PP7931,,,,,No,No,Kris,Callander,Male,No,No,,No,3897,,0.0888752052545155993431855501
3498,20014,S14000091,S92000003,Gordon and Buchan,,Scotland,County,Labour,Lab,Labour,Lab,15,PP53,,,,,No,No,Nurul,Ali,Male,No,No,,No,4686,0.0718630000,0.106869184455391351943076081
3498,20015,S14000091,S92000003,Gordon and Buchan,,Scotland,County,Liberal Democrat,LD,Liberal Democrat,LD,17,PP90,,,,,No,No,Conrad,Wood,Male,No,No,,No,7307,0.0531560000,0.166643860609377850757161102
3498,20016,S14000091,S92000003,Gordon and Buchan,,Scotland,County,Scottish National Party,SNP,Scottish National Party,SNP,29,PP102,,,,,No,No,Richard,Thomson,Male,Yes,Yes,4796,No,13540,-0.0830870000,0.3087940156905674147053457398
3498,20017,S14000091,S92000003,Gordon and Buchan,,Scotland,County,Conservative,Con,Conservative,Con,4,PP52,,,,,No,No,Harriet,Cross,Female,No,No,5311,Yes,14418,-0.1308070000,0.3288177339901477832512315271
3499,20018,E14001251,E12000002,Gorton and Denton,North West,England,Borough,Liberal Democrat,LD,Liberal Democrat,LD,17,PP90,,,,,No,No,John,Reid,Male,No,No,,No,1399,-0.0200170000,0.0382658643326039387308533917
3499,20019,E14001251,E12000002,Gorton and Denton,North West,England,Borough,Conservative,Con,Conservative,Con,4,PP52,,,,,No,No,Ruth,Welsh,Female,No,No,,No,2888,-0.1095160000,0.0789934354485776805251641138
3499,20020,E14001251,E12000002,Gorton and Denton,North West,England,Borough,Workers Party of Britain,WPB,Workers Party of Britain,WPB,1042,PP11382,,,,,No,No,Amir,Burney,Male,No,No,,No,3766,,0.1030087527352297592997811816
3499,20021,E14001251,E12000002,Gorton and Denton,North West,England,Borough,Green Party,Green,Green Party,Green,44,PP63,,,,,No,No,Amanda,Gardner,Female,No,No,,No,4810,0.1063620000,0.1315645514223194748358862144
3499,20022,E14001251,E12000002,Gorton and Denton,North West,England,Borough,Reform UK,RUK,Reform UK,RUK,1036,PP7931,,,,,No,No,Lee,Moffitt,Male,No,No,,No,5142,0.0920950000,0.1406455142231947483588621444
3499,20023,E14001251,E12000002,Gorton and Denton,North West,England,Borough,Labour / Co-operative Party,Lab / Co-op,Labour,Lab,15,PP53,Co-operative Party,Co-op,,,No,No,Andrew,Gwynne,Male,Yes,Yes,1506,Yes,18555,-0.1648620000,0.507521881838074398249452954
3500,20024,E14001252,E12000008,Gosport,South East,England,Borough,Hampshire Independents,HI,Hampshire Independents,HI,1106,PP10327,,,,,No,No,Dave,Watson,Male,No,No,,No,48,,0.0010840842875533572735280168
3500,20025,E14001252,E12000008,Gosport,South East,England,Borough,Heritage Party,HPUK,Heritage Party,HPUK,1037,PP12550,,,,,No,No,Lisa,Englefield,Female,No,No,,No,319,,0.007204643494365020213654945
3500,20026,E14001252,E12000008,Gosport,South East,England,Borough,Independent,IND,,,,,,,,,Yes,No,Jeff,Roberts,Male,No,No,,No,334,,0.0075434198342254443616324503
3500,20027,E14001252,E12000008,Gosport,South East,England,Borough,Green Party,Green,Green Party,Green,44,PP63,,,,,No,No,Tony,Sudworth,Male,No,No,,No,1948,0.0067230000,0.0439957540032070826840120153
3500,20028,E14001252,E12000008,Gosport,South East,England,Borough,Liberal Democrat,LD,Liberal Democrat,LD,17,PP90,,,,,No,No,Tim,Bearder,Male,No,No,,No,4039,-0.0217340000,0.0912211757797502089120762473
3500,20029,E14001252,E12000008,Gosport,South East,England,Borough,Reform UK,RUK,Reform UK,RUK,1036,PP7931,,,,,No,No,Matt,Mulliss,Male,No,No,,No,7983,,0.1802967680737177315536282946
3500,20030,E14001252,E12000008,Gosport,South East,England,Borough,Labour,Lab,Labour,Lab,15,PP53,,,,,No,No,Edward,Batterbury,Male,No,No,,No,11776,0.0812880000,0.2659620118797569844388734557
3500,20031,E14001252,E12000008,Gosport,South East,England,Borough,Conservative,Con,Conservative,Con,4,PP52,,,,,No,No,Caroline,Dinenage,Female,Yes,Yes,4008,Yes,17830,-0.2624060000,0.4026921426474241705625945751
3501,20032,W07000097,W92000004,Gower,,Wales,County,Independent,IND,,,,,,,,,Yes,No,Wayne,Erasmus,Male,No,No,,No,283,,0.0059920811365898071100383239
3501,20033,W07000097,W92000004,Gower,,Wales,County,Green Party,Green,Green Party,Green,44,PP63,,,,,No,No,Chris,Evans,Male,No,No,,No,2488,0.0526430000,0.0526794977662029685151072434
3501,20034,W07000097,W92000004,Gower,,Wales,County,Liberal Democrat,LD,Liberal Democrat,LD,17,PP90,,,,,No,No,Franck,Banza,Male,No,No,,No,2593,-0.0037720000,0.0549027080818988333439200491
3501,20035,W07000097,W92000004,Gower,,Wales,County,Plaid Cymru,PC,Plaid Cymru,PC,22,PP77,,,,,No,No,Kieran,Pritchard,Male,No,No,,No,3942,0.0329230000,0.0834656672806961824302864765
3501,20036,W07000097,W92000004,Gower,,Wales,County,Reform UK,RUK,Reform UK,RUK,1036,PP7931,,,,,No,No,Catrin,Thomas,Female,No,No,,No,8530,0.1462560000,0.1806093713608164475216498338
3501,20037,W07000097,W92000004,Gower,,Wales,County,Conservative,Con,Conservative,Con,4,PP52,,,,,No,No,Marc,Jenkins,Male,No,No,,No,8913,-0.2101490000,0.1887187956552118401829384488
3501,20038,W07000097,W92000004,Gower,,Wales,County,Labour,Lab,Labour,Lab,15,PP53,,,,,No,No,Tonia,Antoniazzi,Female,Yes,Yes,4623,Yes,20480,-0.0238920000,0.4336318787185839208960596244
3502,20039,E14001253,E12000004,Grantham and Bourne,East Midlands,England,County,Social Democratic Party,SDP,Social Democratic Party,SDP,32,PP243,,,,,No,No,Alexander,Mitchell,Male,No,No,,No,204,,0.0044227642276422764227642276
3502,20040,E14001253,E12000004,Grantham and Bourne,East Midlands,England,County,Lincolnshire Independents Lincolnshire First,LNIN,Lincolnshire Independents Lincolnshire First,LNIN,110,PP733,,,,,No,No,Charmaine,Morgan,Female,No,No,,No,1245,0.0182720000,0.0269918699186991869918699187
3502,20041,E14001253,E12000004,Grantham and Bourne,East Midlands,England,County,Independent,IND,,,,,,,,,Yes,No,Ian,Selby,Male,No,No,,No,1642,,0.0355989159891598915989159892
3502,20042,E14001253,E12000004,Grantham and Bourne,East Midlands,England,County,Liberal Democrat,LD,Liberal Democrat,LD,17,PP90,,,,,No,No,John,Vincent,Male,No,No,,No,2027,-0.0462650000,0.043945799457994579945799458
3502,20043,E14001253,E12000004,Grantham and Bourne,East Midlands,England,County,Green Party,Green,Green Party,Green,44,PP63,,,,,No,No,Anne,Gayfer,Female,No,No,,No,2570,0.0125670000,0.0557181571815718157181571816
3502,20044,E14001253,E12000004,Grantham and Bourne,East Midlands,England,County,Reform UK,RUK,Reform UK,RUK,1036,PP7931,,,,,No,No,Mike,Rudkin,Male,No,No,,No,9393,,0.2036422764227642276422764228
3502,20045,E14001253,E12000004,Grantham and Bourne,East Midlands,England,County,Labour,Lab,Labour,Lab,15,PP53,,,,,No,No,Vipul,Bechar,Male,No,No,,No,12274,0.0663360000,0.2661029810298102981029810298
3502,20046,E14001253,E12000004,Grantham and Bourne,East Midlands,England,County,Conservative,Con,Conservative,Con,4,PP52,,,,,No,No,Gareth,Davies,Male,Yes,Yes,4850,Yes,16770,-0.2945740000,0.3635772357723577235772357724
3503,20047,E14001254,E12000008,Gravesham,South East,England,County,Liberal Democrat,LD,Liberal Democrat,LD,17,PP90,,,,,No,No,Ukonu,Obasi,Male,No,No,,No,1534,-0.0188480000,0.0354829755736491487786824574
3503,20048,E14001254,E12000008,Gravesham,South East,England,County,Green Party,Green,Green Party,Green,44,PP63,,,,,No,No,Rebecca,Hopkins,Female,No,No,,No,2254,0.0227640000,0.0521373056994818652849740933
3503,20049,E14001254,E12000008,Gravesham,South East,England,County,Reform UK,RUK,Reform UK,RUK,1036,PP7931,,,,,No,No,Matthew,Fraser Moat,Male,No,No,,No,8910,,0.2060973353071798667653589933
3503,20050,E14001254,E12000008,Gravesham,South East,England,County,Conservative,Con,Conservative,Con,4,PP52,,,,,No,No,Adam,Holloway,Male,Yes,Yes,1522,No,13911,-0.3001760000,0.3217755366395262768319763138
3503,20051,E14001254,E12000008,Gravesham,South East,England,County,Labour,Lab,Labour,Lab,15,PP53,,,,,No,No,Lauren,Sullivan,Female,No,No,5269,Yes,16623,0.0901630000,0.3845068467801628423390081421
3504,20052,E14001255,E12000003,Great Grimsby and Cleethorpes,Yorkshire and The Humber,England,Borough,Social Democratic Party,SDP,Social Democratic Party,SDP,32,PP243,,,,,No,No,Christopher,Stephenson,Male,No,No,,No,108,,0.0029492886206614052814112892
3504,20053,E14001255,E12000003,Great Grimsby and Cleethorpes,Yorkshire and The Humber,England,Borough,Trade Unionist and Socialist Coalition,TUSC,Trade Unionist and Socialist Coalition,TUSC,157,PP804,,,,,No,No,Mark,Gee,Male,No,No,,No,222,,0.006062426609137333078456539
3504,20054,E14001255,E12000003,Great Grimsby and Cleethorpes,Yorkshire and The Humber,England,Borough,Liberal Democrat,LD,Liberal Democrat,LD,17,PP90,,,,,No,No,John,Lawson,Male,No,No,,No,1036,-0.0209470000,0.0282913241759742210327971818
3504,20055,E14001255,E12000003,Great Grimsby and Cleethorpes,Yorkshire and The Humber,England,Borough,Green Party,Green,Green Party,Green,44,PP63,,,,,No,No,Ed,Fraser,Male,No,No,,No,1115,0.0107490000,0.0304486741855321008219776619
3504,20056,E14001255,E12000003,Great Grimsby and Cleethorpes,Yorkshire and The Humber,England,Borough,Conservative,Con,Conservative,Con,4,PP52,,,,,No,No,Lia,Nici,Female,Yes,Yes,4851,No,8269,-0.3303490000,0.2258117370763811136295365794
3504,20057,E14001255,E12000003,Great Grimsby and Cleethorpes,Yorkshire and The Humber,England,Borough,Reform UK,RUK,Reform UK,RUK,1036,PP7931,,,,,No,No,Oliver,Freeston,Male,No,No,,No,10533,0.2384720000,0.2876375651983942761954176793
3504,20058,E14001255,E12000003,Great Grimsby and Cleethorpes,Yorkshire and The Humber,England,Borough,Labour,Lab,Labour,Lab,15,PP53,,,,,No,No,Melanie,Onn,Female,No,Yes,4464,Yes,15336,0.0968070000,0.4187989841339195499604030694
3505,20059,E14001256,E12000006,Great Yarmouth,East of England,England,County,Independent,IND,,,,,,,,,Yes,No,Clare,Roullier,Female,No,No,,No,131,,0.0032148817119858643368999706
3505,20060,E14001256,E12000006,Great Yarmouth,East of England,England,County,English Democrats,ED,English Democrats,ED,90,PP17,,,,,No,No,Catherine,Blaiklock,Female,No,No,,No,171,,0.0041965249828212427603808776
3505,20061,E14001256,E12000006,Great Yarmouth,East of England,England,County,Independent,IND,,,,,,,,,Yes,No,Paul,Brown,Male,No,No,,No,230,,0.0056444488073034259350152155
3505,20062,E14001256,E12000006,Great Yarmouth,East of England,England,County,Liberal Democrat,LD,Liberal Democrat,LD,17,PP90,,,,,No,No,Fionna,Tod,Female,No,No,,No,1102,-0.0111730000,0.0270442721115146755668989889
3505,20063,E14001256,E12000006,Great Yarmouth,East of England,England,County,Green Party,Green,Green Party,Green,44,PP63,,,,,No,No,Trevor,Rawson,Male,No,No,,No,1736,0.0181220000,0.0426033179542554235790713655
3505,20064,E14001256,E12000006,Great Yarmouth,East of England,England,County,Conservative,Con,Conservative,Con,4,PP52,,,,,No,No,James,Clark,Male,No,No,,No,10034,-0.4116400000,0.2462452144890546775301855306
3505,20065,E14001256,E12000006,Great Yarmouth,East of England,England,County,Labour,Lab,Labour,Lab,15,PP53,,,,,No,No,Keir,Cozens,Male,No,No,,No,12959,0.0665440000,0.3180278786688917247472268578
3505,20066,E14001256,E12000006,Great Yarmouth,East of England,England,County,Reform UK,RUK,Reform UK,RUK,1036,PP7931,,,,,No,No,Rupert,Lowe,Male,No,No,5158,Yes,14385,,0.3530234612741729655443211937
3506,20067,E14001257,E12000007,Greenwich and Woolwich,London,England,Borough,Climate Party,Cli,Climate Party,Cli,1053,PP12958,,,,,No,No,Priyank,Bakshi,Male,No,No,,No,173,,0.0040497202649874762986024954
3506,20068,E14001257,E12000007,Greenwich and Woolwich,London,England,Borough,Independent,IND,,,,,,,,,Yes,No,Niko,Omilana,Male,No,No,,No,311,,0.0072801329619139024789906131
3506,20069,E14001257,E12000007,Greenwich and Woolwich,London,England,Borough,Workers Party of Britain,WPB,Workers Party of Britain,WPB,1042,PP11382,,,,,No,No,Sheikh,Raquib,Male,No,No,,No,570,,0.0133430089655656733537770079
3506,20070,E14001257,E12000007,Greenwich and Woolwich,London,England,Borough,Reform UK,RUK,Reform UK,RUK,1036,PP7931,,,,,No,No,Abdoul Aziz,Ndiaye,Male,No,No,,No,3305,0.0543620000,0.0773660432126220183056719492
3506,20071,E14001257,E12000007,Greenwich and Woolwich,London,England,Borough,Liberal Democrat,LD,Liberal Democrat,LD,17,PP90,,,,,No,No,Chris,Annous,Male,No,No,,No,3865,-0.0553210000,0.0904749643015988201971019921
3506,20072,E14001257,E12000007,Greenwich and Woolwich,London,England,Borough,Conservative,Con,Conservative,Con,4,PP52,,,,,No,No,Jonathan,Goff,Male,No,No,,No,4863,-0.1134550000,0.1138369343851681921393291041
3506,20073,E14001257,E12000007,Greenwich and Woolwich,London,England,Borough,Green Party,Green,Green Party,Green,44,PP63,,,,,No,No,Stacy,Smith,Female,No,No,,No,5633,0.0858960000,0.131861700882511294740045413
3506,20074,E14001257,E12000007,Greenwich and Woolwich,London,England,Borough,Labour,Lab,Labour,Lab,15,PP53,,,,,No,No,Matthew,Pennycook,Male,Yes,Yes,4520,Yes,23999,0.0116610000,0.5617874950256326224864814251
3507,20075,E14001258,E12000008,Guildford,South East,England,County,"The Peace Party - Non-violence, Justice, Environment",PPNV,"The Peace Party - Non-violence, Justice, Environment",PPNV,154,PP133,,,,,No,No,John,Morris,Male,No,No,,No,255,-0.0039050000,0.0052801590259659585041620077
3507,20076,E14001258,E12000008,Guildford,South East,England,County,Green Party,Green,Green Party,Green,44,PP63,,,,,No,No,Sam,Peters,Male,No,No,,No,2268,0.0432160000,0.0469623555721207603428997391
3507,20077,E14001258,E12000008,Guildford,South East,England,County,Labour,Lab,Labour,Lab,15,PP53,,,,,No,No,Sarah,Gillinson,Female,No,No,,No,3931,-0.0024880000,0.0813972750238124818818072638
3507,20078,E14001258,E12000008,Guildford,South East,England,County,Reform UK,RUK,Reform UK,RUK,1036,PP7931,,,,,No,No,Dennis,Saunders,Male,No,No,,No,4395,,0.0910050938004721083364393092
3507,20079,E14001258,E12000008,Guildford,South East,England,County,Conservative,Con,Conservative,Con,4,PP52,,,,,No,No,Angela,Richardson,Female,Yes,Yes,4840,No,14508,-0.1504500000,0.3004099888184867685426761088
3507,20080,E14001258,E12000008,Guildford,South East,England,County,Liberal Democrat,LD,Liberal Democrat,LD,17,PP90,,,,,No,No,Zöe,Franklin,Female,No,No,5313,Yes,22937,0.0833620000,0.4749451277591419223920155713
3508,20081,E14001259,E12000007,Hackney North and Stoke Newington,London,England,Borough,Independent,IND,,,,,,,,,Yes,No,Kombat,Diva,Male,No,No,,No,182,,0.0044434678581020044434678581
3508,20082,E14001259,E12000007,Hackney North and Stoke Newington,London,England,Borough,Official Monster Raving Loony Party,MRLP,Official Monster Raving Loony Party,MRLP,119,PP66,,,,,No,No,Knigel,Knapp,Male,No,No,,No,224,,0.0054688835176640054688835177
3508,20083,E14001259,E12000007,Hackney North and Stoke Newington,London,England,Borough,Independent,IND,,,,,,,,,Yes,No,Ryan,Ahmad,Male,No,No,,No,621,,0.0151615029663810151615029664
3508,20084,E14001259,E12000007,Hackney North and Stoke Newington,London,England,Borough,Reform UK,RUK,Reform UK,RUK,1036,PP7931,,,,,No,No,Deborah,Cairns,Female,No,No,,No,1283,0.0218020000,0.0313240069337630313240069338
3508,20085,E14001259,E12000007,Hackney North and Stoke Newington,London,England,Borough,Liberal Democrat,LD,Liberal Democrat,LD,17,PP90,,,,,No,No,Rebecca,Jones,Female,No,No,,No,1562,-0.0392260000,0.0381356966722820381356966723
3508,20086,E14001259,E12000007,Hackney North and Stoke Newington,London,England,Borough,Conservative,Con,Conservative,Con,4,PP52,,,,,No,No,David,Landau,Male,No,No,,No,3457,-0.0459440000,0.0844014746453770844014746454
3508,20087,E14001259,E12000007,Hackney North and Stoke Newington,London,England,Borough,Green Party,Green,Green Party,Green,44,PP63,,,,,No,No,Antoinette,Fernandez,Female,No,No,,No,9275,0.1462800000,0.2264459581532752264459581533
3508,20088,E14001259,E12000007,Hackney North and Stoke Newington,London,England,Borough,Labour,Lab,Labour,Lab,15,PP53,,,,,No,No,Diane,Abbott,Female,Yes,Yes,172,Yes,24355,-0.1035660000,0.5946190092531555946190092532
3509,20089,E14001260,E12000007,Hackney South and Shoreditch,London,England,Borough,Workers Revolutionary Party,WRP,Workers Revolutionary Party,WRP,167,PP184,,,,,No,No,Carol,Small,Female,No,No,,No,310,0.0051130000,0.0074338744874223639720870003
3509,20090,E14001260,E12000007,Hackney South and Shoreditch,London,England,Borough,Workers Party of Britain,WPB,Workers Party of Britain,WPB,1042,PP11382,,,,,No,No,Shahed,Hussain,Male,No,No,,No,1007,,0.0241481019639816790964245462
3509,20091,E14001260,E12000007,Hackney South and Shoreditch,London,England,Borough,Reform UK,RUK,Reform UK,RUK,1036,PP7931,,,,,No,No,Anil,Bhatti,Male,No,No,,No,1601,0.0248400000,0.0383923646914942087719718952
3509,20092,E14001260,E12000007,Hackney South and Shoreditch,London,England,Borough,Liberal Democrat,LD,Liberal Democrat,LD,17,PP90,,,,,No,No,Theo,Roos,Male,No,No,,No,1996,-0.0336960000,0.0478645596028872209299537181
3509,20093,E14001260,E12000007,Hackney South and Shoreditch,London,England,Borough,Conservative,Con,Conservative,Con,4,PP52,,,,,No,No,Joanna,Reeves,Female,No,No,,No,2076,-0.0541130000,0.0497829788254478309872664924
3509,20094,E14001260,E12000007,Hackney South and Shoreditch,London,England,Borough,Green Party,Green,Green Party,Green,44,PP63,,,,,No,No,Laura-Louise,Fairley,Female,No,No,,No,9987,0.1750580000,0.2394906596964101580297834584
3509,20095,E14001260,E12000007,Hackney South and Shoreditch,London,England,Borough,Labour / Co-operative Party,Lab / Co-op,Labour,Lab,15,PP53,Co-operative Party,Co-op,,,No,No,Meg,Hillier,Female,Yes,Yes,1524,Yes,24724,-0.1413490000,0.5928874607323565382125128894
3510,20096,E14001261,E12000005,Halesowen,West Midlands,England,Borough,Green Party,Green,Green Party,Green,44,PP63,,,,,No,No,Emma,Bullard,Female,No,No,,No,2151,0.0313770000,0.0557571672974234019389289232
3510,20097,E14001261,E12000005,Halesowen,West Midlands,England,Borough,Liberal Democrat,LD,Liberal Democrat,LD,17,PP90,,,,,No,No,Ryan,Priest,Male,No,No,,No,2261,0.0237310000,0.0586085333609829436466379802
3510,20098,E14001261,E12000005,Halesowen,West Midlands,England,Borough,Reform UK,RUK,Reform UK,RUK,1036,PP7931,,,,,No,No,Jonathan,Oakton,Male,No,No,,No,8484,,0.2199180880294468349836694489
3510,20099,E14001261,E12000005,Halesowen,West Midlands,England,Borough,Conservative,Con,Conservative,Con,4,PP52,,,,,No,No,James,Morris,Male,Yes,Yes,3992,No,10659,-0.3261410000,0.2762973715589195914770076209
3510,20100,E14001261,E12000005,Halesowen,West Midlands,England,Borough,Labour,Lab,Labour,Lab,15,PP53,,,,,No,No,Alex,Ballinger,Male,No,No,5238,Yes,15023,0.0633050000,0.3894188397532272279537560268
3511,20101,E14001262,E12000003,Halifax,Yorkshire and The Humber,England,Borough,Independent,IND,,,,,,,,,Yes,No,Perveen,Hussain,Female,No,No,,No,1367,,0.0339931367185557268612920873
3511,20102,E14001262,E12000003,Halifax,Yorkshire and The Humber,England,Borough,Liberal Democrat,LD,Liberal Democrat,LD,17,PP90,,,,,No,No,Samuel,Jackson,Male,No,No,,No,2359,0.0104990000,0.0586611627791316456955289203
3511,20103,E14001262,E12000003,Halifax,Yorkshire and The Humber,England,Borough,Workers Party of Britain,WPB,Workers Party of Britain,WPB,1042,PP11382,,,,,No,No,Shakir,Saghir,Male,No,No,,No,2543,,0.0632366837419804048341373651
3511,20104,E14001262,E12000003,Halifax,Yorkshire and The Humber,England,Borough,Green Party,Green,Green Party,Green,44,PP63,,,,,No,No,Martin,Hey,Male,No,No,,No,4133,0.0829830000,0.1027751529318147908688516437
3511,20105,E14001262,E12000003,Halifax,Yorkshire and The Humber,England,Borough,Reform UK,RUK,Reform UK,RUK,1036,PP7931,,,,,No,No,James,Griffith-Jones,Male,No,No,,No,7811,0.1353830000,0.1942358382652807479982095788
3511,20106,E14001262,E12000003,Halifax,Yorkshire and The Humber,England,Borough,Conservative,Con,Conservative,Con,4,PP52,,,,,No,No,Hazel,Sharp,Female,No,No,,No,7866,-0.2210960000,0.1956035211617844531755110161
3511,20107,E14001262,E12000003,Halifax,Yorkshire and The Humber,England,Borough,Labour / Co-operative Party,Lab / Co-op,Labour,Lab,15,PP53,Co-operative Party,Co-op,,,No,No,Kate,Dearden,Female,No,No,5224,Yes,14135,-0.1049990000,0.3514945044014522305664693888
3512,20108,E14001263,E12000008,Hamble Valley,South East,England,County,Hampshire Independents,HI,Hampshire Independents,HI,1106,PP10327,,,,,No,No,Binka,Griffin,Female,No,No,,No,185,,0.0034256721724316717280201467
3512,20109,E14001263,E12000008,Hamble Valley,South East,England,County,Green Party,Green,Green Party,Green,44,PP63,,,,,No,No,Kate,Needham,Female,No,No,,No,2310,0.0112880000,0.042774609288200874009332642
3512,20110,E14001263,E12000008,Hamble Valley,South East,England,County,Reform UK,RUK,Reform UK,RUK,1036,PP7931,,,,,No,No,Caroline,Gladwin,Female,No,No,,No,8216,,0.1521368787497222427968298645
3512,20111,E14001263,E12000008,Hamble Valley,South East,England,County,Labour,Lab,Labour,Lab,15,PP53,,,,,No,No,Devina,Paul,Female,No,No,,No,8753,0.0264060000,0.162080586623213095326272128
3512,20112,E14001263,E12000008,Hamble Valley,South East,England,County,Liberal Democrat,LD,Liberal Democrat,LD,17,PP90,,,,,No,No,Prad,Bains,Male,No,No,,No,14869,0.0647990000,0.2753314569291163617509814088
3512,20113,E14001263,E12000008,Hamble Valley,South East,England,County,Conservative,Con,Conservative,Con,4,PP52,,,,,No,No,Paul,Holmes,Male,Yes,Yes,4803,Yes,19671,-0.2580560000,0.3642507962373157543885638101
3513,20114,S14000092,S92000003,Hamilton and Clyde Valley,,Scotland,County,UK Independence Party,UKIP,UK Independence Party,UKIP,35,PP85,,,,,No,No,Christopher,Ho,Male,No,No,,No,117,,0.0027801539777587681779298546
3513,20115,S14000092,S92000003,Hamilton and Clyde Valley,,Scotland,County,Liberal Democrat,LD,Liberal Democrat,LD,17,PP90,,,,,No,No,Kyle,Burns,Male,No,No,,No,1511,-0.0023910000,0.0359043817127649462978804296
3513,20116,S14000092,S92000003,Hamilton and Clyde Valley,,Scotland,County,Reform UK,RUK,Reform UK,RUK,1036,PP7931,,,,,No,No,Lisa,Judge,Female,No,No,,No,3299,,0.0783908373728733010170135919
3513,20117,S14000092,S92000003,Hamilton and Clyde Valley,,Scotland,County,Conservative,Con,Conservative,Con,4,PP52,,,,,No,No,Richard,Nelson,Male,No,No,,No,4589,-0.1456110000,0.1090438171276494629788042962
3513,20118,S14000092,S92000003,Hamilton and Clyde Valley,,Scotland,County,Scottish National Party,SNP,Scottish National Party,SNP,29,PP102,,,,,No,No,Ross,Clark,Male,No,No,,No,11548,-0.1600870000,0.2744035738047714095618287235
3513,20119,S14000092,S92000003,Hamilton and Clyde Valley,,Scotland,County,Labour,Lab,Labour,Lab,15,PP53,,,,,No,No,Imogen,Walker,Female,No,No,5136,Yes,21020,0.2285850000,0.4994772360041821119665431043
3514,20120,E14001264,E12000007,Hammersmith and Chiswick,London,England,Borough,Workers Revolutionary Party,WRP,Workers Revolutionary Party,WRP,167,PP184,,,,,No,No,Scott,Dore,Male,No,No,,No,216,,0.0046935094848004172008430934
3514,20121,E14001264,E12000007,Hammersmith and Chiswick,London,England,Borough,Workers Party of Britain,WPB,Workers Party of Britain,WPB,1042,PP11382,,,,,No,No,Raj,Gill,Male,No,No,,No,439,,0.009539123443645292366528324
3514,20122,E14001264,E12000007,Hammersmith and Chiswick,London,England,Borough,Rejoin EU,REU,Rejoin EU,REU,1040,PP11423,,,,,No,No,Bill,Colegrave,Male,No,No,,No,821,,0.0178396818843571413050563873
3514,20123,E14001264,E12000007,Hammersmith and Chiswick,London,England,Borough,Reform UK,RUK,Reform UK,RUK,1036,PP7931,,,,,No,No,Louise,Petano-Heathcote,Female,No,No,,No,2929,0.0453260000,0.0636448577823167684318028726
3514,20124,E14001264,E12000007,Hammersmith and Chiswick,London,England,Borough,Liberal Democrat,LD,Liberal Democrat,LD,17,PP90,,,,,No,No,Eraj,Rostaqi,Male,No,No,,No,4292,-0.0454470000,0.0932617717998305121574933183
3514,20125,E14001264,E12000007,Hammersmith and Chiswick,London,England,Borough,Green Party,Green,Green Party,Green,44,PP63,,,,,No,No,Naranee,Ruthra-Rajan,Female,No,No,,No,4468,0.0664540000,0.0970861128615197409878099129
3514,20126,E14001264,E12000007,Hammersmith and Chiswick,London,England,Borough,Conservative,Con,Conservative,Con,4,PP52,,,,,No,No,Andrew,Dinsmore,Male,No,No,,No,8783,-0.1137490000,0.1908476565046391864583559679
3514,20127,E14001264,E12000007,Hammersmith and Chiswick,London,England,Borough,Labour,Lab,Labour,Lab,15,PP53,,,,,No,No,Andy,Slaughter,Male,Yes,Yes,1516,Yes,24073,0.0153450000,0.5230872862388909410921101236
3515,20128,E14001265,E12000007,Hampstead and Highgate,London,England,Borough,Independent,IND,,,,,,,,,Yes,No,Jonathan,Livingstone,Male,No,No,,No,373,,0.007682801235839340885684861
3515,20129,E14001265,E12000007,Hampstead and Highgate,London,England,Borough,Rejoin EU,REU,Rejoin EU,REU,1040,PP11423,,,,,No,No,Christie,Elan-Cane,Male,No,No,,No,532,,0.0109577754891864057672502575
3515,20130,E14001265,E12000007,Hampstead and Highgate,London,England,Borough,Reform UK,RUK,Reform UK,RUK,1036,PP7931,,,,,No,No,Catherine,Becker,Female,No,No,,No,2940,0.0480270000,0.0605561277033985581874356334
3515,20131,E14001265,E12000007,Hampstead and Highgate,London,England,Borough,Liberal Democrat,LD,Liberal Democrat,LD,17,PP90,,,,,No,No,Scott,Emery,Male,No,No,,No,6181,-0.1155650000,0.1273120494335736354273944387
3515,20132,E14001265,E12000007,Hampstead and Highgate,London,England,Borough,Green Party,Green,Green Party,Green,44,PP63,,,,,No,No,Lorna,Russell,Female,No,No,,No,6630,0.1000360000,0.1365602471678681771369721936
3515,20133,E14001265,E12000007,Hampstead and Highgate,London,England,Borough,Conservative,Con,Conservative,Con,4,PP52,,,,,No,No,Don,Williams,Male,No,No,,No,8462,-0.0573960000,0.1742945417095777548918640577
3515,20134,E14001265,E12000007,Hampstead and Highgate,London,England,Borough,Labour,Lab,Labour,Lab,15,PP53,,,,,No,No,Tulip,Siddiq,Female,Yes,Yes,4518,Yes,23432,0.0062570000,0.4826364572605561277033985582
3516,20135,E14001266,E12000004,"Harborough, Oadby and Wigston",East Midlands,England,County,Social Democratic Party,SDP,Social Democratic Party,SDP,32,PP243,,,,,No,No,Robin,Lambert,Male,No,No,,No,203,,0.0040288969158099472075576549
3516,20136,E14001266,E12000004,"Harborough, Oadby and Wigston",East Midlands,England,County,Green Party,Green,Green Party,Green,44,PP63,,,,,No,No,Darren,Woodiwiss,Male,No,No,,No,4269,0.0539000000,0.0847259159290279045766681221
3516,20137,E14001266,E12000004,"Harborough, Oadby and Wigston",East Midlands,England,County,Liberal Democrat,LD,Liberal Democrat,LD,17,PP90,,,,,No,No,Phil,Knowles,Male,No,No,,No,4732,-0.0755440000,0.0939149763823284245623784385
3516,20138,E14001266,E12000004,"Harborough, Oadby and Wigston",East Midlands,England,County,Reform UK,RUK,Reform UK,RUK,1036,PP7931,,,,,No,No,Danuta,Jeeves,Female,No,No,,No,6332,,0.1256698289207319493510102012
3516,20139,E14001266,E12000004,"Harborough, Oadby and Wigston",East Midlands,England,County,Labour / Co-operative Party,Lab / Co-op,Labour,Lab,15,PP53,Co-operative Party,Co-op,,,No,No,Hajira,Piranie,Female,No,No,,No,16236,0.0744810000,0.3222323661334497677926408129
3516,20140,E14001266,E12000004,"Harborough, Oadby and Wigston",East Midlands,England,County,Conservative,Con,Conservative,Con,4,PP52,,,,,No,No,Neil,O'Brien,Male,Yes,Yes,4679,Yes,18614,-0.1751380000,0.3694280157186520065097447704
3517,20141,E14001267,E12000006,Harlow,East of England,England,County,UK Independence Party,UKIP,UK Independence Party,UKIP,35,PP85,,,,,No,No,Lois,Perry,Female,No,No,,No,157,,0.0036210992457965265124432041
3517,20142,E14001267,E12000006,Harlow,East of England,England,County,Liberal Democrat,LD,Liberal Democrat,LD,17,PP90,,,,,No,No,Riad,Mannan,Male,No,No,,No,1350,-0.0276260000,0.0311368406485688585464861499
3517,20143,E14001267,E12000006,Harlow,East of England,England,County,Green Party,Green,Green Party,Green,44,PP63,,,,,No,No,Yasmin,Gregory,Female,No,No,,No,2267,0.0496470000,0.052286827963189335055469705
3517,20144,E14001267,E12000006,Harlow,East of England,England,County,Reform UK,RUK,Reform UK,RUK,1036,PP7931,,,,,No,No,Malcolm,Featherstone,Male,No,No,,No,9461,,0.2182115921304518301543003437
3517,20145,E14001267,E12000006,Harlow,East of England,England,County,Conservative,Con,Conservative,Con,4,PP52,,,,,No,No,Hannah,Ellis,Female,No,No,,No,13809,-0.3270490000,0.318495283345249901976612773
3517,20146,E14001267,E12000006,Harlow,East of England,England,County,Labour / Co-operative Party,Lab / Co-op,Labour,Lab,15,PP53,Co-operative Party,Co-op,,,No,No,Chris,Vince,Male,No,No,5237,Yes,16313,0.0831950000,0.3762483566667435477546878243
3518,20147,E14001268,E12000006,Harpenden and Berkhamsted,East of England,England,County,Social Democratic Party,SDP,Social Democratic Party,SDP,32,PP243,,,,,No,No,Mark,Patten,Male,No,No,,No,223,,0.0041040930506478209658421673
3518,20148,E14001268,E12000006,Harpenden and Berkhamsted,East of England,England,County,Green Party,Green,Green Party,Green,44,PP63,,,,,No,No,Paul,De Hoest,Male,No,No,,No,1951,0.0196340000,0.0359062131919905771495877503
3518,20149,E14001268,E12000006,Harpenden and Berkhamsted,East of England,England,County,Labour,Lab,Labour,Lab,15,PP53,,,,,No,No,Zara,Layne,Female,No,No,,No,4061,-0.0312570000,0.0747386631330977620730270907
3518,20150,E14001268,E12000006,Harpenden and Berkhamsted,East of England,England,County,Reform UK,RUK,Reform UK,RUK,1036,PP7931,,,,,No,No,Saba,Poursaeedi,Male,No,No,,No,4245,,0.078125
3518,20151,E14001268,E12000006,Harpenden and Berkhamsted,East of England,England,County,Conservative,Con,Conservative,Con,4,PP52,,,,,No,No,Nigel,Gardner,Male,No,No,,No,16574,-0.2177030000,0.3050279740871613663133097762
3518,20152,E14001268,E12000006,Harpenden and Berkhamsted,East of England,England,County,Liberal Democrat,LD,Liberal Democrat,LD,17,PP90,,,,,No,No,Victoria,Collins,Female,No,No,5201,Yes,27282,0.2492720000,0.5020980565371024734982332155
3519,20153,E14001269,E12000003,Harrogate and Knaresborough,Yorkshire and The Humber,England,County,Independent,IND,,,,,,,,,Yes,No,Stephan,Metcalfe,Male,No,No,,No,136,,0.0026121696373693915181315304
3519,20154,E14001269,E12000003,Harrogate and Knaresborough,Yorkshire and The Humber,England,County,Independent,IND,,,,,,,,,Yes,No,Paul,Haslam,Male,No,No,,No,620,,0.0119084204056545789797172711
3519,20155,E14001269,E12000003,Harrogate and Knaresborough,Yorkshire and The Humber,England,County,Green Party,Green,Green Party,Green,44,PP63,,,,,No,No,Shan,Oakes,Female,No,No,,No,1762,0.0333570000,0.0338429625076828518746158574
3519,20156,E14001269,E12000003,Harrogate and Knaresborough,Yorkshire and The Humber,England,County,Labour,Lab,Labour,Lab,15,PP53,,,,,No,No,Conrad,Whitcroft,Male,No,No,,No,4153,-0.0165370000,0.079767209588199139520590043
3519,20157,E14001269,E12000003,Harrogate and Knaresborough,Yorkshire and The Humber,England,County,Reform UK,RUK,Reform UK,RUK,1036,PP7931,,,,,No,No,Jonathan,Swales,Male,No,No,,No,5679,,0.1090772894898586355255070682
3519,20158,E14001269,E12000003,Harrogate and Knaresborough,Yorkshire and The Humber,England,County,Conservative,Con,Conservative,Con,4,PP52,,,,,No,No,Andrew,Jones,Male,Yes,Yes,3996,No,15738,-0.2175500000,0.3022818070067609096496619545
3519,20159,E14001269,E12000003,Harrogate and Knaresborough,Yorkshire and The Humber,England,County,Liberal Democrat,LD,Liberal Democrat,LD,17,PP90,,,,,No,No,Tom,Gordon,Male,No,No,5032,Yes,23976,0.0988800000,0.4605101413644744929317762754
3520,20160,E14001270,E12000007,Harrow East,London,England,Borough,Workers Party of Britain,WPB,Workers Party of Britain,WPB,1042,PP11382,,,,,No,No,Sarajulhaq,Parwani,Male,No,No,,No,723,,0.0151328044875149130334679867
3520,20161,E14001270,E12000007,Harrow East,London,England,Borough,Liberal Democrat,LD,Liberal Democrat,LD,17,PP90,,,,,No,No,Reetendra Nath,Banjeri,Male,No,No,,No,1511,-0.0435360000,0.0316260962387759800740942294
3520,20162,E14001270,E12000007,Harrow East,London,England,Borough,Green Party,Green,Green Party,Green,44,PP63,,,,,No,No,Seb,Newsam,Male,No,No,,No,2006,0.0393860000,0.0419867300165351528978378718
3520,20163,E14001270,E12000007,Harrow East,London,England,Borough,Independent,IND,,,,,,,,,Yes,No,Sabira,Lakha,Female,No,No,,No,2097,,0.0438914121857797685078594303
3520,20164,E14001270,E12000007,Harrow East,London,England,Borough,Reform UK,RUK,Reform UK,RUK,1036,PP7931,,,,,No,No,Roger,Clark,Male,No,No,,No,2188,0.0439220000,0.0457960943550243841178809888
3520,20165,E14001270,E12000007,Harrow East,London,England,Borough,Labour,Lab,Labour,Lab,15,PP53,,,,,No,No,Primesh,Patel,Male,No,No,,No,13786,-0.0856930000,0.2885488833539150637335956632
3520,20166,E14001270,E12000007,Harrow East,London,England,Borough,Conservative,Con,Conservative,Con,4,PP52,,,,,No,No,Bob,Blackman,Male,Yes,Yes,4005,Yes,25466,-0.0131020000,0.5330179793624547376352638299
3521,20167,E14001271,E12000007,Harrow West,London,England,Borough,Independent,IND,,,,,,,,,Yes,No,Bharatkumar Ishverbhai,Patel,Male,No,No,,No,616,,0.0136159678168033421011913972
3521,20168,E14001271,E12000007,Harrow West,London,England,Borough,Liberal Democrat,LD,Liberal Democrat,LD,17,PP90,,,,,No,No,Chris,Noyce,Male,No,No,,No,2404,-0.0293440000,0.0531376406357065493689352578
3521,20169,E14001271,E12000007,Harrow West,London,England,Borough,Green Party,Green,Green Party,Green,44,PP63,,,,,No,No,Rupert Nepal,George,Male,No,No,,No,2438,0.0332440000,0.0538891713268937468225724453
3521,20170,E14001271,E12000007,Harrow West,London,England,Borough,Reform UK,RUK,Reform UK,RUK,1036,PP7931,,,,,No,No,Michael,Beavis,Male,No,No,,No,2639,0.0406190000,0.0583320439424415905926040538
3521,20171,E14001271,E12000007,Harrow West,London,England,Borough,Independent,IND,,,,,,,,,Yes,No,Pamela,Fitzpatrick,Female,No,No,,No,4120,,0.0910678366968015737936827214
3521,20172,E14001271,E12000007,Harrow West,London,England,Borough,Conservative,Con,Conservative,Con,4,PP52,,,,,No,No,Abbas,Merali,Male,No,No,,No,13191,-0.0566500000,0.2915718043367741650272982472
3521,20173,E14001271,E12000007,Harrow West,London,England,Borough,Labour / Co-operative Party,Lab / Co-op,Labour,Lab,15,PP53,Co-operative Party,Co-op,,,No,No,Gareth,Thomas,Male,Yes,Yes,177,Yes,19833,-0.0925530000,0.4383855352445790322937158772
3522,20174,E14001272,E12000001,Hartlepool,North East,England,County,Heritage Party,HPUK,Heritage Party,HPUK,1037,PP12550,,,,,No,No,Vivienne,Neville,Female,No,No,,No,65,,0.0018304187434879333164371603
3522,20175,E14001272,E12000001,Hartlepool,North East,England,County,Workers Party of Britain,WPB,Workers Party of Britain,WPB,1042,PP11382,,,,,No,No,Tommy,Dudley,Male,No,No,,No,248,,0.0069837515136154994227140886
3522,20176,E14001272,E12000001,Hartlepool,North East,England,County,Liberal Democrat,LD,Liberal Democrat,LD,17,PP90,,,,,No,No,Peter,Maughan,Male,No,No,,No,572,-0.0252210000,0.0161076849426938131846470108
3522,20177,E14001272,E12000001,Hartlepool,North East,England,County,Green Party,Green,Green Party,Green,44,PP63,,,,,No,No,Jeremy,Spyby-Steanson,Male,No,No,,No,834,,0.0234856804933682520909014108
3522,20178,E14001272,E12000001,Hartlepool,North East,England,County,Independent,IND,,,,,,,,,Yes,No,Sam,Lee,Female,No,No,,No,895,,0.0252034580834107741263270536
3522,20179,E14001272,E12000001,Hartlepool,North East,England,County,Conservative,Con,Conservative,Con,4,PP52,,,,,No,No,Jill,Mortimer,Female,Yes,Yes,4916,No,7767,-0.0705060000,0.2187209597026273549041142181
3522,20180,E14001272,E12000001,Hartlepool,North East,England,County,Reform UK,RUK,Reform UK,RUK,1036,PP7931,,,,,No,No,Amanda,Napper,Female,No,No,,No,8716,-0.0129320000,0.2454450733575511813240967588
3522,20181,E14001272,E12000001,Hartlepool,North East,England,County,Labour,Lab,Labour,Lab,15,PP53,,,,,No,No,Jonathan,Brash,Male,No,No,5045,Yes,16414,0.0853920000,0.462222973163245191630762299
3523,20182,E14001273,E12000006,Harwich and North Essex,East of England,England,County,Green Party,Green,Green Party,Green,44,PP63,,,,,No,No,Andrew,Canessa,Male,No,No,,No,2794,0.0225820000,0.0581562350394438315675540661
3523,20183,E14001273,E12000006,Harwich and North Essex,East of England,England,County,Liberal Democrat,LD,Liberal Democrat,LD,17,PP90,,,,,No,No,Natalie,Sommers,Female,No,No,,No,3561,-0.0331380000,0.0741210998480527860458339404
3523,20184,E14001273,E12000006,Harwich and North Essex,East of England,England,County,Reform UK,RUK,Reform UK,RUK,1036,PP7931,,,,,No,No,Mark,Cole,Male,No,No,,No,9806,,0.2041088191828153945423891098
3523,20185,E14001273,E12000006,Harwich and North Essex,East of England,England,County,Labour,Lab,Labour,Lab,15,PP53,,,,,No,No,Alex,Diner,Male,No,No,,No,15360,0.0605430000,0.3197135899090398184959307287
3523,20186,E14001273,E12000006,Harwich and North Essex,East of England,England,County,Conservative,Con,Conservative,Con,4,PP52,,,,,No,No,Bernard,Jenkin,Male,Yes,Yes,40,Yes,16522,-0.2416330000,0.3439002560206481693482921549
3524,20187,E14001274,E12000008,Hastings and Rye,South East,England,County,Independent,IND,,,,,,,,,Yes,No,Paul,Crosland,Male,No,No,,No,129,,0.0028049575994781474233529028
3524,20188,E14001274,E12000008,Hastings and Rye,South East,England,County,Communist Party of Britain,Comm,Communist Party of Britain,Comm,76,PP78,,,,,No,No,Nicolas,Davies,Male,No,No,,No,136,,0.002957164601000217438573603
3524,20189,E14001274,E12000008,Hastings and Rye,South East,England,County,Workers Party of Britain,WPB,Workers Party of Britain,WPB,1042,PP11382,,,,,No,No,Phil,Colley,Male,No,No,,No,362,,0.0078712763644270493585562079
3524,20190,E14001274,E12000008,Hastings and Rye,South East,England,County,Liberal Democrat,LD,Liberal Democrat,LD,17,PP90,,,,,No,No,Guy,Harris,Male,No,No,,No,2586,-0.0178110000,0.0562296151337247227658186562
3524,20191,E14001274,E12000008,Hastings and Rye,South East,England,County,Green Party,Green,Green Party,Green,44,PP63,,,,,No,No,Becca,Horn,Female,No,No,,No,5761,0.1246390000,0.1252663622526636225266362253
3524,20192,E14001274,E12000008,Hastings and Rye,South East,England,County,Reform UK,RUK,Reform UK,RUK,1036,PP7931,,,,,No,No,Lucian,Fernando,Male,No,No,,No,7401,,0.1609262883235485975212002609
3524,20193,E14001274,E12000008,Hastings and Rye,South East,England,County,Conservative,Con,Conservative,Con,4,PP52,,,,,No,No,Sally-Ann,Hart,Female,Yes,Yes,4842,No,10481,-0.2629900000,0.2278973689932594042183083279
3524,20194,E14001274,E12000008,Hastings and Rye,South East,England,County,Labour / Co-operative Party,Lab / Co-op,Labour,Lab,15,PP53,Co-operative Party,Co-op,,,No,No,Helena,Dollimore,Female,No,No,5192,Yes,19134,-0.0076490000,0.416046966731898238747553816
3525,20195,E14001275,E12000008,Havant,South East,England,Borough,Workers Party of Britain,WPB,Workers Party of Britain,WPB,1042,PP11382,,,,,No,No,Jennifer,Alemanno,Female,No,No,,No,211,,0.0050016593182572417389655336
3525,20196,E14001275,E12000008,Havant,South East,England,Borough,Green Party,Green,Green Party,Green,44,PP63,,,,,No,No,Netty,Shepherd,Female,No,No,,No,2861,0.0330700000,0.067818707628123074005594273
3525,20197,E14001275,E12000008,Havant,South East,England,Borough,Liberal Democrat,LD,Liberal Democrat,LD,17,PP90,,,,,No,No,Gayathri,Sathyanath,Female,No,No,,No,3275,-0.0465650000,0.0776323898923813587446072157
3525,20198,E14001275,E12000008,Havant,South East,England,Borough,Reform UK,RUK,Reform UK,RUK,1036,PP7931,,,,,No,No,John,Perry,Male,No,No,,No,9959,,0.2360735789124354051107002323
3525,20199,E14001275,E12000008,Havant,South East,England,Borough,Labour,Lab,Labour,Lab,15,PP53,,,,,No,No,Stefanie,Harvey,Female,No,No,,No,12894,0.1259430000,0.3056464229839283174512871569
3525,20200,E14001275,E12000008,Havant,South East,England,Borough,Conservative,Con,Conservative,Con,4,PP52,,,,,No,No,Alan,Mak,Male,Yes,Yes,4484,Yes,12986,-0.3460380000,0.3078272412648746029488455886
3526,20201,E14001276,E12000007,Hayes and Harlington,London,England,Borough,Liberal Democrat,LD,Liberal Democrat,LD,17,PP90,,,,,No,No,Alexander,Cunliffe,Male,No,No,,No,1316,-0.0099090000,0.0343468615424768367480099178
3526,20202,E14001276,E12000007,Hayes and Harlington,London,England,Borough,Workers Party of Britain,WPB,Workers Party of Britain,WPB,1042,PP11382,,,,,No,No,Rizwana,Karim,Female,No,No,,No,1975,,0.051546391752577319587628866
3526,20203,E14001276,E12000007,Hayes and Harlington,London,England,Borough,Green Party,Green,Green Party,Green,44,PP63,,,,,No,No,Christine,West,Female,No,No,,No,2131,0.0388200000,0.0556179042150593762234111967
3526,20204,E14001276,E12000007,Hayes and Harlington,London,England,Borough,Reform UK,RUK,Reform UK,RUK,1036,PP7931,,,,,No,No,Francoise,Thompson,Female,No,No,,No,4114,0.0780050000,0.107373091478533211535951977
3526,20205,E14001276,E12000007,Hayes and Harlington,London,England,Borough,Conservative,Con,Conservative,Con,4,PP52,,,,,No,No,Dylan,Thomas,Male,No,No,,No,8374,-0.1288540000,0.2185567010309278350515463918
3526,20206,E14001276,E12000007,Hayes and Harlington,London,England,Borough,Labour,Lab,Labour,Lab,15,PP53,,,,,No,No,John,McDonnell,Male,Yes,Yes,178,Yes,20405,-0.0253580000,0.5325590499804254208534516508
3527,20207,E14001277,E12000002,Hazel Grove,North West,England,County,Social Democratic Party,SDP,Social Democratic Party,SDP,32,PP243,,,,,No,No,Tim,O'Rourke,Male,No,No,,No,113,,0.0024566285490673507543806252
3527,20208,E14001277,E12000002,Hazel Grove,North West,England,County,Green Party,Green,Green Party,Green,44,PP63,,,,,No,No,Graham,Reid,Male,No,No,,No,1763,0.0352750000,0.0383277533805817644245401974
3527,20209,E14001277,E12000002,Hazel Grove,North West,England,County,Reform UK,RUK,Reform UK,RUK,1036,PP7931,,,,,No,No,John,Kelly,Male,No,No,,No,6955,0.1450560000,0.1512022261837471194399756511
3527,20210,E14001277,E12000002,Hazel Grove,North West,England,County,Conservative,Con,Conservative,Con,4,PP52,,,,,No,No,Paul,Athans,Male,No,No,,No,9011,-0.2599590000,0.1958998217313796252010956998
3527,20211,E14001277,E12000002,Hazel Grove,North West,England,County,Labour,Lab,Labour,Lab,15,PP53,,,,,No,No,Claire,Vibert,Female,No,No,,No,10828,0.0726770000,0.235401539197356406800295665
3527,20212,E14001277,E12000002,Hazel Grove,North West,England,County,Liberal Democrat,LD,Liberal Democrat,LD,17,PP90,,,,,No,No,Lisa,Smart,Female,No,No,5070,Yes,17328,0.0044950000,0.3767120309578677333797121614
3528,20213,E14001278,E12000006,Hemel Hempstead,East of England,England,County,Green Party,Green,Green Party,Green,44,PP63,,,,,No,No,Sherief,Hassan,Male,No,No,,No,2492,0.0273120000,0.0564976874943320939512106647
3528,20214,E14001278,E12000006,Hemel Hempstead,East of England,England,County,Liberal Democrat,LD,Liberal Democrat,LD,17,PP90,,,,,No,No,Sammy,Barry-Mears,Female,No,No,,No,5096,0.0020320000,0.1155345968985218101024757414
3528,20215,E14001278,E12000006,Hemel Hempstead,East of England,England,County,Reform UK,RUK,Reform UK,RUK,1036,PP7931,,,,,No,No,Noel,Willcox,Male,No,No,,No,7689,,0.1743221184365647955019497597
3528,20216,E14001278,E12000006,Hemel Hempstead,East of England,England,County,Conservative,Con,Conservative,Con,4,PP52,,,,,No,No,Andrew,Williams,Male,No,No,,No,11987,-0.2777720000,0.2717647592273510474290378163
3528,20217,E14001278,E12000006,Hemel Hempstead,East of England,England,County,Labour,Lab,Labour,Lab,15,PP53,,,,,No,No,David,Taylor,Male,No,No,5348,Yes,16844,0.1005810000,0.381880837943230253015326018
3529,20218,E14001279,E12000007,Hendon,London,England,Borough,Social Democratic Party,SDP,Social Democratic Party,SDP,32,PP243,,,,,No,No,Jane,Gibson,Female,No,No,,No,139,,0.0033692069032383168508822959
3529,20219,E14001279,E12000007,Hendon,London,England,Borough,Rejoin EU,REU,Rejoin EU,REU,1040,PP11423,,,,,No,No,Ben,Rend,Male,No,No,,No,233,,0.0056476633701764591816947838
3529,20220,E14001279,E12000007,Hendon,London,England,Borough,Workers Party of Britain,WPB,Workers Party of Britain,WPB,1042,PP11382,,,,,No,No,Imtiaz,Palekar,Male,No,No,,No,1518,,0.0367946480511925538103548575
3529,20221,E14001279,E12000007,Hendon,London,England,Borough,Liberal Democrat,LD,Liberal Democrat,LD,17,PP90,,,,,No,No,Clareine,Enderby,Female,No,No,,No,1966,-0.0380830000,0.0476536746170254023657165018
3529,20222,E14001279,E12000007,Hendon,London,England,Borough,Green Party,Green,Green Party,Green,44,PP63,,,,,No,No,Gabrielle,Bailey,Female,No,No,,No,2667,0.0482610000,0.0646451425247236765561372891
3529,20223,E14001279,E12000007,Hendon,London,England,Borough,Reform UK,RUK,Reform UK,RUK,1036,PP7931,,,,,No,No,Joshua,Pearl,Male,No,No,,No,3038,,0.0736377738995540042660461509
3529,20224,E14001279,E12000007,Hendon,London,England,Borough,Conservative,Con,Conservative,Con,4,PP52,,,,,No,No,Ameet,Jogia,Male,No,No,,No,15840,-0.1051440000,0.3839441535776614310645724258
3529,20225,E14001279,E12000007,Hendon,London,England,Borough,Labour,Lab,Labour,Lab,15,PP53,,,,,No,No,David,Pinto-Duschinsky,Male,No,No,5360,Yes,15855,-0.0244830000,0.3843077370564281559045956952
3530,20226,E14001280,E12000008,Henley and Thame,South East,England,County,Independent,IND,,,,,,,,,Yes,No,David,Carpin,Male,No,No,,No,306,,0.0057565325356961453806648231
3530,20227,E14001280,E12000008,Henley and Thame,South East,England,County,Social Democratic Party,SDP,Social Democratic Party,SDP,32,PP243,,,,,No,No,Maryse,Pomlett,Female,No,No,,No,515,,0.0096882818819722708203999473
3530,20228,E14001280,E12000008,Henley and Thame,South East,England,County,Green Party,Green,Green Party,Green,44,PP63,,,,,No,No,Jo,Robb,Female,No,No,,No,2008,-0.0043480000,0.0377748932407773200142972704
3530,20229,E14001280,E12000008,Henley and Thame,South East,England,County,Labour,Lab,Labour,Lab,15,PP53,,,,,No,No,Nanda,Manley-Browne,Female,No,No,,No,3574,-0.0220820000,0.0672347950411046522565231296
3530,20230,E14001280,E12000008,Henley and Thame,South East,England,County,Reform UK,RUK,Reform UK,RUK,1036,PP7931,,,,,No,No,Peter,Shields,Male,No,No,,No,5213,,0.0980679872829542675470775251
3530,20231,E14001280,E12000008,Henley and Thame,South East,England,County,Conservative,Con,Conservative,Con,4,PP52,,,,,No,No,Caroline,Newton,Female,No,No,,No,17637,-0.2130070000,0.3317907331113493989502793611
3530,20232,E14001280,E12000008,Henley and Thame,South East,England,County,Liberal Democrat,LD,Liberal Democrat,LD,17,PP90,,,,,No,No,Freddie,Van Mierlo,Male,No,No,5296,Yes,23904,0.1259250000,0.4496867769061459450307579435
3531,20233,E14001281,E12000005,Hereford and South Herefordshire,West Midlands,England,County,Independent,IND,,,,,,,,,Yes,No,Mark,Weaden,Male,No,No,,No,214,,0.0046958658825594663389800755
3531,20234,E14001281,E12000005,Hereford and South Herefordshire,West Midlands,England,County,Green Party,Green,Green Party,Green,44,PP63,,,,,No,No,Diana,Toynbee,Female,No,No,,No,3175,0.0187690000,0.0696699727903098393750548582
3531,20235,E14001281,E12000005,Hereford and South Herefordshire,West Midlands,England,County,Liberal Democrat,LD,Liberal Democrat,LD,17,PP90,,,,,No,No,Dan,Powell,Male,No,No,,No,5325,-0.0161650000,0.1168480646010708329676116914
3531,20236,E14001281,E12000005,Hereford and South Herefordshire,West Midlands,England,County,Reform UK,RUK,Reform UK,RUK,1036,PP7931,,,,,No,No,Nigel,Ely,Male,No,No,,No,8395,,0.1842139910471342052137277276
3531,20237,E14001281,E12000005,Hereford and South Herefordshire,West Midlands,England,County,Labour,Lab,Labour,Lab,15,PP53,,,,,No,No,Joe,Emmett,Male,No,No,,No,13592,0.0990140000,0.2982533134380760115860616168
3531,20238,E14001281,E12000005,Hereford and South Herefordshire,West Midlands,England,County,Conservative,Con,Conservative,Con,4,PP52,,,,,No,No,Jesse,Norman,Male,Yes,Yes,3991,Yes,14871,-0.2905270000,0.3263187922408496445185640305
3532,20239,E14001282,E12000008,Herne Bay and Sandwich,South East,England,County,Liberal Democrat,LD,Liberal Democrat,LD,17,PP90,,,,,No,No,Angie,Curwen,Female,No,No,,No,2709,-0.0190640000,0.0554815982960247404100190468
3532,20240,E14001282,E12000008,Herne Bay and Sandwich,South East,England,County,Green Party,Green,Green Party,Green,44,PP63,,,,,No,No,Thea,Barrett,Female,No,No,,No,3529,0.0345810000,0.0722755852294836873041554877
3532,20241,E14001282,E12000008,Herne Bay and Sandwich,South East,England,County,Reform UK,RUK,Reform UK,RUK,1036,PP7931,,,,,No,No,Amelia,Randall,Female,No,No,,No,10602,,0.2171339627665021402093104225
3532,20242,E14001282,E12000008,Herne Bay and Sandwich,South East,England,County,Labour,Lab,Labour,Lab,15,PP53,,,,,No,No,Helen,Whitehead,Female,No,No,,No,14744,0.0579590000,0.301964077252339893911155713
3532,20243,E14001282,E12000008,Herne Bay and Sandwich,South East,England,County,Conservative,Con,Conservative,Con,4,PP52,,,,,No,No,Roger,Gale,Male,Yes,Yes,87,Yes,17243,-0.2906090000,0.3531447764556495381653593299
3533,20244,E14001283,E12000006,Hertford and Stortford,East of England,England,County,Heritage Party,HPUK,Heritage Party,HPUK,1037,PP12550,,,,,No,No,Barry,Hensall,Male,No,No,,No,137,,0.0025366142679923716417634098
3533,20245,E14001283,E12000006,Hertford and Stortford,East of England,England,County,Alliance for Democracy and Freedom,ADF,Alliance for Democracy and Freedom,ADF,1075,PP10288,,,,,No,No,Jane,Fowler,Female,No,No,,No,139,,0.0025736451332185376511322187
3533,20246,E14001283,E12000006,Hertford and Stortford,East of England,England,County,Liberal Democrat,LD,Liberal Democrat,LD,17,PP90,,,,,No,No,Helen Rosemary,Campbell,Female,No,No,,No,4167,-0.0649690000,0.0771538076987168805199133478
3533,20247,E14001283,E12000006,Hertford and Stortford,East of England,England,County,Green Party,Green,Green Party,Green,44,PP63,,,,,No,No,Nick,Cox,Male,No,No,,No,4373,0.0344680000,0.0809679868170119794849006647
3533,20248,E14001283,E12000006,Hertford and Stortford,East of England,England,County,Reform UK,RUK,Reform UK,RUK,1036,PP7931,,,,,No,No,John,Burmicz,Male,No,No,,No,8325,,0.1541409765039160139976670555
3533,20249,E14001283,E12000006,Hertford and Stortford,East of England,England,County,Conservative,Con,Conservative,Con,4,PP52,,,,,No,No,Julie,Marson,Female,Yes,Yes,4768,No,16060,-0.2594680000,0.2973578477661130552315354848
3533,20250,E14001283,E12000006,Hertford and Stortford,East of England,England,County,Labour,Lab,Labour,Lab,15,PP53,,,,,No,No,Joshua Robert Abraham,Dean,Male,No,No,5187,Yes,20808,0.1484940000,0.3852691218130311614730878187
3534,20251,E14001284,E12000006,Hertsmere,East of England,England,County,Independent,IND,,,,,,,,,Yes,No,Ray,Bolster,Male,No,No,,No,536,,0.011165038431895348594996563
3534,20252,E14001284,E12000006,Hertsmere,East of England,England,County,Green Party,Green,Green Party,Green,44,PP63,,,,,No,No,John,Humphries,Male,No,No,,No,2267,0.0164870000,0.0472222800841543941508530006
3534,20253,E14001284,E12000006,Hertsmere,East of England,England,County,Liberal Democrat,LD,Liberal Democrat,LD,17,PP90,,,,,No,No,Emma,Matanle,Female,No,No,,No,3710,-0.0315120000,0.0772803966088278792676068073
3534,20254,E14001284,E12000006,Hertsmere,East of England,England,County,Reform UK,RUK,Reform UK,RUK,1036,PP7931,,,,,No,No,Darren,Selkus,Male,No,No,,No,6584,,0.1371466661111921178161518112
3534,20255,E14001284,E12000006,Hertsmere,East of England,England,County,Labour,Lab,Labour,Lab,15,PP53,,,,,No,No,Josh,Tapper,Male,No,No,,No,13459,0.0689220000,0.2803549482367154789926469057
3534,20256,E14001284,E12000006,Hertsmere,East of England,England,County,Conservative,Con,Conservative,Con,4,PP52,,,,,No,No,Oliver,Dowden,Male,Yes,Yes,4441,Yes,21451,-0.2022090000,0.4468306705272147811777449122
3535,20257,E14001285,E12000001,Hexham,North East,England,County,Social Democratic Party,SDP,Social Democratic Party,SDP,32,PP243,,,,,No,No,William,Clouston,Male,No,No,,No,1211,,0.0233657482441923284710967045
3535,20258,E14001285,E12000001,Hexham,North East,England,County,Independent,IND,,,,,,,,,Yes,No,Chris,Whaley,Male,No,No,,No,1511,,0.0291541251832986030716986957
3535,20259,E14001285,E12000001,Hexham,North East,England,County,Liberal Democrat,LD,Liberal Democrat,LD,17,PP90,,,,,No,No,Nick,Cott,Male,No,No,,No,2376,-0.0482890000,0.0458439453577216948367677703
3535,20260,E14001285,E12000001,Hexham,North East,England,County,Green Party,Green,Green Party,Green,44,PP63,,,,,No,No,Nick,Morphet,Male,No,No,,No,2467,0.0113780000,0.0475997530292505981322837076
3535,20261,E14001285,E12000001,Hexham,North East,England,County,Conservative,Con,Conservative,Con,4,PP52,,,,,No,No,Guy,Opperman,Male,Yes,Yes,4142,No,20275,-0.1521890000,0.3911978081345990584240179054
3535,20262,E14001285,E12000001,Hexham,North East,England,County,Labour,Lab,Labour,Lab,15,PP53,,,,,No,No,Joe,Morris,Male,No,No,5081,Yes,23988,0.1453490000,0.4628386200509377170641352165
3536,20263,E14001286,E12000002,Heywood and Middleton North,North West,England,County,Liberal Democrat,LD,Liberal Democrat,LD,17,PP90,,,,,No,No,Tom,Shaw,Male,No,No,,No,2302,0.0198980000,0.0619983840560193913277673041
3536,20264,E14001286,E12000002,Heywood and Middleton North,North West,England,County,Independent,IND,,,,,,,,,Yes,No,Chris,Furlong,Male,No,No,,No,4349,,0.117129006194451925666576892
3536,20265,E14001286,E12000002,Heywood and Middleton North,North West,England,County,Conservative,Con,Conservative,Con,4,PP52,,,,,No,No,Laura-Beth,Thompson,Female,No,No,,No,6423,-0.2416810000,0.1729868031241583625100996499
3536,20266,E14001286,E12000002,Heywood and Middleton North,North West,England,County,Reform UK,RUK,Reform UK,RUK,1036,PP7931,,,,,No,No,Steve,Potter,Male,No,No,,No,8987,0.1576750000,0.242041475895502289253972529
3536,20267,E14001286,E12000002,Heywood and Middleton North,North West,England,County,Labour,Lab,Labour,Lab,15,PP53,,,,,No,No,Elsie,Blundell,Female,No,No,5084,Yes,15069,-0.0248440000,0.4058443307298680312415836251
3537,20268,E14001287,E12000004,High Peak,East Midlands,England,County,Liberal Democrat,LD,Liberal Democrat,LD,17,PP90,,,,,No,No,Peter,Hirst,Male,No,No,,No,1707,-0.0160720000,0.0346908913547128398975734667
3537,20269,E14001287,E12000004,High Peak,East Midlands,England,County,Green Party,Green,Green Party,Green,44,PP63,,,,,No,No,Joanna,Collins,Female,No,No,,No,3382,0.0475400000,0.0687314555135552574889241149
3537,20270,E14001287,E12000004,High Peak,East Midlands,England,County,Reform UK,RUK,Reform UK,RUK,1036,PP7931,,,,,No,No,Catherine,Cullen,Female,No,No,,No,6959,0.1196990000,0.1414258423769459009063935292
3537,20271,E14001287,E12000004,High Peak,East Midlands,England,County,Conservative,Con,Conservative,Con,4,PP52,,,,,No,No,Robert,Largan,Male,Yes,Yes,4852,No,14625,-0.1613850000,0.2972198512376539446408974515
3537,20272,E14001287,E12000004,High Peak,East Midlands,England,County,Labour,Lab,Labour,Lab,15,PP53,,,,,No,No,Jon,Pearce,Male,No,No,5115,Yes,22533,0.0102180000,0.4579319595171320570662114376
3538,20273,E14001288,E12000004,Hinckley and Bosworth,East Midlands,England,County,Independent,IND,,,,,,,,,Yes,No,Harry,Masters,Male,No,No,,No,211,,0.0044143182911776396995753049
3538,20274,E14001288,E12000004,Hinckley and Bosworth,East Midlands,England,County,Green Party,Green,Green Party,Green,44,PP63,,,,,No,No,Cassie,Wells,Female,No,No,,No,1514,0.0022790000,0.0316743028096822109249147472
3538,20275,E14001288,E12000004,Hinckley and Bosworth,East Midlands,England,County,Labour,Lab,Labour,Lab,15,PP53,,,,,No,No,Rebecca,Pawley,Female,No,No,,No,8601,0.0377020000,0.1799410029498525073746312684
3538,20276,E14001288,E12000004,Hinckley and Bosworth,East Midlands,England,County,Reform UK,RUK,Reform UK,RUK,1036,PP7931,,,,,No,No,Peter,Cheshire,Male,No,No,,No,8817,,0.1844599259398732191050021967
3538,20277,E14001288,E12000004,Hinckley and Bosworth,East Midlands,England,County,Liberal Democrat,LD,Liberal Democrat,LD,17,PP90,,,,,No,No,Michael,Mullaney,Male,No,No,,No,11624,0.0612650000,0.2431850038703738571936651394
3538,20278,E14001288,E12000004,Hinckley and Bosworth,East Midlands,England,County,Conservative,Con,Conservative,Con,4,PP52,,,,,No,No,Luke,Evans,Male,Yes,Yes,4781,Yes,17032,-0.2901210000,0.3563254461390405657022113433
3539,20279,E14001289,E12000006,Hitchin,East of England,England,County,Christian Peoples Alliance,CPA,Christian Peoples Alliance,CPA,80,PP79,,,,,No,No,Sid,Cordle,Male,No,No,,No,181,-0.0015100000,0.0034469624833365073319367739
3539,20280,E14001289,E12000006,Hitchin,East of England,England,County,Green Party,Green,Green Party,Green,44,PP63,,,,,No,No,Will,Lavin,Male,No,No,,No,2631,0.0349740000,0.0501047419539135402780422777
3539,20281,E14001289,E12000006,Hitchin,East of England,England,County,Liberal Democrat,LD,Liberal Democrat,LD,17,PP90,,,,,No,No,Chris,Lucas,Male,No,No,,No,4913,-0.1431690000,0.0935631308322224338221291183
3539,20282,E14001289,E12000006,Hitchin,East of England,England,County,Reform UK,RUK,Reform UK,RUK,1036,PP7931,,,,,No,No,Charles,Bunker,Male,No,No,,No,6760,,0.1287373833555513235574176347
3539,20283,E14001289,E12000006,Hitchin,East of England,England,County,Conservative,Con,Conservative,Con,4,PP52,,,,,No,No,Bim,Afolami,Male,Yes,Yes,4639,No,14958,-0.1853310000,0.2848600266615882689011616835
3539,20284,E14001289,E12000006,Hitchin,East of England,England,County,Labour,Lab,Labour,Lab,15,PP53,,,,,No,No,Alistair,Strathern,Male,Yes,Yes,5000,Yes,23067,0.1774540000,0.4392877547133879261093125119
3540,20285,E14001290,E12000007,Holborn and St Pancras,London,England,Borough,Independent,IND,,,,,,,,,Yes,No,Bobby,Smith,Male,No,No,,No,19,,0.0004922024765556188798507849
3540,20286,E14001290,E12000007,Holborn and St Pancras,London,England,Borough,Independent,IND,,,,,,,,,Yes,No,Senthil,Kumar,Male,No,No,,No,40,,0.0010362157401170923786332314
3540,20287,E14001290,E12000007,Holborn and St Pancras,London,England,Borough,Socialist Equality Party,SEP,Socialist Equality Party,SEP,144,PP633,,,,,No,No,Tom,Scripps,Male,No,No,,No,61,0.0007500000,0.0015802290036785658774156779
3540,20288,E14001290,E12000007,Holborn and St Pancras,London,England,Borough,UK Independence Party,UKIP,UK Independence Party,UKIP,35,PP85,,,,,No,No,John,Poynton,Male,No,No,,No,75,-0.0011530000,0.0019429045127195482099373089
3540,20289,E14001290,E12000007,Holborn and St Pancras,London,England,Borough,Official Monster Raving Loony Party,MRLP,Official Monster Raving Loony Party,MRLP,119,PP66,,,,,No,No,Nick the Incredible Flying,Brick,Male,No,No,,No,162,,0.0041966737474742241334645873
3540,20290,E14001290,E12000007,Holborn and St Pancras,London,England,Borough,Independent,IND,,,,,,,,,Yes,No,Wais,Islam,Male,No,No,,No,636,,0.0164758302678617688202683799
3540,20291,E14001290,E12000007,Holborn and St Pancras,London,England,Borough,Liberal Democrat,LD,Liberal Democrat,LD,17,PP90,,,,,No,No,Charlie,Clinton,Male,No,No,,No,2236,-0.0648380000,0.0579244598725454639655976374
3540,20292,E14001290,E12000007,Holborn and St Pancras,London,England,Borough,Reform UK,RUK,Reform UK,RUK,1036,PP7931,,,,,No,No,David,Roberts,Male,No,No,,No,2371,0.0426700000,0.0614216879954406507434847935
3540,20293,E14001290,E12000007,Holborn and St Pancras,London,England,Borough,Conservative,Con,Conservative,Con,4,PP52,,,,,No,No,Mehreen,Malik,Female,No,No,,No,2776,-0.0799640000,0.0719133723641262110771462619
3540,20294,E14001290,E12000007,Holborn and St Pancras,London,England,Borough,Green Party,Green,Green Party,Green,44,PP63,,,,,No,No,David,Stansell,Male,No,No,,No,4030,0.0642480000,0.1043987358167970571472980675
3540,20295,E14001290,E12000007,Holborn and St Pancras,London,England,Borough,Independent,IND,,,,,,,,,Yes,No,Andrew,Feinstein,Male,No,No,,No,7312,,0.189420237293404486814154707
3540,20296,E14001290,E12000007,Holborn and St Pancras,London,England,Borough,Labour,Lab,Labour,Lab,15,PP53,,,,,No,No,Keir,Starmer,Male,Yes,Yes,4514,Yes,18884,-0.1733350000,0.4891974509092793119527485623
3541,20297,E14001291,E12000009,Honiton and Sidmouth,South West,England,County,Party of Women,POW,Party of Women,POW,1102,PP17545,,,,,No,No,Hazel,Exon,Female,No,No,,No,244,,0.0048168986279735465403217846
3541,20298,E14001291,E12000009,Honiton and Sidmouth,South West,England,County,Independent,IND,,,,,,,,,Yes,No,Vanessa,Coxon,Female,No,No,,No,467,,0.0092192281117362550587306288
3541,20299,E14001291,E12000009,Honiton and Sidmouth,South West,England,County,Green Party,Green,Green Party,Green,44,PP63,,,,,No,No,Henry,Gent,Male,No,No,,No,1394,0.0068540000,0.0275194946204718191688875728
3541,20300,E14001291,E12000009,Honiton and Sidmouth,South West,England,County,Labour,Lab,Labour,Lab,15,PP53,,,,,No,No,Jake,Bonetta,Male,No,No,,No,2947,-0.0840180000,0.0581778699042542690751159807
3541,20301,E14001291,E12000009,Honiton and Sidmouth,South West,England,County,Reform UK,RUK,Reform UK,RUK,1036,PP7931,,,,,No,No,Paul,Quickenden,Male,No,No,,No,6289,,0.1241535879972362057052610799
3541,20302,E14001291,E12000009,Honiton and Sidmouth,South West,England,County,Conservative,Con,Conservative,Con,4,PP52,,,,,No,No,Simon,Jupp,Male,Yes,Yes,4862,No,16307,-0.2819780000,0.3219228111736255058730628763
3541,20303,E14001291,E12000009,Honiton and Sidmouth,South West,England,County,Liberal Democrat,LD,Liberal Democrat,LD,17,PP90,,,,,No,No,Richard,Foord,Male,Yes,Yes,4942,Yes,23007,0.3585710000,0.454190109564702398578620077
3542,20304,E14001292,E12000007,Hornchurch and Upminster,London,England,Borough,Independent,IND,,,,,,,,,Yes,No,David Warren,Durant,Male,No,No,,No,394,,0.0083988829911960947325787129
3542,20305,E14001292,E12000007,Hornchurch and Upminster,London,England,Borough,Liberal Democrat,LD,Liberal Democrat,LD,17,PP90,,,,,No,No,Ian,Sanderson,Male,No,No,,No,2381,-0.0204250000,0.0507556862995885826352028309
3542,20306,E14001292,E12000007,Hornchurch and Upminster,London,England,Borough,Green Party,Green,Green Party,Green,44,PP63,,,,,No,No,Melanie,Collins,Female,No,No,,No,2620,0.0198880000,0.055850440195263371064355908
3542,20307,E14001292,E12000007,Hornchurch and Upminster,London,England,Borough,Labour,Lab,Labour,Lab,15,PP53,,,,,No,No,Sunny,Brar,Male,No,No,,No,12939,0.0472540000,0.2758201701093560145808019441
3542,20308,E14001292,E12000007,Hornchurch and Upminster,London,England,Borough,Reform UK,RUK,Reform UK,RUK,1036,PP7931,,,,,No,No,Nicholas,Palmer,Male,No,No,,No,13317,,0.2838779817100466841465754301
3542,20309,E14001292,E12000007,Hornchurch and Upminster,London,England,Borough,Conservative,Con,Conservative,Con,4,PP52,,,,,No,No,Julia,Lopez,Female,Yes,Yes,4647,Yes,15260,-0.3290040000,0.3252968386945492528404851741
3543,20310,E14001293,E12000007,Hornsey and Friern Barnet,London,England,Borough,Christian Peoples Alliance,CPA,Christian Peoples Alliance,CPA,80,PP79,,,,,No,No,Helen,Spiby-Vann,Female,No,No,,No,182,-0.0002750000,0.003741622466181489247975001
3543,20311,E14001293,E12000007,Hornsey and Friern Barnet,London,England,Borough,Workers Party of Britain,WPB,Workers Party of Britain,WPB,1042,PP11382,,,,,No,No,Dino,Philippos,Male,No,No,,No,766,,0.0157477077422803338678508285
3543,20312,E14001293,E12000007,Hornsey and Friern Barnet,London,England,Borough,Reform UK,RUK,Reform UK,RUK,1036,PP7931,,,,,No,No,Navdeep,Singh,Male,No,No,,No,1989,0.0314880000,0.0408905883804119896385839398
3543,20313,E14001293,E12000007,Hornsey and Friern Barnet,London,England,Borough,Conservative,Con,Conservative,Con,4,PP52,,,,,No,No,Naz,Panju,Female,No,No,,No,4011,-0.0355570000,0.0824596028123843591957567534
3543,20314,E14001293,E12000007,Hornsey and Friern Barnet,London,England,Borough,Liberal Democrat,LD,Liberal Democrat,LD,17,PP90,,,,,No,No,Dawn,Barnes,Female,No,No,,No,6099,-0.1310150000,0.1253854693474774885901073147
3543,20315,E14001293,E12000007,Hornsey and Friern Barnet,London,England,Borough,Green Party,Green,Green Party,Green,44,PP63,,,,,No,No,Fabio,Vollono,Male,No,No,,No,7060,0.1073960000,0.1451420583035237037950742157
3543,20316,E14001293,E12000007,Hornsey and Friern Barnet,London,England,Borough,Labour,Lab,Labour,Lab,15,PP53,,,,,No,No,Catherine,West,Female,Yes,Yes,4523,Yes,28535,0.0141190000,0.5866329509477406356646519469
3544,20317,E14001294,E12000008,Horsham,South East,England,County,Social Democratic Party,SDP,Social Democratic Party,SDP,32,PP243,,,,,No,No,Paul,Abbott,Male,No,No,,No,244,,0.0043964756121731923097713472
3544,20318,E14001294,E12000008,Horsham,South East,England,County,"The Peace Party - Non-violence, Justice, Environment",PPNV,"The Peace Party - Non-violence, Justice, Environment",PPNV,154,PP133,,,,,No,No,Jim,Duggan,Male,No,No,,No,276,-0.0035680000,0.0049730625777041027766266059
3544,20319,E14001294,E12000008,Horsham,South East,England,County,Green Party,Green,Green Party,Green,44,PP63,,,,,No,No,Catherine,Ross,Female,No,No,,No,2137,0.0084250000,0.0385051982918611146146777419
3544,20320,E14001294,E12000008,Horsham,South East,England,County,Labour,Lab,Labour,Lab,15,PP53,,,,,No,No,James,Field,Male,No,No,,No,5979,-0.0486870000,0.107731670840916052541487234
3544,20321,E14001294,E12000008,Horsham,South East,England,County,Reform UK,RUK,Reform UK,RUK,1036,PP7931,,,,,No,No,Hugo,Miller,Male,No,No,,No,6116,,0.1102001837870952629777113101
3544,20322,E14001294,E12000008,Horsham,South East,England,County,Conservative,Con,Conservative,Con,4,PP52,,,,,No,No,Jeremy,Quin,Male,Yes,Yes,4507,No,19115,-0.2134130000,0.3444206201913547991855709112
3544,20323,E14001294,E12000008,Horsham,South East,England,County,Liberal Democrat,LD,Liberal Democrat,LD,17,PP90,,,,,No,No,John,Milne,Male,No,No,5329,Yes,21632,0.1426470000,0.3897727886988954755941548496
3545,20324,E14001295,E12000001,Houghton and Sunderland South,North East,England,County,Green Party,Green,Green Party,Green,44,PP63,,,,,No,No,Richard,Bradley,Male,No,No,,No,1723,0.0160300000,0.0430405675459632294164668265
3545,20325,E14001295,E12000001,Houghton and Sunderland South,North East,England,County,Liberal Democrat,LD,Liberal Democrat,LD,17,PP90,,,,,No,No,Paul,Edgeworth,Male,No,No,,No,2290,-0.0022050000,0.0572042366107114308553157474
3545,20326,E14001295,E12000001,Houghton and Sunderland South,North East,England,County,Conservative,Con,Conservative,Con,4,PP52,,,,,No,No,Chris,Burnicle,Male,No,No,,No,5514,-0.1916130000,0.1377398081534772182254196643
3545,20327,E14001295,E12000001,Houghton and Sunderland South,North East,England,County,Reform UK,RUK,Reform UK,RUK,1036,PP7931,,,,,No,No,Sam,Woods-Brass,Male,No,No,,No,11668,0.1340400000,0.2914668265387689848121502798
3545,20328,E14001295,E12000001,Houghton and Sunderland South,North East,England,County,Labour,Lab,Labour,Lab,15,PP53,,,,,No,No,Bridget,Phillipson,Female,Yes,Yes,4046,Yes,18837,0.0665120000,0.470548561151079136690647482
3546,20329,E14001296,E12000008,Hove and Portslade,South East,England,Borough,Liberal Democrat,LD,Liberal Democrat,LD,17,PP90,,,,,No,No,Michael,Wang,Male,No,No,,No,3046,-0.0074830000,0.0586796123986206630834730008
3546,20330,E14001296,E12000008,Hove and Portslade,South East,England,Borough,Independent,IND,,,,,,,,,Yes,No,Tanushka,Marah,Female,No,No,,No,3048,,0.058718141362769461943015662
3546,20331,E14001296,E12000008,Hove and Portslade,South East,England,Borough,Reform UK,RUK,Reform UK,RUK,1036,PP7931,,,,,No,No,Martin,Hess,Male,No,No,,No,4558,0.0681060000,0.0878075092951126008977248647
3546,20332,E14001296,E12000008,Hove and Portslade,South East,England,Borough,Conservative,Con,Conservative,Con,4,PP52,,,,,No,No,Carline,Deal,Female,No,No,,No,6630,-0.1530310000,0.1277235161532682193839218633
3546,20333,E14001296,E12000008,Hove and Portslade,South East,England,Borough,Green Party,Green,Green Party,Green,44,PP63,,,,,No,No,Sophie,Broadbent,Female,No,No,,No,7418,0.0986420000,0.1429039280278949700437303743
3546,20334,E14001296,E12000008,Hove and Portslade,South East,England,Borough,Labour,Lab,Labour,Lab,15,PP53,,,,,No,No,Peter,Kyle,Male,Yes,Yes,4505,Yes,27209,-0.0588340000,0.5241672927623340846481342349
3547,20335,E14001297,E12000003,Huddersfield,Yorkshire and The Humber,England,Borough,Liberal Democrat,LD,Liberal Democrat,LD,17,PP90,,,,,No,No,Jan,Dobrucki,Male,No,No,,No,1741,-0.0062690000,0.043346196937632266899041454
3547,20336,E14001297,E12000003,Huddersfield,Yorkshire and The Humber,England,Borough,Reform UK,RUK,Reform UK,RUK,1036,PP7931,,,,,No,No,Susan,Laird,Female,No,No,,No,6196,0.1199040000,0.1542636623926303996016432217
3547,20337,E14001297,E12000003,Huddersfield,Yorkshire and The Humber,England,Borough,Conservative,Con,Conservative,Con,4,PP52,,,,,No,No,Tony,McGrath,Male,No,No,,No,6559,-0.2002520000,0.1633013818000746918959292917
3547,20338,E14001297,E12000003,Huddersfield,Yorkshire and The Humber,England,Borough,Green Party,Green,Green Party,Green,44,PP63,,,,,No,No,Andrew,Cooper,Male,No,No,,No,10568,0.2249460000,0.263114652060251462716295282
3547,20339,E14001297,E12000003,Huddersfield,Yorkshire and The Humber,England,Borough,Labour,Lab,Labour,Lab,15,PP53,,,,,No,No,Harpreet,Uppal,Female,No,No,5289,Yes,15101,-0.1383290000,0.3759741068094111788870907507
3548,20340,E14001298,E12000006,Huntingdon,East of England,England,County,Independent,IND,,,,,,,,,Yes,No,Chan,Abraham,Male,No,No,,No,1123,,0.0215795541890853189853958493
3548,20341,E14001298,E12000006,Huntingdon,East of England,England,County,Green Party,Green,Green Party,Green,44,PP63,,,,,No,No,Georgie,Hunt,Female,No,No,,No,3042,0.0237940000,0.0584550345887778631821675634
3548,20342,E14001298,E12000006,Huntingdon,East of England,England,County,Liberal Democrat,LD,Liberal Democrat,LD,17,PP90,,,,,No,No,Mark,Argent,Male,No,No,,No,4821,-0.0476190000,0.0926402767102229054573405073
3548,20343,E14001298,E12000006,Huntingdon,East of England,England,County,Reform UK,RUK,Reform UK,RUK,1036,PP7931,,,,,No,No,Sarah,Smith,Female,No,No,,No,8039,,0.1544773251345119139123750961
3548,20344,E14001298,E12000006,Huntingdon,East of England,England,County,Labour,Lab,Labour,Lab,15,PP53,,,,,No,No,Alex,Bulat,Female,No,No,,No,16758,0.1141450000,0.3220215219062259800153727902
3548,20345,E14001298,E12000006,Huntingdon,East of England,England,County,Conservative,Con,Conservative,Con,4,PP52,,,,,No,No,Ben,Obese-Jecty,Male,No,No,5089,Yes,18257,-0.2413930000,0.3508262874711760184473481937
3549,20346,E14001299,E12000002,Hyndburn,North West,England,County,Liberal Democrat,LD,Liberal Democrat,LD,17,PP90,,,,,No,No,Beth,Waller-Slack,Female,No,No,,No,1210,0.0043550000,0.0332655193269918073349095508
3549,20347,E14001299,E12000002,Hyndburn,North West,England,County,Green Party,Green,Green Party,Green,44,PP63,,,,,No,No,Shabir,Fazal,Male,No,No,,No,4938,0.1158300000,0.135756309451806235222961456
3549,20348,E14001299,E12000002,Hyndburn,North West,England,County,Reform UK,RUK,Reform UK,RUK,1036,PP7931,,,,,No,No,Richard,Oakley,Male,No,No,,No,7541,0.1564760000,0.2073184142519381976136801012
3549,20349,E14001299,E12000002,Hyndburn,North West,England,County,Conservative,Con,Conservative,Con,4,PP52,,,,,No,No,Sara,Britcliffe,Female,Yes,Yes,4838,No,10499,-0.1963150000,0.2886402375323032935613350195
3549,20350,E14001299,E12000002,Hyndburn,North West,England,County,Labour,Lab,Labour,Lab,15,PP53,,,,,No,No,Sarah,Smith,Female,No,No,5117,Yes,12186,-0.0803460000,0.3350195194369604662671138725
3550,20351,E14001300,E12000007,Ilford North,London,England,Borough,Liberal Democrat,LD,Liberal Democrat,LD,17,PP90,,,,,No,No,Fraser,Coppin,Male,No,No,,No,1088,-0.0165170000,0.0232042313598362054256952738
3550,20352,E14001300,E12000007,Ilford North,London,England,Borough,Green Party,Green,Green Party,Green,44,PP63,,,,,No,No,Rachel,Collinson,Female,No,No,,No,1794,0.0245640000,0.0382613888414946254905306262
3550,20353,E14001300,E12000007,Ilford North,London,England,Borough,Reform UK,RUK,Reform UK,RUK,1036,PP7931,,,,,No,No,Alex,Wilson,Male,No,No,,No,3621,0.0585260000,0.0772265824944548711823920833
3550,20354,E14001300,E12000007,Ilford North,London,England,Borough,Conservative,Con,Conservative,Con,4,PP52,,,,,No,No,Kaz,Rizvi,Male,No,No,,No,9619,-0.1618070000,0.2051484388329636580788261389
3550,20355,E14001300,E12000007,Ilford North,London,England,Borough,Independent,IND,,,,,,,,,Yes,No,Leanne,Mohamad,Female,No,No,,No,15119,,0.3224492407439003583006312916
3550,20356,E14001300,E12000007,Ilford North,London,England,Borough,Labour,Lab,Labour,Lab,15,PP53,,,,,No,No,Wes,Streeting,Male,Yes,Yes,4504,Yes,15647,-0.2077010000,0.3337101177273502815219245862
3551,20357,E14001301,E12000007,Ilford South,London,England,Borough,Trade Unionist and Socialist Coalition,TUSC,Trade Unionist and Socialist Coalition,TUSC,157,PP804,,,,,No,No,Andy,Walker,Male,No,No,,No,376,,0.0091328637357299004129220306
3551,20358,E14001301,E12000007,Ilford South,London,England,Borough,Liberal Democrat,LD,Liberal Democrat,LD,17,PP90,,,,,No,No,Richard,Clare,Male,No,No,,No,1340,-0.0007940000,0.0325479718241437940247753218
3551,20359,E14001301,E12000007,Ilford South,London,England,Borough,Workers Party of Britain,WPB,Workers Party of Britain,WPB,1042,PP11382,,,,,No,No,Golam,Tipu,Male,No,No,,No,1366,,0.0331794996356570318192858878
3551,20360,E14001301,E12000007,Ilford South,London,England,Borough,Reform UK,RUK,Reform UK,RUK,1036,PP7931,,,,,No,No,Raj,Forhad,Male,No,No,,No,2329,0.0342700000,0.0565703181928588778236580034
3551,20361,E14001301,E12000007,Ilford South,London,England,Borough,Green Party,Green,Green Party,Green,44,PP63,,,,,No,No,Syed,Siddiqi,Male,No,No,,No,3437,0.0700470000,0.0834831187758076269128005829
3551,20362,E14001301,E12000007,Ilford South,London,England,Borough,Conservative,Con,Conservative,Con,4,PP52,,,,,No,No,Sayeed,Syduzzaman,Male,No,No,,No,6142,-0.0629640000,0.149186300704396405149380617
3551,20363,E14001301,E12000007,Ilford South,London,England,Borough,Independent,IND,,,,,,,,,Yes,No,Noor,Begum,Female,No,No,,No,9643,,0.2342239494777750789409764392
3551,20364,E14001301,E12000007,Ilford South,London,England,Borough,Labour,Lab,Labour,Lab,15,PP53,,,,,No,No,Jas,Athwal,Male,No,No,5227,Yes,16537,-0.2506270000,0.4016759776536312849162011173
3552,20365,S14000093,S92000003,Inverclyde and Renfrewshire West,,Scotland,County,Independent,IND,,,,,,,,,Yes,No,John,Burleigh,Male,No,No,,No,365,,0.0090458488228004956629491945
3552,20366,S14000093,S92000003,Inverclyde and Renfrewshire West,,Scotland,County,Alba Party,Alba,Alba Party,Alba,1034,PP12700,,,,,No,No,Christopher,McEleny,Male,No,No,,No,723,,0.0179182156133828996282527881
3552,20367,S14000093,S92000003,Inverclyde and Renfrewshire West,,Scotland,County,Scottish Green Party,Green,Scottish Green Party,Green,1057,PP130,,,,,No,No,Iain,Hamilton,Male,No,No,,No,1173,,0.0290706319702602230483271375
3552,20368,S14000093,S92000003,Inverclyde and Renfrewshire West,,Scotland,County,Liberal Democrat,LD,Liberal Democrat,LD,17,PP90,,,,,No,No,Ross,Stalker,Male,No,No,,No,1259,-0.0331720000,0.0312019826517967781908302354
3552,20369,S14000093,S92000003,Inverclyde and Renfrewshire West,,Scotland,County,Reform UK,RUK,Reform UK,RUK,1036,PP7931,,,,,No,No,Simon,Moorehead,Male,No,No,,No,2476,,0.0613630731102850061957868649
3552,20370,S14000093,S92000003,Inverclyde and Renfrewshire West,,Scotland,County,Conservative,Con,Conservative,Con,4,PP52,,,,,No,No,Ted,Runciman,Male,No,No,,No,2863,-0.1078770000,0.0709541511771995043370508055
3552,20371,S14000093,S92000003,Inverclyde and Renfrewshire West,,Scotland,County,Scottish National Party,SNP,Scottish National Party,SNP,29,PP102,,,,,No,No,Ronnie,Cowan,Male,Yes,Yes,4465,No,12560,-0.1635420000,0.3112763320941759603469640644
3552,20372,S14000093,S92000003,Inverclyde and Renfrewshire West,,Scotland,County,Labour,Lab,Labour,Lab,15,PP53,,,,,No,No,Martin,McCluskey,Male,No,No,5129,Yes,18931,0.1871930000,0.4691697645600991325898389095
3553,20373,S14000094,S92000003,"Inverness, Skye and West Ross-shire",,Scotland,County,Socialist Equality Party,SEP,Socialist Equality Party,SEP,144,PP633,,,,,No,No,Darren,Paxton,Male,No,No,,No,178,,0.0037040119860163142999833528
3553,20374,S14000094,S92000003,"Inverness, Skye and West Ross-shire",,Scotland,County,Scottish Green Party,Green,Scottish Green Party,Green,1057,PP130,,,,,No,No,Peter,Newman,Male,No,No,,No,2038,0.0281520000,0.0424088563342766772099217579
3553,20375,S14000094,S92000003,"Inverness, Skye and West Ross-shire",,Scotland,County,Conservative,Con,Conservative,Con,4,PP52,,,,,No,No,Ruraidh,Stewart,Male,No,No,,No,2502,-0.1813210000,0.0520642583652405526885300483
3553,20376,S14000094,S92000003,"Inverness, Skye and West Ross-shire",,Scotland,County,Reform UK,RUK,Reform UK,RUK,1036,PP7931,,,,,No,No,Dillan,Hill,Male,No,No,,No,2934,0.0405350000,0.0610537706009655402030963875
3553,20377,S14000094,S92000003,"Inverness, Skye and West Ross-shire",,Scotland,County,Labour,Lab,Labour,Lab,15,PP53,,,,,No,No,Michael,Perera,Male,No,No,,No,6246,0.0360250000,0.129973364408190444481438322
3553,20378,S14000094,S92000003,"Inverness, Skye and West Ross-shire",,Scotland,County,Scottish National Party,SNP,Scottish National Party,SNP,29,PP102,,,,,No,No,Drew,Hendry,Male,Yes,Yes,4467,No,15999,-0.1537940000,0.3329240885633427667720992176
3553,20379,S14000094,S92000003,"Inverness, Skye and West Ross-shire",,Scotland,County,Liberal Democrat,LD,Liberal Democrat,LD,17,PP90,,,,,No,No,Angus,MacDonald,Male,No,No,5362,Yes,18159,0.2266990000,0.3778716497419677043449309139
3554,20380,E14001302,E12000006,Ipswich,East of England,England,Borough,Heritage Party,HPUK,Heritage Party,HPUK,1037,PP12550,,,,,No,No,Terence,Charles,Male,No,No,,No,151,,0.0034262893966553969730661887
3554,20381,E14001302,E12000006,Ipswich,East of England,England,Borough,Communist Party of Britain,Comm,Communist Party of Britain,Comm,76,PP78,,,,,No,No,Freddie,Sofar,Male,No,No,,No,205,,0.0046515849424791813210501237
3554,20382,E14001302,E12000006,Ipswich,East of England,England,Borough,Liberal Democrat,LD,Liberal Democrat,LD,17,PP90,,,,,No,No,James,Sandbach,Male,No,No,,No,2241,0.0016560000,0.0508497651516870504413333031
3554,20383,E14001302,E12000006,Ipswich,East of England,England,Borough,Green Party,Green,Green Party,Green,44,PP63,,,,,No,No,Adria,Pittock,Female,No,No,,No,3652,0.0569880000,0.0828662839508974155340246421
3554,20384,E14001302,E12000006,Ipswich,East of England,England,Borough,Reform UK,RUK,Reform UK,RUK,1036,PP7931,,,,,No,No,Tony,Love,Male,No,No,,No,7027,0.1305640000,0.1594472555648839372830205804
3554,20385,E14001302,E12000006,Ipswich,East of England,England,Borough,Conservative,Con,Conservative,Con,4,PP52,,,,,No,No,Thomas,Hunt,Male,Yes,Yes,4771,No,11696,-0.2378880000,0.2653899389621292913707426652
3554,20386,E14001302,E12000006,Ipswich,East of England,England,Borough,Labour / Co-operative Party,Lab / Co-op,Labour,Lab,15,PP53,Co-operative Party,Co-op,,,No,No,Jack,Abbott,Male,No,No,5131,Yes,19099,0.0406020000,0.4333688820312677270767624969
3555,20387,E14001303,E12000008,Isle of Wight East,South East,England,County,Independent,IND,,,,,,,,,Yes,No,David,Groocock,Male,No,No,,No,420,,0.0123246669405481542344034274
3555,20388,E14001303,E12000008,Isle of Wight East,South East,England,County,Liberal Democrat,LD,Liberal Democrat,LD,17,PP90,,,,,No,No,Michael,Lilley,Male,No,No,,No,3550,,0.104172780092728446505076589
3555,20389,E14001303,E12000008,Isle of Wight East,South East,England,County,Labour,Lab,Labour,Lab,15,PP53,,,,,No,No,Emily,Brothers,Female,No,No,,No,6264,-0.0568920000,0.183813604084746757438816832
3555,20390,E14001303,E12000008,Isle of Wight East,South East,England,County,Green Party,Green,Green Party,Green,44,PP63,,,,,No,No,Vix,Lowthion,Female,No,No,,No,6313,0.0450990000,0.1852514818944773754328305652
3555,20391,E14001303,E12000008,Isle of Wight East,South East,England,County,Reform UK,RUK,Reform UK,RUK,1036,PP7931,,,,,No,No,Sarah,Morris,Female,No,No,,No,7104,,0.2084629379658430659076236868
3555,20392,E14001303,E12000008,Isle of Wight East,South East,England,County,Conservative,Con,Conservative,Con,4,PP52,,,,,No,No,Joe,Robertson,Male,No,No,5255,Yes,10427,-0.2682290000,0.3059745290216562004812488996
3556,20393,E14001304,E12000008,Isle of Wight West,South East,England,County,Alliance for Democracy and Freedom,ADF,Alliance for Democracy and Freedom,ADF,1075,PP10288,,,,,No,No,Rachel,Thacker,Female,No,No,,No,117,,0.0034120734908136482939632546
3556,20394,E14001304,E12000008,Isle of Wight West,South East,England,County,Green Party,Green,Green Party,Green,44,PP63,,,,,No,No,Cameron,Palin,Male,No,No,,No,2310,-0.0965310000,0.0673665791776027996500437445
3556,20395,E14001304,E12000008,Isle of Wight West,South East,England,County,Liberal Democrat,LD,Liberal Democrat,LD,17,PP90,,,,,No,No,Nick,Stuart,Male,No,No,,No,2726,,0.0794983960338291046952464275
3556,20396,E14001304,E12000008,Isle of Wight West,South East,England,County,Reform UK,RUK,Reform UK,RUK,1036,PP7931,,,,,No,No,Ian,Pickering,Male,No,No,,No,5834,,0.1701370662000583260425780111
3556,20397,E14001304,E12000008,Isle of Wight West,South East,England,County,Conservative,Con,Conservative,Con,4,PP52,,,,,No,No,Bob,Seely,Male,Yes,Yes,4681,No,10063,-0.2563320000,0.2934674832312627588218139399
3556,20398,E14001304,E12000008,Isle of Wight West,South East,England,County,Labour,Lab,Labour,Lab,15,PP53,,,,,No,No,Richard,Quigley,Male,No,No,5144,Yes,13240,0.1412300000,0.3861184018664333624963546223
3557,20399,E14001305,E12000007,Islington North,London,England,Borough,Independent,IND,,,,,,,,,Yes,No,Paul,Josling,Male,No,No,,No,32,,0.00065298126759988572827817
3557,20400,E14001305,E12000007,Islington North,London,England,Borough,Liberal Democrat,LD,Liberal Democrat,LD,17,PP90,,,,,No,No,Vikas,Aggarwal,Male,No,No,,No,1661,-0.1225040000,0.0338938089213565685834387626
3557,20401,E14001305,E12000007,Islington North,London,England,Borough,Reform UK,RUK,Reform UK,RUK,1036,PP7931,,,,,No,No,Martyn,Nelson,Male,No,No,,No,1710,0.0211030000,0.0348936864873688936048647104
3557,20402,E14001305,E12000007,Islington North,London,England,Borough,Conservative,Con,Conservative,Con,4,PP52,,,,,No,No,Karen,Harries,Female,No,No,,No,1950,-0.0621140000,0.0397910459943680365669509856
3557,20403,E14001305,E12000007,Islington North,London,England,Borough,Green Party,Green,Green Party,Green,44,PP63,,,,,No,No,Sheridan,Kates,Female,No,No,,No,2660,-0.0261220000,0.0542790678692405011631228829
3557,20404,E14001305,E12000007,Islington North,London,England,Borough,Labour,Lab,Labour,Lab,15,PP53,,,,,No,No,Praful,Nargund,Male,No,No,,No,16873,-0.2988140000,0.3443047790066522466636738359
3557,20405,E14001305,E12000007,Islington North,London,England,Borough,Independent,IND,,,,,,,,,Yes,No,Jeremy,Corbyn,Male,Yes,Yes,185,Yes,24120,,0.4921846304534138676896706526
3558,20406,E14001306,E12000007,Islington South and Finsbury,London,England,Borough,Social Democratic Party,SDP,Social Democratic Party,SDP,32,PP243,,,,,No,No,Jake,Painter,Male,No,No,,No,162,,0.0037891191467465032511577864
3558,20407,E14001306,E12000007,Islington South and Finsbury,London,England,Borough,Trade Unionist and Socialist Coalition,TUSC,Trade Unionist and Socialist Coalition,TUSC,157,PP804,,,,,No,No,Ethan,Saunders,Male,No,No,,No,215,,0.0050287692379660382654254573
3558,20408,E14001306,E12000007,Islington South and Finsbury,London,England,Borough,Party of Women,POW,Party of Women,POW,1102,PP17545,,,,,No,No,Lesley,Woodburn,Female,No,No,,No,354,,0.008279927024371988585863311
3558,20409,E14001306,E12000007,Islington South and Finsbury,London,England,Borough,Independent,IND,,,,,,,,,Yes,No,Andrew,Parry,Male,No,No,,No,569,,0.0133086962623380268512887683
3558,20410,E14001306,E12000007,Islington South and Finsbury,London,England,Borough,Reform UK,RUK,Reform UK,RUK,1036,PP7931,,,,,No,No,Max,Nelson,Male,No,No,,No,3388,0.0563650000,0.0792440473405997099686579034
3558,20411,E14001306,E12000007,Islington South and Finsbury,London,England,Borough,Conservative,Con,Conservative,Con,4,PP52,,,,,No,No,Imogen,Sinclair,Female,No,No,,No,3584,-0.0795300000,0.0838284137156757262478364597
3558,20412,E14001306,E12000007,Islington South and Finsbury,London,England,Borough,Liberal Democrat,LD,Liberal Democrat,LD,17,PP90,,,,,No,No,Terry,Stacy,Male,No,No,,No,4045,-0.1023470000,0.0946110305468494175983533704
3558,20413,E14001306,E12000007,Islington South and Finsbury,London,England,Borough,Green Party,Green,Green Party,Green,44,PP63,,,,,No,No,Carne,Ross,Male,No,No,,No,7491,0.1320230000,0.1752116761004818262618702344
3558,20414,E14001306,E12000007,Islington South and Finsbury,London,England,Borough,Labour,Lab,Labour,Lab,15,PP53,,,,,No,No,Emily,Thornberry,Female,Yes,Yes,1536,Yes,22946,-0.0334260000,0.5366983206249707629695467091
3559,20415,E14001307,E12000001,Jarrow and Gateshead East,North East,England,Borough,Alliance for Democracy and Freedom,ADF,Alliance for Democracy and Freedom,ADF,1075,PP10288,,,,,No,No,Mark,Conway,Male,No,No,,No,502,,0.0136680461773034197342626879
3559,20416,E14001307,E12000001,Jarrow and Gateshead East,North East,England,Borough,Liberal Democrat,LD,Liberal Democrat,LD,17,PP90,,,,,No,No,Jamie,Rickelton,Male,No,No,,No,1740,-0.0180220000,0.047375299499019821389675452
3559,20417,E14001307,E12000001,Jarrow and Gateshead East,North East,England,Borough,Green Party,Green,Green Party,Green,44,PP63,,,,,No,No,Nic,Cook,Female,No,No,,No,2384,0.0400000000,0.0649096057503811805706817687
3559,20418,E14001307,E12000001,Jarrow and Gateshead East,North East,England,Borough,Conservative,Con,Conservative,Con,4,PP52,,,,,No,No,Jack,Gebhard,Male,No,No,,No,3354,-0.1456820000,0.0913199738619037246787192333
3559,20419,E14001307,E12000001,Jarrow and Gateshead East,North East,England,Borough,Reform UK,RUK,Reform UK,RUK,1036,PP7931,,,,,No,No,Lynda,Alexander,Female,No,No,,No,9892,0.1744560000,0.2693313003702896972337181442
3559,20420,E14001307,E12000001,Jarrow and Gateshead East,North East,England,Borough,Labour,Lab,Labour,Lab,15,PP53,,,,,No,No,Kate,Osborne,Female,Yes,Yes,4783,Yes,18856,0.0216910000,0.513395774341102156392942714
3560,20421,E14001308,E12000003,Keighley and Ilkley,Yorkshire and The Humber,England,County,The Yorkshire Party,Yrks,The Yorkshire Party,Yrks,262,PP2055,,,,,No,No,Dominic,Atlas,Male,No,No,,No,398,,0.0086173299268176503702420647
3560,20422,E14001308,E12000003,Keighley and Ilkley,Yorkshire and The Humber,England,County,Liberal Democrat,LD,Liberal Democrat,LD,17,PP90,,,,,No,No,Chris,Adams,Male,No,No,,No,970,-0.0279140000,0.0210020352487766855757155848
3560,20423,E14001308,E12000003,Keighley and Ilkley,Yorkshire and The Humber,England,County,Independent,IND,,,,,,,,,Yes,No,Vaz,Shabir,Male,No,No,,No,2036,,0.044082622439700342095007145
3560,20424,E14001308,E12000003,Keighley and Ilkley,Yorkshire and The Humber,England,County,Green Party,Green,Green Party,Green,44,PP63,,,,,No,No,John,Wood,Male,No,No,,No,2447,,0.0529814229420170614471917897
3560,20425,E14001308,E12000003,Keighley and Ilkley,Yorkshire and The Humber,England,County,Reform UK,RUK,Reform UK,RUK,1036,PP7931,,,,,No,No,Andrew,Judson,Male,No,No,,No,4782,0.0873780000,0.1035378686181959901268782748
3560,20426,E14001308,E12000003,Keighley and Ilkley,Yorkshire and The Humber,England,County,Labour,Lab,Labour,Lab,15,PP53,,,,,No,No,John,Grogan,Male,No,Yes,382,No,16964,-0.0714860000,0.3672974494435543238210713203
3560,20427,E14001308,E12000003,Keighley and Ilkley,Yorkshire and The Humber,England,County,Conservative,Con,Conservative,Con,4,PP52,,,,,No,No,Robbie,Moore,Male,Yes,Yes,4861,Yes,18589,-0.0784690000,0.4024812713809379465638938206
3561,20428,E14001309,E12000005,Kenilworth and Southam,West Midlands,England,County,UK Independence Party,UKIP,UK Independence Party,UKIP,35,PP85,,,,,No,No,Paul,De'Ath,Male,No,No,,No,153,,0.0028694673668417104276069017
3561,20429,E14001309,E12000005,Kenilworth and Southam,West Midlands,England,County,Official Monster Raving Loony Party,MRLP,Official Monster Raving Loony Party,MRLP,119,PP66,,,,,No,No,Nick,Green,Male,No,No,,No,442,0.0000970000,0.0082895723930982745686421605
3561,20430,E14001309,E12000005,Kenilworth and Southam,West Midlands,England,County,Green Party,Green,Green Party,Green,44,PP63,,,,,No,No,Alix,Dearing,Female,No,No,,No,3125,0.0167650000,0.0586084021005251312828207052
3561,20431,E14001309,E12000005,Kenilworth and Southam,West Midlands,England,County,Reform UK,RUK,Reform UK,RUK,1036,PP7931,,,,,No,No,Jacqui,Harris,Female,No,No,,No,6920,0.1282400000,0.1297824456114028507126781695
3561,20432,E14001309,E12000005,Kenilworth and Southam,West Midlands,England,County,Liberal Democrat,LD,Liberal Democrat,LD,17,PP90,,,,,No,No,Jenny,Wilkinson,Female,No,No,,No,10464,0.0272790000,0.1962490622655663915978994749
3561,20433,E14001309,E12000005,Kenilworth and Southam,West Midlands,England,County,Labour,Lab,Labour,Lab,15,PP53,,,,,No,No,Cat,Price,Female,No,No,,No,12821,0.0506510000,0.2404538634658664666166541635
3561,20434,E14001309,E12000005,Kenilworth and Southam,West Midlands,England,County,Conservative,Con,Conservative,Con,4,PP52,,,,,No,No,Jeremy,Wright,Male,Yes,Yes,1560,Yes,19395,-0.2259010000,0.3637471867966991747936984246
3562,20435,E14001310,E12000007,Kensington and Bayswater,London,England,Borough,Independent,IND,,,,,,,,,Yes,No,Prince Ankit Love,Emperor of India,Male,No,No,,No,65,,0.0015510165123604085138875632
3562,20436,E14001310,E12000007,Kensington and Bayswater,London,England,Borough,Christian Peoples Alliance,CPA,Christian Peoples Alliance,CPA,80,PP79,,,,,No,No,Roger,Phillips,Male,No,No,,No,114,0.0014430000,0.002720244344755178008972034
3562,20437,E14001310,E12000007,Kensington and Bayswater,London,England,Borough,Party of Women,POW,Party of Women,POW,1102,PP17545,,,,,No,No,Una,O'Mahony,Female,No,No,,No,116,,0.0027679679297508828863224205
3562,20438,E14001310,E12000007,Kensington and Bayswater,London,England,Borough,Rejoin EU,REU,Rejoin EU,REU,1040,PP11423,,,,,No,No,John,Stevens,Male,No,No,,No,486,,0.0115968311539562851961439343
3562,20439,E14001310,E12000007,Kensington and Bayswater,London,England,Borough,Independent,IND,,,,,,,,,Yes,No,Emma,Dent Coad,Female,No,Yes,4683,No,1824,,0.0435239095160828481435525437
3562,20440,E14001310,E12000007,Kensington and Bayswater,London,England,Borough,Reform UK,RUK,Reform UK,RUK,1036,PP7931,,,,,No,No,Marc,Burca,Male,No,No,,No,2514,0.0517250000,0.0599885463396010308294359072
3562,20441,E14001310,E12000007,Kensington and Bayswater,London,England,Borough,Green Party,Green,Green Party,Green,44,PP63,,,,,No,No,Mona,Adam,Female,No,No,,No,2732,0.0511610000,0.0651904171041328624606280424
3562,20442,E14001310,E12000007,Kensington and Bayswater,London,England,Borough,Liberal Democrat,LD,Liberal Democrat,LD,17,PP90,,,,,No,No,William,Houngbo,Male,No,No,,No,2910,-0.1321200000,0.0694378161687505965448124463
3562,20443,E14001310,E12000007,Kensington and Bayswater,London,England,Borough,Conservative,Con,Conservative,Con,4,PP52,,,,,No,No,Felicity,Buchan,Female,Yes,Yes,4821,No,14122,-0.0462180000,0.3369762336546721389710795075
3562,20444,E14001310,E12000007,Kensington and Bayswater,London,England,Borough,Labour,Lab,Labour,Lab,15,PP53,,,,,No,No,Joe,Powell,Male,No,No,5229,Yes,17025,0.0159380000,0.4062470172759377684451656008
3563,20445,E14001311,E12000004,Kettering,East Midlands,England,County,Alliance for Democracy and Freedom,ADF,Alliance for Democracy and Freedom,ADF,1075,PP10288,,,,,No,No,Jehad,Abduramadan,Male,No,No,,No,62,,0.0012342975453405267663395115
3563,20446,E14001311,E12000004,Kettering,East Midlands,England,County,Social Democratic Party,SDP,Social Democratic Party,SDP,32,PP243,,,,,No,No,Matthew,Murphy,Male,No,No,,No,85,,0.0016921821186120125022396528
3563,20447,E14001311,E12000004,Kettering,East Midlands,England,County,Independent,IND,,,,,,,,,Yes,No,Jim,Hakewill,Male,No,No,,No,1057,,0.0210427823455634966454978002
3563,20448,E14001311,E12000004,Kettering,East Midlands,England,County,Liberal Democrat,LD,Liberal Democrat,LD,17,PP90,,,,,No,No,Sarah,Ryan,Female,No,No,,No,1357,-0.0398030000,0.0270151898230176584181083395
3563,20449,E14001311,E12000004,Kettering,East Midlands,England,County,Green Party,Green,Green Party,Green,44,PP63,,,,,No,No,Emily,Fedorowycz,Female,No,No,,No,7004,0.1097840000,0.1394358065736298301845473911
3563,20450,E14001311,E12000004,Kettering,East Midlands,England,County,Reform UK,RUK,Reform UK,RUK,1036,PP7931,,,,,No,No,Crispian,Besley,Male,No,No,,No,8468,,0.1685811550636061396348868229
3563,20451,E14001311,E12000004,Kettering,East Midlands,England,County,Conservative,Con,Conservative,Con,4,PP52,,,,,No,No,Philip,Hollobone,Male,Yes,Yes,1537,No,14189,-0.3203460000,0.2824749656586570046385698075
3563,20452,E14001311,E12000004,Kettering,East Midlands,England,County,Labour,Lab,Labour,Lab,15,PP53,,,,,No,No,Rosie,Wrighting,Female,No,No,5331,Yes,18009,0.0893690000,0.3585236208715733312098106747
3564,20453,S14000110,S92000003,Kilmarnock and Loudoun,,Scotland,County,Independent,IND,,,,,,,,,Yes,No,Stephen,McNamara,Male,No,No,,No,401,,0.0094401807994726682047177362
3564,20454,S14000110,S92000003,Kilmarnock and Loudoun,,Scotland,County,Liberal Democrat,LD,Liberal Democrat,LD,17,PP90,,,,,No,No,Edward,Thornley,Male,No,No,,No,850,-0.0313010000,0.0200103583031216158952869721
3564,20455,S14000110,S92000003,Kilmarnock and Loudoun,,Scotland,County,Scottish Green Party,Green,Scottish Green Party,Green,1057,PP130,,,,,No,No,Bex,Glen,Female,No,No,,No,1237,,0.0291209567305428692499646876
3564,20456,S14000110,S92000003,Kilmarnock and Loudoun,,Scotland,County,Reform UK,RUK,Reform UK,RUK,1036,PP7931,,,,,No,No,William,Thomson,Male,No,No,,No,3472,,0.0817364282687508828099251377
3564,20457,S14000110,S92000003,Kilmarnock and Loudoun,,Scotland,County,Conservative,Con,Conservative,Con,4,PP52,,,,,No,No,Jordan,Cowie,Male,No,No,,No,3527,-0.1596050000,0.0830312161589528697207966477
3564,20458,S14000110,S92000003,Kilmarnock and Loudoun,,Scotland,County,Scottish National Party,SNP,Scottish National Party,SNP,29,PP102,,,,,No,No,Alan,Brown,Male,Yes,Yes,4470,No,13936,-0.1803330000,0.3280757097791798107255520505
3564,20459,S14000110,S92000003,Kilmarnock and Loudoun,,Scotland,County,Labour,Lab,Labour,Lab,15,PP53,,,,,No,No,Lillian,Jones,Female,No,No,5043,Yes,19055,0.2594440000,0.4485851499599792833937567682
3565,20460,E14001312,E12000007,Kingston and Surbiton,London,England,Borough,Official Monster Raving Loony Party,MRLP,Official Monster Raving Loony Party,MRLP,119,PP66,,,,,No,No,A.Gent,Chinners,Male,No,No,,No,230,0.0011590000,0.0045397126164534975525027633
3565,20461,E14001312,E12000007,Kingston and Surbiton,London,England,Borough,Workers Party of Britain,WPB,Workers Party of Britain,WPB,1042,PP11382,,,,,No,No,Ali,Abdulla,Male,No,No,,No,395,,0.0077964629717353544923417022
3565,20462,E14001312,E12000007,Kingston and Surbiton,London,England,Borough,Kingston Independent Residents Group,KIRG,Kingston Independent Residents Group,KIRG,1094,PP6302,,,,,No,No,Yvonne,Tracey,Female,No,No,,No,1177,,0.0232314858676772461708510974
3565,20463,E14001312,E12000007,Kingston and Surbiton,London,England,Borough,Green Party,Green,Green Party,Green,44,PP63,,,,,No,No,Debojyoti,Das,Male,No,No,,No,3009,0.0436280000,0.0593912837517764092846991947
3565,20464,E14001312,E12000007,Kingston and Surbiton,London,England,Borough,Reform UK,RUK,Reform UK,RUK,1036,PP7931,,,,,No,No,Mark,Fox,Male,No,No,,No,4787,0.0831180000,0.0944852360650560555818727301
3565,20465,E14001312,E12000007,Kingston and Surbiton,London,England,Borough,Labour,Lab,Labour,Lab,15,PP53,,,,,No,No,Eunice,O'Dame,Female,No,No,,No,6561,0.0274070000,0.129500236854571293225959261
3565,20466,E14001312,E12000007,Kingston and Surbiton,London,England,Borough,Conservative,Con,Conservative,Con,4,PP52,,,,,No,No,Helen,Edward,Female,No,No,,No,8635,-0.1603100000,0.1704366019264171798515711353
3565,20467,E14001312,E12000007,Kingston and Surbiton,London,England,Borough,Liberal Democrat,LD,Liberal Democrat,LD,17,PP90,,,,,No,No,Ed,Davey,Male,Yes,Yes,188,Yes,25870,-0.0158370000,0.5106189799463129638402021159
3566,20468,E14001313,E12000003,Kingston upon Hull East,Yorkshire and The Humber,England,Borough,Green Party,Green,Green Party,Green,44,PP63,,,,,No,No,Julia,Brown,Female,No,No,,No,1675,0.0330580000,0.0561778910651998926750737859
3566,20469,E14001313,E12000003,Kingston upon Hull East,Yorkshire and The Humber,England,Borough,Conservative,Con,Conservative,Con,4,PP52,,,,,No,No,Kieran,Persand,Male,No,No,,No,2715,-0.2517390000,0.09105849208478669170914945
3566,20470,E14001313,E12000003,Kingston upon Hull East,Yorkshire and The Humber,England,Borough,Liberal Democrat,LD,Liberal Democrat,LD,17,PP90,,,,,No,No,Bob,Morgan,Male,No,No,,No,3252,0.0594420000,0.1090689562650925677488596727
3566,20471,E14001313,E12000003,Kingston upon Hull East,Yorkshire and The Humber,England,Borough,Reform UK,RUK,Reform UK,RUK,1036,PP7931,,,,,No,No,Neil,Hunter,Male,No,No,,No,9127,0.1379370000,0.3061108129863160719077005635
3566,20472,E14001313,E12000003,Kingston upon Hull East,Yorkshire and The Humber,England,Borough,Labour,Lab,Labour,Lab,15,PP53,,,,,No,No,Karl,Turner,Male,Yes,Yes,4030,Yes,13047,0.0213030000,0.437583847598604775959216528
3567,20473,E14001314,E12000003,Kingston upon Hull North and Cottingham,Yorkshire and The Humber,England,Borough,Independent,IND,,,,,,,,,Yes,No,Pauline,Peachey,Female,No,No,,No,161,,0.0042115726692476718635555091
3567,20474,E14001314,E12000003,Kingston upon Hull North and Cottingham,Yorkshire and The Humber,England,Borough,Trade Unionist and Socialist Coalition,TUSC,Trade Unionist and Socialist Coalition,TUSC,157,PP804,,,,,No,No,Mike,Whale,Male,No,No,,No,262,,0.0068536151511980747096369154
3567,20475,E14001314,E12000003,Kingston upon Hull North and Cottingham,Yorkshire and The Humber,England,Borough,The Yorkshire Party,Yrks,The Yorkshire Party,Yrks,262,PP2055,,,,,No,No,Rowan,Halstead,Male,No,No,,No,339,,0.0088678455582295699487286805
3567,20476,E14001314,E12000003,Kingston upon Hull North and Cottingham,Yorkshire and The Humber,England,Borough,Independent,IND,,,,,,,,,Yes,No,Ahmet,Cinalp,Male,No,No,,No,720,,0.018834362247567228209689233
3567,20477,E14001314,E12000003,Kingston upon Hull North and Cottingham,Yorkshire and The Humber,England,Borough,Green Party,Green,Green Party,Green,44,PP63,,,,,No,No,Kerry,Harrison,Female,No,No,,No,2322,0.0346400000,0.0607408182484043109762477765
3567,20478,E14001314,E12000003,Kingston upon Hull North and Cottingham,Yorkshire and The Humber,England,Borough,Liberal Democrat,LD,Liberal Democrat,LD,17,PP90,,,,,No,No,Craig,Woolmer,Male,No,No,,No,3246,0.0200490000,0.0849115831327822538453489589
3567,20479,E14001314,E12000003,Kingston upon Hull North and Cottingham,Yorkshire and The Humber,England,Borough,Conservative,Con,Conservative,Con,4,PP52,,,,,No,No,Callum,Procter,Male,No,No,,No,4897,-0.2064940000,0.1280998221199121063095113529
3567,20480,E14001314,E12000003,Kingston upon Hull North and Cottingham,Yorkshire and The Humber,England,Borough,Reform UK,RUK,Reform UK,RUK,1036,PP7931,,,,,No,No,Martin,Baker,Male,No,No,,No,7801,0.0959900000,0.2040650831850999267552579261
3567,20481,E14001314,E12000003,Kingston upon Hull North and Cottingham,Yorkshire and The Humber,England,Borough,Labour,Lab,Labour,Lab,15,PP53,,,,,No,No,Diana,Johnson,Female,Yes,Yes,1533,Yes,18480,0.0170480000,0.4834152976875588573820236476
3568,20482,E14001315,E12000003,Kingston upon Hull West and Haltemprice,Yorkshire and The Humber,England,Borough,Social Democratic Party,SDP,Social Democratic Party,SDP,32,PP243,,,,,No,No,Lucy,Needham,Female,No,No,,No,110,,0.0028812405050028812405050029
3568,20483,E14001315,E12000003,Kingston upon Hull West and Haltemprice,Yorkshire and The Humber,England,Borough,Green Party,Green,Green Party,Green,44,PP63,,,,,No,No,Kevin,Paulson,Male,No,No,,No,1748,0.0351680000,0.0457855309340457855309340458
3568,20484,E14001315,E12000003,Kingston upon Hull West and Haltemprice,Yorkshire and The Humber,England,Borough,Liberal Democrat,LD,Liberal Democrat,LD,17,PP90,,,,,No,No,Linda,Johnson,Female,No,No,,No,2625,-0.0234100000,0.0687568756875687568756875688
3568,20485,E14001315,E12000003,Kingston upon Hull West and Haltemprice,Yorkshire and The Humber,England,Borough,Conservative,Con,Conservative,Con,4,PP52,,,,,No,No,Rachel,Storer,Female,No,No,,No,6924,-0.2434670000,0.1813609932421813609932421814
3568,20486,E14001315,E12000003,Kingston upon Hull West and Haltemprice,Yorkshire and The Humber,England,Borough,Reform UK,RUK,Reform UK,RUK,1036,PP7931,,,,,No,No,Julie,Peck,Female,No,No,,No,8896,0.0983550000,0.233013777568233013777568233
3568,20487,E14001315,E12000003,Kingston upon Hull West and Haltemprice,Yorkshire and The Humber,England,Borough,Labour,Lab,Labour,Lab,15,PP53,,,,,No,No,Emma,Hardy,Female,Yes,Yes,4645,Yes,17875,0.1304720000,0.4682015820629682015820629682
3569,20488,E14001316,E12000005,Kingswinford and South Staffordshire,West Midlands,England,County,Independent,IND,,,,,,,,,Yes,No,Shaz,Saleem,Male,No,No,,No,1000,,0.0221336874723328906595838867
3569,20489,E14001316,E12000005,Kingswinford and South Staffordshire,West Midlands,England,County,Green Party,Green,Green Party,Green,44,PP63,,,,,No,No,Claire,McIlvenna,Female,No,No,,No,2077,0.0106510000,0.0459716688800354138999557326
3569,20490,E14001316,E12000005,Kingswinford and South Staffordshire,West Midlands,England,County,Liberal Democrat,LD,Liberal Democrat,LD,17,PP90,,,,,No,No,Gully,Bansal,Male,No,No,,No,2080,-0.0071480000,0.0460380699424524125719344843
3569,20491,E14001316,E12000005,Kingswinford and South Staffordshire,West Midlands,England,County,Reform UK,RUK,Reform UK,RUK,1036,PP7931,,,,,No,No,Gary,Dale,Male,No,No,,No,9928,,0.2197432492253209384683488269
3569,20492,E14001316,E12000005,Kingswinford and South Staffordshire,West Midlands,England,County,Labour,Lab,Labour,Lab,15,PP53,,,,,No,No,Sally,Benton,Female,No,No,,No,11896,0.0950850000,0.2633023461708720672864099159
3569,20493,E14001316,E12000005,Kingswinford and South Staffordshire,West Midlands,England,County,Conservative,Con,Conservative,Con,4,PP52,,,,,No,No,Mike,Wood,Male,Yes,Yes,4384,Yes,18199,-0.3404650000,0.4028109783089862771137671536
3570,20494,E14001317,E12000002,Knowsley,North West,England,Borough,Social Democratic Party,SDP,Social Democratic Party,SDP,32,PP243,,,,,No,No,Patricia,Jameson,Female,No,No,,No,135,,0.0037451105501151274724665021
3570,20495,E14001317,E12000002,Knowsley,North West,England,Borough,Workers Party of Britain,WPB,Workers Party of Britain,WPB,1042,PP11382,,,,,No,No,Graham,Padden,Male,No,No,,No,245,,0.0067966821094681943018836519
3570,20496,E14001317,E12000002,Knowsley,North West,England,Borough,Liberal Democrat,LD,Liberal Democrat,LD,17,PP90,,,,,No,No,Kate,Tipton,Female,No,No,,No,1232,0.0090800000,0.0341776014647543484894720781
3570,20497,E14001317,E12000002,Knowsley,North West,England,Borough,Conservative,Con,Conservative,Con,4,PP52,,,,,No,No,Sherrie,McDaid,Female,No,No,,No,1496,-0.0459630000,0.0415013732072017088800732377
3570,20498,E14001317,E12000002,Knowsley,North West,England,Borough,Green Party,Green,Green Party,Green,44,PP63,,,,,No,No,Graham,Wickens,Male,No,No,,No,2772,0.0571880000,0.0768996032956972841013121758
3570,20499,E14001317,E12000002,Knowsley,North West,England,Borough,Reform UK,RUK,Reform UK,RUK,1036,PP7931,,,,,No,No,Alexander,Hitchmough,Male,No,No,,No,5924,0.1015870000,0.1643409992509778899769745055
3570,20500,E14001317,E12000002,Knowsley,North West,England,Borough,Labour,Lab,Labour,Lab,15,PP53,,,,,No,No,Anneliese,Midgley,Female,No,No,5038,Yes,24243,-0.1237090000,0.6725386301217854467778178489
3571,20501,N05000009,N92000002,Lagan Valley,,Northern Ireland,County,Green Party Northern Ireland,Green,Green Party Northern Ireland,Green,1113,PP305,,,,,No,No,Patricia,Denvir,Female,No,No,,No,433,,0.0088221511379148754100364703
3571,20502,N05000009,N92000002,Lagan Valley,,Northern Ireland,County,Social Democratic & Labour Party,SDLP,Social Democratic & Labour Party,SDLP,31,PP55,,,,,No,No,Simon,Lee,Male,No,No,,No,1028,-0.0196400000,0.0209449685214237688718648764
3571,20503,N05000009,N92000002,Lagan Valley,,Northern Ireland,County,Traditional Unionist Voice,TUV,Traditional Unionist Voice,TUV,158,PP680,,,,,No,No,Lorna,Smyth,Female,No,No,,No,2186,,0.0445386198325217497605998248
3571,20504,N05000009,N92000002,Lagan Valley,,Northern Ireland,County,Ulster Unionist Party,UUP,Ulster Unionist Party,UUP,38,PP83,,,,,No,No,Robbie,Butler,Male,No,No,,No,11157,0.0422260000,0.2273181068030398728632260956
3571,20505,N05000009,N92000002,Lagan Valley,,Northern Ireland,County,Democratic Unionist Party,DUP,Democratic Unionist Party,DUP,7,PP70,,,,,No,No,Jonathan,Buckley,Male,No,No,,No,15659,-0.1150250000,0.3190440292577575844012958171
3571,20506,N05000009,N92000002,Lagan Valley,,Northern Ireland,County,Alliance,APNI,Alliance,APNI,1,PP103,,,,,No,No,Sorcha-Lucy,Eastwood,Female,No,No,5125,Yes,18618,0.1088050000,0.3793321244473421486929769157
3572,20507,E14001318,E12000002,Lancaster and Wyre,North West,England,County,Liberal Democrat,LD,Liberal Democrat,LD,17,PP90,,,,,No,No,Matt,Severn,Male,No,No,,No,1529,-0.0038560000,0.035551525297619047619047619
3572,20508,E14001318,E12000002,Lancaster and Wyre,North West,England,County,Green Party,Green,Green Party,Green,44,PP63,,,,,No,No,Jack,Lenox,Male,No,No,,No,5236,0.0773560000,0.1217447916666666666666666667
3572,20509,E14001318,E12000002,Lancaster and Wyre,North West,England,County,Reform UK,RUK,Reform UK,RUK,1036,PP7931,,,,,No,No,Nigel,Alderson,Male,No,No,,No,6866,0.1416220000,0.1596447172619047619047619048
3572,20510,E14001318,E12000002,Lancaster and Wyre,North West,England,County,Conservative,Con,Conservative,Con,4,PP52,,,,,No,No,Peter,Cartridge,Male,No,No,,No,10062,-0.2456310000,0.2339564732142857142857142857
3572,20511,E14001318,E12000002,Lancaster and Wyre,North West,England,County,Labour,Lab,Labour,Lab,15,PP53,,,,,No,No,Cat,Smith,Female,Yes,Yes,4436,Yes,19315,0.0305090000,0.4491024925595238095238095238
3573,20512,E14001319,E12000003,Leeds Central and Headingley,Yorkshire and The Humber,England,Borough,Trade Unionist and Socialist Coalition,TUSC,Trade Unionist and Socialist Coalition,TUSC,157,PP804,,,,,No,No,Louie,Fulton,Male,No,No,,No,186,,0.0058870074378857414147808197
3573,20513,E14001319,E12000003,Leeds Central and Headingley,Yorkshire and The Humber,England,Borough,Social Democratic Party,SDP,Social Democratic Party,SDP,32,PP243,,,,,No,No,Rob,Walker,Male,No,No,,No,187,,0.005918658015508783035290394
3573,20514,E14001319,E12000003,Leeds Central and Headingley,Yorkshire and The Humber,England,Borough,Workers Party of Britain,WPB,Workers Party of Britain,WPB,1042,PP11382,,,,,No,No,Owais,Rajput,Male,No,No,,No,691,,0.0218705491375217597721158411
3573,20515,E14001319,E12000003,Leeds Central and Headingley,Yorkshire and The Humber,England,Borough,Conservative,Con,Conservative,Con,4,PP52,,,,,No,No,Jennifer,Jackson,Female,No,No,,No,2237,-0.1082320000,0.0708023421427441050799177085
3573,20516,E14001319,E12000003,Leeds Central and Headingley,Yorkshire and The Humber,England,Borough,Reform UK,RUK,Reform UK,RUK,1036,PP7931,,,,,No,No,Reggie,Wray,Male,No,No,,No,2399,0.0356890000,0.0759297357176768476024687451
3573,20517,E14001319,E12000003,Leeds Central and Headingley,Yorkshire and The Humber,England,Borough,Liberal Democrat,LD,Liberal Democrat,LD,17,PP90,,,,,No,No,Chris,Howley,Male,No,No,,No,2611,-0.0292200000,0.0826396581737616711504984966
3573,20518,E14001319,E12000003,Leeds Central and Headingley,Yorkshire and The Humber,England,Borough,Green Party,Green,Green Party,Green,44,PP63,,,,,No,No,Chris,Foren,Male,No,No,,No,7431,0.2006570000,0.2351954423168222820066466213
3573,20519,E14001319,E12000003,Leeds Central and Headingley,Yorkshire and The Humber,England,Borough,Labour / Co-operative Party,Lab / Co-op,Labour,Lab,15,PP53,Co-operative Party,Co-op,,,No,No,Alex,Sobel,Male,Yes,Yes,4658,Yes,15853,-0.1325710000,0.5017566070580788099382813736
3574,20520,E14001320,E12000003,Leeds East,Yorkshire and The Humber,England,County,Independent,IND,,,,,,,,,Yes,No,Pete,Young,Male,No,No,,No,179,,0.0045445313293388849395755052
3574,20521,E14001320,E12000003,Leeds East,Yorkshire and The Humber,England,County,Independent,IND,,,,,,,,,Yes,No,Niko,Omilana,Male,No,No,,No,222,,0.0056362343861074438915405707
3574,20522,E14001320,E12000003,Leeds East,Yorkshire and The Humber,England,County,Social Democratic Party,SDP,Social Democratic Party,SDP,32,PP243,,,,,No,No,Catherine,Dobson,Female,No,No,,No,519,,0.0131766020107646999086016045
3574,20523,E14001320,E12000003,Leeds East,Yorkshire and The Humber,England,County,The Yorkshire Party,Yrks,The Yorkshire Party,Yrks,262,PP2055,,,,,No,No,David,Hough,Male,No,No,,No,664,,0.0168579262719610033512744998
3574,20524,E14001320,E12000003,Leeds East,Yorkshire and The Humber,England,County,Liberal Democrat,LD,Liberal Democrat,LD,17,PP90,,,,,No,No,Tobie,Abel,Male,No,No,,No,1445,0.0001070000,0.0366863003960597136183609221
3574,20525,E14001320,E12000003,Leeds East,Yorkshire and The Humber,England,County,Green Party,Green,Green Party,Green,44,PP63,,,,,No,No,Jennifer,Norman,Female,No,No,,No,3506,0.0677300000,0.0890118817914085508276632477
3574,20526,E14001320,E12000003,Leeds East,Yorkshire and The Humber,England,County,Conservative,Con,Conservative,Con,4,PP52,,,,,No,No,Sam,Firth,Male,No,No,,No,6898,-0.2333200000,0.1751294810602213872245353915
3574,20527,E14001320,E12000003,Leeds East,Yorkshire and The Humber,England,County,Reform UK,RUK,Reform UK,RUK,1036,PP7931,,,,,No,No,David,Dresser,Male,No,No,,No,7345,0.1279640000,0.1864781151619782674926373515
3574,20528,E14001320,E12000003,Leeds East,Yorkshire and The Humber,England,County,Labour,Lab,Labour,Lab,15,PP53,,,,,No,No,Richard,Burgon,Male,Yes,Yes,4493,Yes,18610,0.0027710000,0.4724789275921600487458109069
3575,20529,E14001321,E12000003,Leeds North East,Yorkshire and The Humber,England,Borough,Climate Party,Cli,Climate Party,Cli,1053,PP12958,,,,,No,No,Stewart,Hey,Male,No,No,,No,91,,0.0020147452786326300174906458
3575,20530,E14001321,E12000003,Leeds North East,Yorkshire and The Humber,England,Borough,Christian Peoples Alliance,CPA,Christian Peoples Alliance,CPA,80,PP79,,,,,No,No,Christopher,Nicholson,Male,No,No,,No,109,,0.0024132663227577656253459384
3575,20531,E14001321,E12000003,Leeds North East,Yorkshire and The Humber,England,Borough,Social Democratic Party,SDP,Social Democratic Party,SDP,32,PP243,,,,,No,No,Cordelia,Lynan,Female,No,No,,No,125,,0.0027675072508689972767728651
3575,20532,E14001321,E12000003,Leeds North East,Yorkshire and The Humber,England,Borough,Alliance for Green Socialism,AGS,Alliance for Green Socialism,AGS,97,PP67,,,,,No,No,Mike,Davies,Male,No,No,,No,259,0.0022490000,0.0057342750238005623574733766
3575,20533,E14001321,E12000003,Leeds North East,Yorkshire and The Humber,England,Borough,The Yorkshire Party,Yrks,The Yorkshire Party,Yrks,262,PP2055,,,,,No,No,Ian,Cowling,Male,No,No,,No,574,,0.0127083932959904354949409967
3575,20534,E14001321,E12000003,Leeds North East,Yorkshire and The Humber,England,Borough,Workers Party of Britain,WPB,Workers Party of Britain,WPB,1042,PP11382,,,,,No,No,Dawud,Islam,Male,No,No,,No,2067,,0.045763499900369738968716098
3575,20535,E14001321,E12000003,Leeds North East,Yorkshire and The Humber,England,Borough,Liberal Democrat,LD,Liberal Democrat,LD,17,PP90,,,,,No,No,Gary,Busuttil,Male,No,No,,No,2168,-0.0641790000,0.0479996457590718887683485731
3575,20536,E14001321,E12000003,Leeds North East,Yorkshire and The Humber,England,Borough,Reform UK,RUK,Reform UK,RUK,1036,PP7931,,,,,No,No,Keiran,White,Male,No,No,,No,3426,0.0408220000,0.0758518387318174773617906879
3575,20537,E14001321,E12000003,Leeds North East,Yorkshire and The Humber,England,Borough,Green Party,Green,Green Party,Green,44,PP63,,,,,No,No,Louise,Jennings,Female,No,No,,No,5911,0.0926320000,0.130869882879093143224035247
3575,20538,E14001321,E12000003,Leeds North East,Yorkshire and The Humber,England,Borough,Conservative,Con,Conservative,Con,4,PP52,,,,,No,No,Chris,Whiteside,Male,No,No,,No,7177,-0.0774370000,0.1588991963158943476431908252
3575,20539,E14001321,E12000003,Leeds North East,Yorkshire and The Humber,England,Borough,Labour,Lab,Labour,Lab,15,PP53,,,,,No,No,Fabian,Hamilton,Male,Yes,Yes,415,Yes,23260,-0.0597550000,0.5149777492417030132618947462
3576,20540,E14001322,E12000003,Leeds North West,Yorkshire and The Humber,England,County,Social Democratic Party,SDP,Social Democratic Party,SDP,32,PP243,,,,,No,No,Kathy,Bushell,Female,No,No,,No,78,,0.0015669887699138156176547401
3576,20541,E14001322,E12000003,Leeds North West,Yorkshire and The Humber,England,County,The Yorkshire Party,Yrks,The Yorkshire Party,Yrks,262,PP2055,,,,,No,No,Bob,Buxton,Male,No,No,,No,1024,,0.0205717500050223999035699219
3576,20542,E14001322,E12000003,Leeds North West,Yorkshire and The Humber,England,County,Green Party,Green,Green Party,Green,44,PP63,,,,,No,No,Mick,Bradley,Male,No,No,,No,3231,0.0421690000,0.0649094963537376700082367358
3576,20543,E14001322,E12000003,Leeds North West,Yorkshire and The Humber,England,County,Liberal Democrat,LD,Liberal Democrat,LD,17,PP90,,,,,No,No,Ryk,Downes,Male,No,No,,No,5641,-0.0341810000,0.1133254314241517166562870402
3576,20544,E14001322,E12000003,Leeds North West,Yorkshire and The Humber,England,County,Reform UK,RUK,Reform UK,RUK,1036,PP7931,,,,,No,No,Jayne,Bond,Female,No,No,,No,5935,0.1061370000,0.1192317737107499447536010607
3576,20545,E14001322,E12000003,Leeds North West,Yorkshire and The Humber,England,County,Conservative,Con,Conservative,Con,4,PP52,,,,,No,No,Thomas,Averre,Male,No,No,,No,10986,-0.1980160000,0.2207043413624766458404483999
3576,20546,E14001322,E12000003,Leeds North West,Yorkshire and The Humber,England,County,Labour,Lab,Labour,Lab,15,PP53,,,,,No,No,Katie,White,Female,No,No,5260,Yes,22882,0.0769130000,0.4596902183739478072202021014
3577,20547,E14001323,E12000003,Leeds South,Yorkshire and The Humber,England,Borough,Independent,IND,,,,,,,,,Yes,No,Niko,Omilana,Male,No,No,,No,277,,0.0087442389039712103036807879
3577,20548,E14001323,E12000003,Leeds South,Yorkshire and The Humber,England,Borough,Christian Peoples Alliance,CPA,Christian Peoples Alliance,CPA,80,PP79,,,,,No,No,Janet,Bickerdike,Female,No,No,,No,341,,0.0107645684702317065471305007
3577,20549,E14001323,E12000003,Leeds South,Yorkshire and The Humber,England,Borough,Workers Party of Britain,WPB,Workers Party of Britain,WPB,1042,PP11382,,,,,No,No,Muhammad,Azeem,Male,No,No,,No,719,,0.0226971399709577624850053665
3577,20550,E14001323,E12000003,Leeds South,Yorkshire and The Humber,England,Borough,Liberal Democrat,LD,Liberal Democrat,LD,17,PP90,,,,,No,No,George,Sykes,Male,No,No,,No,1340,-0.0021400000,0.0423006502935791400972283604
3577,20551,E14001323,E12000003,Leeds South,Yorkshire and The Humber,England,Borough,Social Democratic Party,SDP,Social Democratic Party,SDP,32,PP243,,,,,No,No,Daniel,Whetstone,Male,No,No,,No,1874,0.0526610000,0.059157775112065155628511901
3577,20552,E14001323,E12000003,Leeds South,Yorkshire and The Humber,England,Borough,Conservative,Con,Conservative,Con,4,PP52,,,,,No,No,Karen,Cooksley,Female,No,No,,No,4172,-0.1313580000,0.1317002336006060988698781489
3577,20553,E14001323,E12000003,Leeds South,Yorkshire and The Humber,England,Borough,Green Party,Green,Green Party,Green,44,PP63,,,,,No,No,Ed,Carlisle,Male,No,No,,No,5838,0.1464880000,0.1842919376223246417071784835
3577,20554,E14001323,E12000003,Leeds South,Yorkshire and The Humber,England,Borough,Labour,Lab,Labour,Lab,15,PP53,,,,,No,No,Hilary,Benn,Male,Yes,Yes,413,Yes,17117,-0.0437860000,0.5403434560262642843613864512
3578,20555,E14001324,E12000003,Leeds South West and Morley,Yorkshire and The Humber,England,Borough,Social Democratic Party,SDP,Social Democratic Party,SDP,32,PP243,,,,,No,No,Nigel,Perry,Male,No,No,,No,99,,0.0024621353428336939491158696
3578,20556,E14001324,E12000003,Leeds South West and Morley,Yorkshire and The Humber,England,Borough,The Yorkshire Party,Yrks,The Yorkshire Party,Yrks,262,PP2055,,,,,No,No,Howard,Dews,Male,No,No,,No,664,,0.0165137158347633614364943172
3578,20557,E14001324,E12000003,Leeds South West and Morley,Yorkshire and The Humber,England,Borough,Liberal Democrat,LD,Liberal Democrat,LD,17,PP90,,,,,No,No,Michael,Fox,Male,No,No,,No,1798,0.0170340000,0.0447163570344947648536397324
3578,20558,E14001324,E12000003,Leeds South West and Morley,Yorkshire and The Humber,England,Borough,Green Party,Green,Green Party,Green,44,PP63,,,,,No,No,Chris,Bell,Male,No,No,,No,2522,0.0296960000,0.0627222761073391529259618493
3578,20559,E14001324,E12000003,Leeds South West and Morley,Yorkshire and The Humber,England,Borough,Reform UK,RUK,Reform UK,RUK,1036,PP7931,,,,,No,No,James,Kendall,Male,No,No,,No,8187,0.1857220000,0.2036111318361560844587032754
3578,20560,E14001324,E12000003,Leeds South West and Morley,Yorkshire and The Humber,England,Borough,Conservative,Con,Conservative,Con,4,PP52,,,,,No,No,Andrea,Jenkyns,Female,Yes,Yes,4490,No,9258,-0.3010590000,0.2302469596359024099082295009
3578,20561,E14001324,E12000003,Leeds South West and Morley,Yorkshire and The Humber,England,Borough,Labour,Lab,Labour,Lab,15,PP53,,,,,No,No,Mark,Sewards,Male,No,No,5166,Yes,17681,0.0715790000,0.4397274242085105324678554552
3579,20562,E14001325,E12000003,Leeds West and Pudsey,Yorkshire and The Humber,England,Borough,Social Democratic Party,SDP,Social Democratic Party,SDP,32,PP243,,,,,No,No,Sasha,Watson,Female,No,No,,No,79,0.0010930000,0.0020522678859042967735231465
3579,20563,E14001325,E12000003,Leeds West and Pudsey,Yorkshire and The Humber,England,Borough,The Yorkshire Party,Yrks,The Yorkshire Party,Yrks,262,PP2055,,,,,No,No,Darren,Longhorn,Male,No,No,,No,404,,0.010495142100067542993713306
3579,20564,E14001325,E12000003,Leeds West and Pudsey,Yorkshire and The Humber,England,Borough,Workers Party of Britain,WPB,Workers Party of Britain,WPB,1042,PP11382,,,,,No,No,Jamal,El Kheir,Male,No,No,,No,633,,0.0164441211617394918688626799
3579,20565,E14001325,E12000003,Leeds West and Pudsey,Yorkshire and The Humber,England,Borough,Liberal Democrat,LD,Liberal Democrat,LD,17,PP90,,,,,No,No,Dan,Walker,Male,No,No,,No,1743,0.0088600000,0.0452797838624201174208967631
3579,20566,E14001325,E12000003,Leeds West and Pudsey,Yorkshire and The Humber,England,Borough,Green Party,Green,Green Party,Green,44,PP63,,,,,No,No,Ann,Forsaith,Female,No,No,,No,3794,0.0842390000,0.0985608146724164804904660467
3579,20567,E14001325,E12000003,Leeds West and Pudsey,Yorkshire and The Humber,England,Borough,Reform UK,RUK,Reform UK,RUK,1036,PP7931,,,,,No,No,Andrea,Whitehead,Female,No,No,,No,6281,0.1354410000,0.163168285966644152335428898
3579,20568,E14001325,E12000003,Leeds West and Pudsey,Yorkshire and The Humber,England,Borough,Conservative,Con,Conservative,Con,4,PP52,,,,,No,No,Lee,Farmer,Male,No,No,,No,6584,-0.2512630000,0.1710396425416948095807138775
3579,20569,E14001325,E12000003,Leeds West and Pudsey,Yorkshire and The Humber,England,Borough,Labour,Lab,Labour,Lab,15,PP53,,,,,No,No,Rachel,Reeves,Female,Yes,Yes,4031,Yes,18976,0.0088870000,0.4929599418091131085363952824
3580,20570,E14001326,E12000004,Leicester East,East Midlands,England,Borough,Independent,IND,,,,,,,,,Yes,No,Khandu,Patel,Male,No,No,,No,115,,0.0024617887571177805368840176
3580,20571,E14001326,E12000004,Leicester East,East Midlands,England,Borough,Independent,IND,,,,,,,,,Yes,No,Nagarjun,Agath,Male,No,No,,No,703,,0.01504902170655478015156056
3580,20572,E14001326,E12000004,Leicester East,East Midlands,England,Borough,Independent,IND,,,,,,,,,Yes,No,Malihah,Adam,Female,No,No,,No,974,,0.0208502804298497238515220277
3580,20573,E14001326,E12000004,Leicester East,East Midlands,England,Borough,Green Party,Green,Green Party,Green,44,PP63,,,,,No,No,Mags,Lewis,Female,No,No,,No,2143,0.0280890000,0.0458748983174209016568908678
3580,20574,E14001326,E12000004,Leicester East,East Midlands,England,Borough,Reform UK,RUK,Reform UK,RUK,1036,PP7931,,,,,No,No,Raj,Solanki,Male,No,No,,No,2611,0.0308100000,0.0558933082159523911461232179
3580,20575,E14001326,E12000004,Leicester East,East Midlands,England,Borough,One Leicester,OL,One Leicester,OL,1101,PP15315,,,,,No,No,Keith,Vaz,Male,No,Yes,338,No,3681,,0.0787986470865265230980005994
3580,20576,E14001326,E12000004,Leicester East,East Midlands,England,Borough,Independent,IND,,,,,,,,,Yes,No,Claudia,Webbe,Female,Yes,Yes,4848,No,5532,,0.1184227426467440167829772659
3580,20577,E14001326,E12000004,Leicester East,East Midlands,England,Borough,Liberal Democrat,LD,Liberal Democrat,LD,17,PP90,,,,,No,No,Zuffar,Haq,Male,No,No,,No,6329,0.0791820000,0.1354840090765081131994691099
3580,20578,E14001326,E12000004,Leicester East,East Midlands,England,Borough,Labour,Lab,Labour,Lab,15,PP53,,,,,No,No,Rajesh,Agrawal,Male,No,No,,No,10100,-0.2929740000,0.2162092734512137688915528535
3580,20579,E14001326,E12000004,Leicester East,East Midlands,England,Borough,Conservative,Con,Conservative,Con,4,PP52,,,,,No,No,Shivani,Raja,Female,No,No,5068,Yes,14526,-0.0738700000,0.3109560303121120006850194802
3581,20580,E14001327,E12000004,Leicester South,East Midlands,England,Borough,Official Monster Raving Loony Party,MRLP,Official Monster Raving Loony Party,MRLP,119,PP66,,,,,No,No,Ezechiel,Adlore,Male,No,No,,No,189,,0.0045175323278437746492339317
3581,20581,E14001327,E12000004,Leicester South,East Midlands,England,Borough,Communist Party of Britain,Comm,Communist Party of Britain,Comm,76,PP78,,,,,No,No,Ann,Green,Female,No,No,,No,279,,0.0066687381982455721012500896
3581,20582,E14001327,E12000004,Leicester South,East Midlands,England,Borough,Independent,IND,,,,,,,,,Yes,No,Osman,Admani,Male,No,No,,No,329,,0.0078638525706910151301479552
3581,20583,E14001327,E12000004,Leicester South,East Midlands,England,Borough,Liberal Democrat,LD,Liberal Democrat,LD,17,PP90,,,,,No,No,Carol,Weaver,Female,No,No,,No,1425,-0.0091740000,0.0340607596146951263235891675
3581,20584,E14001327,E12000004,Leicester South,East Midlands,England,Borough,Reform UK,RUK,Reform UK,RUK,1036,PP7931,,,,,No,No,Craig,Harwood,Male,No,No,,No,2470,0.0358850000,0.059038649998804885627554557
3581,20585,E14001327,E12000004,Leicester South,East Midlands,England,Borough,Green Party,Green,Green Party,Green,44,PP63,,,,,No,No,Sharmen,Rahman,Female,No,No,,No,3826,0.0580870000,0.09145015177952530057126467
3581,20586,E14001327,E12000004,Leicester South,East Midlands,England,Borough,Conservative,Con,Conservative,Con,4,PP52,,,,,No,No,Gerri,Hickton,Female,No,No,,No,4820,-0.1031330000,0.1152090255037407079857542367
3581,20587,E14001327,E12000004,Leicester South,East Midlands,England,Borough,Labour,Lab,Labour,Lab,15,PP53,,,,,No,No,Jonathan,Ashworth,Male,Yes,Yes,4244,No,13760,-0.3530110000,0.3288954752969859215526925927
3581,20588,E14001327,E12000004,Leicester South,East Midlands,England,Borough,Independent,IND,,,,,,,,,Yes,No,Shockat,Adam,Male,No,No,5120,Yes,14739,,0.3522958147094676960585127997
3582,20589,E14001328,E12000004,Leicester West,East Midlands,England,Borough,Trade Unionist and Socialist Coalition,TUSC,Trade Unionist and Socialist Coalition,TUSC,157,PP804,,,,,No,No,Steve,Score,Male,No,No,,No,317,,0.0089555612057518998785207786
3582,20590,E14001328,E12000004,Leicester West,East Midlands,England,Borough,One Leicester,OL,One Leicester,OL,1101,PP15315,,,,,No,No,Rahoul,Naik,Male,No,No,,No,327,,0.0092380710229680481396728536
3582,20591,E14001328,E12000004,Leicester West,East Midlands,England,Borough,Liberal Democrat,LD,Liberal Democrat,LD,17,PP90,,,,,No,No,Benjamin,Feist,Male,No,No,,No,2179,-0.0056000000,0.06155888917139870610503715
3582,20592,E14001328,E12000004,Leicester West,East Midlands,England,Borough,Green Party,Green,Green Party,Green,44,PP63,,,,,No,No,Aasiya,Bora,Female,No,No,,No,4089,0.0872500000,0.1155182642596830239850834817
3582,20593,E14001328,E12000004,Leicester West,East Midlands,England,Borough,Reform UK,RUK,Reform UK,RUK,1036,PP7931,,,,,No,No,Ian,Hayes,Male,No,No,,No,5666,0.1149860000,0.1600700624346696047687657146
3582,20594,E14001328,E12000004,Leicester West,East Midlands,England,Borough,Conservative,Con,Conservative,Con,4,PP52,,,,,No,No,Max,Chauhan,Male,No,No,,No,7021,-0.1681480000,0.1983501426674576941548718818
3582,20595,E14001328,E12000004,Leicester West,East Midlands,England,Borough,Labour,Lab,Labour,Lab,15,PP53,,,,,No,No,Liz,Kendall,Female,Yes,Yes,4026,Yes,15798,-0.0466820000,0.4463090092380710229680481397
3583,20596,E14001329,E12000002,Leigh and Atherton,North West,England,Borough,English Democrats,ED,English Democrats,ED,90,PP17,,,,,No,No,Craig,Buckley,Male,No,No,,No,376,,0.0091328637357299004129220306
3583,20597,E14001329,E12000002,Leigh and Atherton,North West,England,Borough,Liberal Democrat,LD,Liberal Democrat,LD,17,PP90,,,,,No,No,Stuart,Thomas,Male,No,No,,No,1597,-0.0070740000,0.0387903813456400291474374545
3583,20598,E14001329,E12000002,Leigh and Atherton,North West,England,Borough,Green Party,Green,Green Party,Green,44,PP63,,,,,No,No,Amelia,Jones,Female,No,No,,No,1653,0.0366730000,0.0401505950935146951663832888
3583,20599,E14001329,E12000002,Leigh and Atherton,North West,England,Borough,Conservative,Con,Conservative,Con,4,PP52,,,,,No,No,Michael,Winstanley,Male,No,No,,No,6483,-0.2808480000,0.1574690308477046393004615011
3583,20600,E14001329,E12000002,Leigh and Atherton,North West,England,Borough,Reform UK,RUK,Reform UK,RUK,1036,PP7931,,,,,No,No,George,Woodward,Male,No,No,,No,11090,0.2112900000,0.2693709011416079669662375516
3583,20601,E14001329,E12000002,Leigh and Atherton,North West,England,Borough,Labour / Co-operative Party,Lab / Co-op,Labour,Lab,15,PP53,Co-operative Party,Co-op,,,No,No,Jo,Platt,Female,No,Yes,4673,Yes,19971,0.0533860000,0.4850862278358027690065581734
3584,20602,E14001330,E12000008,Lewes,South East,England,County,Social Democratic Party,SDP,Social Democratic Party,SDP,32,PP243,,,,,No,No,Rowena,Easton,Female,No,No,,No,229,,0.0043066970078799390668196265
3584,20603,E14001330,E12000008,Lewes,South East,England,County,Green Party,Green,Green Party,Green,44,PP63,,,,,No,No,Paul,Keene,Male,No,No,,No,1869,0.0065960000,0.0351494179376751358772309255
3584,20604,E14001330,E12000008,Lewes,South East,England,County,Labour,Lab,Labour,Lab,15,PP53,,,,,No,No,Danny,Sweeney,Male,No,No,,No,3574,-0.0034940000,0.067214563782370752073420721
3584,20605,E14001330,E12000008,Lewes,South East,England,County,Reform UK,RUK,Reform UK,RUK,1036,PP7931,,,,,No,No,Bernard,Brown,Male,No,No,,No,6335,0.1169440000,0.1191394128599101047524119384
3584,20606,E14001330,E12000008,Lewes,South East,England,County,Conservative,Con,Conservative,Con,4,PP52,,,,,No,No,Maria,Caulfield,Female,Yes,Yes,4492,No,14271,-0.2169840000,0.2683880917006751546837680778
3584,20607,E14001330,E12000008,Lewes,South East,England,County,Liberal Democrat,LD,Liberal Democrat,LD,17,PP90,,,,,No,No,James,MacCleary,Male,No,No,5265,Yes,26895,0.0946650000,0.5058018167114889135463487108
3585,20608,E14001331,E12000007,Lewisham East,London,England,Borough,Shared Ground,SG,Shared Ground,SG,1111,PP1912,,,,,No,No,Richard,Galloway,Male,No,No,,No,96,0.0012947330,0.0023623791126313458178507272
3585,20609,E14001331,E12000007,Lewisham East,London,England,Borough,Christian Peoples Alliance,CPA,Christian Peoples Alliance,CPA,80,PP79,,,,,No,No,Maureen,Martin,Female,No,No,,No,404,0.0040269200,0.0099416787656569136501218102
3585,20610,E14001331,E12000007,Lewisham East,London,England,Borough,Workers Party of Britain,WPB,Workers Party of Britain,WPB,1042,PP11382,,,,,No,No,Steph,Koffi,Male,No,No,,No,577,,0.0141988827915446514260403081
3585,20611,E14001331,E12000007,Lewisham East,London,England,Borough,Liberal Democrat,LD,Liberal Democrat,LD,17,PP90,,,,,No,No,Callum,Littlemore,Male,No,No,,No,2471,-0.0403207800,0.0608066540345005782907202795
3585,20612,E14001331,E12000007,Lewisham East,London,England,Borough,Reform UK,RUK,Reform UK,RUK,1036,PP7931,,,,,No,No,Ruth,Handyside,Female,No,No,,No,3469,0.0594855550,0.0853655535595639441887934641
3585,20613,E14001331,E12000007,Lewisham East,London,England,Borough,Conservative,Con,Conservative,Con,4,PP52,,,,,No,No,Louise,Brice,Female,No,No,,No,4401,-0.0916697900,0.1083003174446932598370942737
3585,20614,E14001331,E12000007,Lewisham East,London,England,Borough,Green Party,Green,Green Party,Green,44,PP63,,,,,No,No,Mike,Herron,Male,No,No,,No,5573,0.1018446500,0.1371410291114009400300219012
3585,20615,E14001331,E12000007,Lewisham East,London,England,Borough,Labour,Lab,Labour,Lab,15,PP53,,,,,No,No,Janet,Daby,Female,Yes,Yes,4698,Yes,23646,-0.0446966100,0.581883505180008366759357236
3586,20616,E14001332,E12000007,Lewisham North,London,England,Borough,Alliance for Green Socialism,AGS,Alliance for Green Socialism,AGS,97,PP67,,,,,No,No,John,Lloyd,Male,No,No,,No,119,0.0012910000,0.0026943192881563158013901782
3586,20617,E14001332,E12000007,Lewisham North,London,England,Borough,Communist Party of Britain,Comm,Communist Party of Britain,Comm,76,PP78,,,,,No,No,Oliver,Snelling,Male,No,No,,No,211,,0.0047773224353023750764145176
3586,20618,E14001332,E12000007,Lewisham North,London,England,Borough,Independent,IND,,,,,,,,,Yes,No,Julia,Tilford,Female,No,No,,No,243,,0.0055018452690923087372925487
3586,20619,E14001332,E12000007,Lewisham North,London,England,Borough,Workers Party of Britain,WPB,Workers Party of Britain,WPB,1042,PP11382,,,,,No,No,Mian,Akbar,Male,No,No,,No,457,,0.0103470917200624900944143818
3586,20620,E14001332,E12000007,Lewisham North,London,England,Borough,Reform UK,RUK,Reform UK,RUK,1036,PP7931,,,,,No,No,Edward,Powell,Male,No,No,,No,2000,0.0292710000,0.0452826771118708538048769443
3586,20621,E14001332,E12000007,Lewisham North,London,England,Borough,Conservative,Con,Conservative,Con,4,PP52,,,,,No,No,Nupur,Majumdar,Female,No,No,,No,2701,-0.0609150000,0.0611542554395815880634863133
3586,20622,E14001332,E12000007,Lewisham North,London,England,Borough,Liberal Democrat,LD,Liberal Democrat,LD,17,PP90,,,,,No,No,Jean,Branch,Female,No,No,,No,3284,-0.0367440000,0.0743541558176919419476079426
3586,20623,E14001332,E12000007,Lewisham North,London,England,Borough,Green Party,Green,Green Party,Green,44,PP63,,,,,No,No,Adam,Pugh,Male,No,No,,No,9685,0.1667770000,0.2192813639142346095501166029
3586,20624,E14001332,E12000007,Lewisham North,London,England,Borough,Labour,Lab,Labour,Lab,15,PP53,,,,,No,No,Vicky,Foxcroft,Female,Yes,Yes,4491,Yes,25467,-0.1177350000,0.5766069690040075169244005706
3587,20625,E14001333,E12000007,Lewisham West and East Dulwich,London,England,Borough,Christian Peoples Alliance,CPA,Christian Peoples Alliance,CPA,80,PP79,,,,,No,No,Katherine,Hortense,Female,No,No,,No,303,0.0019200000,0.0065282026974619726806566984
3587,20626,E14001333,E12000007,Lewisham West and East Dulwich,London,England,Borough,Workers Party of Britain,WPB,Workers Party of Britain,WPB,1042,PP11382,,,,,No,No,Gwenton,Sloley,Male,No,No,,No,427,,0.009199810402033869091222476
3587,20627,E14001333,E12000007,Lewisham West and East Dulwich,London,England,Borough,Reform UK,RUK,Reform UK,RUK,1036,PP7931,,,,,No,No,Marian,Newton,Female,No,No,,No,2234,0.0301330000,0.0481320291291420692032576378
3587,20628,E14001333,E12000007,Lewisham West and East Dulwich,London,England,Borough,Conservative,Con,Conservative,Con,4,PP52,,,,,No,No,Christine,Wallace,Female,No,No,,No,3477,-0.0702650000,0.0749127418451329340285258758
3587,20629,E14001333,E12000007,Lewisham West and East Dulwich,London,England,Borough,Liberal Democrat,LD,Liberal Democrat,LD,17,PP90,,,,,No,No,Josh,Matthews,Male,No,No,,No,3558,-0.0221610000,0.0766579049424742534580083595
3587,20630,E14001333,E12000007,Lewisham West and East Dulwich,London,England,Borough,Green Party,Green,Green Party,Green,44,PP63,,,,,No,No,Callum,Fowler,Male,No,No,,No,9009,0.1212410000,0.1941009178265178609902184686
3587,20631,E14001333,E12000007,Lewisham West and East Dulwich,London,England,Borough,Labour,Lab,Labour,Lab,15,PP53,,,,,No,No,Ellie,Reeves,Female,Yes,Yes,4620,Yes,27406,-0.0700690000,0.5904683931572370405481104839
3588,20632,E14001334,E12000007,Leyton and Wanstead,London,England,Borough,Rejoin EU,REU,Rejoin EU,REU,1040,PP11423,,,,,No,No,Simon,Bezer,Male,No,No,,No,244,,0.0055794383975121192719290222
3588,20633,E14001334,E12000007,Leyton and Wanstead,London,England,Borough,Workers Party of Britain,WPB,Workers Party of Britain,WPB,1042,PP11382,,,,,No,No,Mahtab,Aziz,Male,No,No,,No,1633,,0.0373410774718741425043446447
3588,20634,E14001334,E12000007,Leyton and Wanstead,London,England,Borough,Reform UK,RUK,Reform UK,RUK,1036,PP7931,,,,,No,No,David,Sandground,Male,No,No,,No,2475,0.0394870000,0.0565947132534528491722308607
3588,20635,E14001334,E12000007,Leyton and Wanstead,London,England,Borough,Liberal Democrat,LD,Liberal Democrat,LD,17,PP90,,,,,No,No,Tara,Copeland,Female,No,No,,No,2815,-0.0422300000,0.0643693405286746547150827769
3588,20636,E14001334,E12000007,Leyton and Wanstead,London,England,Borough,Independent,IND,,,,,,,,,Yes,No,Shanell,Johnson,Female,No,No,,No,4173,,0.0954221165279429250891795482
3588,20637,E14001334,E12000007,Leyton and Wanstead,London,England,Borough,Conservative,Con,Conservative,Con,4,PP52,,,,,No,No,Gloria,Croxall,Female,No,No,,No,4846,-0.0877360000,0.1108113052227202048842952529
3588,20638,E14001334,E12000007,Leyton and Wanstead,London,England,Borough,Green Party,Green,Green Party,Green,44,PP63,,,,,No,No,Charlotte,Lafferty,Female,No,No,,No,6791,0.1170590000,0.155286746547150827769139303
3588,20639,E14001334,E12000007,Leyton and Wanstead,London,England,Borough,Labour,Lab,Labour,Lab,15,PP53,,,,,No,No,Calvin,Bailey,Male,No,No,5054,Yes,20755,-0.1561830000,0.4745952620506722765937985914
3589,20640,E14001335,E12000005,Lichfield,West Midlands,England,County,Independent,IND,,,,,,,,,Yes,No,John,Madden,Male,No,No,,No,98,,0.0019957640925382860866731834
3589,20641,E14001335,E12000005,Lichfield,West Midlands,England,County,Independent,IND,,,,,,,,,Yes,No,Pete,Longman,Male,No,No,,No,322,,0.006557510589768654284783317
3589,20642,E14001335,E12000005,Lichfield,West Midlands,England,County,Green Party,Green,Green Party,Green,44,PP63,,,,,No,No,Heather,McNeillis,Female,No,No,,No,1724,0.0026680000,0.0351091560768980123818833496
3589,20643,E14001335,E12000005,Lichfield,West Midlands,England,County,Liberal Democrat,LD,Liberal Democrat,LD,17,PP90,,,,,No,No,Paul,Ray,Male,No,No,,No,3572,-0.0326220000,0.0727435646790485500162919518
3589,20644,E14001335,E12000005,Lichfield,West Midlands,England,County,Reform UK,RUK,Reform UK,RUK,1036,PP7931,,,,,No,No,Richard,Howard,Male,No,No,,No,9734,,0.1982323232323232323232323232
3589,20645,E14001335,E12000005,Lichfield,West Midlands,England,County,Conservative,Con,Conservative,Con,4,PP52,,,,,No,No,Michael,Fabricant,Male,Yes,Yes,280,No,16422,-0.3067180000,0.3344330400782013685239491691
3589,20646,E14001335,E12000005,Lichfield,West Midlands,England,County,Labour,Lab,Labour,Lab,15,PP53,,,,,No,No,Dave,Robertson,Male,No,No,5126,Yes,17232,0.1407120000,0.3509286412512218963831867058
3590,20647,E14001336,E12000004,Lincoln,East Midlands,England,Borough,Social Democratic Party,SDP,Social Democratic Party,SDP,32,PP243,,,,,No,No,Craig,Marshall,Male,No,No,,No,80,,0.0018975332068311195445920304
3590,20648,E14001336,E12000004,Lincoln,East Midlands,England,Borough,Independent,IND,,,,,,,,,Yes,No,Laura,Ashby,Female,No,No,,No,243,,0.0057637571157495256166982922
3590,20649,E14001336,E12000004,Lincoln,East Midlands,England,Borough,Liberal,Lib,Liberal,Lib,16,PP54,,,,,No,No,Charles,Shaw,Male,No,No,,No,278,0.0005890000,0.0065939278937381404174573055
3590,20650,E14001336,E12000004,Lincoln,East Midlands,England,Borough,Workers Party of Britain,WPB,Workers Party of Britain,WPB,1042,PP11382,,,,,No,No,Linda,Richardson,Female,No,No,,No,479,,0.0113614800759013282732447818
3590,20651,E14001336,E12000004,Lincoln,East Midlands,England,Borough,Liberal Democrat,LD,Liberal Democrat,LD,17,PP90,,,,,No,No,Clare,Smalley,Female,No,No,,No,2580,0.0133570000,0.0611954459203036053130929791
3590,20652,E14001336,E12000004,Lincoln,East Midlands,England,Borough,Green Party,Green,Green Party,Green,44,PP63,,,,,No,No,Sally,Horscroft,Female,No,No,,No,2751,0.0416480000,0.065251423149905123339658444
3590,20653,E14001336,E12000004,Lincoln,East Midlands,England,Borough,Reform UK,RUK,Reform UK,RUK,1036,PP7931,,,,,No,No,Jamie-Lee,McMillan,Male,No,No,,No,7602,0.1590010000,0.180313092979127134724857685
3590,20654,E14001336,E12000004,Lincoln,East Midlands,England,Borough,Conservative,Con,Conservative,Con,4,PP52,,,,,No,No,Karl,McCartney,Male,Yes,Yes,4028,No,9677,-0.2497800000,0.2295303605313092979127134725
3590,20655,E14001336,E12000004,Lincoln,East Midlands,England,Borough,Labour,Lab,Labour,Lab,15,PP53,,,,,No,No,Hamish,Falconer,Male,No,No,5148,Yes,18470,0.0281900000,0.4380929791271347248576850095
3591,20656,E14001337,E12000002,Liverpool Garston,North West,England,Borough,Workers Revolutionary Party,WRP,Workers Revolutionary Party,WRP,167,PP184,,,,,No,No,Frank,Sweeney,Male,No,No,,No,112,,0.0026671111851975329221536923
3591,20657,E14001337,E12000002,Liverpool Garston,North West,England,Borough,Independent,IND,,,,,,,,,Yes,No,Jane,Lawrence,Female,No,No,,No,272,,0.0064772700211940085252303955
3591,20658,E14001337,E12000002,Liverpool Garston,North West,England,Borough,Liberal,Lib,Liberal,Lib,16,PP54,,,,,No,No,Alan,Tormey,Male,No,No,,No,401,0.0025430000,0.0095492105827161669802109875
3591,20659,E14001337,E12000002,Liverpool Garston,North West,England,Borough,Green Party,Green,Green Party,Green,44,PP63,,,,,No,No,Muryam,Sheikh,Female,No,No,,No,2816,0.0403760000,0.0670587955135379706141499774
3591,20660,E14001337,E12000002,Liverpool Garston,North West,England,Borough,Conservative,Con,Conservative,Con,4,PP52,,,,,No,No,Daniel,Bowman,Male,No,No,,No,2943,-0.0466070000,0.0700831090896101731240921106
3591,20661,E14001337,E12000002,Liverpool Garston,North West,England,Borough,Liberal Democrat,LD,Liberal Democrat,LD,17,PP90,,,,,No,No,John,Hyland,Male,No,No,,No,3239,-0.0217360000,0.0771319029362036529897840116
3591,20662,E14001337,E12000002,Liverpool Garston,North West,England,Borough,Liverpool Community Independents,LCI,Liverpool Community Independents,LCI,1095,PP14103,,,,,No,No,Sam,Gorst,Male,No,No,,No,3294,,0.0784416450360774414783416284
3591,20663,E14001337,E12000002,Liverpool Garston,North West,England,Borough,Reform UK,RUK,Reform UK,RUK,1036,PP7931,,,,,No,No,Kiera,Hubbard,Female,No,No,,No,4406,0.0559970000,0.104922248946252946919724716
3591,20664,E14001337,E12000002,Liverpool Garston,North West,England,Borough,Labour,Lab,Labour,Lab,15,PP53,,,,,No,No,Maria,Eagle,Female,Yes,Yes,483,Yes,24510,-0.1181600000,0.5836687066892101064463124807
3592,20665,E14001338,E12000002,Liverpool Riverside,North West,England,Borough,National Health Action Party,NHAP,National Health Action Party,NHAP,201,PP1931,,,,,No,No,Stephen,McNally,Male,No,No,,No,247,,0.0076279299589265309903956024
3592,20666,E14001338,E12000002,Liverpool Riverside,North West,England,Borough,Liberal,Lib,Liberal,Lib,16,PP54,,,,,No,No,Sean,Weaver,Male,No,No,,No,256,,0.0079058707266606960872116365
3592,20667,E14001338,E12000002,Liverpool Riverside,North West,England,Borough,Trade Unionist and Socialist Coalition,TUSC,Trade Unionist and Socialist Coalition,TUSC,157,PP804,,,,,No,No,Roger,Bannister,Male,No,No,,No,622,,0.0192087952811834100243970229
3592,20668,E14001338,E12000002,Liverpool Riverside,North West,England,Borough,Conservative,Con,Conservative,Con,4,PP52,,,,,No,No,Jane,Austin,Female,No,No,,No,1155,-0.0420610000,0.0356690651925511874247243754
3592,20669,E14001338,E12000002,Liverpool Riverside,North West,England,Borough,Liberal Democrat,LD,Liberal Democrat,LD,17,PP90,,,,,No,No,Rebecca,Turner,Female,No,No,,No,1544,0.0256150000,0.0476822828201723232759951824
3592,20670,E14001338,E12000002,Liverpool Riverside,North West,England,Borough,Reform UK,RUK,Reform UK,RUK,1036,PP7931,,,,,No,No,Gary,Hincks,Male,No,No,,No,3272,0.0753730000,0.1010469102251320218646737284
3592,20671,E14001338,E12000002,Liverpool Riverside,North West,England,Borough,Green Party,Green,Green Party,Green,44,PP63,,,,,No,No,Chris,Coughlan,Male,No,No,,No,5246,0.1385030000,0.1620085852814922330996572064
3592,20672,E14001338,E12000002,Liverpool Riverside,North West,England,Borough,Labour,Lab,Labour,Lab,15,PP53,,,,,No,No,Kim,Johnson,Female,Yes,Yes,4824,Yes,20039,-0.2321730000,0.6188505605138815972329452457
3593,20673,E14001339,E12000002,Liverpool Walton,North West,England,Borough,Liberal,Lib,Liberal,Lib,16,PP54,,,,,No,No,Billy,Lake,Male,No,No,,No,452,-0.0019240000,0.0122539716965786477254242802
3593,20674,E14001339,E12000002,Liverpool Walton,North West,England,Borough,Liberal Democrat,LD,Liberal Democrat,LD,17,PP90,,,,,No,No,Sean,Cadwallader,Male,No,No,,No,945,0.0028700000,0.0256194762240416418153228867
3593,20675,E14001339,E12000002,Liverpool Walton,North West,England,Borough,Conservative,Con,Conservative,Con,4,PP52,,,,,No,No,Emma,Ware,Female,No,No,,No,1282,-0.0642110000,0.0347557338827739521769777151
3593,20676,E14001339,E12000002,Liverpool Walton,North West,England,Borough,Green Party,Green,Green Party,Green,44,PP63,,,,,No,No,Martyn,Madeley,Male,No,No,,No,2388,0.0465020000,0.0647400097598004663015778344
3593,20677,E14001339,E12000002,Liverpool Walton,North West,England,Borough,Reform UK,RUK,Reform UK,RUK,1036,PP7931,,,,,No,No,Joe,Doran,Male,No,No,,No,5787,0.1345480000,0.156888792495797863688120154
3593,20678,E14001339,E12000002,Liverpool Walton,North West,England,Borough,Labour,Lab,Labour,Lab,15,PP53,,,,,No,No,Dan,Carden,Male,Yes,Yes,4651,Yes,26032,-0.1177850000,0.7057420159410074282925771295
3594,20679,E14001340,E12000002,Liverpool Wavertree,North West,England,Borough,Independent,IND,,,,,,,,,Yes,No,Joe,Owens,Male,No,No,,No,108,,0.0027125455230440788647494663
3594,20680,E14001340,E12000002,Liverpool Wavertree,North West,England,Borough,Independent,IND,,,,,,,,,Yes,No,Mohamed,El Gadhy,Male,No,No,,No,566,,0.0142157478337310059022981288
3594,20681,E14001340,E12000002,Liverpool Wavertree,North West,England,Borough,Independent,IND,,,,,,,,,Yes,No,Ann,San,Female,No,No,,No,1191,,0.0299133492402360919251538365
3594,20682,E14001340,E12000002,Liverpool Wavertree,North West,England,Borough,Conservative,Con,Conservative,Con,4,PP52,,,,,No,No,Charlotte,Eagar,Female,No,No,,No,1887,-0.0483190000,0.0473941981665201557202059525
3594,20683,E14001340,E12000002,Liverpool Wavertree,North West,England,Borough,Liberal Democrat,LD,Liberal Democrat,LD,17,PP90,,,,,No,No,Rob,McAllister-Bell,Male,No,No,,No,2759,-0.0108160000,0.0692954916488760517392942358
3594,20684,E14001340,E12000002,Liverpool Wavertree,North West,England,Borough,Reform UK,RUK,Reform UK,RUK,1036,PP7931,,,,,No,No,Adam,Heatherington,Male,No,No,,No,3454,0.0498920000,0.0867512244129097073967097827
3594,20685,E14001340,E12000002,Liverpool Wavertree,North West,England,Borough,Green Party,Green,Green Party,Green,44,PP63,,,,,No,No,Tom,Crone,Male,No,No,,No,6773,0.1085760000,0.1701117669220143162124827326
3594,20686,E14001340,E12000002,Liverpool Wavertree,North West,England,Borough,Labour,Lab,Labour,Lab,15,PP53,,,,,No,No,Paula,Barker,Female,Yes,Yes,4828,Yes,23077,-0.1364400000,0.5796056762526685922391058646
3595,20687,E14001341,E12000002,Liverpool West Derby,North West,England,Borough,Liberal Democrat,LD,Liberal Democrat,LD,17,PP90,,,,,No,No,Kayleigh,Halpin,Female,No,No,,No,1276,0.0063480000,0.0335736462663789927906120086
3595,20688,E14001341,E12000002,Liverpool West Derby,North West,England,Borough,Conservative,Con,Conservative,Con,4,PP52,,,,,No,No,Charlotte,Duthie,Female,No,No,,No,1566,-0.0448660000,0.0412040204178287638793874651
3595,20689,E14001341,E12000002,Liverpool West Derby,North West,England,Borough,Liberal,Lib,Liberal,Lib,16,PP54,,,,,No,No,Steve,Radford,Male,No,No,,No,2336,0.0223200000,0.0614639793716781560806188497
3595,20690,E14001341,E12000002,Liverpool West Derby,North West,England,Borough,Green Party,Green,Green Party,Green,44,PP63,,,,,No,No,Maria,Coughlan,Female,No,No,,No,2647,0.0501820000,0.069646897858232910593064253
3595,20691,E14001341,E12000002,Liverpool West Derby,North West,England,Borough,Reform UK,RUK,Reform UK,RUK,1036,PP7931,,,,,No,No,Jack,Boyd,Male,No,No,,No,4879,0.0792190000,0.1283744671893911487659843183
3595,20692,E14001341,E12000002,Liverpool West Derby,North West,England,Borough,Labour,Lab,Labour,Lab,15,PP53,,,,,No,No,Ian,Byrne,Male,Yes,Yes,4831,Yes,25302,-0.1132030000,0.6657369888964900278903331053
3596,20693,S14000095,S92000003,Livingston,,Scotland,County,Alba Party,Alba,Alba Party,Alba,1034,PP12700,,,,,No,No,Debbie,Ewen,Female,No,No,,No,545,,0.0121543264942016057091882248
3596,20694,S14000095,S92000003,Livingston,,Scotland,County,Scottish Green Party,Green,Scottish Green Party,Green,1057,PP130,,,,,No,No,Cameron,Glasgow,Male,No,No,,No,1704,0.0121770000,0.038001784121320249776984835
3596,20695,S14000095,S92000003,Livingston,,Scotland,County,Liberal Democrat,LD,Liberal Democrat,LD,17,PP90,,,,,No,No,Caron,Lindsay,Female,No,No,,No,2025,-0.0168850000,0.0451605709188224799286351472
3596,20696,S14000095,S92000003,Livingston,,Scotland,County,Conservative,Con,Conservative,Con,4,PP52,,,,,No,No,Damian,Doran-Timson,Male,No,No,,No,3469,-0.1419080000,0.0773639607493309545049063336
3596,20697,S14000095,S92000003,Livingston,,Scotland,County,Reform UK,RUK,Reform UK,RUK,1036,PP7931,,,,,No,No,David,McLennan,Male,No,No,,No,3977,,0.0886931311329170383586083854
3596,20698,S14000095,S92000003,Livingston,,Scotland,County,Scottish National Party,SNP,Scottish National Party,SNP,29,PP102,,,,,No,No,Hannah,Bardell,Female,Yes,Yes,4486,No,14796,-0.1425770000,0.3299732381801962533452274755
3596,20699,S14000095,S92000003,Livingston,,Scotland,County,Labour,Lab,Labour,Lab,15,PP53,,,,,No,No,Gregor,Poynton,Male,No,No,5167,Yes,18324,0.1883460000,0.4086529884032114183764495986
3597,20700,W07000098,W92000004,Llanelli,,Wales,County,UK Independence Party,UKIP,UK Independence Party,UKIP,35,PP85,,,,,No,No,Stan,Robinson,Male,No,No,,No,600,,0.0147260946397015511486353819
3597,20701,W07000098,W92000004,Llanelli,,Wales,County,Green Party,Green,Green Party,Green,44,PP63,,,,,No,No,Karen,Laurence,Female,No,No,,No,1106,,0.0271451011191831926173178873
3597,20702,W07000098,W92000004,Llanelli,,Wales,County,Liberal Democrat,LD,Liberal Democrat,LD,17,PP90,,,,,No,No,Chris,Passmore,Male,No,No,,No,1254,,0.0307775377969762419006479482
3597,20703,W07000098,W92000004,Llanelli,,Wales,County,Conservative,Con,Conservative,Con,4,PP52,,,,,No,No,Charlie,Evans,Male,No,No,,No,4275,-0.2018070000,0.104923424307873551934027096
3597,20704,W07000098,W92000004,Llanelli,,Wales,County,Plaid Cymru,PC,Plaid Cymru,PC,22,PP77,,,,,No,No,Rhodri,Davies,Male,No,No,,No,9511,0.0220050000,0.2334331435303357549577851954
3597,20705,W07000098,W92000004,Llanelli,,Wales,County,Reform UK,RUK,Reform UK,RUK,1036,PP7931,,,,,No,No,Gareth,Beer,Male,No,No,,No,11247,0.1873460000,0.2760406440212055762811702337
3597,20706,W07000098,W92000004,Llanelli,,Wales,County,Labour,Lab,Labour,Lab,15,PP53,,,,,No,No,Nia,Griffith,Female,Yes,Yes,1541,Yes,12751,-0.0801930000,0.3129540545847241311604162576
3598,20707,S14000096,S92000003,Lothian East,,Scotland,County,Alba Party,Alba,Alba Party,Alba,1034,PP12700,,,,,No,No,George,Kerevan,Male,No,Yes,4416,No,557,,0.0115795601014510831150471914
3598,20708,S14000096,S92000003,Lothian East,,Scotland,County,Scottish Green Party,Green,Scottish Green Party,Green,1057,PP130,,,,,No,No,Shona,McIntosh,Female,No,No,,No,2477,,0.051494740343436863332085984
3598,20709,S14000096,S92000003,Lothian East,,Scotland,County,Liberal Democrat,LD,Liberal Democrat,LD,17,PP90,,,,,No,No,Duncan,Dunlop,Male,No,No,,No,2649,-0.0078120000,0.0550704752401147561431957091
3598,20710,S14000096,S92000003,Lothian East,,Scotland,County,Reform UK,RUK,Reform UK,RUK,1036,PP7931,,,,,No,No,Robert,Davies,Male,No,No,,No,3039,,0.0631782462267681177497817139
3598,20711,S14000096,S92000003,Lothian East,,Scotland,County,Conservative,Con,Conservative,Con,4,PP52,,,,,No,No,Scott,Hamilton,Male,No,No,,No,5535,-0.1597810000,0.1150679805413496320319321442
3598,20712,S14000096,S92000003,Lothian East,,Scotland,County,Scottish National Party,SNP,Scottish National Party,SNP,29,PP102,,,,,No,No,Lyn,Jardine,Female,No,No,,No,10290,-0.1340910000,0.2139204191093925408506922789
3598,20713,S14000096,S92000003,Lothian East,,Scotland,County,Labour / Co-operative Party,Lab / Co-op,Labour,Lab,15,PP53,Co-operative Party,Co-op,,,No,No,Douglas,Alexander,Male,No,Yes,632,Yes,23555,0.1851410000,0.4896885784374870067772649786
3599,20714,E14001342,E12000004,Loughborough,East Midlands,England,County,Liberal Democrat,LD,Liberal Democrat,LD,17,PP90,,,,,No,No,Ian,Sharpe,Male,No,No,,No,2561,-0.0156620000,0.0606024752123807946236304692
3599,20715,E14001342,E12000004,Loughborough,East Midlands,England,County,Green Party,Green,Green Party,Green,44,PP63,,,,,No,No,Hans,Zollinger-Ball,Male,No,No,,No,2956,0.0439400000,0.0699495965356492108189971367
3599,20716,E14001342,E12000004,Loughborough,East Midlands,England,County,Reform UK,RUK,Reform UK,RUK,1036,PP7931,,,,,No,No,Andy,McWilliam,Male,No,No,,No,7204,,0.170472562057786507016256892
3599,20717,E14001342,E12000004,Loughborough,East Midlands,England,County,Conservative,Con,Conservative,Con,4,PP52,,,,,No,No,Jane,Hunt,Female,Yes,Yes,4839,No,12289,-0.2148090000,0.2908019593459381433540784212
3599,20718,E14001342,E12000004,Loughborough,East Midlands,England,County,Labour,Lab,Labour,Lab,15,PP53,,,,,No,No,Jeevun,Sandher,Male,No,No,5259,Yes,17249,0.0206120000,0.4081734068482453441870370809
3600,20719,E14001343,E12000004,Louth and Horncastle,East Midlands,England,County,Social Democratic Party,SDP,Social Democratic Party,SDP,32,PP243,,,,,No,No,Marcus,Moorehouse,Male,No,No,,No,92,,0.0019793885410615546806084468
3600,20720,E14001343,E12000004,Louth and Horncastle,East Midlands,England,County,Official Monster Raving Loony Party,MRLP,Official Monster Raving Loony Party,MRLP,119,PP66,,,,,No,No,Iconic,Arty-Pole,Male,No,No,,No,309,-0.0138490000,0.0066481636868263086555218486
3600,20721,E14001343,E12000004,Louth and Horncastle,East Midlands,England,County,Independent,IND,,,,,,,,,Yes,No,Paul,Hugill,Male,No,No,,No,1359,,0.02923901116633318272768347
3600,20722,E14001343,E12000004,Louth and Horncastle,East Midlands,England,County,Liberal Democrat,LD,Liberal Democrat,LD,17,PP90,,,,,No,No,Ross,Pepper,Male,No,No,,No,2364,-0.0270050000,0.0508616794681469050538953076
3600,20723,E14001343,E12000004,Louth and Horncastle,East Midlands,England,County,Green Party,Green,Green Party,Green,44,PP63,,,,,No,No,Robert,Watson,Male,No,No,,No,2504,,0.0538737924654144882635168571
3600,20724,E14001343,E12000004,Louth and Horncastle,East Midlands,England,County,Labour,Lab,Labour,Lab,15,PP53,,,,,No,No,Jonathan,Slater,Male,No,No,,No,10475,0.0482750000,0.2253705974741281008627552228
3600,20725,E14001343,E12000004,Louth and Horncastle,East Midlands,England,County,Reform UK,RUK,Reform UK,RUK,1036,PP7931,,,,,No,No,Sean,Matthews,Male,No,No,,No,11935,,0.2567826330170614686202370963
3600,20726,E14001343,E12000004,Louth and Horncastle,East Midlands,England,County,Conservative,Con,Conservative,Con,4,PP52,,,,,No,No,Victoria,Atkins,Female,Yes,Yes,4399,Yes,17441,-0.3492950000,0.3752447341810279911357817509
3601,20727,E14001344,E12000006,Lowestoft,East of England,England,County,Liberal Democrat,LD,Liberal Democrat,LD,17,PP90,,,,,No,No,Adam,Robertson,Male,No,No,,No,1489,-0.0158020000,0.0356015684774292272379495027
3601,20728,E14001344,E12000006,Lowestoft,East of England,England,County,Green Party,Green,Green Party,Green,44,PP63,,,,,No,No,Toby,Hammond,Male,No,No,,No,3095,0.0219580000,0.0740005738332058148431522571
3601,20729,E14001344,E12000006,Lowestoft,East of England,England,County,Reform UK,RUK,Reform UK,RUK,1036,PP7931,,,,,No,No,June,Mummery,Female,No,No,,No,10328,,0.2469395562356541698546289212
3601,20730,E14001344,E12000006,Lowestoft,East of England,England,County,Conservative,Con,Conservative,Con,4,PP52,,,,,No,No,Peter,Aldous,Male,Yes,Yes,4069,No,12448,-0.3115460000,0.2976281560826319816373374139
3601,20731,E14001344,E12000006,Lowestoft,East of England,England,County,Labour,Lab,Labour,Lab,15,PP53,,,,,No,No,Jess,Asato,Female,No,No,5156,Yes,14464,0.0638490000,0.3458301453710788064269319051
3602,20732,E14001345,E12000006,Luton North,East of England,England,Borough,Social Democratic Party,SDP,Social Democratic Party,SDP,32,PP243,,,,,No,No,Paul,Trathen,Male,No,No,,No,98,,0.0025293586269196025293586269
3602,20733,E14001345,E12000006,Luton North,East of England,England,Borough,Liberal Democrat,LD,Liberal Democrat,LD,17,PP90,,,,,No,No,Sean,Prendergast,Male,No,No,,No,1890,0.0025150000,0.0487804878048780487804878049
3602,20734,E14001345,E12000006,Luton North,East of England,England,Borough,Green Party,Green,Green Party,Green,44,PP63,,,,,No,No,Ejel,Khan,Male,No,No,,No,1940,0.0314120000,0.0500709769002451929281197574
3602,20735,E14001345,E12000006,Luton North,East of England,England,Borough,Workers Party of Britain,WPB,Workers Party of Britain,WPB,1042,PP11382,,,,,No,No,Waheed,Akbar,Male,No,No,,No,3914,,0.1010194863853400438766292425
3602,20736,E14001345,E12000006,Luton North,East of England,England,Borough,Independent,IND,,,,,,,,,Yes,No,Toqueer,Shah,Male,No,No,,No,4393,,0.1133823719189572848109433475
3602,20737,E14001345,E12000006,Luton North,East of England,England,Borough,Reform UK,RUK,Reform UK,RUK,1036,PP7931,,,,,No,No,James,Fletcher,Male,No,No,,No,4666,0.0908470000,0.1204284423796618918570138082
3602,20738,E14001345,E12000006,Luton North,East of England,England,Borough,Conservative,Con,Conservative,Con,4,PP52,,,,,No,No,Jilleane,Brown,Female,No,No,,No,7167,-0.1575870000,0.1849787069299264421215640728
3602,20739,E14001345,E12000006,Luton North,East of England,England,Borough,Labour,Lab,Labour,Lab,15,PP53,,,,,No,No,Sarah,Owen,Female,Yes,Yes,4777,Yes,14677,-0.1597640000,0.3788101690540714930958833398
3603,20740,E14001346,E12000006,Luton South and South Bedfordshire,East of England,England,County,Liberal Democrat,LD,Liberal Democrat,LD,17,PP90,,,,,No,No,Dominic,Griffiths,Male,No,No,,No,2400,0.0575400000,0.0625293106143504767859934344
3603,20741,E14001346,E12000006,Luton South and South Bedfordshire,East of England,England,County,Green Party,Green,Green Party,Green,44,PP63,,,,,No,No,Edward,Carpenter,Male,No,No,,No,2401,0.0359260000,0.0625553644937731228179875984
3603,20742,E14001346,E12000006,Luton South and South Bedfordshire,East of England,England,County,Workers Party of Britain,WPB,Workers Party of Britain,WPB,1042,PP11382,,,,,No,No,Yasin,Rehman,Male,No,No,,No,3110,,0.0810275650044291595018498254
3603,20743,E14001346,E12000006,Luton South and South Bedfordshire,East of England,England,County,Reform UK,RUK,Reform UK,RUK,1036,PP7931,,,,,No,No,Norman,Maclean,Male,No,No,,No,4759,0.0907970000,0.1239904121723724662602261477
3603,20744,E14001346,E12000006,Luton South and South Bedfordshire,East of England,England,County,Independent,IND,,,,,,,,,Yes,No,Attiq,Malik,Male,No,No,,No,5384,,0.1402740868115262362565786046
3603,20745,E14001346,E12000006,Luton South and South Bedfordshire,East of England,England,County,Conservative,Con,Conservative,Con,4,PP52,,,,,No,No,Mark,Versallion,Male,No,No,,No,6735,-0.1765450000,0.1754728779115210254806940753
3603,20746,E14001346,E12000006,Luton South and South Bedfordshire,East of England,England,County,Labour,Lab,Labour,Lab,15,PP53,,,,,No,No,Rachel,Hopkins,Female,Yes,Yes,4873,Yes,13593,-0.1323680000,0.3541503829920275128966703142
3604,20747,E14001347,E12000002,Macclesfield,North West,England,County,Social Democratic Party,SDP,Social Democratic Party,SDP,32,PP243,,,,,No,No,Dickie,Fletcher,Male,No,No,,No,222,,0.0042051826034247613274738597
3604,20748,E14001347,E12000002,Macclesfield,North West,England,County,Independent,IND,,,,,,,,,Yes,No,Christopher,Wellavize,Male,No,No,,No,779,,0.0147560236399454462797393544
3604,20749,E14001347,E12000002,Macclesfield,North West,England,County,Liberal Democrat,LD,Liberal Democrat,LD,17,PP90,,,,,No,No,Neil,Christian,Male,No,No,,No,2482,-0.0585040000,0.0470146991968480072738293681
3604,20750,E14001347,E12000002,Macclesfield,North West,England,County,Green Party,Green,Green Party,Green,44,PP63,,,,,No,No,Amanda,Iremonger,Female,No,No,,No,2493,0.0043400000,0.0472230641006213062585240188
3604,20751,E14001347,E12000002,Macclesfield,North West,England,County,Reform UK,RUK,Reform UK,RUK,1036,PP7931,,,,,No,No,Steve,Broadhurst,Male,No,No,,No,6592,,0.1248674041521442642824670405
3604,20752,E14001347,E12000002,Macclesfield,North West,England,County,Conservative,Con,Conservative,Con,4,PP52,,,,,No,No,David,Rutley,Male,Yes,Yes,4033,No,15552,-0.2306290000,0.2945900894074859827246552508
3604,20753,E14001347,E12000002,Macclesfield,North West,England,County,Labour,Lab,Labour,Lab,15,PP53,,,,,No,No,Tim,Roca,Male,No,No,5287,Yes,24672,0.1409660000,0.4673435368995302318533111077
3605,20754,E14001348,E12000008,Maidenhead,South East,England,County,Independent,IND,,,,,,,,,Yes,No,Qazi,Irshad,Male,No,No,,No,431,,0.0085636511752667448190903853
3605,20755,E14001348,E12000008,Maidenhead,South East,England,County,Social Democratic Party,SDP,Social Democratic Party,SDP,32,PP243,,,,,No,No,Tim,Burt,Male,No,No,,No,518,,0.0102922768185340459774682589
3605,20756,E14001348,E12000008,Maidenhead,South East,England,County,Independent,IND,,,,,,,,,Yes,No,George,Wright,Male,No,No,,No,791,,0.0157165848715452323709988277
3605,20757,E14001348,E12000008,Maidenhead,South East,England,County,Green Party,Green,Green Party,Green,44,PP63,,,,,No,No,Andrew,Cooney,Male,No,No,,No,1996,0.0020070000,0.0396590434938107254266923642
3605,20758,E14001348,E12000008,Maidenhead,South East,England,County,Labour,Lab,Labour,Lab,15,PP53,,,,,No,No,Jo,Smith,Female,No,No,,No,5766,-0.0357260000,0.1145661547020604422897335532
3605,20759,E14001348,E12000008,Maidenhead,South East,England,County,Conservative,Con,Conservative,Con,4,PP52,,,,,No,No,Tania,Mathias,Female,No,Yes,4404,No,18932,-0.1978030000,0.3761648353831786842575850901
3605,20760,E14001348,E12000008,Maidenhead,South East,England,County,Liberal Democrat,LD,Liberal Democrat,LD,17,PP90,,,,,No,No,Joshua,Reynolds,Male,No,No,5343,Yes,21895,0.1969500000,0.4350374535556041248584315206
3606,20761,E14001349,E12000008,Maidstone and Malling,South East,England,County,British Democratic Party,BDP,British Democratic Party,BDP,200,PP1765,,,,,No,No,Gary,Butler,Male,No,No,,No,156,,0.0033628661967276725085688418
3606,20762,E14001349,E12000008,Maidstone and Malling,South East,England,County,Independent,IND,,,,,,,,,Yes,No,Yolande,Kenward,Female,No,No,,No,197,,0.0042466964150984069499234732
3606,20763,E14001349,E12000008,Maidstone and Malling,South East,England,County,Green Party,Green,Green Party,Green,44,PP63,,,,,No,No,Stuart,Jeffery,Male,No,No,,No,3727,0.0419020000,0.0803423225333592015348466231
3606,20764,E14001349,E12000008,Maidstone and Malling,South East,England,County,Liberal Democrat,LD,Liberal Democrat,LD,17,PP90,,,,,No,No,David,Naghi,Male,No,No,,No,6375,-0.0489290000,0.1374248205393520015520920908
3606,20765,E14001349,E12000008,Maidstone and Malling,South East,England,County,Reform UK,RUK,Reform UK,RUK,1036,PP7931,,,,,No,No,Paul,Thomas,Male,No,No,,No,9316,,0.200823471081506391601457242
3606,20766,E14001349,E12000008,Maidstone and Malling,South East,England,County,Labour,Lab,Labour,Lab,15,PP53,,,,,No,No,Maureen,Cleator,Female,No,No,,No,12472,0.0849770000,0.2688568410614585354286576559
3606,20767,E14001349,E12000008,Maidstone and Malling,South East,England,County,Conservative,Con,Conservative,Con,4,PP52,,,,,No,No,Helen,Grant,Female,Yes,Yes,4018,Yes,14146,-0.2790630000,0.3049429821724977904244540732
3607,20768,E14001350,E12000002,Makerfield,North West,England,Borough,English Democrats,ED,English Democrats,ED,90,PP17,,,,,No,No,Thomas,Bryer,Male,No,No,,No,368,,0.0091399051238109430494498671
3607,20769,E14001350,E12000002,Makerfield,North West,England,Borough,Green Party,Green,Green Party,Green,44,PP63,,,,,No,No,Maria,Deery,Female,No,No,,No,1776,0.0182780000,0.0441099769018702034125624022
3607,20770,E14001350,E12000002,Makerfield,North West,England,Borough,Liberal Democrat,LD,Liberal Democrat,LD,17,PP90,,,,,No,No,John,Skipworth,Male,No,No,,No,2735,0.0200530000,0.0679283709609318729354494201
3607,20771,E14001350,E12000002,Makerfield,North West,England,Borough,Conservative,Con,Conservative,Con,4,PP52,,,,,No,No,Simon,Finkelstein,Male,No,No,,No,4379,-0.2341220000,0.1087599036336090206889700221
3607,20772,E14001350,E12000002,Makerfield,North West,England,Borough,Reform UK,RUK,Reform UK,RUK,1036,PP7931,,,,,No,No,Robert,Kenyon,Male,No,No,,No,12803,0.1872290000,0.3179842535330203909296376326
3607,20773,E14001350,E12000002,Makerfield,North West,England,Borough,Labour,Lab,Labour,Lab,15,PP53,,,,,No,No,Josh,Simons,Male,No,No,5060,Yes,18202,-0.0005790000,0.4520775898467575689839306559
3608,20774,E14001351,E12000006,Maldon,East of England,England,County,Green Party,Green,Green Party,Green,44,PP63,,,,,No,No,Isobel,Doubleday,Female,No,No,,No,2300,0.0116800000,0.046146746654360867558837102
3608,20775,E14001351,E12000006,Maldon,East of England,England,County,Liberal Democrat,LD,Liberal Democrat,LD,17,PP90,,,,,No,No,Simon,Burwood,Male,No,No,,No,5882,0.0012270000,0.1180152886178046186874260147
3608,20776,E14001351,E12000006,Maldon,East of England,England,County,Labour,Lab,Labour,Lab,15,PP53,,,,,No,No,Onike,Gollo,Female,No,No,,No,9817,0.0705330000,0.1969663530025481029674364479
3608,20777,E14001351,E12000006,Maldon,East of England,England,County,Reform UK,RUK,Reform UK,RUK,1036,PP7931,,,,,No,No,Pamela,Walford,Female,No,No,,No,12468,,0.2501554944724223029232960815
3608,20778,E14001351,E12000006,Maldon,East of England,England,County,Conservative,Con,Conservative,Con,4,PP52,,,,,No,No,John,Whittingdale,Male,Yes,Yes,39,Yes,19374,-0.3335950000,0.3887161172528641078630043538
3609,20779,E14001352,E12000002,Manchester Central,North West,England,Borough,Independent,IND,,,,,,,,,Yes,No,Albati,Kalonda,Female,No,No,,No,59,,0.0014852108244178728760226558
3609,20780,E14001352,E12000002,Manchester Central,North West,England,Borough,Communist Future,CF,Communist Future,CF,1080,PP17412,,,,,No,No,Caitriona,Rylance,Female,No,No,,No,131,,0.0032976714915040906230333543
3609,20781,E14001352,E12000002,Manchester Central,North West,England,Borough,Independent,IND,,,,,,,,,Yes,No,Sabeena,Khan,Female,No,No,,No,202,,0.0050849590937696664568911265
3609,20782,E14001352,E12000002,Manchester Central,North West,England,Borough,Social Democratic Party,SDP,Social Democratic Party,SDP,32,PP243,,,,,No,No,Sebastian,Moore,Male,No,No,,No,240,,0.0060415355569540591567023285
3609,20783,E14001352,E12000002,Manchester Central,North West,England,Borough,Workers Party of Britain,WPB,Workers Party of Britain,WPB,1042,PP11382,,,,,No,No,Parham,Hashemi,Male,No,No,,No,1888,,0.0475267463813719320327249843
3609,20784,E14001352,E12000002,Manchester Central,North West,England,Borough,Conservative,Con,Conservative,Con,4,PP52,,,,,No,No,Scott,Smith,Male,No,No,,No,2823,-0.1389170000,0.0710635619886721208307111391
3609,20785,E14001352,E12000002,Manchester Central,North West,England,Borough,Liberal Democrat,LD,Liberal Democrat,LD,17,PP90,,,,,No,No,Chris,Northwood,Female,No,No,,No,3051,0.0163040000,0.0768030207677784770295783512
3609,20786,E14001352,E12000002,Manchester Central,North West,England,Borough,Reform UK,RUK,Reform UK,RUK,1036,PP7931,,,,,No,No,David,Brown,Male,No,No,,No,4760,0.0754810000,0.1198237885462555066079295154
3609,20787,E14001352,E12000002,Manchester Central,North West,England,Borough,Green Party,Green,Green Party,Green,44,PP63,,,,,No,No,Ekua,Bayunu,Female,No,No,,No,6387,0.1321490000,0.1607803650094398993077407174
3609,20788,E14001352,E12000002,Manchester Central,North West,England,Borough,Labour / Co-operative Party,Lab / Co-op,Labour,Lab,15,PP53,Co-operative Party,Co-op,,,No,No,Lucy,Powell,Female,Yes,Yes,4263,Yes,20184,-0.1458100000,0.5080931403398363750786658276
3610,20789,E14001353,E12000002,Manchester Rusholme,North West,England,Borough,Communist League Election Campaign,Comm L,Communist League Election Campaign,Comm L,77,PP12791,,,,,No,No,Peter,Clifford,Male,No,No,,No,167,,0.0057520752247442565356663107
3610,20790,E14001353,E12000002,Manchester Rusholme,North West,England,Borough,Independent,IND,,,,,,,,,Yes,No,Faraz,Bhatti,Male,No,No,,No,342,,0.0117796989632487169772328041
3610,20791,E14001353,E12000002,Manchester Rusholme,North West,England,Borough,Reform UK,RUK,Reform UK,RUK,1036,PP7931,,,,,No,No,Joel,McGuigan,Male,No,No,,No,1313,0.0048490000,0.0452243998208934660558674612
3610,20792,E14001353,E12000002,Manchester Rusholme,North West,England,Borough,Conservative,Con,Conservative,Con,4,PP52,,,,,No,No,Alexandra,Marsanu,Female,No,No,,No,1678,-0.0331900000,0.05779630076120276926256329
3610,20793,E14001353,E12000002,Manchester Rusholme,North West,England,Borough,Workers Party of Britain,WPB,Workers Party of Britain,WPB,1042,PP11382,,,,,No,No,Mohhamed,Bilal,Male,No,No,,No,3660,,0.126063445045293286949333517
3610,20794,E14001353,E12000002,Manchester Rusholme,North West,England,Borough,Green Party,Green,Green Party,Green,44,PP63,,,,,No,No,Thirza,Asanga-Rae,Female,No,No,,No,6819,0.1923040000,0.2348706644163538042916681018
3610,20795,E14001353,E12000002,Manchester Rusholme,North West,England,Borough,Labour,Lab,Labour,Lab,15,PP53,,,,,No,No,Afzal,Khan,Male,Yes,Yes,4671,Yes,15054,-0.2674090000,0.5185134157682636999276685151
3611,20796,E14001354,E12000002,Manchester Withington,North West,England,Borough,Social Democratic Party,SDP,Social Democratic Party,SDP,32,PP243,,,,,No,No,Wendy,Andrew,Female,No,No,,No,154,,0.0036903021734442021518775011
3611,20797,E14001354,E12000002,Manchester Withington,North West,England,Borough,Workers Party of Britain,WPB,Workers Party of Britain,WPB,1042,PP11382,,,,,No,No,Lizzie,Greenwood,Female,No,No,,No,1774,,0.0425103639979871079053940716
3611,20798,E14001354,E12000002,Manchester Withington,North West,England,Borough,Reform UK,RUK,Reform UK,RUK,1036,PP7931,,,,,No,No,Kaine,Williams,Male,No,No,,No,1961,0.0215060000,0.0469914452085979248041024658
3611,20799,E14001354,E12000002,Manchester Withington,North West,England,Borough,Conservative,Con,Conservative,Con,4,PP52,,,,,No,No,Sarah,Garcia De Bustos,Female,No,No,,No,2280,-0.0579680000,0.0546356425678752006901344324
3611,20800,E14001354,E12000002,Manchester Withington,North West,England,Borough,Liberal Democrat,LD,Liberal Democrat,LD,17,PP90,,,,,No,No,Richard,Kilpatrick,Male,No,No,,No,5412,-0.0270180000,0.1296877620953248184802664686
3611,20801,E14001354,E12000002,Manchester Withington,North West,England,Borough,Green Party,Green,Green Party,Green,44,PP63,,,,,No,No,Sam,Easterby-Smith,Male,No,No,,No,8084,0.1532500000,0.1937169011046943519206345403
3611,20802,E14001354,E12000002,Manchester Withington,North West,England,Borough,Labour,Lab,Labour,Lab,15,PP53,,,,,No,No,Jeff,Smith,Male,Yes,Yes,4456,Yes,22066,-0.1359710000,0.5287675828520763940475905202
3612,20803,E14001355,E12000004,Mansfield,East Midlands,England,County,Independent,IND,,,,,,,,,Yes,No,Zen,Bilas,Male,No,No,,No,85,,0.0020687808795969528074573466
3612,20804,E14001355,E12000004,Mansfield,East Midlands,England,County,Trade Unionist and Socialist Coalition,TUSC,Trade Unionist and Socialist Coalition,TUSC,157,PP804,,,,,No,No,Karen,Seymour,Female,No,No,,No,123,,0.0029936476257697081802029839
3612,20805,E14001355,E12000004,Mansfield,East Midlands,England,County,Independent,IND,,,,,,,,,Yes,No,Wesley,Milligan,Male,No,No,,No,335,,0.0081534305254703434176260131
3612,20806,E14001355,E12000004,Mansfield,East Midlands,England,County,Socialist Labour Party,SL,Socialist Labour Party,SL,147,PP73,,,,,No,No,Peter,Dean,Male,No,No,,No,423,,0.0102952272008177769124053837
3612,20807,E14001355,E12000004,Mansfield,East Midlands,England,County,Liberal Democrat,LD,Liberal Democrat,LD,17,PP90,,,,,No,No,Michael,Wyatt,Male,No,No,,No,799,-0.0134570000,0.0194465402682113563900990581
3612,20808,E14001355,E12000004,Mansfield,East Midlands,England,County,Green Party,Green,Green Party,Green,44,PP63,,,,,No,No,Phil,Shields,Male,No,No,,No,1326,,0.0322729817217124637963346071
3612,20809,E14001355,E12000004,Mansfield,East Midlands,England,County,Reform UK,RUK,Reform UK,RUK,1036,PP7931,,,,,No,No,Matthew,Warnes,Male,No,No,,No,9385,,0.22841774770608708350573174
3612,20810,E14001355,E12000004,Mansfield,East Midlands,England,County,Conservative,Con,Conservative,Con,4,PP52,,,,,No,No,Ben,Bradley,Male,Yes,Yes,4663,No,12563,-0.3376100000,0.3057658140044296249421958284
3612,20811,E14001355,E12000004,Mansfield,East Midlands,England,County,Labour,Lab,Labour,Lab,15,PP53,,,,,No,No,Steve,Yemm,Male,No,No,5194,Yes,16048,0.0874970000,0.3905858300679046900479470392
3613,20812,E14001356,E12000009,Melksham and Devizes,South West,England,County,Green Party,Green,Green Party,Green,44,PP63,,,,,No,No,Catherine,Read,Female,No,No,,No,2229,0.0139080000,0.0435326055113958166513680839
3613,20813,E14001356,E12000009,Melksham and Devizes,South West,England,County,Labour,Lab,Labour,Lab,15,PP53,,,,,No,No,Kerry,Postlewhite,Female,No,No,,No,4587,-0.0303140000,0.0895845946526570708747534324
3613,20814,E14001356,E12000009,Melksham and Devizes,South West,England,County,Reform UK,RUK,Reform UK,RUK,1036,PP7931,,,,,No,No,Malcolm,Cupis,Male,No,No,,No,6726,,0.1313594906548444427084350526
3613,20815,E14001356,E12000009,Melksham and Devizes,South West,England,County,Conservative,Con,Conservative,Con,4,PP52,,,,,No,No,Michelle,Donelan,Female,Yes,Yes,4530,No,17630,-0.2336020000,0.3443157627482764681756928305
3613,20816,E14001356,E12000009,Melksham and Devizes,South West,England,County,Liberal Democrat,LD,Liberal Democrat,LD,17,PP90,,,,,No,No,Brian,Mathew,Male,No,No,5214,Yes,20031,0.1186480000,0.3912075464328262015897506006
3614,20817,E14001357,E12000004,Melton and Syston,East Midlands,England,County,Rejoin EU,REU,Rejoin EU,REU,1040,PP11423,,,,,No,No,Matt,Shouler,Male,No,No,,No,288,,0.0062627756273648501717914148
3614,20818,E14001357,E12000004,Melton and Syston,East Midlands,England,County,Alliance for Democracy and Freedom,ADF,Alliance for Democracy and Freedom,ADF,1075,PP10288,,,,,No,No,Teck,Khong,Male,No,No,,No,348,,0.0075675205497325272909146262
3614,20819,E14001357,E12000004,Melton and Syston,East Midlands,England,County,Independent,IND,,,,,,,,,Yes,No,Marilyn,Gordon,Female,No,No,,No,517,,0.011242552081068151176445005
3614,20820,E14001357,E12000004,Melton and Syston,East Midlands,England,County,Liberal Democrat,LD,Liberal Democrat,LD,17,PP90,,,,,No,No,Andy,Konieczko,Male,No,No,,No,2547,-0.0217190000,0.0553864219545078937067803244
3614,20821,E14001357,E12000004,Melton and Syston,East Midlands,England,County,Green Party,Green,Green Party,Green,44,PP63,,,,,No,No,Alastair,McQuillan,Male,No,No,,No,3685,0.0247470000,0.0801330839820815030661505676
3614,20822,E14001357,E12000004,Melton and Syston,East Midlands,England,County,Reform UK,RUK,Reform UK,RUK,1036,PP7931,,,,,No,No,Pete,Morris,Male,No,No,,No,8945,,0.1945157221763145305092854347
3614,20823,E14001357,E12000004,Melton and Syston,East Midlands,England,County,Labour,Lab,Labour,Lab,15,PP53,,,,,No,No,Zafran,Khan,Male,No,No,,No,12130,0.0288410000,0.2637759318053320575827425738
3614,20824,E14001357,E12000004,Melton and Syston,East Midlands,England,County,Conservative,Con,Conservative,Con,4,PP52,,,,,No,No,Edward,Argar,Male,Yes,Yes,4362,Yes,17526,-0.2514580000,0.3811159918235984864958900535
3615,20825,E14001358,E12000005,Meriden and Solihull East,West Midlands,England,County,Green Party,Green,Green Party,Green,44,PP63,,,,,No,No,Shesh,Sheshabhatter,Male,No,No,,No,2929,0.0345540000,0.0665152719427727943681162711
3615,20826,E14001358,E12000005,Meriden and Solihull East,West Midlands,England,County,Liberal Democrat,LD,Liberal Democrat,LD,17,PP90,,,,,No,No,Sunny,Virk,Male,No,No,,No,3353,-0.0594290000,0.0761439763824230725559214261
3615,20827,E14001358,E12000005,Meriden and Solihull East,West Midlands,England,County,Reform UK,RUK,Reform UK,RUK,1036,PP7931,,,,,No,No,Malcolm,Sedgley,Male,No,No,,No,8753,,0.1987737027364596343817417963
3615,20828,E14001358,E12000005,Meriden and Solihull East,West Midlands,England,County,Labour,Lab,Labour,Lab,15,PP53,,,,,No,No,Sarah,Alan,Female,No,No,,No,12208,0.0687790000,0.2772340183944589531054842739
3615,20829,E14001358,E12000005,Meriden and Solihull East,West Midlands,England,County,Conservative,Con,Conservative,Con,4,PP52,,,,,No,No,Saqib,Bhatti,Male,Yes,Yes,4818,Yes,16792,-0.2426780000,0.3813330305438855455887362325
3616,20830,W07000099,W92000004,Merthyr Tydfil and Aberdare,,Wales,County,Communist Party of Britain,Comm,Communist Party of Britain,Comm,76,PP78,,,,,No,No,Bob,Davenport,Male,No,No,,No,212,,0.0060201618628425386908987647
3616,20831,W07000099,W92000004,Merthyr Tydfil and Aberdare,,Wales,County,Independent,IND,,,,,,,,,Yes,No,Lorezo,De Gregori,Male,No,No,,No,375,,0.0106488712196507170239954565
3616,20832,W07000099,W92000004,Merthyr Tydfil and Aberdare,,Wales,County,Workers Party of Britain,WPB,Workers Party of Britain,WPB,1042,PP11382,,,,,No,No,Anthony,Cole,Male,No,No,,No,531,,0.0150788016470254153059775664
3616,20833,W07000099,W92000004,Merthyr Tydfil and Aberdare,,Wales,County,Green Party,Green,Green Party,Green,44,PP63,,,,,No,No,Peter,Griffin,Male,No,No,,No,1231,,0.0349566945903734204174357518
3616,20834,W07000099,W92000004,Merthyr Tydfil and Aberdare,,Wales,County,Liberal Democrat,LD,Liberal Democrat,LD,17,PP90,,,,,No,No,Jade,Smith,Female,No,No,,No,1276,0.0029680000,0.0362345591367315064603152066
3616,20835,W07000099,W92000004,Merthyr Tydfil and Aberdare,,Wales,County,Conservative,Con,Conservative,Con,4,PP52,,,,,No,No,Amanda,Jenner,Female,No,No,,No,2687,-0.1297470000,0.0763027119125372710492687775
3616,20836,W07000099,W92000004,Merthyr Tydfil and Aberdare,,Wales,County,Plaid Cymru,PC,Plaid Cymru,PC,22,PP77,,,,,No,No,Francis,Whitefoot,Male,No,No,,No,4768,0.0539000000,0.1353968479341189833877608973
3616,20837,W07000099,W92000004,Merthyr Tydfil and Aberdare,,Wales,County,Reform UK,RUK,Reform UK,RUK,1036,PP7931,,,,,No,No,Gareth,Thomas,Male,No,No,,No,8344,0.1297430000,0.2369444838847082209285815704
3616,20838,W07000099,W92000004,Merthyr Tydfil and Aberdare,,Wales,County,Labour,Lab,Labour,Lab,15,PP53,,,,,No,No,Gerald,Jones,Male,Yes,Yes,4501,Yes,15791,-0.0687270000,0.4484168678120119267357660088
3617,20839,W07000100,W92000004,Mid and South Pembrokeshire,,Wales,County,Women's Equality Party,WEP,Women's Equality Party,WEP,260,PP2755,,,,,No,No,Hanna,Andersen,Female,No,No,,No,254,,0.0054472538548971669990778271
3617,20840,W07000100,W92000004,Mid and South Pembrokeshire,,Wales,County,Independent,IND,,,,,,,,,Yes,No,Vusi,Siphika,Male,No,No,,No,427,,0.0091573913229964185378198117
3617,20841,W07000100,W92000004,Mid and South Pembrokeshire,,Wales,County,Green Party,Green,Green Party,Green,44,PP63,,,,,No,No,James,Purchase,Male,No,No,,No,1654,,0.0354714877007870638443886852
3617,20842,W07000100,W92000004,Mid and South Pembrokeshire,,Wales,County,Liberal Democrat,LD,Liberal Democrat,LD,17,PP90,,,,,No,No,Alistair,Cameron,Male,No,No,,No,2372,0.0048270000,0.0508696304874648823693409681
3617,20843,W07000100,W92000004,Mid and South Pembrokeshire,,Wales,County,Plaid Cymru,PC,Plaid Cymru,PC,22,PP77,,,,,No,No,Cris,Tomos,Male,No,No,,No,2962,0.0104580000,0.0635227004653756246112934011
3617,20844,W07000100,W92000004,Mid and South Pembrokeshire,,Wales,County,Reform UK,RUK,Reform UK,RUK,1036,PP7931,,,,,No,No,Stuart,Marchant,Male,No,No,,No,7828,,0.1678783589611615089322095692
3617,20845,W07000100,W92000004,Mid and South Pembrokeshire,,Wales,County,Conservative,Con,Conservative,Con,4,PP52,,,,,No,No,Stephen,Crabb,Male,Yes,Yes,1554,No,14627,-0.2151720000,0.3136889060455939436831156576
3617,20846,W07000100,W92000004,Mid and South Pembrokeshire,,Wales,County,Labour,Lab,Labour,Lab,15,PP53,,,,,No,No,Henry,Tufnell,Male,No,No,5121,Yes,16505,-0.0180680000,0.3539642711617233910227540801
3618,20847,E14001359,E12000006,Mid Bedfordshire,East of England,England,County,Social Democratic Party,SDP,Social Democratic Party,SDP,32,PP243,,,,,No,No,Richard,Brunning,Male,No,No,,No,172,,0.0034662743596461175711896173
3618,20848,E14001359,E12000006,Mid Bedfordshire,East of England,England,County,Independent,IND,,,,,,,,,Yes,No,Gareth,Mackey,Male,No,No,,No,1700,,0.034259688438362789947804357
3618,20849,E14001359,E12000006,Mid Bedfordshire,East of England,England,County,Green Party,Green,Green Party,Green,44,PP63,,,,,No,No,Cade,Sibley,Male,No,No,,No,2584,0.0131460000,0.0520747264263114407206626227
3618,20850,E14001359,E12000006,Mid Bedfordshire,East of England,England,County,Liberal Democrat,LD,Liberal Democrat,LD,17,PP90,,,,,No,No,Stuart,Roberts,Male,No,No,,No,4068,-0.0431040000,0.0819814191572116644162753673
3618,20851,E14001359,E12000006,Mid Bedfordshire,East of England,England,County,Reform UK,RUK,Reform UK,RUK,1036,PP7931,,,,,No,No,Dave,Holland,Male,No,No,,No,8594,,0.1731928014348763628302533202
3618,20852,E14001359,E12000006,Mid Bedfordshire,East of England,England,County,Labour,Lab,Labour,Lab,15,PP53,,,,,No,No,Maahwish,Mirza,Female,No,No,,No,15591,0.1091360000,0.3142016484955966223977751355
3618,20853,E14001359,E12000006,Mid Bedfordshire,East of England,England,County,Conservative,Con,Conservative,Con,4,PP52,,,,,No,No,Blake,Stephenson,Male,No,No,5100,Yes,16912,-0.2638330000,0.34082344168799500211603958
3619,20854,E14001360,E12000008,Mid Buckinghamshire,South East,England,County,Climate Party,Cli,Climate Party,Cli,1053,PP12958,,,,,No,No,Wisdom,Da Costa,Male,No,No,,No,147,,0.0027246946303126911456692184
3619,20855,E14001360,E12000008,Mid Buckinghamshire,South East,England,County,Social Democratic Party,SDP,Social Democratic Party,SDP,32,PP243,,,,,No,No,Yvonne,Wilding,Female,No,No,,No,337,,0.0062464087783358973883709292
3619,20856,E14001360,E12000008,Mid Buckinghamshire,South East,England,County,Green Party,Green,Green Party,Green,44,PP63,,,,,No,No,Greg,Smith,Male,No,No,,No,2942,0.0272920000,0.0545309632814961724527812274
3619,20857,E14001360,E12000008,Mid Buckinghamshire,South East,England,County,Reform UK,RUK,Reform UK,RUK,1036,PP7931,,,,,No,No,Stephanie,Harwood,Female,No,No,,No,6926,0.1197270000,0.1283757483642564549313265741
3619,20858,E14001360,E12000008,Mid Buckinghamshire,South East,England,County,Labour,Lab,Labour,Lab,15,PP53,,,,,No,No,Carissma,Griffiths,Female,No,No,,No,9171,0.0172300000,0.1699875813237938129043020519
3619,20859,E14001360,E12000008,Mid Buckinghamshire,South East,England,County,Liberal Democrat,LD,Liberal Democrat,LD,17,PP90,,,,,No,No,Anja,Schaefer,Female,No,No,,No,14278,0.0678120000,0.2646475505551333617541843525
3619,20860,E14001360,E12000008,Mid Buckinghamshire,South East,England,County,Conservative,Con,Conservative,Con,4,PP52,,,,,No,No,Greg,Smith,Male,Yes,Yes,4778,Yes,20150,-0.2410310000,0.3734870530666716094233656466
3620,20861,E14001361,E12000002,Mid Cheshire,North West,England,County,Independent,IND,,,,,,,,,Yes,No,Stella,Mellor,Female,No,No,,No,273,,0.0065768869401816473535859693
3620,20862,E14001361,E12000002,Mid Cheshire,North West,England,County,Independent,IND,,,,,,,,,Yes,No,Helen,Clawson,Female,No,No,,No,850,,0.0204774868100893782071358019
3620,20863,E14001361,E12000002,Mid Cheshire,North West,England,County,Green Party,Green,Green Party,Green,44,PP63,,,,,No,No,Mark,Green,Male,No,No,,No,1967,0.0277530000,0.0473873135946421258040424968
3620,20864,E14001361,E12000002,Mid Cheshire,North West,England,County,Liberal Democrat,LD,Liberal Democrat,LD,17,PP90,,,,,No,No,Jack,Price-Harbach,Male,No,No,,No,2465,-0.0244830000,0.0593847117492591968006938254
3620,20865,E14001361,E12000002,Mid Cheshire,North West,England,County,Reform UK,RUK,Reform UK,RUK,1036,PP7931,,,,,No,No,Emma,Guy,Female,No,No,,No,7967,0.1812320000,0.1919342793129200896191187453
3620,20866,E14001361,E12000002,Mid Cheshire,North West,England,County,Conservative,Con,Conservative,Con,4,PP52,,,,,No,No,Charles,Fifield,Male,No,No,,No,9530,-0.2398930000,0.2295887638825314991929461081
3620,20867,E14001361,E12000002,Mid Cheshire,North West,England,County,Labour,Lab,Labour,Lab,15,PP53,,,,,No,No,Andrew,Cooper,Male,No,No,5195,Yes,18457,0.0283370000,0.4446505577103760630224770532
3621,20868,E14001362,E12000004,Mid Derbyshire,East Midlands,England,County,Workers Party of Britain,WPB,Workers Party of Britain,WPB,1042,PP11382,,,,,No,No,Josiah,Uche,Male,No,No,,No,150,,0.0031550385966388322150474307
3621,20869,E14001362,E12000004,Mid Derbyshire,East Midlands,England,County,Independent,IND,,,,,,,,,Yes,No,Sue,Warren,Female,No,No,,No,315,,0.0066255810529415476515996046
3621,20870,E14001362,E12000004,Mid Derbyshire,East Midlands,England,County,Liberal Democrat,LD,Liberal Democrat,LD,17,PP90,,,,,No,No,Barry,Holliday,Male,No,No,,No,2361,-0.0464970000,0.04966030751109521906484656
3621,20871,E14001362,E12000004,Mid Derbyshire,East Midlands,England,County,Green Party,Green,Green Party,Green,44,PP63,,,,,No,No,Gez,Kinsella,Male,No,No,,No,3547,0.0360270000,0.0746061460151862524451549124
3621,20872,E14001362,E12000004,Mid Derbyshire,East Midlands,England,County,Reform UK,RUK,Reform UK,RUK,1036,PP7931,,,,,No,No,Stephen,Dean,Male,No,No,,No,8356,,0.1757566834234272132595755421
3621,20873,E14001362,E12000004,Mid Derbyshire,East Midlands,England,County,Conservative,Con,Conservative,Con,4,PP52,,,,,No,No,Luke,Gardiner,Male,No,No,,No,15468,-0.2702870000,0.3253475800853963780156910586
3621,20874,E14001362,E12000004,Mid Derbyshire,East Midlands,England,County,Labour,Lab,Labour,Lab,15,PP53,,,,,No,No,Jonathan,Davies,Male,No,No,5256,Yes,17346,0.0952200000,0.3648486633153145573480848916
3622,20875,E14001363,E12000009,Mid Dorset and North Poole,South West,England,County,Social Democratic Party,SDP,Social Democratic Party,SDP,32,PP243,,,,,No,No,John,Dowling,Male,No,No,,No,1061,,0.0214282829098840731914206083
3622,20876,E14001363,E12000009,Mid Dorset and North Poole,South West,England,County,Green Party,Green,Green Party,Green,44,PP63,,,,,No,No,Ben,Pantling,Male,No,No,,No,2355,0.0190600000,0.0475623056105343943127196349
3622,20877,E14001363,E12000009,Mid Dorset and North Poole,South West,England,County,Labour,Lab,Labour,Lab,15,PP53,,,,,No,No,Candice,Johnson-Cole,Female,No,No,,No,4566,0.0196940000,0.0922163428525265581451710627
3622,20878,E14001363,E12000009,Mid Dorset and North Poole,South West,England,County,Conservative,Con,Conservative,Con,4,PP52,,,,,No,No,Michael,Tomlinson,Male,Yes,Yes,4497,No,20090,-0.1946350000,0.4057438300278709051985297088
3622,20879,E14001363,E12000009,Mid Dorset and North Poole,South West,England,County,Liberal Democrat,LD,Liberal Democrat,LD,17,PP90,,,,,No,No,Vikki,Slade,Female,No,No,5327,Yes,21442,0.1344530000,0.4330492385991840691521589853
3623,20880,S14000097,S92000003,Mid Dunbartonshire,,Scotland,County,Alba Party,Alba,Alba Party,Alba,1034,PP12700,,,,,No,No,Ray,James,Male,No,No,,No,449,,0.0085137851264742690280253328
3623,20881,S14000097,S92000003,Mid Dunbartonshire,,Scotland,County,Scottish Green Party,Green,Scottish Green Party,Green,1057,PP130,,,,,No,No,Carolynn,Scrimgeour,Female,No,No,,No,1720,0.0169700000,0.0326140543820395160984489363
3623,20882,S14000097,S92000003,Mid Dunbartonshire,,Scotland,County,Reform UK,RUK,Reform UK,RUK,1036,PP7931,,,,,No,No,David,McNabb,Male,No,No,,No,2099,,0.0398005233418028745875839053
3623,20883,S14000097,S92000003,Mid Dunbartonshire,,Scotland,County,Conservative,Con,Conservative,Con,4,PP52,,,,,No,No,Alix,Mathieson,Female,No,No,,No,2452,-0.1092310000,0.0464939891539307520194167394
3623,20884,S14000097,S92000003,Mid Dunbartonshire,,Scotland,County,Labour,Lab,Labour,Lab,15,PP53,,,,,No,No,Lorna,Dougall,Female,No,No,,No,10993,0.1141700000,0.2084455231521862793431681141
3623,20885,S14000097,S92000003,Mid Dunbartonshire,,Scotland,County,Scottish National Party,SNP,Scottish National Party,SNP,29,PP102,,,,,No,No,Amy,Callaghan,Female,Yes,Yes,4770,No,12676,-0.1384340000,0.2403579961318214570139178581
3623,20886,S14000097,S92000003,Mid Dunbartonshire,,Scotland,County,Liberal Democrat,LD,Liberal Democrat,LD,17,PP90,,,,,No,No,Susan,Murray,Female,No,No,5157,Yes,22349,0.0789010000,0.4237741287117448519094391141
3624,20887,E14001364,E12000004,Mid Leicestershire,East Midlands,England,County,Liberal Democrat,LD,Liberal Democrat,LD,17,PP90,,,,,No,No,Ian,Bradwell,Male,No,No,,No,2444,-0.0291650000,0.0508636836628511966701352758
3624,20888,E14001364,E12000004,Mid Leicestershire,East Midlands,England,County,Green Party,Green,Green Party,Green,44,PP63,,,,,No,No,Tony,Deakin,Male,No,No,,No,3414,0.0297780000,0.0710509885535900104058272633
3624,20889,E14001364,E12000004,Mid Leicestershire,East Midlands,England,County,Reform UK,RUK,Reform UK,RUK,1036,PP7931,,,,,No,No,Tom,Smith,Male,No,No,,No,8923,,0.1857023933402705515088449532
3624,20890,E14001364,E12000004,Mid Leicestershire,East Midlands,England,County,Labour,Lab,Labour,Lab,15,PP53,,,,,No,No,Robert,Martin,Male,No,No,,No,15534,0.0668250000,0.3232882414151925078043704475
3624,20891,E14001364,E12000004,Mid Leicestershire,East Midlands,England,County,Conservative,Con,Conservative,Con,4,PP52,,,,,No,No,Peter,Bedford,Male,No,No,5330,Yes,17735,-0.2531400000,0.3690946930280957336108220604
3625,20892,E14001365,E12000006,Mid Norfolk,East of England,England,County,Green Party,Green,Green Party,Green,44,PP63,,,,,No,No,Ash,Haynes,Female,No,No,,No,2858,0.0591340000,0.0622698651327973505893631392
3625,20893,E14001365,E12000006,Mid Norfolk,East of England,England,County,Liberal Democrat,LD,Liberal Democrat,LD,17,PP90,,,,,No,No,Stuart,Howard,Male,No,No,,No,3126,-0.0362890000,0.068109026733773449245048696
3625,20894,E14001365,E12000006,Mid Norfolk,East of England,England,County,Reform UK,RUK,Reform UK,RUK,1036,PP7931,,,,,No,No,Kabeer,Kher,Male,No,No,,No,9427,,0.2053946881059764254744318801
3625,20895,E14001365,E12000006,Mid Norfolk,East of England,England,County,Labour,Lab,Labour,Lab,15,PP53,,,,,No,No,Michael,Rosen,Male,No,No,,No,13716,0.0697450000,0.2988430616380155565723249886
3625,20896,E14001365,E12000006,Mid Norfolk,East of England,England,County,Conservative,Con,Conservative,Con,4,PP52,,,,,No,No,George,Freeman,Male,Yes,Yes,4020,Yes,16770,-0.2788640000,0.3653833583894372181188312962
3626,20897,E14001366,E12000008,Mid Sussex,South East,England,County,Official Monster Raving Loony Party,MRLP,Official Monster Raving Loony Party,MRLP,119,PP66,,,,,No,No,Baron,Von Thunderclap,Male,No,No,,No,352,-0.0037870000,0.0066006600660066006600660066
3626,20898,E14001366,E12000008,Mid Sussex,South East,England,County,Green Party,Green,Green Party,Green,44,PP63,,,,,No,No,Deanna,Nicholson,Female,No,No,,No,2048,-0.0027490000,0.0384038403840384038403840384
3626,20899,E14001366,E12000008,Mid Sussex,South East,England,County,Reform UK,RUK,Reform UK,RUK,1036,PP7931,,,,,No,No,Gary,Johnson,Male,No,No,,No,5921,,0.1110298529852985298529852985
3626,20900,E14001366,E12000008,Mid Sussex,South East,England,County,Labour,Lab,Labour,Lab,15,PP53,,,,,No,No,David,Rowntree,Male,No,No,,No,9397,-0.0037730000,0.1762113711371137113711371137
3626,20901,E14001366,E12000008,Mid Sussex,South East,England,County,Conservative,Con,Conservative,Con,4,PP52,,,,,No,No,Kristy,Adams,Female,No,No,,No,14474,-0.2414180000,0.2714146414641464146414641464
3626,20902,E14001366,E12000008,Mid Sussex,South East,England,County,Liberal Democrat,LD,Liberal Democrat,LD,17,PP90,,,,,No,No,Alison,Bennett,Female,No,No,5283,Yes,21136,0.1415850000,0.3963396339633963396339633963
3627,20903,N05000010,N92000002,Mid Ulster,,Northern Ireland,County,Independent,IND,,,,,,,,,Yes,No,John,Kelly,Male,No,No,,No,181,,0.0039828363956430850478600506
3627,20904,N05000010,N92000002,Mid Ulster,,Northern Ireland,County,Aontú,AONT,Aontú,AONT,1025,PP7968,,,,,No,No,Alixandra,Halliday,Female,No,No,,No,1047,,0.0230388381560127626801628342
3627,20905,N05000010,N92000002,Mid Ulster,,Northern Ireland,County,Alliance,APNI,Alliance,APNI,1,PP103,,,,,No,No,Padraic,Farrell,Male,No,No,,No,2001,-0.0322030000,0.0440312465617779733744086258
3627,20906,N05000010,N92000002,Mid Ulster,,Northern Ireland,County,Ulster Unionist Party,UUP,Ulster Unionist Party,UUP,38,PP83,,,,,No,No,Jay,Basra,Male,No,No,,No,2269,-0.0245540000,0.0499284849818461876994168775
3627,20907,N05000010,N92000002,Mid Ulster,,Northern Ireland,County,Traditional Unionist Voice,TUV,Traditional Unionist Voice,TUV,158,PP680,,,,,No,No,Glenn,Moore,Male,No,No,,No,2978,,0.0655297612498624711189349763
3627,20908,N05000010,N92000002,Mid Ulster,,Northern Ireland,County,Social Democratic & Labour Party,SDLP,Social Democratic & Labour Party,SDLP,31,PP55,,,,,No,No,Denise,Johnston,Female,No,No,,No,3722,-0.0571840000,0.081901199251842887006271317
3627,20909,N05000010,N92000002,Mid Ulster,,Northern Ireland,County,Democratic Unionist Party,DUP,Democratic Unionist Party,DUP,7,PP70,,,,,No,No,Keith,Buchanan,Male,No,No,,No,9162,-0.0356510000,0.2016063373308394762900209044
3627,20910,N05000010,N92000002,Mid Ulster,,Northern Ireland,County,Sinn Féin,SF,Sinn Féin,SF,30,PP39,,,,,No,No,Cathal,Mallaghan,Male,No,No,5153,Yes,24085,0.0725330000,0.5299812960721751567829244141
3628,20911,E14001367,E12000001,Middlesbrough and Thornaby East,North East,England,Borough,Independent,IND,,,,,,,,,Yes,No,Mark,Baxtrem,Male,No,No,,No,383,,0.0111314558084110791408724969
3628,20912,E14001367,E12000001,Middlesbrough and Thornaby East,North East,England,Borough,Liberal Democrat,LD,Liberal Democrat,LD,17,PP90,,,,,No,No,Mo,Waqas,Male,No,No,,No,1037,0.0037750000,0.0301392158572383526607957683
3628,20913,E14001367,E12000001,Middlesbrough and Thornaby East,North East,England,Borough,Green Party,Green,Green Party,Green,44,PP63,,,,,No,No,Matthew,Harris,Male,No,No,,No,1522,0.0295230000,0.0442351847007876304240416194
3628,20914,E14001367,E12000001,Middlesbrough and Thornaby East,North East,England,Borough,Workers Party of Britain,WPB,Workers Party of Britain,WPB,1042,PP11382,,,,,No,No,Mehmoona,Ameen,Female,No,No,,No,2007,,0.0583311535443369081872874706
3628,20915,E14001367,E12000001,Middlesbrough and Thornaby East,North East,England,Borough,Conservative,Con,Conservative,Con,4,PP52,,,,,No,No,Kiran,Fothergill,Male,No,No,,No,6174,-0.0639550000,0.1794402301857180224954224431
3628,20916,E14001367,E12000001,Middlesbrough and Thornaby East,North East,England,Borough,Reform UK,RUK,Reform UK,RUK,1036,PP7931,,,,,No,No,Patrick,Seargeant,Male,No,No,,No,7046,0.1429570000,0.2047839102508210538553201383
3628,20917,E14001367,E12000001,Middlesbrough and Thornaby East,North East,England,Borough,Labour,Lab,Labour,Lab,15,PP53,,,,,No,No,Andy,McDonald,Male,Yes,Yes,4269,Yes,16238,-0.0678470000,0.4719388496526869532362600634
3629,20918,E14001368,E12000001,Middlesbrough South and East Cleveland,North East,England,County,Green Party,Green,Green Party,Green,44,PP63,,,,,No,No,Rowan,McLaughlin,Female,No,No,,No,1446,0.0156960000,0.0380176153542789535953726831
3629,20919,E14001368,E12000001,Middlesbrough South and East Cleveland,North East,England,County,Social Democratic Party,SDP,Social Democratic Party,SDP,32,PP243,,,,,No,No,Rod,Liddle,Male,No,No,,No,1835,,0.048245037465492309714736427
3629,20920,E14001368,E12000001,Middlesbrough South and East Cleveland,North East,England,County,Liberal Democrat,LD,Liberal Democrat,LD,17,PP90,,,,,No,No,Jemma,Joy,Female,No,No,,No,2032,0.0129340000,0.0534244774549756802944656238
3629,20921,E14001368,E12000001,Middlesbrough South and East Cleveland,North East,England,County,Conservative,Con,Conservative,Con,4,PP52,,,,,No,No,Simon,Clarke,Male,Yes,Yes,4655,No,16254,-0.1512500000,0.4273432364927040883396871303
3629,20922,E14001368,E12000001,Middlesbrough South and East Cleveland,North East,England,County,Labour,Lab,Labour,Lab,15,PP53,,,,,No,No,Luke,Myer,Male,No,No,5147,Yes,16468,0.0831260000,0.4329696332325489680557381359
3630,20923,S14000045,S92000003,Midlothian,,Scotland,County,Scottish Libertarian Party,Scot Libt,Scottish Libertarian Party,Scot Libt,1091,PP15208,,,,,No,No,Daniel,Fraser,Male,No,No,,No,259,,0.0058643722404619042228008604
3630,20924,S14000045,S92000003,Midlothian,,Scotland,County,Liberal Democrat,LD,Liberal Democrat,LD,17,PP90,,,,,No,No,Ross,Laird,Male,No,No,,No,2589,-0.0117420000,0.058621080040756254953017095
3630,20925,S14000045,S92000003,Midlothian,,Scotland,County,Conservative,Con,Conservative,Con,4,PP52,,,,,No,No,Keith,Cockburn,Male,No,No,,No,3248,-0.1435210000,0.0735423978263330691724216008
3630,20926,S14000045,S92000003,Midlothian,,Scotland,County,Reform UK,RUK,Reform UK,RUK,1036,PP7931,,,,,No,No,Stefan,Garbowski,Male,No,No,,No,3276,,0.074176384014491112872183856
3630,20927,S14000045,S92000003,Midlothian,,Scotland,County,Scottish National Party,SNP,Scottish National Party,SNP,29,PP102,,,,,No,No,Owen,Thompson,Male,Yes,Yes,4482,No,13313,-0.1140040000,0.3014377901052869919619608287
3630,20928,S14000045,S92000003,Midlothian,,Scotland,County,Labour / Co-operative Party,Lab / Co-op,Labour,Lab,15,PP53,Co-operative Party,Co-op,,,No,No,Kirsty,McNeill,Female,No,No,5114,Yes,21480,0.1892260000,0.4863579757726706668176157591
3631,20929,E14001369,E12000008,Milton Keynes Central,South East,England,Borough,Heritage Party,HPUK,Heritage Party,HPUK,1037,PP12550,,,,,No,No,Alfred,Saint-Clair,Male,No,No,,No,200,,0.0041903245406356722328144315
3631,20930,E14001369,E12000008,Milton Keynes Central,South East,England,Borough,Green Party,Green,Green Party,Green,44,PP63,,,,,No,No,Frances,Bonney,Female,No,No,,No,3226,0.0429560000,0.0675899348404533931152967797
3631,20931,E14001369,E12000008,Milton Keynes Central,South East,England,Borough,Liberal Democrat,LD,Liberal Democrat,LD,17,PP90,,,,,No,No,James,Cox,Male,No,No,,No,4931,-0.0009420000,0.1033124515493724989000398081
3631,20932,E14001369,E12000008,Milton Keynes Central,South East,England,Borough,Reform UK,RUK,Reform UK,RUK,1036,PP7931,,,,,No,No,David,Reilly,Male,No,No,,No,6245,,0.1308428837813488654696306229
3631,20933,E14001369,E12000008,Milton Keynes Central,South East,England,Borough,Conservative,Con,Conservative,Con,4,PP52,,,,,No,No,Johnny,Luk,Male,No,No,,No,12918,-0.2048460000,0.2706530620796580695174841291
3631,20934,E14001369,E12000008,Milton Keynes Central,South East,England,Borough,Labour,Lab,Labour,Lab,15,PP53,,,,,No,No,Emily,Darlington,Female,No,No,5139,Yes,20209,0.0419680000,0.4234113432085315007647342287
3632,20935,E14001370,E12000008,Milton Keynes North,South East,England,County,Green Party,Green,Green Party,Green,44,PP63,,,,,No,No,Alan,Francis,Male,No,No,,No,3242,0.0394680000,0.0705135176283794070948517737
3632,20936,E14001370,E12000008,Milton Keynes North,South East,England,County,Liberal Democrat,LD,Liberal Democrat,LD,17,PP90,,,,,No,No,Clare,Tevlin,Female,No,No,,No,3365,0.0059620000,0.0731887682971920742980185745
3632,20937,E14001370,E12000008,Milton Keynes North,South East,England,County,Reform UK,RUK,Reform UK,RUK,1036,PP7931,,,,,No,No,Jane,Duckworth,Female,No,No,,No,6164,,0.1340670335167583791895947974
3632,20938,E14001370,E12000008,Milton Keynes North,South East,England,County,Conservative,Con,Conservative,Con,4,PP52,,,,,No,No,Ben,Everitt,Male,Yes,Yes,4836,No,13888,-0.2143180000,0.3020640755160188790047197512
3632,20939,E14001370,E12000008,Milton Keynes North,South East,England,County,Labour,Lab,Labour,Lab,15,PP53,,,,,No,No,Chris,Curtis,Male,No,No,5118,Yes,19318,0.0348220000,0.4201666050416512604128151032
3633,20940,E14001371,E12000007,Mitcham and Morden,London,England,Borough,Christian Peoples Alliance,CPA,Christian Peoples Alliance,CPA,80,PP79,,,,,No,No,Desmond,Coke,Male,No,No,,No,363,0.0038380000,0.0080212131256214782896917468
3633,20941,E14001371,E12000007,Mitcham and Morden,London,England,Borough,Workers Party of Britain,WPB,Workers Party of Britain,WPB,1042,PP11382,,,,,No,No,Mehmood,Jamshed,Male,No,No,,No,1091,,0.0241078333885758479725997127
3633,20942,E14001371,E12000007,Mitcham and Morden,London,England,Borough,Liberal Democrat,LD,Liberal Democrat,LD,17,PP90,,,,,No,No,Jenifer,Gould,Female,No,No,,No,3622,-0.0282670000,0.0800353552093691304828195779
3633,20943,E14001371,E12000007,Mitcham and Morden,London,England,Borough,Reform UK,RUK,Reform UK,RUK,1036,PP7931,,,,,No,No,Ruth,Price,Female,No,No,,No,4135,0.0680910000,0.0913711192133465915368467573
3633,20944,E14001371,E12000007,Mitcham and Morden,London,England,Borough,Green Party,Green,Green Party,Green,44,PP63,,,,,No,No,Pippa,Maslin,Female,No,No,,No,4635,0.0799530000,0.1024196221411998674179648658
3633,20945,E14001371,E12000007,Mitcham and Morden,London,England,Borough,Conservative,Con,Conservative,Con,4,PP52,,,,,No,No,Ellie,Cox,Female,No,No,,No,6324,-0.1273750000,0.1397414650314882333443818363
3633,20946,E14001371,E12000007,Mitcham and Morden,London,England,Borough,Labour,Lab,Labour,Lab,15,PP53,,,,,No,No,Siobhain,McDonagh,Female,Yes,Yes,193,Yes,25085,-0.0203480000,0.5543033918903988509556955033
3634,20947,W07000101,W92000004,Monmouthshire,,Wales,County,Heritage Party,HPUK,Heritage Party,HPUK,1037,PP12550,,,,,No,No,Emma,Meredith,Female,No,No,,No,103,,0.002025804421367319644402486
3634,20948,W07000101,W92000004,Monmouthshire,,Wales,County,1 & Fair Party,TFB,1 & Fair Party,TFB,1059,PP12922,,,,,No,No,June,Davies,Female,No,No,,No,255,,0.0050153410431909369837148926
3634,20949,W07000101,W92000004,Monmouthshire,,Wales,County,Independent,IND,,,,,,,,,Yes,No,Owen,Lewis,Male,No,No,,No,457,,0.0089882778695617968688537487
3634,20950,W07000101,W92000004,Monmouthshire,,Wales,County,Plaid Cymru,PC,Plaid Cymru,PC,22,PP77,,,,,No,No,Ioan,Bellin,Male,No,No,,No,1273,0.0007710000,0.0250373692077727952167414051
3634,20951,W07000101,W92000004,Monmouthshire,,Wales,County,Liberal Democrat,LD,Liberal Democrat,LD,17,PP90,,,,,No,No,William,Powell,Male,No,No,,No,2279,-0.0510870000,0.0448233813232633152387695697
3634,20952,W07000101,W92000004,Monmouthshire,,Wales,County,Green Party,Green,Green Party,Green,44,PP63,,,,,No,No,Ian,Chandler,Non-binary,No,No,,No,2357,0.0211460000,0.0463574856423570136102588309
3634,20953,W07000101,W92000004,Monmouthshire,,Wales,County,Reform UK,RUK,Reform UK,RUK,1036,PP7931,,,,,No,No,Max,Windsor-Peplow,Male,No,No,,No,5438,0.0984250000,0.1069546062465580992840846511
3634,20954,W07000101,W92000004,Monmouthshire,,Wales,County,Conservative,Con,Conservative,Con,4,PP52,,,,,No,No,David,Davies,Male,Yes,Yes,1545,No,17672,-0.1738370000,0.3475729682951774053969003226
3634,20955,W07000101,W92000004,Monmouthshire,,Wales,County,Labour,Lab,Labour,Lab,15,PP53,,,,,No,No,Catherine,Fookes,Female,No,No,5291,Yes,21010,0.0967810000,0.4132247659507513177562740933
3635,20956,W07000102,W92000004,Montgomeryshire and Glyndwr,,Wales,County,Green Party,Green,Green Party,Green,44,PP63,,,,,No,No,Jeremy,Brignell-Thorp,Male,No,No,,No,1744,,0.0403153101088790771862502601
3635,20957,W07000102,W92000004,Montgomeryshire and Glyndwr,,Wales,County,Plaid Cymru,PC,Plaid Cymru,PC,22,PP77,,,,,No,No,Elwyn,Vaughn,Male,No,No,,No,5667,0.1111020000,0.1310016412769597078064680182
3635,20958,W07000102,W92000004,Montgomeryshire and Glyndwr,,Wales,County,Liberal Democrat,LD,Liberal Democrat,LD,17,PP90,,,,,No,No,Glyn,Preston,Male,No,No,,No,6470,-0.0182810000,0.1495642525254860260292655864
3635,20959,W07000102,W92000004,Montgomeryshire and Glyndwr,,Wales,County,Conservative,Con,Conservative,Con,4,PP52,,,,,No,No,Craig,Williams,Male,Yes,Yes,4438,No,7775,-0.3566300000,0.1797313853764534547724173004
3635,20960,W07000102,W92000004,Montgomeryshire and Glyndwr,,Wales,County,Reform UK,RUK,Reform UK,RUK,1036,PP7931,,,,,No,No,Oliver,Lewis,Male,No,No,,No,8894,0.1919290000,0.2055988349245243764303381955
3635,20961,W07000102,W92000004,Montgomeryshire and Glyndwr,,Wales,County,Labour,Lab,Labour,Lab,15,PP53,,,,,No,No,Steve,Witherden,Male,No,No,5221,Yes,12709,0.0457610000,0.2937885757876973577752606394
3636,20962,S14000098,S92000003,"Moray West, Nairn and Strathspey",,Scotland,County,Scottish Family Party,SFP,Scottish Family Party,SFP,1016,PP6380,,,,,No,No,Euan,Morrice,Male,No,No,,No,423,,0.0090862224513468230442067277
3636,20963,S14000098,S92000003,"Moray West, Nairn and Strathspey",,Scotland,County,Scottish Green Party,Green,Scottish Green Party,Green,1057,PP130,,,,,No,No,Draeyk,Van der Horn,Male,No,No,,No,1676,0.0244680000,0.0360012029041543154186536066
3636,20964,S14000098,S92000003,"Moray West, Nairn and Strathspey",,Scotland,County,Reform UK,RUK,Reform UK,RUK,1036,PP7931,,,,,No,No,Steve,Skerrett,Male,No,No,,No,3490,0.0692630000,0.0749667053314430553765519612
3636,20965,S14000098,S92000003,"Moray West, Nairn and Strathspey",,Scotland,County,Liberal Democrat,LD,Liberal Democrat,LD,17,PP90,,,,,No,No,Neil,Alexander,Male,No,No,,No,3785,0.0225350000,0.0813034325729260643553722559
3636,20966,S14000098,S92000003,"Moray West, Nairn and Strathspey",,Scotland,County,Labour,Lab,Labour,Lab,15,PP53,,,,,No,No,James,Hynam,Male,No,No,,No,8259,0.1310960000,0.1774068823301971903595824204
3636,20967,S14000098,S92000003,"Moray West, Nairn and Strathspey",,Scotland,County,Conservative,Con,Conservative,Con,4,PP52,,,,,No,No,Kathleen,Robertson,Female,No,No,,No,13960,-0.1094840000,0.2998668213257722215062078447
3636,20968,S14000098,S92000003,"Moray West, Nairn and Strathspey",,Scotland,County,Scottish National Party,SNP,Scottish National Party,SNP,29,PP102,,,,,No,No,Graham,Leadbitter,Male,No,No,5277,Yes,14961,-0.1396240000,0.3213687330841603299394251837
3637,20969,E14001372,E12000002,Morecambe and Lunesdale,North West,England,County,Green Party,Green,Green Party,Green,44,PP63,,,,,No,No,Gina,Dowding,Female,No,No,,No,2089,0.0308170000,0.0434674046484529432572463014
3637,20970,E14001372,E12000002,Morecambe and Lunesdale,North West,England,County,Liberal Democrat,LD,Liberal Democrat,LD,17,PP90,,,,,No,No,Peter,Jackson,Male,No,No,,No,4769,-0.0568990000,0.099232193761834411868744668
3637,20971,E14001372,E12000002,Morecambe and Lunesdale,North West,England,County,Reform UK,RUK,Reform UK,RUK,1036,PP7931,,,,,No,No,Barry,Parsons,Male,No,No,,No,7810,0.1583580000,0.1625085831998168917372396429
3637,20972,E14001372,E12000002,Morecambe and Lunesdale,North West,England,County,Conservative,Con,Conservative,Con,4,PP52,,,,,No,No,David,Morris,Male,Yes,Yes,4135,No,13788,-0.2491840000,0.2868973553340685407519923427
3637,20973,E14001372,E12000002,Morecambe and Lunesdale,North West,England,County,Labour,Lab,Labour,Lab,15,PP53,,,,,No,No,Lizzi,Collinge,Female,No,No,5225,Yes,19603,0.1267550000,0.4078944630558272123847770449
3638,20974,S14000099,S92000003,"Motherwell, Wishaw and Carluke",,Scotland,County,Scottish Libertarian Party,Scot Libt,Scottish Libertarian Party,Scot Libt,1091,PP15208,,,,,No,No,Ross,Hagen,Male,No,No,,No,66,,0.0016911802388151488751089018
3638,20975,S14000099,S92000003,"Motherwell, Wishaw and Carluke",,Scotland,County,UK Independence Party,UKIP,UK Independence Party,UKIP,35,PP85,,,,,No,No,Neil,Wilson,Male,No,No,,No,110,-0.0109620000,0.0028186337313585814585148363
3638,20976,S14000099,S92000003,"Motherwell, Wishaw and Carluke",,Scotland,County,British Unionist Party B.U.P.,BUP,British Unionist Party B.U.P.,BUP,1105,PP2834,,,,,No,No,Gus,Ferguson,Male,No,No,,No,158,,0.004048582995951417004048583
3638,20977,S14000099,S92000003,"Motherwell, Wishaw and Carluke",,Scotland,County,Liberal Democrat,LD,Liberal Democrat,LD,17,PP90,,,,,No,No,Hayley,Bennie,Female,No,No,,No,822,-0.0185860000,0.0210628811561523087172654128
3638,20978,S14000099,S92000003,"Motherwell, Wishaw and Carluke",,Scotland,County,Scottish Green Party,Green,Scottish Green Party,Green,1057,PP130,,,,,No,No,Gordon,Miller,Male,No,No,,No,1200,,0.0307487316148208886383436683
3638,20979,S14000099,S92000003,"Motherwell, Wishaw and Carluke",,Scotland,County,Conservative,Con,Conservative,Con,4,PP52,,,,,No,No,Oyebola,Ajala,Female,No,No,,No,2415,-0.1504340000,0.0618818223748270383846666325
3638,20980,S14000099,S92000003,"Motherwell, Wishaw and Carluke",,Scotland,County,Reform UK,RUK,Reform UK,RUK,1036,PP7931,,,,,No,No,Robert,McLaughlan,Male,No,No,,No,3004,,0.076974324809101624557986983
3638,20981,S14000099,S92000003,"Motherwell, Wishaw and Carluke",,Scotland,County,Scottish National Party,SNP,Scottish National Party,SNP,29,PP102,,,,,No,No,Marion,Fellows,Female,Yes,Yes,4440,No,12083,-0.1498350000,0.309614103418233997847588787
3638,20982,S14000099,S92000003,"Motherwell, Wishaw and Carluke",,Scotland,County,Labour,Lab,Labour,Lab,15,PP53,,,,,No,No,Pamela,Nash,Female,No,Yes,3909,Yes,19168,0.2163540000,0.4911597396607389945164761954
3639,20983,S14000027,S92000003,Na h-Eileanan an Iar,,Scotland,County,Liberal Democrat,LD,Liberal Democrat,LD,17,PP90,,,,,No,No,Jamie,Dobson,Male,No,No,,No,382,-0.0157630000,0.0282377291543465405085748078
3639,20984,S14000027,S92000003,Na h-Eileanan an Iar,,Scotland,County,Scottish Family Party,SFP,Scottish Family Party,SFP,1016,PP6380,,,,,No,No,Steven,Welsh,Male,No,No,,No,388,,0.0286812536960378474275576582
3639,20985,S14000027,S92000003,Na h-Eileanan an Iar,,Scotland,County,"Christian Party, Proclaiming Christ's Lordship",CHP,"Christian Party, Proclaiming Christ's Lordship",CHP,174,PP2893,,,,,No,No,Donald,Boyd,Male,No,No,,No,496,,0.0366646954464813719692489651
3639,20986,S14000027,S92000003,Na h-Eileanan an Iar,,Scotland,County,Conservative,Con,Conservative,Con,4,PP52,,,,,No,No,Kenny,Barker,Male,No,No,,No,647,-0.1743190000,0.0478267297457125960969840331
3639,20987,S14000027,S92000003,Na h-Eileanan an Iar,,Scotland,County,Reform UK,RUK,Reform UK,RUK,1036,PP7931,,,,,No,No,Tony,Ridden,Male,No,No,,No,697,,0.051522767593140153755174453
3639,20988,S14000027,S92000003,Na h-Eileanan an Iar,,Scotland,County,Independent,IND,,,,,,,,,Yes,No,Angus,MacNeil,Male,Yes,Yes,1546,No,1370,,0.1012714370195150798344175044
3639,20989,S14000027,S92000003,Na h-Eileanan an Iar,,Scotland,County,Scottish National Party,SNP,Scottish National Party,SNP,29,PP102,,,,,No,No,Susan,Thomson,Female,No,No,,No,2856,-0.2400120000,0.211117681845062093435836783
3639,20990,S14000027,S92000003,Na h-Eileanan an Iar,,Scotland,County,Labour,Lab,Labour,Lab,15,PP53,,,,,No,No,Torcuil,Crichton,Male,No,No,5246,Yes,6692,0.2119530000,0.4946777054997043169722057954
3640,20991,W07000103,W92000004,Neath and Swansea East,,Wales,County,Green Party,Green,Green Party,Green,44,PP63,,,,,No,No,Jan,Dowden,Female,No,No,,No,1711,0.0253170000,0.042628995689762563220968184
3640,20992,W07000103,W92000004,Neath and Swansea East,,Wales,County,Liberal Democrat,LD,Liberal Democrat,LD,17,PP90,,,,,No,No,Helen,Clarke,Female,No,No,,No,2344,0.0171500000,0.058399980068266188305055186
3640,20993,W07000103,W92000004,Neath and Swansea East,,Wales,County,Conservative,Con,Conservative,Con,4,PP52,,,,,No,No,Samantha,Chohan,Female,No,No,,No,3765,-0.1884330000,0.0938037222512893340309440167
3640,20994,W07000103,W92000004,Neath and Swansea East,,Wales,County,Plaid Cymru,PC,Plaid Cymru,PC,22,PP77,,,,,No,No,Andrew,Jenkins,Male,No,No,,No,5350,0.0480710000,0.1332934698657099434437053093
3640,20995,W07000103,W92000004,Neath and Swansea East,,Wales,County,Reform UK,RUK,Reform UK,RUK,1036,PP7931,,,,,No,No,Dai,Richards,Male,No,No,,No,10170,0.1649250000,0.2533821660811719859481276628
3640,20996,W07000103,W92000004,Neath and Swansea East,,Wales,County,Labour,Lab,Labour,Lab,15,PP53,,,,,No,No,Carolyn,Harris,Female,Yes,Yes,4480,Yes,16797,-0.0522830000,0.4184916660437999850511996412
3641,20997,E14001373,E12000008,New Forest East,South East,England,County,Animal Welfare Party,ANWP,Animal Welfare Party,ANWP,220,PP4041,,,,,No,No,Andrew,Knight,Male,No,No,,No,410,-0.0042260000,0.0090647800132655317267300464
3641,20998,E14001373,E12000008,New Forest East,South East,England,County,Official Monster Raving Loony Party,MRLP,Official Monster Raving Loony Party,MRLP,119,PP66,,,,,No,No,Mad,Hatter,Male,No,No,,No,529,,0.0116957771390669909352199867
3641,20999,E14001373,E12000008,New Forest East,South East,England,County,Green Party,Green,Green Party,Green,44,PP63,,,,,No,No,Simon,King,Male,No,No,,No,3118,0.0210100000,0.0689365465399071412779128897
3641,21000,E14001373,E12000008,New Forest East,South East,England,County,Liberal Democrat,LD,Liberal Democrat,LD,17,PP90,,,,,No,No,Caroline,Rackham,Female,No,No,,No,7198,0.0136300000,0.1591421622816714569975679859
3641,21001,E14001373,E12000008,New Forest East,South East,England,County,Reform UK,RUK,Reform UK,RUK,1036,PP7931,,,,,No,No,Roy,Swales,Male,No,No,,No,7646,,0.1690470926376298916648242317
3641,21002,E14001373,E12000008,New Forest East,South East,England,County,Labour,Lab,Labour,Lab,15,PP53,,,,,No,No,Sasjkia,Otto,Female,No,No,,No,8917,0.0491150000,0.1971479106787530400176873756
3641,21003,E14001373,E12000008,New Forest East,South East,England,County,Conservative,Con,Conservative,Con,4,PP52,,,,,No,No,Julian,Lewis,Male,Yes,Yes,54,Yes,17412,-0.2602710000,0.384965730709705947380057484
3642,21004,E14001374,E12000008,New Forest West,South East,England,County,Social Democratic Party,SDP,Social Democratic Party,SDP,32,PP243,,,,,No,No,Paul,Simon,Male,No,No,,No,157,,0.0033882210760299544640352202
3642,21005,E14001374,E12000008,New Forest West,South East,England,County,Animal Welfare Party,ANWP,Animal Welfare Party,ANWP,220,PP4041,,,,,No,No,Gavin,Ridley,Male,No,No,,No,393,,0.0084813432030558732762155513
3642,21006,E14001374,E12000008,New Forest West,South East,England,County,Green Party,Green,Green Party,Green,44,PP63,,,,,No,No,Anna,Collar,Female,No,No,,No,2800,-0.0168600000,0.0604268726935278503140039277
3642,21007,E14001374,E12000008,New Forest West,South East,England,County,Reform UK,RUK,Reform UK,RUK,1036,PP7931,,,,,No,No,Reginald,Chester-Sterne,Male,No,No,,No,7577,,0.1635194337138787577961456288
3642,21008,E14001374,E12000008,New Forest West,South East,England,County,Liberal Democrat,LD,Liberal Democrat,LD,17,PP90,,,,,No,No,Jack,Davies,Male,No,No,,No,8186,0.0234000000,0.176662278524721065239441483
3642,21009,E14001374,E12000008,New Forest West,South East,England,County,Labour,Lab,Labour,Lab,15,PP53,,,,,No,No,Sally,Johnston,Female,No,No,,No,10812,0.1022360000,0.2333340527008653991410751667
3642,21010,E14001374,E12000008,New Forest West,South East,England,County,Conservative,Con,Conservative,Con,4,PP52,,,,,No,No,Desmond,Swayne,Male,Yes,Yes,55,Yes,16412,-0.2841650000,0.3541877980879210997690830222
3643,21011,E14001375,E12000004,Newark,East Midlands,England,County,Workers Party of Britain,WPB,Workers Party of Britain,WPB,1042,PP11382,,,,,No,No,Collan,Siddique,Male,No,No,,No,150,,0.0028058886249275145438560392
3643,21012,E14001375,E12000004,Newark,East Midlands,England,County,English Democrats,ED,English Democrats,ED,90,PP17,,,,,No,No,Matthew,Darrington,Male,No,No,,No,156,,0.0029181241699246151256102808
3643,21013,E14001375,E12000004,Newark,East Midlands,England,County,Independent,IND,,,,,,,,,Yes,No,Lyn,Galbraith,Female,No,No,,No,329,,0.0061542490506743485661909127
3643,21014,E14001375,E12000004,Newark,East Midlands,England,County,Independent Network,INet,Independent Network,INet,1028,PP1951,,,,,No,No,Adrian,Amer,Male,No,No,,No,809,,0.0151330926504423951065302381
3643,21015,E14001375,E12000004,Newark,East Midlands,England,County,Green Party,Green,Green Party,Green,44,PP63,,,,,No,No,Michael,Ackroyd,Male,No,No,,No,2345,0.0127570000,0.0438653921697001440356160796
3643,21016,E14001375,E12000004,Newark,East Midlands,England,County,Liberal Democrat,LD,Liberal Democrat,LD,17,PP90,,,,,No,No,David,Watts,Male,No,No,,No,3026,-0.0390500000,0.0566041265268710600647224976
3643,21017,E14001375,E12000004,Newark,East Midlands,England,County,Reform UK,RUK,Reform UK,RUK,1036,PP7931,,,,,No,No,Robert,Palmer,Male,No,No,,No,8280,0.1514000000,0.1548850520959988028208533643
3643,21018,E14001375,E12000004,Newark,East Midlands,England,County,Labour,Lab,Labour,Lab,15,PP53,,,,,No,No,Saj,Ahmad,Female,No,No,,No,17396,0.0863990000,0.3254082567949269533661310537
3643,21019,E14001375,E12000004,Newark,East Midlands,England,County,Conservative,Con,Conservative,Con,4,PP52,,,,,No,No,Robert,Jenrick,Male,Yes,Yes,4320,Yes,20968,-0.2385180000,0.392225817916534166370489534
3644,21020,E14001376,E12000008,Newbury,South East,England,County,UK Independence Party,UKIP,UK Independence Party,UKIP,35,PP85,,,,,No,No,Gary,Johnson,Male,No,No,,No,131,,0.0026772940936031064786429593
3644,21021,E14001376,E12000008,Newbury,South East,England,County,Freedom Alliance,FA,Freedom Alliance,FA,1035,PP17509,,,,,No,No,Earl,Jesse,Male,No,No,,No,153,,0.0031269160024524831391784181
3644,21022,E14001376,E12000008,Newbury,South East,England,County,Green Party,Green,Green Party,Green,44,PP63,,,,,No,No,Steve,Masters,Male,No,No,,No,2714,0.0156990000,0.0554669936644185571224197834
3644,21023,E14001376,E12000008,Newbury,South East,England,County,Labour,Lab,Labour,Lab,15,PP53,,,,,No,No,Liz,Bell,Female,No,No,,No,3662,-0.0022410000,0.0748416104639280604945840997
3644,21024,E14001376,E12000008,Newbury,South East,England,County,Reform UK,RUK,Reform UK,RUK,1036,PP7931,,,,,No,No,Douglas,Terry,Male,No,No,,No,5357,,0.1094829348048232168403842224
3644,21025,E14001376,E12000008,Newbury,South East,England,County,Conservative,Con,Conservative,Con,4,PP52,,,,,No,No,Laura,Farris,Female,Yes,Yes,4826,No,17268,-0.1978910000,0.3529123237277743715511955855
3644,21026,E14001376,E12000008,Newbury,South East,England,County,Liberal Democrat,LD,Liberal Democrat,LD,17,PP90,,,,,No,No,Lee,Dillon,Male,No,No,5310,Yes,19645,0.0755220000,0.4014919272430002043735949315
3645,21027,E14001377,E12000001,Newcastle upon Tyne Central and West,North East,England,Borough,Independent,IND,,,,,,,,,Yes,No,Habib,Rahman,Male,No,No,,No,1636,,0.0395599081126828678515294402
3645,21028,E14001377,E12000001,Newcastle upon Tyne Central and West,North East,England,Borough,Liberal Democrat,LD,Liberal Democrat,LD,17,PP90,,,,,No,No,Ali,Avaei,Male,No,No,,No,1946,0.0173480000,0.0470559787208318220287752388
3645,21029,E14001377,E12000001,Newcastle upon Tyne Central and West,North East,England,Borough,Green Party,Green,Green Party,Green,44,PP63,,,,,No,No,John,Pearson,Male,No,No,,No,3228,0.0476830000,0.0780558578164671744649981864
3645,21030,E14001377,E12000001,Newcastle upon Tyne Central and West,North East,England,Borough,Independent,IND,,,,,,,,,Yes,No,Yvonne,Ridley,Female,No,No,,No,3627,,0.0877040261153427638737758433
3645,21031,E14001377,E12000001,Newcastle upon Tyne Central and West,North East,England,Borough,Conservative,Con,Conservative,Con,4,PP52,,,,,No,No,Frances,Lasok,Female,No,No,,No,4228,-0.1634540000,0.1022367307459799298754685044
3645,21032,E14001377,E12000001,Newcastle upon Tyne Central and West,North East,England,Borough,Reform UK,RUK,Reform UK,RUK,1036,PP7931,,,,,No,No,Ashton,Muncaster,Male,No,No,,No,7815,0.1072460000,0.188973521944142183532825535
3645,21033,E14001377,E12000001,Newcastle upon Tyne Central and West,North East,England,Borough,Labour,Lab,Labour,Lab,15,PP53,,,,,No,No,Chi,Onwurah,Female,Yes,Yes,4124,Yes,18875,-0.1360860000,0.4564139765445532583726272518
3646,21034,E14001378,E12000001,Newcastle upon Tyne East and Wallsend,North East,England,Borough,Social Democratic Party,SDP,Social Democratic Party,SDP,32,PP243,,,,,No,No,Robert,Malyn,Male,No,No,,No,95,,0.002244748470026700692327686
3646,21035,E14001378,E12000001,Newcastle upon Tyne East and Wallsend,North East,England,Borough,Communist Party of Britain,Comm,Communist Party of Britain,Comm,76,PP78,,,,,No,No,Emma-Jane,Phillips,Female,No,No,,No,186,,0.0043949812149996455660310484
3646,21036,E14001378,E12000001,Newcastle upon Tyne East and Wallsend,North East,England,Borough,Party of Women,POW,Party of Women,POW,1102,PP17545,,,,,No,No,Liz,Panton,Female,No,No,,No,283,,0.0066869875475532241676708962
3646,21037,E14001378,E12000001,Newcastle upon Tyne East and Wallsend,North East,England,Borough,Workers Party of Britain,WPB,Workers Party of Britain,WPB,1042,PP11382,,,,,No,No,Muhammad,Ghori,Male,No,No,,No,430,,0.0101604404432787505021147893
3646,21038,E14001378,E12000001,Newcastle upon Tyne East and Wallsend,North East,England,Borough,Liberal Democrat,LD,Liberal Democrat,LD,17,PP90,,,,,No,No,Mark,Ridyard,Male,No,No,,No,2965,-0.0132220000,0.0700597811960965005552798847
3646,21039,E14001378,E12000001,Newcastle upon Tyne East and Wallsend,North East,England,Borough,Conservative,Con,Conservative,Con,4,PP52,,,,,No,No,Rosie,Hanlon,Female,No,No,,No,3522,-0.1532940000,0.083221095909831998298716949
3646,21040,E14001378,E12000001,Newcastle upon Tyne East and Wallsend,North East,England,Borough,Green Party,Green,Green Party,Green,44,PP63,,,,,No,No,Matt,Williams,Male,No,No,,No,5257,0.0857290000,0.12421729165189858462701732
3646,21041,E14001378,E12000001,Newcastle upon Tyne East and Wallsend,North East,England,Borough,Reform UK,RUK,Reform UK,RUK,1036,PP7931,,,,,No,No,Janice,Richardson,Female,No,No,,No,8383,0.1490050000,0.1980813307814087568819262305
3646,21042,E14001378,E12000001,Newcastle upon Tyne East and Wallsend,North East,England,Borough,Labour,Lab,Labour,Lab,15,PP53,,,,,No,No,Mary,Glindon,Female,Yes,Yes,4126,Yes,21200,-0.0917050000,0.5009333427849058387089151958
3647,21043,E14001379,E12000001,Newcastle upon Tyne North,North East,England,Borough,Social Democratic Party,SDP,Social Democratic Party,SDP,32,PP243,,,,,No,No,Martin,Evison,Male,No,No,,No,285,,0.0058621469856223131826315898
3647,21044,E14001379,E12000001,Newcastle upon Tyne North,North East,England,Borough,Independent,IND,,,,,,,,,Yes,No,King,Teare,Male,No,No,,No,310,,0.0063763704054137441635641854
3647,21045,E14001379,E12000001,Newcastle upon Tyne North,North East,England,Borough,Green Party,Green,Green Party,Green,44,PP63,,,,,No,No,Sarah,Peters,Female,No,No,,No,5035,0.0630610000,0.1035645967459941995598247527
3647,21046,E14001379,E12000001,Newcastle upon Tyne North,North East,England,Borough,Reform UK,RUK,Reform UK,RUK,1036,PP7931,,,,,No,No,Deborah,Lorraine,Female,No,No,,No,5933,0.0644480000,0.1220355019849024003949235864
3647,21047,E14001379,E12000001,Newcastle upon Tyne North,North East,England,Borough,Liberal Democrat,LD,Liberal Democrat,LD,17,PP90,,,,,No,No,Aidan,King,Male,No,No,,No,5936,-0.0181790000,0.1220972087952773721126354979
3647,21048,E14001379,E12000001,Newcastle upon Tyne North,North East,England,Borough,Conservative,Con,Conservative,Con,4,PP52,,,,,No,No,Guy,Renner-Thompson,Male,No,No,,No,6678,-0.1804470000,0.1373593598946870436267149351
3647,21049,E14001379,E12000001,Newcastle upon Tyne North,North East,England,Borough,Labour,Lab,Labour,Lab,15,PP53,,,,,No,No,Catherine,McKinnell,Female,Yes,Yes,4125,Yes,24440,0.0588800000,0.5027048151881029269597054528
3648,21050,E14001380,E12000005,Newcastle-under-Lyme,West Midlands,England,County,Green Party,Green,Green Party,Green,44,PP63,,,,,No,No,Jennifer,Hibell,Female,No,No,,No,1851,0.0251640000,0.0467211873390882932000605785
3648,21051,E14001380,E12000005,Newcastle-under-Lyme,West Midlands,England,County,Liberal Democrat,LD,Liberal Democrat,LD,17,PP90,,,,,No,No,Nigel,Jones,Male,No,No,,No,1987,-0.0062190000,0.0501539704174870008581957696
3648,21052,E14001380,E12000005,Newcastle-under-Lyme,West Midlands,England,County,Reform UK,RUK,Reform UK,RUK,1036,PP7931,,,,,No,No,Neill,Walker,Male,No,No,,No,8865,0.1832030000,0.2237619263970922308041799182
3648,21053,E14001380,E12000005,Newcastle-under-Lyme,West Midlands,England,County,Conservative,Con,Conservative,Con,4,PP52,,,,,No,No,Simon,Tagg,Male,No,No,,No,10923,-0.2522990000,0.2757080115099197334544903832
3648,21054,E14001380,E12000005,Newcastle-under-Lyme,West Midlands,England,County,Labour,Lab,Labour,Lab,15,PP53,,,,,No,No,Adam,Jogee,Male,No,No,5168,Yes,15992,0.0501510000,0.4036549043364127416830733505
3649,21055,W07000104,W92000004,Newport East,,Wales,County,Heritage Party,HPUK,Heritage Party,HPUK,1037,PP12550,,,,,No,No,Mike,Ford,Male,No,No,,No,135,,0.0035036723677039267083646934
3649,21056,W07000104,W92000004,Newport East,,Wales,County,Independent,IND,,,,,,,,,Yes,No,Pippa,Bartolotti,Female,No,No,,No,1802,,0.0467675378266850068775790922
3649,21057,W07000104,W92000004,Newport East,,Wales,County,Liberal Democrat,LD,Liberal Democrat,LD,17,PP90,,,,,No,No,John,Miller,Male,No,No,,No,2045,-0.0040530000,0.0530741480885520749526355402
3649,21058,W07000104,W92000004,Newport East,,Wales,County,Green Party,Green,Green Party,Green,44,PP63,,,,,No,No,Lauren,James,Female,No,No,,No,2092,0.0355240000,0.0542939451350860346214736186
3649,21059,W07000104,W92000004,Newport East,,Wales,County,Plaid Cymru,PC,Plaid Cymru,PC,22,PP77,,,,,No,No,Jonathan,Clark,Male,No,No,,No,2239,0.0321850000,0.0581090550465858659261373959
3649,21060,W07000104,W92000004,Newport East,,Wales,County,Conservative,Con,Conservative,Con,4,PP52,,,,,No,No,Rachel,Buckler,Female,No,No,,No,6487,-0.1936500000,0.1683579455503360930160130804
3649,21061,W07000104,W92000004,Newport East,,Wales,County,Reform UK,RUK,Reform UK,RUK,1036,PP7931,,,,,No,No,Tommy,Short,Male,No,No,,No,7361,0.1297760000,0.1910409799901378111131296878
3649,21062,W07000104,W92000004,Newport East,,Wales,County,Labour,Lab,Labour,Lab,15,PP53,,,,,No,No,Jessica,Morden,Female,Yes,Yes,1548,Yes,16370,-0.0500530000,0.4248527159949131867846668916
3650,21063,W07000105,W92000004,Newport West and Islwyn,,Wales,County,Independent,IND,,,,,,,,,Yes,No,George,Etheridge,Male,No,No,,No,1597,,0.0380682224500011918667016281
3650,21064,W07000105,W92000004,Newport West and Islwyn,,Wales,County,Green Party,Green,Green Party,Green,44,PP63,,,,,No,No,Kerry,Vosper,Female,No,No,,No,2078,0.0300230000,0.0495339801196634168434602274
3650,21065,W07000105,W92000004,Newport West and Islwyn,,Wales,County,Liberal Democrat,LD,Liberal Democrat,LD,17,PP90,,,,,No,No,Mike,Hamilton,Male,No,No,,No,2087,-0.0012230000,0.0497485161259564730280565422
3650,21066,W07000105,W92000004,Newport West and Islwyn,,Wales,County,Plaid Cymru,PC,Plaid Cymru,PC,22,PP77,,,,,No,No,Brandon,Ham,Male,No,No,,No,3529,0.0378890000,0.0841219518009105861600438607
3650,21067,W07000105,W92000004,Newport West and Islwyn,,Wales,County,Conservative,Con,Conservative,Con,4,PP52,,,,,No,No,Nick,Jones,Male,No,No,,No,6710,-0.2167740000,0.1599485113584896665156968845
3650,21068,W07000105,W92000004,Newport West and Islwyn,,Wales,County,Reform UK,RUK,Reform UK,RUK,1036,PP7931,,,,,No,No,Paul,Taylor,Male,No,No,,No,8541,0.1149820000,0.203594669972110319181902696
3650,21069,W07000105,W92000004,Newport West and Islwyn,,Wales,County,Labour,Lab,Labour,Lab,15,PP53,,,,,No,No,Ruth,Jones,Female,Yes,Yes,4716,Yes,17409,-0.0029650000,0.4149841481728683464041381612
3651,21070,N05000011,N92000002,Newry and Armagh,,Northern Ireland,County,Conservative,Con,Conservative,Con,4,PP52,,,,,No,No,Samantha,Rayner,Female,No,No,,No,83,,0.0018066257455052022114840451
3651,21071,N05000011,N92000002,Newry and Armagh,,Northern Ireland,County,Aontú,AONT,Aontú,AONT,1025,PP7968,,,,,No,No,Liam,Reichenberg,Male,No,No,,No,888,-0.0135460000,0.0193287188193809585999738801
3651,21072,N05000011,N92000002,Newry and Armagh,,Northern Ireland,County,Alliance,APNI,Alliance,APNI,1,PP103,,,,,No,No,Helena,Young,Female,No,No,,No,2692,-0.0254270000,0.0585956205650602934134343302
3651,21073,N05000011,N92000002,Newry and Armagh,,Northern Ireland,County,Ulster Unionist Party,UUP,Ulster Unionist Party,UUP,38,PP83,,,,,No,No,Sam,Nicholson,Male,No,No,,No,3175,-0.0083000000,0.0691088764093857472465282312
3651,21074,N05000011,N92000002,Newry and Armagh,,Northern Ireland,County,Traditional Unionist Voice,TUV,Traditional Unionist Voice,TUV,158,PP680,,,,,No,No,Keith,Ratcliffe,Male,No,No,,No,4099,,0.0892211919376605284924469984
3651,21075,N05000011,N92000002,Newry and Armagh,,Northern Ireland,County,Democratic Unionist Party,DUP,Democratic Unionist Party,DUP,7,PP70,,,,,No,No,Gareth,Wilson,Male,No,No,,No,5900,-0.0737420000,0.1284227939575987114187453746
3651,21076,N05000011,N92000002,Newry and Armagh,,Northern Ireland,County,Social Democratic & Labour Party,SDLP,Social Democratic & Labour Party,SDLP,31,PP55,,,,,No,No,Pete,Byrne,Male,No,No,,No,6806,-0.0455180000,0.1481433111314265813416916982
3651,21077,N05000011,N92000002,Newry and Armagh,,Northern Ireland,County,Sinn Féin,SF,Sinn Féin,SF,30,PP39,,,,,No,No,Dáire,Hughes,Male,No,No,5292,Yes,22299,0.0755040000,0.4853728614339819772756954421
3652,21078,E14001381,E12000009,Newton Abbot,South West,England,County,Volt United Kingdom,VUK,Volt United Kingdom,VUK,1056,PP8009,,,,,No,No,Annaliese,Cude,Female,No,No,,No,104,,0.002167027837972995499249875
3652,21079,E14001381,E12000009,Newton Abbot,South West,England,County,Heritage Party,HPUK,Heritage Party,HPUK,1037,PP12550,,,,,No,No,Andre,Sabine,Male,No,No,,No,116,,0.0024170695115852642107017836
3652,21080,E14001381,E12000009,Newton Abbot,South West,England,County,South Devon Alliance,SDA,South Devon Alliance,SDA,1089,PP12670,,,,,No,No,Liam,Mullone,Male,No,No,,No,1924,,0.0400900150025004167361226871
3652,21081,E14001381,E12000009,Newton Abbot,South West,England,County,Green Party,Green,Green Party,Green,44,PP63,,,,,No,No,Pauline,Wynter,Female,No,No,,No,2083,0.0146870000,0.0434030671778629771628604767
3652,21082,E14001381,E12000009,Newton Abbot,South West,England,County,Labour,Lab,Labour,Lab,15,PP53,,,,,No,No,Jacob,Cousens,Male,No,No,,No,7115,-0.0289450000,0.1482538756459409901650275046
3652,21083,E14001381,E12000009,Newton Abbot,South West,England,County,Reform UK,RUK,Reform UK,RUK,1036,PP7931,,,,,No,No,Christopher,Hilditch,Male,No,No,,No,8494,,0.1769878313052175362560426738
3652,21084,E14001381,E12000009,Newton Abbot,South West,England,County,Conservative,Con,Conservative,Con,4,PP52,,,,,No,No,Anne Marie,Morris,Female,Yes,Yes,4249,No,12955,-0.2856210000,0.269940823470578429738289715
3652,21085,E14001381,E12000009,Newton Abbot,South West,England,County,Liberal Democrat,LD,Liberal Democrat,LD,17,PP90,,,,,No,No,Martin,Wrigley,Male,No,No,5111,Yes,15201,0.0942450000,0.3167402900483413902317052842
3653,21086,E14001382,E12000001,Newton Aycliffe and Spennymoor,North East,England,County,Workers Party of Britain,WPB,Workers Party of Britain,WPB,1042,PP11382,,,,,No,No,Minhajul,Suhon,Male,No,No,,No,246,,0.0061737690106911609697334739
3653,21087,E14001382,E12000001,Newton Aycliffe and Spennymoor,North East,England,County,Transform Party,Transform,Transform Party,Transform,1081,PP12596,,,,,No,No,Brian,Agar,Male,No,No,,No,264,,0.0066255082065953922602017768
3653,21088,E14001382,E12000001,Newton Aycliffe and Spennymoor,North East,England,County,Liberal Democrat,LD,Liberal Democrat,LD,17,PP90,,,,,No,No,Anne-Marie,Curry,Female,No,No,,No,1491,-0.0165330000,0.0374190633940671585604577624
3653,21089,E14001382,E12000001,Newton Aycliffe and Spennymoor,North East,England,County,Green Party,Green,Green Party,Green,44,PP63,,,,,No,No,Jack,Hughes,Male,No,No,,No,1701,0.0278410000,0.0426893540129498569492546303
3653,21090,E14001382,E12000001,Newton Aycliffe and Spennymoor,North East,England,County,Conservative,Con,Conservative,Con,4,PP52,,,,,No,No,Paul,Howell,Male,Yes,Yes,4830,No,8195,-0.2557830000,0.2056668172463986347437634894
3653,21091,E14001382,E12000001,Newton Aycliffe and Spennymoor,North East,England,County,Reform UK,RUK,Reform UK,RUK,1036,PP7931,,,,,No,No,John,Grant,Male,No,No,,No,9555,0.1620060000,0.2397982231591627766902574913
3653,21092,E14001382,E12000001,Newton Aycliffe and Spennymoor,North East,England,County,Labour,Lab,Labour,Lab,15,PP53,,,,,No,No,Alan,Strickland,Male,No,No,5080,Yes,18394,0.0787540000,0.4616272649701350198263313758
3654,21093,E14001383,E12000003,Normanton and Hemsworth,Yorkshire and The Humber,England,County,Liberal Democrat,LD,Liberal Democrat,LD,17,PP90,,,,,No,No,Craig,Dobson,Male,No,No,,No,1319,-0.0059340000,0.036287105559987895127788935
3654,21094,E14001383,E12000003,Normanton and Hemsworth,Yorkshire and The Humber,England,County,Green Party,Green,Green Party,Green,44,PP63,,,,,No,No,Ashton,Howick,Male,No,No,,No,2147,0.0410340000,0.059066274175355580621200033
3654,21095,E14001383,E12000003,Normanton and Hemsworth,Yorkshire and The Humber,England,County,Conservative,Con,Conservative,Con,4,PP52,,,,,No,No,Alice,Hopkin,Female,No,No,,No,4995,-0.1769230000,0.1374178106687941896613386888
3654,21096,E14001383,E12000003,Normanton and Hemsworth,Yorkshire and The Humber,England,County,Reform UK,RUK,Reform UK,RUK,1036,PP7931,,,,,No,No,Callum,Bushrod,Male,No,No,,No,10613,0.1395780000,0.2919750199455280750502077086
3654,21097,E14001383,E12000003,Normanton and Hemsworth,Yorkshire and The Humber,England,County,Labour,Lab,Labour,Lab,15,PP53,,,,,No,No,Jon,Trickett,Male,Yes,Yes,410,Yes,17275,0.0797460000,0.4752537896503342595394646345
3655,21098,N05000012,N92000002,North Antrim,,Northern Ireland,County,Independent,IND,,,,,,,,,Yes,No,Tristan,Morrow,Male,No,No,,No,136,,0.0033021731212820201529683137
3655,21099,N05000012,N92000002,North Antrim,,Northern Ireland,County,Aontú,AONT,Aontú,AONT,1025,PP7968,,,,,No,No,Ráichéal,Mhic Niocaill,Female,No,No,,No,451,,0.0109505888066043462425640403
3655,21100,N05000012,N92000002,North Antrim,,Northern Ireland,County,Social Democratic & Labour Party,SDLP,Social Democratic & Labour Party,SDLP,31,PP55,,,,,No,No,Helen,Maher,Female,No,No,,No,1661,-0.0188500000,0.0403302173121282020152968314
3655,21101,N05000012,N92000002,North Antrim,,Northern Ireland,County,Ulster Unionist Party,UUP,Ulster Unionist Party,UUP,38,PP83,,,,,No,No,Jackson,Minford,Male,No,No,,No,3901,-0.0747700000,0.0947189510744202986524219983
3655,21102,N05000012,N92000002,North Antrim,,Northern Ireland,County,Alliance,APNI,Alliance,APNI,1,PP103,,,,,No,No,Sian,Mulholland,Female,No,No,,No,4488,-0.0340790000,0.1089717130023066650479543523
3655,21103,N05000012,N92000002,North Antrim,,Northern Ireland,County,Sinn Féin,SF,Sinn Féin,SF,30,PP39,,,,,No,No,Philip,McGuigan,Male,No,No,,No,7714,0.0738410000,0.1873012018938934077940997936
3655,21104,N05000012,N92000002,North Antrim,,Northern Ireland,County,Democratic Unionist Party,DUP,Democratic Unionist Party,DUP,7,PP70,,,,,No,No,Ian,Paisley,Male,Yes,Yes,4129,No,11192,-0.2365960000,0.2717494233337380114119218162
3655,21105,N05000012,N92000002,North Antrim,,Northern Ireland,County,Traditional Unionist Voice,TUV,Traditional Unionist Voice,TUV,158,PP680,,,,,No,No,Jim,Allister,Male,No,No,5356,Yes,11642,,0.2826757314556270486827728542
3656,21106,S14000048,S92000003,North Ayrshire and Arran,,Scotland,County,Socialist Labour Party,SL,Socialist Labour Party,SL,147,PP73,,,,,No,No,James,McDaid,Male,No,No,,No,232,,0.0054895650939378164781600492
3656,21107,S14000048,S92000003,North Ayrshire and Arran,,Scotland,County,Social Democratic Party,SDP,Social Democratic Party,SDP,32,PP243,,,,,No,No,Ian,Gibson,Male,No,No,,No,238,,0.0056315366049879324215607401
3656,21108,S14000048,S92000003,North Ayrshire and Arran,,Scotland,County,Liberal Democrat,LD,Liberal Democrat,LD,17,PP90,,,,,No,No,Gillian,Cole-Hamilton,Female,No,No,,No,1005,-0.0199750000,0.0237802281008944205196157304
3656,21109,S14000048,S92000003,North Ayrshire and Arran,,Scotland,County,Scottish Green Party,Green,Scottish Green Party,Green,1057,PP130,,,,,No,No,Cara,McKee,Female,No,No,,No,1327,0.0082650000,0.0313993658605839761487861436
3656,21110,S14000048,S92000003,North Ayrshire and Arran,,Scotland,County,Reform UK,RUK,Reform UK,RUK,1036,PP7931,,,,,No,No,Mike,Mann,Male,No,No,,No,3415,,0.0808054517060243244522265865
3656,21111,S14000048,S92000003,North Ayrshire and Arran,,Scotland,County,Conservative,Con,Conservative,Con,4,PP52,,,,,No,No,Todd,Ferguson,Male,No,No,,No,5954,-0.1676060000,0.1408830627987317211679522976
3656,21112,S14000048,S92000003,North Ayrshire and Arran,,Scotland,County,Scottish National Party,SNP,Scottish National Party,SNP,29,PP102,,,,,No,No,Patricia,Gibson,Female,Yes,Yes,4435,No,13270,-0.1714490000,0.3139936586058397614878614358
3656,21113,S14000048,S92000003,North Ayrshire and Arran,,Scotland,County,Labour,Lab,Labour,Lab,15,PP53,,,,,No,No,Irene,Campbell,Female,No,No,5145,Yes,16821,0.2588390000,0.3980171312290000473238370167
3657,21114,E14001384,E12000006,North Bedfordshire,East of England,England,County,Green Party,Green,Green Party,Green,44,PP63,,,,,No,No,Philippa,Fleming,Female,No,No,,No,3027,0.0305050000,0.0587071623901786233781346366
3657,21115,E14001384,E12000006,North Bedfordshire,East of England,England,County,Liberal Democrat,LD,Liberal Democrat,LD,17,PP90,,,,,No,No,Joanna,Szaub-Newton,Female,No,No,,No,5553,-0.0240240000,0.1076976784779193576540408448
3657,21116,E14001384,E12000006,North Bedfordshire,East of England,England,County,Reform UK,RUK,Reform UK,RUK,1036,PP7931,,,,,No,No,Pippa,Clayton,Female,No,No,,No,8433,0.1617390000,0.1635538488392389596788270204
3657,21117,E14001384,E12000006,North Bedfordshire,East of England,England,County,Labour,Lab,Labour,Lab,15,PP53,,,,,No,No,Uday,Nagaraju,Male,No,No,,No,14567,0.0916190000,0.2825197339074106398246736875
3657,21118,E14001384,E12000006,North Bedfordshire,East of England,England,County,Conservative,Con,Conservative,Con,4,PP52,,,,,No,No,Richard,Fuller,Male,Yes,Yes,3912,Yes,19981,-0.2238450000,0.3875215763852524194643238106
3658,21119,E14001385,E12000009,North Cornwall,South West,England,County,Heritage Party,HPUK,Heritage Party,HPUK,1037,PP12550,,,,,No,No,Sarah,Farrell,Female,No,No,,No,277,,0.0054054054054054054054054054
3658,21120,E14001385,E12000009,North Cornwall,South West,England,County,Green Party,Green,Green Party,Green,44,PP63,,,,,No,No,Lance,Symonds,Male,No,No,,No,1335,0.0241840000,0.0260513220802029466289394087
3658,21121,E14001385,E12000009,North Cornwall,South West,England,County,Labour,Lab,Labour,Lab,15,PP53,,,,,No,No,Robyn,Harris,Female,No,No,,No,2958,-0.0384550000,0.0577227046541125963508634989
3658,21122,E14001385,E12000009,North Cornwall,South West,England,County,Reform UK,RUK,Reform UK,RUK,1036,PP7931,,,,,No,No,Rowland,O'Connor,Male,No,No,,No,8444,,0.1647770514196506976290369792
3658,21123,E14001385,E12000009,North Cornwall,South West,England,County,Conservative,Con,Conservative,Con,4,PP52,,,,,No,No,Scott,Mann,Male,Yes,Yes,4496,No,14137,-0.3147870000,0.2758708166650404917552931993
3658,21124,E14001385,E12000009,North Cornwall,South West,England,County,Liberal Democrat,LD,Liberal Democrat,LD,17,PP90,,,,,No,No,Ben,Maguire,Male,No,No,5350,Yes,24094,0.1713770000,0.4701726997755878622304615084
3659,21125,E14001386,E12000009,North Cotswolds,South West,England,County,Independent,IND,,,,,,,,,Yes,No,Jean,Blackbeard,Female,No,No,,No,448,,0.0089191502916641780644647514
3659,21126,E14001386,E12000009,North Cotswolds,South West,England,County,Green Party,Green,Green Party,Green,44,PP63,,,,,No,No,Chloe,Turner,Female,No,No,,No,3191,0.0055680000,0.0635290370104919468832746023
3659,21127,E14001386,E12000009,North Cotswolds,South West,England,County,Reform UK,RUK,Reform UK,RUK,1036,PP7931,,,,,No,No,Jason,Preece,Male,No,No,,No,6502,0.1260020000,0.1294471321348225128909594059
3659,21128,E14001386,E12000009,North Cotswolds,South West,England,County,Labour,Lab,Labour,Lab,15,PP53,,,,,No,No,Anna,Mainwaring,Female,No,No,,No,8593,0.0058770000,0.1710764697684604511338071632
3659,21129,E14001386,E12000009,North Cotswolds,South West,England,County,Liberal Democrat,LD,Liberal Democrat,LD,17,PP90,,,,,No,No,Paul,Hodgkinson,Male,No,No,,No,14069,0.1000920000,0.2800971550299627705110593482
3659,21130,E14001386,E12000009,North Cotswolds,South West,England,County,Conservative,Con,Conservative,Con,4,PP52,,,,,No,No,Geoffrey,Clifton-Brown,Male,Yes,Yes,249,Yes,17426,-0.2464580000,0.3469310557645981405164347289
3660,21131,E14001387,E12000009,North Devon,South West,England,County,Independent,IND,,,,,,,,,Yes,No,Steve,Cotten,Male,No,No,,No,820,,0.0159480327518136025050080713
3660,21132,E14001387,E12000009,North Devon,South West,England,County,Green Party,Green,Green Party,Green,44,PP63,,,,,No,No,Cas,Lay,Male,No,No,,No,2348,0.0140180000,0.045665830367388217904584087
3660,21133,E14001387,E12000009,North Devon,South West,England,County,Labour,Lab,Labour,Lab,15,PP53,,,,,No,No,Nicky,Edwards,Female,No,No,,No,3216,-0.0291570000,0.0625474064997957873854950697
3660,21134,E14001387,E12000009,North Devon,South West,England,County,Reform UK,RUK,Reform UK,RUK,1036,PP7931,,,,,No,No,Nigel,James,Male,No,No,,No,8137,,0.1582550518311064433942081413
3660,21135,E14001387,E12000009,North Devon,South West,England,County,Conservative,Con,Conservative,Con,4,PP52,,,,,No,No,Selaine,Saxby,Female,Yes,Yes,4863,No,15076,-0.2731520000,0.2932104167882217943481727833
3660,21136,E14001387,E12000009,North Devon,South West,England,County,Liberal Democrat,LD,Liberal Democrat,LD,17,PP90,,,,,No,No,Ian,Roome,Male,No,No,5138,Yes,21820,0.1245230000,0.4243732617616741544625318474
3661,21137,E14001388,E12000009,North Dorset,South West,England,County,Social Democratic Party,SDP,Social Democratic Party,SDP,32,PP243,,,,,No,No,Daniel,Woodruffe,Male,No,No,,No,74,,0.0014894430690578266207757181
3661,21138,E14001388,E12000009,North Dorset,South West,England,County,UK Independence Party,UKIP,UK Independence Party,UKIP,35,PP85,,,,,No,No,Jeff,Taylor,Male,No,No,,No,119,,0.0023951854759173157820582493
3661,21139,E14001388,E12000009,North Dorset,South West,England,County,Independent,IND,,,,,,,,,Yes,No,Si,Adams,Male,No,No,,No,317,,0.0063804520660990680917013868
3661,21140,E14001388,E12000009,North Dorset,South West,England,County,Green Party,Green,Green Party,Green,44,PP63,,,,,No,No,Ken,Huggins,Male,No,No,,No,2082,0.0024400000,0.0419056820240323651953384457
3661,21141,E14001388,E12000009,North Dorset,South West,England,County,Labour,Lab,Labour,Lab,15,PP53,,,,,No,No,James,Coldwell,Male,No,No,,No,4370,-0.0313560000,0.0879576515105770585512147012
3661,21142,E14001388,E12000009,North Dorset,South West,England,County,Reform UK,RUK,Reform UK,RUK,1036,PP7931,,,,,No,No,Ash,Leaning,Male,No,No,,No,7894,,0.1588873457721957208703178149
3661,21143,E14001388,E12000009,North Dorset,South West,England,County,Liberal Democrat,LD,Liberal Democrat,LD,17,PP90,,,,,No,No,Gary,Jackson,Male,No,No,,No,16619,0.1308120000,0.3345007346577300082523197069
3661,21144,E14001388,E12000009,North Dorset,South West,England,County,Conservative,Con,Conservative,Con,4,PP52,,,,,No,No,Simon,Hoare,Male,Yes,Yes,4494,Yes,18208,-0.2710480000,0.366483505424390636636273977
3662,21145,N05000013,N92000002,North Down,,Northern Ireland,County,Independent,IND,,,,,,,,,Yes,No,Chris,Carter,Male,No,No,,No,117,,0.0027023281596452328159645233
3662,21146,N05000013,N92000002,North Down,,Northern Ireland,County,Social Democratic & Labour Party,SDLP,Social Democratic & Labour Party,SDLP,31,PP55,,,,,No,No,Deirdre,Vaughan,Female,No,No,,No,657,,0.0151746119733924611973392461
3662,21147,N05000013,N92000002,North Down,,Northern Ireland,County,Green Party Northern Ireland,Green,Green Party Northern Ireland,Green,1113,PP305,,,,,No,No,Barry,McKee,Male,No,No,,No,1247,,0.0288017368810051736881005174
3662,21148,N05000013,N92000002,North Down,,Northern Ireland,County,Ulster Unionist Party,UUP,Ulster Unionist Party,UUP,38,PP83,,,,,No,No,Tim,Collins,Male,No,No,,No,6754,0.0373020000,0.1559959349593495934959349593
3662,21149,N05000013,N92000002,North Down,,Northern Ireland,County,Alliance,APNI,Alliance,APNI,1,PP103,,,,,No,No,Stephen,Farry,Male,Yes,Yes,4856,No,13608,-0.1343270000,0.3143015521064301552106430155
3662,21150,N05000013,N92000002,North Down,,Northern Ireland,County,Independent,IND,,,,,,,,,Yes,No,Alex,Easton,Male,No,No,5262,Yes,20913,,0.4830238359201773835920177384
3663,21151,E14001389,E12000001,North Durham,North East,England,County,Social Democratic Party,SDP,Social Democratic Party,SDP,32,PP243,,,,,No,No,Tom,Chittenden,Male,No,No,,No,320,,0.0076987850354865872729459882
3663,21152,E14001389,E12000001,North Durham,North East,England,County,Workers Party of Britain,WPB,Workers Party of Britain,WPB,1042,PP11382,,,,,No,No,Chris,Bradburn,Male,No,No,,No,928,,0.0223264766029111030915433658
3663,21153,E14001389,E12000001,North Durham,North East,England,County,Green Party,Green,Green Party,Green,44,PP63,,,,,No,No,Sunny,Moon-Schott,Male,No,No,,No,2366,0.0307920000,0.0569228918561289546493444003
3663,21154,E14001389,E12000001,North Durham,North East,England,County,Liberal Democrat,LD,Liberal Democrat,LD,17,PP90,,,,,No,No,Craig,Martin,Male,No,No,,No,4208,0.0375960000,0.101239023216648622639239745
3663,21155,E14001389,E12000001,North Durham,North East,England,County,Conservative,Con,Conservative,Con,4,PP52,,,,,No,No,George,Carter,Male,No,No,,No,6492,-0.1881140000,0.1561891014074341392998917358
3663,21156,E14001389,E12000001,North Durham,North East,England,County,Reform UK,RUK,Reform UK,RUK,1036,PP7931,,,,,No,No,Andrew,Husband,Male,No,No,,No,10689,0.1503380000,0.2571634788884879105016239625
3663,21157,E14001389,E12000001,North Durham,North East,England,County,Labour,Lab,Labour,Lab,15,PP53,,,,,No,No,Luke,Akehurst,Male,No,No,5112,Yes,16562,-0.0383990000,0.3984602429929026825454108024
3664,21158,E14001390,E12000006,North East Cambridgeshire,East of England,England,County,Workers Party of Britain,WPB,Workers Party of Britain,WPB,1042,PP11382,,,,,No,No,Clayton,Payne,Male,No,No,,No,190,,0.0048499081070042883397998775
3664,21159,E14001390,E12000006,North East Cambridgeshire,East of England,England,County,Independent,IND,,,,,,,,,Yes,No,David,Patrick,Male,No,No,,No,958,,0.0244537471921584643659383296
3664,21160,E14001390,E12000006,North East Cambridgeshire,East of England,England,County,Green Party,Green,Green Party,Green,44,PP63,,,,,No,No,Andrew,Crawford,Male,No,No,,No,2001,0.0173660000,0.0510771901163977945681029202
3664,21161,E14001390,E12000006,North East Cambridgeshire,East of England,England,County,Liberal Democrat,LD,Liberal Democrat,LD,17,PP90,,,,,No,No,David,Chalmers,Male,No,No,,No,2716,0.0022190000,0.0693281600980191954257708801
3664,21162,E14001390,E12000006,North East Cambridgeshire,East of England,England,County,Labour,Lab,Labour,Lab,15,PP53,,,,,No,No,Javeria,Hussain,Female,No,No,,No,8008,0.0439270000,0.2044108637941596896058811517
3664,21163,E14001390,E12000006,North East Cambridgeshire,East of England,England,County,Reform UK,RUK,Reform UK,RUK,1036,PP7931,,,,,No,No,Chris,Thornhill,Male,No,No,,No,9057,,0.2311874617112517868082499489
3664,21164,E14001390,E12000006,North East Cambridgeshire,East of England,England,County,Conservative,Con,Conservative,Con,4,PP52,,,,,No,No,Steve,Barclay,Male,Yes,Yes,4095,Yes,16246,-0.3240030000,0.414692668981008780886256892
3665,21165,E14001391,E12000004,North East Derbyshire,East Midlands,England,County,Freedom Alliance,FA,Freedom Alliance,FA,1035,PP17509,,,,,No,No,Wesley,Massumbukolt,Male,No,No,,No,108,,0.0023546853878690097239785462
3665,21166,E14001391,E12000004,North East Derbyshire,East Midlands,England,County,Liberal Democrat,LD,Liberal Democrat,LD,17,PP90,,,,,No,No,Ross,Shipman,Male,No,No,,No,2159,-0.0143480000,0.0470719051148999258710155671
3665,21167,E14001391,E12000004,North East Derbyshire,East Midlands,England,County,Green Party,Green,Green Party,Green,44,PP63,,,,,No,No,Frank,Adlington-Stringer,Male,No,No,,No,2271,0.0228560000,0.0495138010726900100292155409
3665,21168,E14001391,E12000004,North East Derbyshire,East Midlands,England,County,Reform UK,RUK,Reform UK,RUK,1036,PP7931,,,,,No,No,Andy,Egginton,Male,No,No,,No,7899,0.1675500000,0.1722190729516417389787642262
3665,21169,E14001391,E12000004,North East Derbyshire,East Midlands,England,County,Conservative,Con,Conservative,Con,4,PP52,,,,,No,No,Lee,Rowley,Male,Yes,Yes,4652,No,15838,-0.2386950000,0.3453102516024942222997427288
3665,21170,E14001391,E12000004,North East Derbyshire,East Midlands,England,County,Labour,Lab,Labour,Lab,15,PP53,,,,,No,No,Louise,Jones,Female,No,No,5258,Yes,17591,0.0602820000,0.3835302838704050930972833907
3666,21171,S14000100,S92000003,North East Fife,,Scotland,County,Scottish Green Party,Green,Scottish Green Party,Green,1057,PP130,,,,,No,No,Morven,Ovenstone-Jones,Female,No,No,,No,1653,,0.0386865755476502527616551208
3666,21172,S14000100,S92000003,North East Fife,,Scotland,County,Conservative,Con,Conservative,Con,4,PP52,,,,,No,No,Bill,Bowman,Male,No,No,,No,1666,-0.0975670000,0.038990825688073394495412844
3666,21173,S14000100,S92000003,North East Fife,,Scotland,County,Reform UK,RUK,Reform UK,RUK,1036,PP7931,,,,,No,No,Matthew,Wren,Male,No,No,,No,2094,0.0454820000,0.0490076764650814454222055795
3666,21174,S14000100,S92000003,North East Fife,,Scotland,County,Labour,Lab,Labour,Lab,15,PP53,,,,,No,No,Jennifer,Gallagher,Female,No,No,,No,4026,0.0394360000,0.0942239281033514323160456843
3666,21175,S14000100,S92000003,North East Fife,,Scotland,County,Scottish National Party,SNP,Scottish National Party,SNP,29,PP102,,,,,No,No,Stefan,Hoggan-Radu,Male,No,No,,No,9905,-0.1777240000,0.2318152031454783748361730013
3666,21176,S14000100,S92000003,North East Fife,,Scotland,County,Liberal Democrat,LD,Liberal Democrat,LD,17,PP90,,,,,No,No,Wendy,Chamberlain,Female,Yes,Yes,4765,Yes,23384,0.1516870000,0.5472757910503651001685077701
3667,21177,E14001392,E12000008,North East Hampshire,South East,England,County,Libertarian Party,LPUK,Libertarian Party,LPUK,1003,PP684,,,,,No,No,Alex,Zychowski,Male,No,No,,No,69,,0.0012419006479481641468682505
3667,21178,E14001392,E12000008,North East Hampshire,South East,England,County,Hampshire Independents,HI,Hampshire Independents,HI,1106,PP10327,,,,,No,No,Duncan,Stone,Male,No,No,,No,274,,0.0049316054715622750179985601
3667,21179,E14001392,E12000008,North East Hampshire,South East,England,County,Official Monster Raving Loony Party,MRLP,Official Monster Raving Loony Party,MRLP,119,PP66,,,,,No,No,Howling (Alan),Hope,Male,No,No,,No,340,-0.0040340000,0.0061195104391648668106551476
3667,21180,E14001392,E12000008,North East Hampshire,South East,England,County,Green Party,Green,Green Party,Green,44,PP63,,,,,No,No,Mohamed,Miah,Male,No,No,,No,1425,-0.0043190000,0.0256479481641468682505399568
3667,21181,E14001392,E12000008,North East Hampshire,South East,England,County,Labour,Lab,Labour,Lab,15,PP53,,,,,No,No,Bradley,Phillips,Male,No,No,,No,5057,-0.0113610000,0.0910187185025197984161267099
3667,21182,E14001392,E12000008,North East Hampshire,South East,England,County,Reform UK,RUK,Reform UK,RUK,1036,PP7931,,,,,No,No,Paul,Morton,Male,No,No,,No,6673,,0.1201043916486681065514758819
3667,21183,E14001392,E12000008,North East Hampshire,South East,England,County,Conservative,Con,Conservative,Con,4,PP52,,,,,No,No,Ranil,Jayawardena,Male,Yes,Yes,4498,No,20544,-0.2493810000,0.3697624190064794816414686825
3667,21184,E14001392,E12000008,North East Hampshire,South East,England,County,Liberal Democrat,LD,Liberal Democrat,LD,17,PP90,,,,,No,No,Alex,Brewer,Female,No,No,5263,Yes,21178,0.1574650000,0.3811735061195104391648668107
3668,21185,E14001393,E12000006,North East Hertfordshire,East of England,England,County,Green Party,Green,Green Party,Green,44,PP63,,,,,No,No,Vicky,Burt,Female,No,No,,No,3802,0.0296090000,0.0723914699162223914699162224
3668,21186,E14001393,E12000006,North East Hertfordshire,East of England,England,County,Liberal Democrat,LD,Liberal Democrat,LD,17,PP90,,,,,No,No,Ruth,Brown,Female,No,No,,No,5463,-0.0507530000,0.104017517136329017517136329
3668,21187,E14001393,E12000006,North East Hertfordshire,East of England,England,County,Reform UK,RUK,Reform UK,RUK,1036,PP7931,,,,,No,No,Steve,Adelantado,Male,No,No,,No,8462,,0.1611195734958111195734958111
3668,21188,E14001393,E12000006,North East Hertfordshire,East of England,England,County,Conservative,Con,Conservative,Con,4,PP52,,,,,No,No,Nikki,Da Costa,Female,No,No,,No,16435,-0.2526720000,0.3129284082254379284082254379
3668,21189,E14001393,E12000006,North East Hertfordshire,East of England,England,County,Labour,Lab,Labour,Lab,15,PP53,,,,,No,No,Chris,Hinchliff,Male,No,No,5244,Yes,18358,0.1126970000,0.3495430312261995430312261995
3669,21190,E14001394,E12000009,North East Somerset and Hanham,South West,England,County,Official Monster Raving Loony Party,MRLP,Official Monster Raving Loony Party,MRLP,119,PP66,,,,,No,No,Barmy,Brunch,Male,No,No,,No,211,,0.0041271393643031784841075795
3669,21191,E14001394,E12000009,North East Somerset and Hanham,South West,England,County,Independent,IND,,,,,,,,,Yes,No,Nicholas,Hales,Male,No,No,,No,231,,0.004518337408312958435207824
3669,21192,E14001394,E12000009,North East Somerset and Hanham,South West,England,County,Green Party,Green,Green Party,Green,44,PP63,,,,,No,No,Edmund,Cannon,Male,No,No,,No,3222,0.0391700000,0.0630220048899755501222493888
3669,21193,E14001394,E12000009,North East Somerset and Hanham,South West,England,County,Liberal Democrat,LD,Liberal Democrat,LD,17,PP90,,,,,No,No,Dine,Romero,Female,No,No,,No,3878,-0.0743110000,0.0758533007334963325183374083
3669,21194,E14001394,E12000009,North East Somerset and Hanham,South West,England,County,Reform UK,RUK,Reform UK,RUK,1036,PP7931,,,,,No,No,Paul,MacDonnell,Male,No,No,,No,7424,,0.1452127139364303178484107579
3669,21195,E14001394,E12000009,North East Somerset and Hanham,South West,England,County,Conservative,Con,Conservative,Con,4,PP52,,,,,No,No,Jacob,Rees-Mogg,Male,Yes,Yes,4099,No,15420,-0.2456820000,0.3016136919315403422982885086
3669,21196,E14001394,E12000009,North East Somerset and Hanham,South West,England,County,Labour,Lab,Labour,Lab,15,PP53,,,,,No,No,Dan,Norris,Male,No,Yes,221,Yes,20739,0.1436960000,0.405652811735941320293398533
3670,21197,E14001395,E12000005,North Herefordshire,West Midlands,England,County,Social Democratic Party,SDP,Social Democratic Party,SDP,32,PP243,,,,,No,No,Michael,Guest,Male,No,No,,No,95,,0.0018863428775664191255311544
3670,21198,E14001395,E12000005,North Herefordshire,West Midlands,England,County,Liberal Democrat,LD,Liberal Democrat,LD,17,PP90,,,,,No,No,Cat,Hornsey,Female,No,No,,No,1436,-0.1061790000,0.0285135618124776617290814503
3670,21199,E14001395,E12000005,North Herefordshire,West Midlands,England,County,Labour,Lab,Labour,Lab,15,PP53,,,,,No,No,Jon,Browning,Male,No,No,,No,3205,-0.0887140000,0.0636392518168460347087089472
3670,21200,E14001395,E12000005,North Herefordshire,West Midlands,England,County,Reform UK,RUK,Reform UK,RUK,1036,PP7931,,,,,No,No,Andrew,Dye,Male,No,No,,No,8048,,0.1598030260911004328660497995
3670,21201,E14001395,E12000005,North Herefordshire,West Midlands,England,County,Conservative,Con,Conservative,Con,4,PP52,,,,,No,No,Bill,Wiggin,Male,Yes,Yes,1428,No,15842,-0.3104540000,0.3145625670148127556491005123
3670,21202,E14001395,E12000005,North Herefordshire,West Midlands,England,County,Green Party,Green,Green Party,Green,44,PP63,,,,,No,No,Ellie,Chowns,Female,No,No,5249,Yes,21736,0.3436570000,0.4315952503871966959215281363
3671,21203,E14001396,E12000006,North Norfolk,East of England,England,County,Green Party,Green,Green Party,Green,44,PP63,,,,,No,No,Liz,Dixon,Female,No,No,,No,1406,0.0290150000,0.0298875496885827859617796484
3671,21204,E14001396,E12000006,North Norfolk,East of England,England,County,Labour,Lab,Labour,Lab,15,PP53,,,,,No,No,Cathy,Cordiner-Achenbach,Female,No,No,,No,2878,-0.0160110000,0.0611780711264162574665731352
3671,21205,E14001396,E12000006,North Norfolk,East of England,England,County,Reform UK,RUK,Reform UK,RUK,1036,PP7931,,,,,No,No,Jason,Patchett,Male,No,No,,No,6368,0.1016400000,0.1353655166549752354229109538
3671,21206,E14001396,E12000006,North Norfolk,East of England,England,County,Conservative,Con,Conservative,Con,4,PP52,,,,,No,No,Duncan,Baker,Male,Yes,Yes,4784,No,16903,-0.2253260000,0.3593095678421869353570137959
3671,21207,E14001396,E12000006,North Norfolk,East of England,England,County,Liberal Democrat,LD,Liberal Democrat,LD,17,PP90,,,,,No,No,Steffan,Aquarone,Male,No,No,5164,Yes,19488,0.1106830000,0.4142592946878387857917224667
3672,21208,E14001397,E12000001,North Northumberland,North East,England,County,Social Democratic Party,SDP,Social Democratic Party,SDP,32,PP243,,,,,No,No,Andrew,Martin,Male,No,No,,No,92,,0.0018835861843048133816514137
3672,21209,E14001397,E12000001,North Northumberland,North East,England,County,Independent,IND,,,,,,,,,Yes,No,Michael,Joyce,Male,No,No,,No,288,,0.0058964437073889810208218168
3672,21210,E14001397,E12000001,North Northumberland,North East,England,County,Green Party,Green,Green Party,Green,44,PP63,,,,,No,No,Jan,Rosen,Male,No,No,,No,1743,0.0016890000,0.0356857686874270622197653707
3672,21211,E14001397,E12000001,North Northumberland,North East,England,County,Independent,IND,,,,,,,,,Yes,No,Georgina,Hill,Female,No,No,,No,3220,,0.06592551645066846835779948
3672,21212,E14001397,E12000001,North Northumberland,North East,England,County,Liberal Democrat,LD,Liberal Democrat,LD,17,PP90,,,,,No,No,Natalie,Younes,Female,No,No,,No,5169,-0.0550360000,0.1058288802899084822799582335
3672,21213,E14001397,E12000001,North Northumberland,North East,England,County,Reform UK,RUK,Reform UK,RUK,1036,PP7931,,,,,No,No,Katherine,Hales,Female,No,No,,No,7688,0.1427070000,0.1574022889666891878058268329
3672,21214,E14001397,E12000001,North Northumberland,North East,England,County,Conservative,Con,Conservative,Con,4,PP52,,,,,No,No,Anne-Marie,Trevelyan,Female,Yes,Yes,4531,No,12788,-0.2974720000,0.2618184796183690600495465062
3672,21215,E14001397,E12000001,North Northumberland,North East,England,County,Labour,Lab,Labour,Lab,15,PP53,,,,,No,No,David,Smith,Male,No,No,5218,Yes,17855,0.1344060000,0.3655590360952439448846303462
3673,21216,E14001398,E12000005,North Shropshire,West Midlands,England,County,Independent,IND,,,,,,,,,Yes,No,Samuel,Cladingbowl,Male,No,No,,No,133,,0.0026817760212928983344759447
3673,21217,E14001398,E12000005,North Shropshire,West Midlands,England,County,Green Party,Green,Green Party,Green,44,PP63,,,,,No,No,Craig,Emery,Male,No,No,,No,1234,-0.0080040000,0.0248820421825220792837843287
3673,21218,E14001398,E12000005,North Shropshire,West Midlands,England,County,Labour,Lab,Labour,Lab,15,PP53,,,,,No,No,Natalie,Rowley,Female,No,No,,No,3423,-0.1549090000,0.0690204460216961729241440497
3673,21219,E14001398,E12000005,North Shropshire,West Midlands,England,County,Reform UK,RUK,Reform UK,RUK,1036,PP7931,,,,,No,No,Mark,Whittle,Male,No,No,,No,7687,,0.154998588538936161632455539
3673,21220,E14001398,E12000005,North Shropshire,West Midlands,England,County,Conservative,Con,Conservative,Con,4,PP52,,,,,No,No,Simon,Baynes,Male,Yes,Yes,4800,No,10903,-0.3970940000,0.2198451425575674476751219906
3673,21221,E14001398,E12000005,North Shropshire,West Midlands,England,County,Liberal Democrat,LD,Liberal Democrat,LD,17,PP90,,,,,No,No,Helen,Morgan,Female,Yes,Yes,4934,Yes,26214,0.4241550000,0.5285720046779852401500181474
3674,21222,E14001399,E12000009,North Somerset,South West,England,County,Workers Party of Britain,WPB,Workers Party of Britain,WPB,1042,PP11382,,,,,No,No,Suneil,Basu,Male,No,No,,No,133,,0.0024736822527247703009336756
3674,21223,E14001399,E12000009,North Somerset,South West,England,County,Green Party,Green,Green Party,Green,44,PP63,,,,,No,No,Oscar,Livesey-Lodwick,Male,No,No,,No,3273,0.0116170000,0.0608749023546479187590670684
3674,21224,E14001399,E12000009,North Somerset,South West,England,County,Reform UK,RUK,Reform UK,RUK,1036,PP7931,,,,,No,No,Alexander,Kokkinoftas,Male,No,No,,No,5602,,0.1041922404493546107205297028
3674,21225,E14001399,E12000009,North Somerset,South West,England,County,Liberal Democrat,LD,Liberal Democrat,LD,17,PP90,,,,,No,No,Ash,Cartman,Male,No,No,,No,7121,-0.0333020000,0.1324442956515269873154037868
3674,21226,E14001399,E12000009,North Somerset,South West,England,County,Conservative,Con,Conservative,Con,4,PP52,,,,,No,No,Liam,Fox,Male,Yes,Yes,223,No,18499,-0.1907370000,0.3440650225049287653907673995
3674,21227,E14001399,E12000009,North Somerset,South West,England,County,Labour,Lab,Labour,Lab,15,PP53,,,,,No,No,Sadik,Al-Hassan,Male,No,No,5312,Yes,19138,0.1057560000,0.355949856786816947513298367
3675,21228,E14001400,E12000005,North Warwickshire and Bedworth,West Midlands,England,County,Liberal Democrat,LD,Liberal Democrat,LD,17,PP90,,,,,No,No,Guy,Burchett,Male,No,No,,No,1228,-0.0150670000,0.0299951148021494870542256961
3675,21229,E14001400,E12000005,North Warwickshire and Bedworth,West Midlands,England,County,Green Party,Green,Green Party,Green,44,PP63,,,,,No,No,Alison,Wilson,Female,No,No,,No,1755,0.0144880000,0.0428676111382510991695163654
3675,21230,E14001400,E12000005,North Warwickshire and Bedworth,West Midlands,England,County,Reform UK,RUK,Reform UK,RUK,1036,PP7931,,,,,No,No,Paul,Hopkins,Male,No,No,,No,10701,,0.2613825109916951636541279922
3675,21231,E14001400,E12000005,North Warwickshire and Bedworth,West Midlands,England,County,Conservative,Con,Conservative,Con,4,PP52,,,,,No,No,Craig,Tracey,Male,Yes,Yes,4509,No,12529,-0.3527850000,0.3060332193453834880312652662
3675,21232,E14001400,E12000005,North Warwickshire and Bedworth,West Midlands,England,County,Labour,Lab,Labour,Lab,15,PP53,,,,,No,No,Rachel,Taylor,Female,No,No,5065,Yes,14727,0.0919820000,0.35972154372252076209086468
3676,21233,E14001401,E12000006,North West Cambridgeshire,East of England,England,County,Green Party,Green,Green Party,Green,44,PP63,,,,,No,No,Elliot,Tong,Male,No,No,,No,2960,0.0142410000,0.0666306500990455609580406987
3676,21234,E14001401,E12000006,North West Cambridgeshire,East of England,England,County,Liberal Democrat,LD,Liberal Democrat,LD,17,PP90,,,,,No,No,Bridget,Smith,Female,No,No,,No,3192,-0.0381360000,0.0718530524041058887088060508
3676,21235,E14001401,E12000006,North West Cambridgeshire,East of England,England,County,Reform UK,RUK,Reform UK,RUK,1036,PP7931,,,,,No,No,James,Sidlow,Male,No,No,,No,8741,0.1962310000,0.1967630109850531244372411309
3676,21236,E14001401,E12000006,North West Cambridgeshire,East of England,England,County,Conservative,Con,Conservative,Con,4,PP52,,,,,No,No,Shailesh,Vara,Male,Yes,Yes,1496,No,14746,-0.2676750000,0.3319376913380154871240770755
3676,21237,E14001401,E12000006,North West Cambridgeshire,East of England,England,County,Labour,Lab,Labour,Lab,15,PP53,,,,,No,No,Sam,Carling,Male,No,No,5308,Yes,14785,0.0953390000,0.3328155951737799387718350441
3677,21238,E14001402,E12000006,North West Essex,East of England,England,County,Independent,IND,,,,,,,,,Yes,No,Niko,Omilana,Male,No,No,,No,156,,0.0028683852462030669657632479
3677,21239,E14001402,E12000006,North West Essex,East of England,England,County,Independent,IND,,,,,,,,,Yes,No,Erik,Bonino,Male,No,No,,No,699,,0.0128525723531791269812083992
3677,21240,E14001402,E12000006,North West Essex,East of England,England,County,Independent,IND,,,,,,,,,Yes,No,Andrew,Green,Male,No,No,,No,852,,0.0156657963446475195822454308
3677,21241,E14001402,E12000006,North West Essex,East of England,England,County,Green Party,Green,Green Party,Green,44,PP63,,,,,No,No,Edward,Gildea,Male,No,No,,No,2846,0.0038830000,0.0523296436582944140036038686
3677,21242,E14001402,E12000006,North West Essex,East of England,England,County,Liberal Democrat,LD,Liberal Democrat,LD,17,PP90,,,,,No,No,Smita,Rajesh,Female,No,No,,No,6055,-0.0854570000,0.1113337991394844261390799103
3677,21243,E14001402,E12000006,North West Essex,East of England,England,County,Reform UK,RUK,Reform UK,RUK,1036,PP7931,,,,,No,No,Grant,StClair-Armstrong,Male,No,No,,No,7668,,0.1409921671018276762402088773
3677,21244,E14001402,E12000006,North West Essex,East of England,England,County,Labour,Lab,Labour,Lab,15,PP53,,,,,No,No,Issy,Waite,Female,No,No,,No,16750,0.1702050000,0.30798367226859853638804104
3677,21245,E14001402,E12000006,North West Essex,East of England,England,County,Conservative,Con,Conservative,Con,4,PP52,,,,,No,No,Kemi,Badenoch,Female,Yes,Yes,4597,Yes,19360,-0.2610100000,0.3559739638877652336998492259
3678,21246,E14001403,E12000008,North West Hampshire,South East,England,County,Hampshire Independents,HI,Hampshire Independents,HI,1106,PP10327,,,,,No,No,Phil,Heath,Male,No,No,,No,466,,0.0091690769927001554414339964
3678,21247,E14001403,E12000008,North West Hampshire,South East,England,County,Green Party,Green,Green Party,Green,44,PP63,,,,,No,No,Hina,West,Female,No,No,,No,2745,0.0083130000,0.0540109792810341774393483265
3678,21248,E14001403,E12000008,North West Hampshire,South East,England,County,Liberal Democrat,LD,Liberal Democrat,LD,17,PP90,,,,,No,No,Luigi,Gregori,Male,No,No,,No,7626,-0.0346000000,0.1500501741337583377604627826
3678,21249,E14001403,E12000008,North West Hampshire,South East,England,County,Reform UK,RUK,Reform UK,RUK,1036,PP7931,,,,,No,No,Andy,Meacham,Male,No,No,,No,7734,,0.1521751962694055840859453397
3678,21250,E14001403,E12000008,North West Hampshire,South East,England,County,Labour,Lab,Labour,Lab,15,PP53,,,,,No,No,Andy,Fitchet,Male,No,No,,No,14482,0.1160480000,0.284949727485587234126281408
3678,21251,E14001403,E12000008,North West Hampshire,South East,England,County,Conservative,Con,Conservative,Con,4,PP52,,,,,No,No,Kit,Malthouse,Male,Yes,Yes,4495,Yes,17770,-0.2511060000,0.3496448458375145111465281467
3679,21252,E14001404,E12000004,North West Leicestershire,East Midlands,England,County,Independent,IND,,,,,,,,,Yes,No,Siobhan,Dillon,Female,No,No,,No,136,,0.0027999670592110681050811167
3679,21253,E14001404,E12000004,North West Leicestershire,East Midlands,England,County,Independent,IND,,,,,,,,,Yes,No,Andrew,Bridgen,Male,Yes,Yes,4133,No,1568,,0.0322819731532570205056411101
3679,21254,E14001404,E12000004,North West Leicestershire,East Midlands,England,County,Liberal Democrat,LD,Liberal Democrat,LD,17,PP90,,,,,No,No,Alice,Delemare,Female,No,No,,No,1629,-0.0349490000,0.0335378407312855142880671992
3679,21255,E14001404,E12000004,North West Leicestershire,East Midlands,England,County,Green Party,Green,Green Party,Green,44,PP63,,,,,No,No,Carl,Benfield,Male,No,No,,No,2831,0.0115200000,0.0582846084163715720991517747
3679,21256,E14001404,E12000004,North West Leicestershire,East Midlands,England,County,Reform UK,RUK,Reform UK,RUK,1036,PP7931,,,,,No,No,Noel,Matthews,Male,No,No,,No,9678,,0.1992505970517993905954047599
3679,21257,E14001404,E12000004,North West Leicestershire,East Midlands,England,County,Conservative,Con,Conservative,Con,4,PP52,,,,,No,No,Craig,Smith,Male,No,No,,No,15859,-0.2941620000,0.3265049822943259491064811002
3679,21258,E14001404,E12000004,North West Leicestershire,East Midlands,England,County,Labour,Lab,Labour,Lab,15,PP53,,,,,No,No,Amanda,Hack,Female,No,No,5149,Yes,16871,0.0932780000,0.3473400312937494853001729391
3680,21259,E14001405,E12000006,North West Norfolk,East of England,England,County,Green Party,Green,Green Party,Green,44,PP63,,,,,No,No,Michael,de Whalley,Male,No,No,,No,2137,0.0126000000,0.0479513530494098640219001032
3680,21260,E14001405,E12000006,North West Norfolk,East of England,England,County,Liberal Democrat,LD,Liberal Democrat,LD,17,PP90,,,,,No,No,Rob,Colwell,Male,No,No,,No,6492,0.0678650000,0.145671588206255890140465826
3680,21261,E14001405,E12000006,North West Norfolk,East of England,England,County,Reform UK,RUK,Reform UK,RUK,1036,PP7931,,,,,No,No,Phil,Walton,Male,No,No,,No,8697,,0.1951487681191940043979715478
3680,21262,E14001405,E12000006,North West Norfolk,East of England,England,County,Labour,Lab,Labour,Lab,15,PP53,,,,,No,No,Tim,Leaver,Male,No,No,,No,11143,0.0235930000,0.2500336579455190055199030651
3680,21263,E14001405,E12000006,North West Norfolk,East of England,England,County,Conservative,Con,Conservative,Con,4,PP52,,,,,No,No,James,Wild,Male,Yes,Yes,4787,Yes,16097,-0.2992060000,0.3611946326796212359197594579
3681,21264,E14001406,E12000004,Northampton North,East Midlands,England,Borough,Independent,IND,,,,,,,,,Yes,No,Paul,Clark,Male,No,No,,No,1059,,0.0253270513954990074857101858
3681,21265,E14001406,E12000004,Northampton North,East Midlands,England,Borough,Workers Party of Britain,WPB,Workers Party of Britain,WPB,1042,PP11382,,,,,No,No,Khalid,Razzaq,Male,No,No,,No,1531,,0.036615406691698753976036161
3681,21266,E14001406,E12000004,Northampton North,East Midlands,England,Borough,Liberal Democrat,LD,Liberal Democrat,LD,17,PP90,,,,,No,No,Christopher,Leggett,Male,No,No,,No,2251,-0.0030520000,0.053834931719800062181618157
3681,21267,E14001406,E12000004,Northampton North,East Midlands,England,Borough,Green Party,Green,Green Party,Green,44,PP63,,,,,No,No,Eishar,Bassan,Female,No,No,,No,2558,0.0365900000,0.0611771458637265922081649248
3681,21268,E14001406,E12000004,Northampton North,East Midlands,England,Borough,Reform UK,RUK,Reform UK,RUK,1036,PP7931,,,,,No,No,Antony,Antoniou,Male,No,No,,No,7010,,0.1676512089541530146126802669
3681,21269,E14001406,E12000004,Northampton North,East Midlands,England,Borough,Conservative,Con,Conservative,Con,4,PP52,,,,,No,No,Dan,Bennett,Male,No,No,,No,9195,-0.2778410000,0.219907684213043790208786741
3681,21270,E14001406,E12000004,Northampton North,East Midlands,England,Borough,Labour,Lab,Labour,Lab,15,PP53,,,,,No,No,Lucy,Rigby,Female,No,No,5333,Yes,18209,0.0147090000,0.4354865711620787793270035635
3682,21271,E14001407,E12000004,Northampton South,East Midlands,England,Borough,Climate Party,Cli,Climate Party,Cli,1053,PP12958,,,,,No,No,Penelope,Tollitt,Female,No,No,,No,98,,0.0022321428571428571428571429
3682,21272,E14001407,E12000004,Northampton South,East Midlands,England,Borough,Trade Unionist and Socialist Coalition,TUSC,Trade Unionist and Socialist Coalition,TUSC,157,PP804,,,,,No,No,Katie,Simpson,Female,No,No,,No,296,,0.0067419825072886297376093294
3682,21273,E14001407,E12000004,Northampton South,East Midlands,England,Borough,Green Party,Green,Green Party,Green,44,PP63,,,,,No,No,Simon,Sneddon,Male,No,No,,No,2398,0.0204110000,0.0546191690962099125364431487
3682,21274,E14001407,E12000004,Northampton South,East Midlands,England,Borough,Liberal Democrat,LD,Liberal Democrat,LD,17,PP90,,,,,No,No,Jill,Hope,Female,No,No,,No,3193,-0.0065140000,0.0727268586005830903790087464
3682,21275,E14001407,E12000004,Northampton South,East Midlands,England,Borough,Reform UK,RUK,Reform UK,RUK,1036,PP7931,,,,,No,No,Tony,Owens,Male,No,No,,No,8210,,0.1869989067055393586005830904
3682,21276,E14001407,E12000004,Northampton South,East Midlands,England,Borough,Conservative,Con,Conservative,Con,4,PP52,,,,,No,No,Andrew,Lewer,Male,Yes,Yes,4659,No,12819,-0.2855900000,0.291977951895043731778425656
3682,21277,E14001407,E12000004,Northampton South,East Midlands,England,Borough,Labour,Lab,Labour,Lab,15,PP53,,,,,No,No,Mike,Reader,Male,No,No,5316,Yes,16890,0.0757210000,0.3847029883381924198250728863
3683,21278,E14001408,E12000006,Norwich North,East of England,England,Borough,Independent,IND,,,,,,,,,Yes,No,Fiona,Grace,Female,No,No,,No,353,,0.0077133180378018136130230526
3683,21279,E14001408,E12000006,Norwich North,East of England,England,Borough,Liberal Democrat,LD,Liberal Democrat,LD,17,PP90,,,,,No,No,Chika,Akinwale,Female,No,No,,No,2073,-0.0169960000,0.0452966240576860045886594559
3683,21280,E14001408,E12000006,Norwich North,East of England,England,Borough,Green Party,Green,Green Party,Green,44,PP63,,,,,No,No,Ben,Price,Male,No,No,,No,4372,0.0728430000,0.0955315197203102807822571834
3683,21281,E14001408,E12000006,Norwich North,East of England,England,Borough,Reform UK,RUK,Reform UK,RUK,1036,PP7931,,,,,No,No,Nick,Taylor,Male,No,No,,No,8229,0.1793940000,0.1798098983939691904293674205
3683,21282,E14001408,E12000006,Norwich North,East of England,England,Borough,Conservative,Con,Conservative,Con,4,PP52,,,,,No,No,Charlotte,Salomon,Female,No,No,,No,9944,-0.2982940000,0.2172839506172839506172839506
3683,21283,E14001408,E12000006,Norwich North,East of England,England,Borough,Labour / Co-operative Party,Lab / Co-op,Labour,Lab,15,PP53,Co-operative Party,Co-op,,,No,No,Alice,Macdonald,Female,No,No,5133,Yes,20794,0.0650190000,0.454364689172948759969408937
3684,21284,E14001409,E12000006,Norwich South,East of England,England,Borough,Independent,IND,,,,,,,,,Yes,No,Elizabeth,Davey,Female,No,No,,No,301,,0.0066747976494068078500942455
3684,21285,E14001409,E12000006,Norwich South,East of England,England,Borough,Party of Women,POW,Party of Women,POW,1102,PP17545,,,,,No,No,Linda,Law,Female,No,No,,No,455,,0.0100898104002661048896773478
3684,21286,E14001409,E12000006,Norwich South,East of England,England,Borough,Liberal Democrat,LD,Liberal Democrat,LD,17,PP90,,,,,No,No,Sean,Bennett,Male,No,No,,No,3577,-0.0152250000,0.0793214325313227630557711498
3684,21287,E14001409,E12000006,Norwich South,East of England,England,Borough,Reform UK,RUK,Reform UK,RUK,1036,PP7931,,,,,No,No,Graham,Burton,Male,No,No,,No,5227,0.0840450000,0.1159108548619580884798758177
3684,21288,E14001409,E12000006,Norwich South,East of England,England,Borough,Conservative,Con,Conservative,Con,4,PP52,,,,,No,No,David,Thomas,Male,No,No,,No,5806,-0.1612820000,0.1287504157888901208559707285
3684,21289,E14001409,E12000006,Norwich South,East of England,England,Borough,Green Party,Green,Green Party,Green,44,PP63,,,,,No,No,Jamie,Osborn,Male,No,No,,No,8245,0.1345590000,0.182836234615811065528329083
3684,21290,E14001409,E12000006,Norwich South,East of England,England,Borough,Labour,Lab,Labour,Lab,15,PP53,,,,,No,No,Clive,Lewis,Male,Yes,Yes,4500,Yes,21484,-0.0588610000,0.4764164541523450493402816277
3685,21291,E14001410,E12000004,Nottingham East,East Midlands,England,Borough,Independent,IND,,,,,,,,,Yes,No,Ali,Khan,Male,No,No,,No,372,,0.0102194994643004313068322299
3685,21292,E14001410,E12000004,Nottingham East,East Midlands,England,Borough,Independent,IND,,,,,,,,,Yes,No,Naveed,Rashid,Male,No,No,,No,494,,0.0135710557402269168429438752
3685,21293,E14001410,E12000004,Nottingham East,East Midlands,England,Borough,Liberal Democrat,LD,Liberal Democrat,LD,17,PP90,,,,,No,No,Anita,Prabharkar,Female,No,No,,No,1741,-0.0151990000,0.0478283563638361583472981511
3685,21294,E14001410,E12000004,Nottingham East,East Midlands,England,Borough,Workers Party of Britain,WPB,Workers Party of Britain,WPB,1042,PP11382,,,,,No,No,Issan,Ghazni,Male,No,No,,No,2465,,0.0677179198373671052993049641
3685,21295,E14001410,E12000004,Nottingham East,East Midlands,England,Borough,Reform UK,RUK,Reform UK,RUK,1036,PP7931,,,,,No,No,Debbie,Stephens,Female,No,No,,No,3578,0.0642140000,0.0982940029120079118705530068
3685,21296,E14001410,E12000004,Nottingham East,East Midlands,England,Borough,Conservative,Con,Conservative,Con,4,PP52,,,,,No,No,Johno,Lee,Male,No,No,,No,3925,-0.1005380000,0.1078267080574709486003131782
3685,21297,E14001410,E12000004,Nottingham East,East Midlands,England,Borough,Green Party,Green,Green Party,Green,44,PP63,,,,,No,No,Rosemary,Palmer,Female,No,No,,No,4332,0.0878960000,0.1190077195681437323150462899
3685,21298,E14001410,E12000004,Nottingham East,East Midlands,England,Borough,Labour,Lab,Labour,Lab,15,PP53,,,,,No,No,Nadia,Whittome,Female,Yes,Yes,4869,Yes,19494,-0.0955860000,0.5355347380566467954177083047
3686,21299,E14001411,E12000004,Nottingham North and Kimberley,East Midlands,England,Borough,Liberal Democrat,LD,Liberal Democrat,LD,17,PP90,,,,,No,No,David,Schmitz,Male,No,No,,No,1336,0.0006380000,0.0381637958122661182049304425
3686,21300,E14001411,E12000004,Nottingham North and Kimberley,East Midlands,England,Borough,Green Party,Green,Green Party,Green,44,PP63,,,,,No,No,Sam,Harvey,Male,No,No,,No,3351,0.0709080000,0.0957237124003770674436541263
3686,21301,E14001411,E12000004,Nottingham North and Kimberley,East Midlands,England,Borough,Conservative,Con,Conservative,Con,4,PP52,,,,,No,No,Caroline,Henry,Female,No,No,,No,6787,-0.2083130000,0.193875510612163281629388408
3686,21302,E14001411,E12000004,Nottingham North and Kimberley,East Midlands,England,Borough,Reform UK,RUK,Reform UK,RUK,1036,PP7931,,,,,No,No,Golam,Kadiri,Male,No,No,,No,7053,0.1451500000,0.2014739909161024937869568943
3686,21303,E14001411,E12000004,Nottingham North and Kimberley,East Midlands,England,Borough,Labour / Co-operative Party,Lab / Co-op,Labour,Lab,15,PP53,Co-operative Party,Co-op,,,No,No,Alex,Norris,Male,Yes,Yes,4641,Yes,16480,0.0107170000,0.4707629902590910389350701288
3687,21304,E14001412,E12000004,Nottingham South,East Midlands,England,Borough,Independent,IND,,,,,,,,,Yes,No,Mohammed,Sayeed,Male,No,No,,No,152,,0.004623011648772772894552754
3687,21305,E14001412,E12000004,Nottingham South,East Midlands,England,Borough,Independent,IND,,,,,,,,,Yes,No,Shaghofta,Akhtar,Female,No,No,,No,449,,0.0136561330940722041424617537
3687,21306,E14001412,E12000004,Nottingham South,East Midlands,England,Borough,Workers Party of Britain,WPB,Workers Party of Britain,WPB,1042,PP11382,,,,,No,No,Paras,Ghazni,Female,No,No,,No,1496,,0.0455001672800267648042823687
3687,21307,E14001412,E12000004,Nottingham South,East Midlands,England,Borough,Liberal Democrat,LD,Liberal Democrat,LD,17,PP90,,,,,No,No,Christina,Morgan-Danvers,Female,No,No,,No,2059,-0.0045660000,0.0626235591106785486176586879
3687,21308,E14001412,E12000004,Nottingham South,East Midlands,England,Borough,Green Party,Green,Green Party,Green,44,PP63,,,,,No,No,Cath,Sutherland,Female,No,No,,No,2923,0.0560380000,0.0889017305879132577024848688
3687,21309,E14001412,E12000004,Nottingham South,East Midlands,England,Borough,Reform UK,RUK,Reform UK,RUK,1036,PP7931,,,,,No,No,Mykel,Hedge,Male,No,No,,No,4936,0.1038110000,0.1501262203838316250494236443
3687,21310,E14001412,E12000004,Nottingham South,East Midlands,England,Borough,Conservative,Con,Conservative,Con,4,PP52,,,,,No,No,Zarmeena,Quraishi,Female,No,No,,No,5285,-0.1548200000,0.1607408984458164786033638493
3687,21311,E14001412,E12000004,Nottingham South,East Midlands,England,Borough,Labour,Lab,Labour,Lab,15,PP53,,,,,No,No,Lilian,Greenwood,Female,Yes,Yes,4029,Yes,15579,-0.0642430000,0.4738282794488883481857720734
3688,21312,E14001413,E12000005,Nuneaton,West Midlands,England,County,Workers Party of Britain,WPB,Workers Party of Britain,WPB,1042,PP11382,,,,,No,No,John,Homer,Male,No,No,,No,967,,0.0234634702642370125931138233
3688,21313,E14001413,E12000005,Nuneaton,West Midlands,England,County,Liberal Democrat,LD,Liberal Democrat,LD,17,PP90,,,,,No,No,Joy,Salaja,Female,No,No,,No,1340,-0.0086900000,0.0325140125688496348239633125
3688,21314,E14001413,E12000005,Nuneaton,West Midlands,England,County,Green Party,Green,Green Party,Green,44,PP63,,,,,No,No,Keith,Kondakor,Male,No,No,,No,2894,0.0327790000,0.0702205614733215247616043481
3688,21315,E14001413,E12000005,Nuneaton,West Midlands,England,County,Reform UK,RUK,Reform UK,RUK,1036,PP7931,,,,,No,No,Rob,Howard,Male,No,No,,No,9059,,0.2198092834785140610972266033
3688,21316,E14001413,E12000005,Nuneaton,West Midlands,England,County,Conservative,Con,Conservative,Con,4,PP52,,,,,No,No,Marcus,Jones,Male,Yes,Yes,4024,No,11737,-0.3213190000,0.2847887802392448984543711936
3688,21317,E14001413,E12000005,Nuneaton,West Midlands,England,County,Labour,Lab,Labour,Lab,15,PP53,,,,,No,No,Jodie,Gosling,Female,No,No,5036,Yes,15216,0.0539570000,0.3692038919758328682697207192
3689,21318,E14001414,E12000007,Old Bexley and Sidcup,London,England,Borough,Rejoin EU,REU,Rejoin EU,REU,1040,PP11423,,,,,No,No,Laurent,Williams,Male,No,No,,No,251,,0.0052694560493775323830117775
3689,21319,E14001414,E12000007,Old Bexley and Sidcup,London,England,Borough,Independent,IND,,,,,,,,,Yes,No,Andrew,Still,Male,No,No,,No,198,,0.0041567820628555833140889719
3689,21320,E14001414,E12000007,Old Bexley and Sidcup,London,England,Borough,Liberal Democrat,LD,Liberal Democrat,LD,17,PP90,,,,,No,No,Adrian,Hyyrylainen-Trett,Non-binary,No,No,,No,1927,-0.0425070000,0.0404551466420338840719669137
3689,21321,E14001414,E12000007,Old Bexley and Sidcup,London,England,Borough,Green Party,Green,Green Party,Green,44,PP63,,,,,No,No,Brad,Davies,Male,No,No,,No,2601,0.0200740000,0.054605000734784708080532404
3689,21322,E14001414,E12000007,Old Bexley and Sidcup,London,England,Borough,Reform UK,RUK,Reform UK,RUK,1036,PP7931,,,,,No,No,Maxine,Fothergill,Female,No,No,,No,10384,,0.2180001259630928138055549724
3689,21323,E14001414,E12000007,Old Bexley and Sidcup,London,England,Borough,Labour,Lab,Labour,Lab,15,PP53,,,,,No,No,Edward,Jones,Male,No,No,,No,14362,0.0626530000,0.3015136564986458967522515903
3689,21324,E14001414,E12000007,Old Bexley and Sidcup,London,England,Borough,Conservative,Con,Conservative,Con,4,PP52,,,,,No,No,Louie,French,Male,Yes,Yes,4932,Yes,17910,-0.2632890000,0.3759998320492095815925933701
3690,21325,E14001415,E12000002,Oldham East and Saddleworth,North West,England,County,Independent,IND,,,,,,,,,Yes,No,Nick,Buckley,Male,No,No,,No,517,,0.0129040309497067265693248471
3690,21326,E14001415,E12000002,Oldham East and Saddleworth,North West,England,County,Independent,IND,,,,,,,,,Yes,No,Paul,Errock,Male,No,No,,No,1362,,0.0339947585174092100336952452
3690,21327,E14001415,E12000002,Oldham East and Saddleworth,North West,England,County,Green Party,Green,Green Party,Green,44,PP63,,,,,No,No,Fesl,Reza Khan,Male,No,No,,No,1490,0.0203370000,0.037189566953700237114688631
3690,21328,E14001415,E12000002,Oldham East and Saddleworth,North West,England,County,Liberal Democrat,LD,Liberal Democrat,LD,17,PP90,,,,,No,No,Sam,Al-Hamdani,Male,No,No,,No,3386,0.0320260000,0.0845126669162610757519031574
3690,21329,E14001415,E12000002,Oldham East and Saddleworth,North West,England,County,Workers Party of Britain,WPB,Workers Party of Britain,WPB,1042,PP11382,,,,,No,No,Shanaz,Saddique,Female,No,No,,No,4647,,0.1159865219019093972295020592
3690,21330,E14001415,E12000002,Oldham East and Saddleworth,North West,England,County,Conservative,Con,Conservative,Con,4,PP52,,,,,No,No,Tom,Fish,Male,No,No,,No,6838,-0.2320000000,0.1706726569324847123424435293
3690,21331,E14001415,E12000002,Oldham East and Saddleworth,North West,England,County,Reform UK,RUK,Reform UK,RUK,1036,PP7931,,,,,No,No,Jacob,Barden,Male,No,No,,No,7734,0.1284840000,0.1930363159865219019093972295
3690,21332,E14001415,E12000002,Oldham East and Saddleworth,North West,England,County,Labour,Lab,Labour,Lab,15,PP53,,,,,No,No,Debbie,Abrahams,Female,Yes,Yes,4212,Yes,14091,-0.0834410000,0.3517034818420067390490453014
3691,21333,E14001416,E12000002,"Oldham West, Chadderton and Royton",North West,England,Borough,Independent,IND,,,,,,,,,Yes,No,Tony,Wilson,Male,No,No,,No,573,,0.0148549503538744717807793016
3691,21334,E14001416,E12000002,"Oldham West, Chadderton and Royton",North West,England,Borough,Liberal Democrat,LD,Liberal Democrat,LD,17,PP90,,,,,No,No,Hannah,Kitching,Female,No,No,,No,1271,-0.0004470000,0.032950509423690145957016566
3691,21335,E14001416,E12000002,"Oldham West, Chadderton and Royton",North West,England,Borough,Green Party,Green,Green Party,Green,44,PP63,,,,,No,No,Samsuzzaman,Syed,Male,No,No,,No,1857,0.0328160000,0.0481424830840225027869234957
3691,21336,E14001416,E12000002,"Oldham West, Chadderton and Royton",North West,England,Borough,Independent,IND,,,,,,,,,Yes,No,Raja,Miah,Male,No,No,,No,2470,,0.0640344282269981593342493454
3691,21337,E14001416,E12000002,"Oldham West, Chadderton and Royton",North West,England,Borough,Conservative,Con,Conservative,Con,4,PP52,,,,,No,No,Horatio,Lovering,Male,No,No,,No,4066,-0.1973310000,0.1054105203121354315194566147
3691,21338,E14001416,E12000002,"Oldham West, Chadderton and Royton",North West,England,Borough,Reform UK,RUK,Reform UK,RUK,1036,PP7931,,,,,No,No,David,Silbiger,Male,No,No,,No,6848,0.1029060000,0.1775335078941228320327690353
3691,21339,E14001416,E12000002,"Oldham West, Chadderton and Royton",North West,England,Borough,Independent,IND,,,,,,,,,Yes,No,Zaffar,Iqbal,Male,No,No,,No,8256,,0.2140357244704845358152075286
3691,21340,E14001416,E12000002,"Oldham West, Chadderton and Royton",North West,England,Borough,Labour / Co-operative Party,Lab / Co-op,Labour,Lab,15,PP53,Co-operative Party,Co-op,,,No,No,Jim,McMahon,Male,Yes,Yes,4569,Yes,13232,-0.2101200000,0.3430378762346719207735981127
3692,21341,S14000051,S92000003,Orkney and Shetland,,Scotland,County,Conservative,Con,Conservative,Con,4,PP52,,,,,No,No,Shane,Painter,Male,No,No,,No,586,-0.0704220000,0.0283255993812838360402165507
3692,21342,S14000051,S92000003,Orkney and Shetland,,Scotland,County,Labour,Lab,Labour,Lab,15,PP53,,,,,No,No,Conor,Savage,Male,No,No,,No,1493,0.0052420000,0.0721674400618716163959783449
3692,21343,S14000051,S92000003,Orkney and Shetland,,Scotland,County,Reform UK,RUK,Reform UK,RUK,1036,PP7931,,,,,No,No,Robert,Smith,Male,No,No,,No,1586,0.0378030000,0.0766627996906419180201082753
3692,21344,S14000051,S92000003,Orkney and Shetland,,Scotland,County,Scottish Green Party,Green,Scottish Green Party,Green,1057,PP130,,,,,No,No,Alex,Armitage,Male,No,No,,No,2046,,0.0988979118329466357308584687
3692,21345,S14000051,S92000003,Orkney and Shetland,,Scotland,County,Scottish National Party,SNP,Scottish National Party,SNP,29,PP102,,,,,No,No,Robert,Leslie,Male,No,No,,No,3585,-0.1666940000,0.1732888631090487238979118329
3692,21346,S14000051,S92000003,Orkney and Shetland,,Scotland,County,Liberal Democrat,LD,Liberal Democrat,LD,17,PP90,,,,,No,No,Alistair,Carmichael,Male,Yes,Yes,1442,Yes,11392,0.1024280000,0.5506573859242072699149265275
3693,21347,E14001417,E12000007,Orpington,London,England,Borough,Social Democratic Party,SDP,Social Democratic Party,SDP,32,PP243,,,,,No,No,John,Bright,Male,No,No,,No,240,,0.005209124650011937577322944
3693,21348,E14001417,E12000007,Orpington,London,England,Borough,Green Party,Green,Green Party,Green,44,PP63,,,,,No,No,Seamus,McCauley,Male,No,No,,No,2319,0.0130770000,0.0503331669307403468408829466
3693,21349,E14001417,E12000007,Orpington,London,England,Borough,Liberal Democrat,LD,Liberal Democrat,LD,17,PP90,,,,,No,No,Graeme,Casey,Male,No,No,,No,4728,-0.0433220000,0.1026197556052351702732619973
3693,21350,E14001417,E12000007,Orpington,London,England,Borough,Reform UK,RUK,Reform UK,RUK,1036,PP7931,,,,,No,No,Mark,James,Male,No,No,,No,8896,,0.1930848870271091528661037918
3693,21351,E14001417,E12000007,Orpington,London,England,Borough,Labour,Lab,Labour,Lab,15,PP53,,,,,No,No,Ju,Owens,Female,No,No,,No,12386,0.0710930000,0.2688342413126994118030082695
3693,21352,E14001417,E12000007,Orpington,London,England,Borough,Conservative,Con,Conservative,Con,4,PP52,,,,,No,No,Gareth,Bacon,Male,Yes,Yes,4798,Yes,17504,-0.2391420000,0.3799188244742039806394200508
3694,21353,E14001418,E12000003,Ossett and Denby Dale,Yorkshire and The Humber,England,County,The Yorkshire Party,Yrks,The Yorkshire Party,Yrks,262,PP2055,,,,,No,No,David,Herdson,Male,No,No,,No,810,,0.0184623800515123196498985709
3694,21354,E14001418,E12000003,Ossett and Denby Dale,Yorkshire and The Humber,England,County,Liberal Democrat,LD,Liberal Democrat,LD,17,PP90,,,,,No,No,James,Wilkinson,Male,No,No,,No,1785,-0.0086890000,0.0406856152987030747840357395
3694,21355,E14001418,E12000003,Ossett and Denby Dale,Yorkshire and The Humber,England,County,Green Party,Green,Green Party,Green,44,PP63,,,,,No,No,Neil,Doig,Male,No,No,,No,2132,0.0362100000,0.0485948077405237845599799421
3694,21356,E14001418,E12000003,Ossett and Denby Dale,Yorkshire and The Humber,England,County,Reform UK,RUK,Reform UK,RUK,1036,PP7931,,,,,No,No,Sandra,Senior,Female,No,No,,No,9224,0.1591400000,0.2102432019693205388279807627
3694,21357,E14001418,E12000003,Ossett and Denby Dale,Yorkshire and The Humber,England,County,Conservative,Con,Conservative,Con,4,PP52,,,,,No,No,Mark,Eastwood,Male,Yes,Yes,4807,No,12690,-0.2492890000,0.2892439541403596745150776104
3694,21358,E14001418,E12000003,Ossett and Denby Dale,Yorkshire and The Humber,England,County,Labour,Lab,Labour,Lab,15,PP53,,,,,No,No,Jade,Botterill,Female,No,No,5236,Yes,17232,0.0810930000,0.3927700407995806076630273745
3695,21359,E14001419,E12000008,Oxford East,South East,England,Borough,Workers Revolutionary Party,WRP,Workers Revolutionary Party,WRP,167,PP184,,,,,No,No,Brandon,French,Male,No,No,,No,197,,0.0050074985384204773645814799
3695,21360,E14001419,E12000008,Oxford East,South East,England,Borough,Social Democratic Party,SDP,Social Democratic Party,SDP,32,PP243,,,,,No,No,Benjamin,Adams,Male,No,No,,No,232,,0.0058971556391550799420451946
3695,21361,E14001419,E12000008,Oxford East,South East,England,Borough,Party of Women,POW,Party of Women,POW,1102,PP17545,,,,,No,No,Katherine,Longthorp,Female,No,No,,No,337,,0.0085661269413588876744363387
3695,21362,E14001419,E12000008,Oxford East,South East,England,Borough,Rejoin EU,REU,Rejoin EU,REU,1040,PP11423,,,,,No,No,Andrew,Smith,Male,No,No,,No,425,,0.0108029790803487455834879642
3695,21363,E14001419,E12000008,Oxford East,South East,England,Borough,Independent,IND,,,,,,,,,Yes,No,Jabu,Nala-Hartley,Female,No,No,,No,600,,0.0152512645840217584708065377
3695,21364,E14001419,E12000008,Oxford East,South East,England,Borough,Workers Party of Britain,WPB,Workers Party of Britain,WPB,1042,PP11382,,,,,No,No,Zaid,Marham,Male,No,No,,No,615,,0.0156325461986223024325767012
3695,21365,E14001419,E12000008,Oxford East,South East,England,Borough,Independent,IND,,,,,,,,,Yes,No,Amir,Ali,Male,No,No,,No,1761,,0.0447624615541038611118171882
3695,21366,E14001419,E12000008,Oxford East,South East,England,Borough,Independent Oxford Alliance,IOA,Independent Oxford Alliance,IOA,1093,PP17505,,,,,No,No,David,Henwood,Male,No,No,,No,2381,,0.0605221016242596781983172771
3695,21367,E14001419,E12000008,Oxford East,South East,England,Borough,Liberal Democrat,LD,Liberal Democrat,LD,17,PP90,,,,,No,No,Theodore,Jupp,Male,No,No,,No,3437,-0.0527950000,0.0873643272921379731069367835
3695,21368,E14001419,E12000008,Oxford East,South East,England,Borough,Conservative,Con,Conservative,Con,4,PP52,,,,,No,No,Louise,Brown,Female,No,No,,No,4739,-0.0940020000,0.1204595714394651889885869703
3695,21369,E14001419,E12000008,Oxford East,South East,England,Borough,Green Party,Green,Green Party,Green,44,PP63,,,,,No,No,Sushila,Dhall,Female,No,No,,No,5076,0.0820280000,0.129025698380824076663023309
3695,21370,E14001419,E12000008,Oxford East,South East,England,Borough,Labour / Co-operative Party,Lab / Co-op,Labour,Lab,15,PP53,Co-operative Party,Co-op,,,No,No,Anneliese,Dodds,Female,Yes,Yes,4657,Yes,19541,-0.0677460000,0.4967082687272819704633842556
3696,21371,E14001420,E12000008,Oxford West and Abingdon,South East,England,County,Independent,IND,,,,,,,,,Yes,No,Josh,Phillips,Male,No,No,,No,168,,0.003652332710117831210052611
3696,21372,E14001420,E12000008,Oxford West and Abingdon,South East,England,County,Christian Peoples Alliance,CPA,Christian Peoples Alliance,CPA,80,PP79,,,,,No,No,Ian,Shelley,Male,No,No,,No,256,,0.0055654593677985999391277882
3696,21373,E14001420,E12000008,Oxford West and Abingdon,South East,England,County,Social Democratic Party,SDP,Social Democratic Party,SDP,32,PP243,,,,,No,No,Anni,Byard,Female,No,No,,No,259,,0.0056306795947649897821644419
3696,21374,E14001420,E12000008,Oxford West and Abingdon,South East,England,County,Green Party,Green,Green Party,Green,44,PP63,,,,,No,No,Chris,Goodall,Male,No,No,,No,3236,0.0656450000,0.0703508848210791773555371973
3696,21375,E14001420,E12000008,Oxford West and Abingdon,South East,England,County,Reform UK,RUK,Reform UK,RUK,1036,PP7931,,,,,No,No,James,Gunn,Male,No,No,,No,4164,0.0759930000,0.0905256750293491021348754294
3696,21376,E14001420,E12000008,Oxford West and Abingdon,South East,England,County,Labour,Lab,Labour,Lab,15,PP53,,,,,No,No,Stephen,Webb,Male,No,No,,No,5981,0.0120650000,0.1300273924953258837340753946
3696,21377,E14001420,E12000008,Oxford West and Abingdon,South East,England,County,Conservative,Con,Conservative,Con,4,PP52,,,,,No,No,Vinay,Raniga,Male,No,No,,No,8520,-0.1556800000,0.1852254445845471542240966999
3696,21378,E14001420,E12000008,Oxford West and Abingdon,South East,England,County,Liberal Democrat,LD,Liberal Democrat,LD,17,PP90,,,,,No,No,Layla,Moran,Female,Yes,Yes,4656,Yes,23414,-0.0128710000,0.5090221313970172616200704378
3697,21379,S14000101,S92000003,Paisley and Renfrewshire North,,Scotland,Burgh,Liberal Democrat,LD,Liberal Democrat,LD,17,PP90,,,,,No,No,Grant,Toghill,Male,No,No,,No,1374,-0.0425620000,0.0330932825935114044172547508
3697,21380,S14000101,S92000003,Paisley and Renfrewshire North,,Scotland,Burgh,Scottish Green Party,Green,Scottish Green Party,Green,1057,PP130,,,,,No,No,Jen,Bell,Female,No,No,,No,1469,,0.0353813916520147402394084636
3697,21381,S14000101,S92000003,Paisley and Renfrewshire North,,Scotland,Burgh,Conservative,Con,Conservative,Con,4,PP52,,,,,No,No,David,McGonigle,Male,No,No,,No,2659,-0.1312200000,0.064042968279582841590597076
3697,21382,S14000101,S92000003,Paisley and Renfrewshire North,,Scotland,Burgh,Reform UK,RUK,Reform UK,RUK,1036,PP7931,,,,,No,No,Andrew,Scott,Male,No,No,,No,3228,0.0746270000,0.0777475372720922950938124714
3697,21383,S14000101,S92000003,Paisley and Renfrewshire North,,Scotland,Burgh,Scottish National Party,SNP,Scottish National Party,SNP,29,PP102,,,,,No,No,Gavin,Newlands,Male,Yes,Yes,4420,No,13228,-0.1700050000,0.3186011223777065921626243407
3697,21384,S14000101,S92000003,Paisley and Renfrewshire North,,Scotland,Burgh,Labour,Lab,Labour,Lab,15,PP53,,,,,No,No,Alison,Taylor,Female,No,No,5093,Yes,19561,0.2337790000,0.4711336978250921264963028975
3698,21385,S14000102,S92000003,Paisley and Renfrewshire South,,Scotland,County,Freedom Alliance,FA,Freedom Alliance,FA,1035,PP17509,,,,,No,No,Mark,Turnbull,Male,No,No,,No,113,,0.0027372041760530969164062689
3698,21386,S14000102,S92000003,Paisley and Renfrewshire South,,Scotland,County,Independent,IND,,,,,,,,,Yes,No,Paul,Mack,Male,No,No,,No,317,,0.0076787055204321391371751084
3698,21387,S14000102,S92000003,Paisley and Renfrewshire South,,Scotland,County,Liberal Democrat,LD,Liberal Democrat,LD,17,PP90,,,,,No,No,Jack,Clark,Male,No,No,,No,1315,-0.0304110000,0.0318533052346001986289756074
3698,21388,S14000102,S92000003,Paisley and Renfrewshire South,,Scotland,County,Scottish Green Party,Green,Scottish Green Party,Green,1057,PP130,,,,,No,No,Athol,Bond,Male,No,No,,No,1724,,0.0417605309691640626892425454
3698,21389,S14000102,S92000003,Paisley and Renfrewshire South,,Scotland,County,Conservative,Con,Conservative,Con,4,PP52,,,,,No,No,Alec,Leishman,Male,No,No,,No,2219,-0.1278110000,0.0537509386430249739602257588
3698,21390,S14000102,S92000003,Paisley and Renfrewshire South,,Scotland,County,Reform UK,RUK,Reform UK,RUK,1036,PP7931,,,,,No,No,Jim,McIlroy,Male,No,No,,No,2956,,0.0716033234018845529636896543
3698,21391,S14000102,S92000003,Paisley and Renfrewshire South,,Scotland,County,Scottish National Party,SNP,Scottish National Party,SNP,29,PP102,,,,,No,No,Jacqueline,Cameron,Female,No,No,,No,13056,-0.1814430000,0.3162560860402587021292057263
3698,21392,S14000102,S92000003,Paisley and Renfrewshire South,,Scotland,County,Labour,Lab,Labour,Lab,15,PP53,,,,,No,No,Johanna,Baxter,Female,No,No,5063,Yes,19583,0.2158850000,0.4743599060145822735750793305
3699,21393,E14001421,E12000007,Peckham,London,England,Borough,Independent,IND,,,,,,,,,Yes,No,Stefan,Harvey,Male,No,No,,No,153,,0.0039436038868984715313039668
3699,21394,E14001421,E12000007,Peckham,London,England,Borough,The Yoruba Party in the UK,YPUK,The Yoruba Party in the UK,YPUK,1083,PP17452,,,,,No,No,Olusola,Oni,Male,No,No,,No,261,,0.0067273242776503337886950022
3699,21395,E14001421,E12000007,Peckham,London,England,Borough,Rejoin EU,REU,Rejoin EU,REU,1040,PP11423,,,,,No,No,Alex,Kerr,Male,No,No,,No,285,,0.0073459288089285254014485656
3699,21396,E14001421,E12000007,Peckham,London,England,Borough,Workers Revolutionary Party,WRP,Workers Revolutionary Party,WRP,167,PP184,,,,,No,No,Mariatu,Kargbo,Female,No,No,,No,355,0.0062990000,0.0091501920251565842719797923
3699,21397,E14001421,E12000007,Peckham,London,England,Borough,Independent,IND,,,,,,,,,Yes,No,Jennifer,Blake,Female,No,No,,No,555,,0.0143052297858081810449261541
3699,21398,E14001421,E12000007,Peckham,London,England,Borough,Reform UK,RUK,Reform UK,RUK,1036,PP7931,,,,,No,No,Linda,Purcell,Female,No,No,,No,1790,0.0234430000,0.0461375879578317911178699384
3699,21399,E14001421,E12000007,Peckham,London,England,Borough,Conservative,Con,Conservative,Con,4,PP52,,,,,No,No,Ben,Mascall,Male,No,No,,No,2276,-0.0535540000,0.0586643297162151712761295976
3699,21400,E14001421,E12000007,Peckham,London,England,Borough,Liberal Democrat,LD,Liberal Democrat,LD,17,PP90,,,,,No,No,David,Watson,Male,No,No,,No,2724,-0.0336340000,0.0702116143000747480475294482
3699,21401,E14001421,E12000007,Peckham,London,England,Borough,Green Party,Green,Green Party,Green,44,PP63,,,,,No,No,Claire,Sheppard,Female,No,No,,No,7585,0.1454000000,0.1955048070727118076139907725
3699,21402,E14001421,E12000007,Peckham,London,England,Borough,Labour / Co-operative Party,Lab / Co-op,Labour,Lab,15,PP53,Co-operative Party,Co-op,,,No,No,Miatta,Fahnbulleh,Female,No,No,5099,Yes,22813,-0.1202760000,0.5880093821687243859061267624
3700,21403,E14001422,E12000002,Pendle and Clitheroe,North West,England,County,Independent,IND,,,,,,,,,Yes,No,Tony,Johnson,Male,No,No,,No,133,,0.0028446763913248064336741241
3700,21404,E14001422,E12000002,Pendle and Clitheroe,North West,England,County,Rejoin EU,REU,Rejoin EU,REU,1040,PP11423,,,,,No,No,Christopher,Thompson,Male,No,No,,No,190,,0.0040638234161782949052487488
3700,21405,E14001422,E12000002,Pendle and Clitheroe,North West,England,County,Workers Party of Britain,WPB,Workers Party of Britain,WPB,1042,PP11382,,,,,No,No,Syed,Hashmi,Male,No,No,,No,336,,0.007186550883346879411387261
3700,21406,E14001422,E12000002,Pendle and Clitheroe,North West,England,County,Green Party,Green,Green Party,Green,44,PP63,,,,,No,No,Lex,Kristan,Female,No,No,,No,1421,0.0095730000,0.0303931214441545108439919579
3700,21407,E14001422,E12000002,Pendle and Clitheroe,North West,England,County,Liberal Democrat,LD,Liberal Democrat,LD,17,PP90,,,,,No,No,Anna,Fryer,Female,No,No,,No,2039,-0.0298170000,0.0436112418188818069042220986
3700,21408,E14001422,E12000002,Pendle and Clitheroe,North West,England,County,Independent,IND,,,,,,,,,Yes,No,Zulfikar,Khan,Male,No,No,,No,3108,,0.0664755956709586345553321641
3700,21409,E14001422,E12000002,Pendle and Clitheroe,North West,England,County,Reform UK,RUK,Reform UK,RUK,1036,PP7931,,,,,No,No,Victoria,Fletcher,Female,No,No,,No,8171,,0.1747657954399623561620396116
3700,21410,E14001422,E12000002,Pendle and Clitheroe,North West,England,County,Conservative,Con,Conservative,Con,4,PP52,,,,,No,No,Andrew,Stephenson,Male,Yes,Yes,4044,No,15227,-0.2436630000,0.3256833639902468238011720922
3700,21411,E14001422,E12000002,Pendle and Clitheroe,North West,England,County,Labour,Lab,Labour,Lab,15,PP53,,,,,No,No,Jonathan,Hinder,Male,No,No,5264,Yes,16129,0.0140960000,0.3449758309449458869829319417
3701,21412,E14001423,E12000003,Penistone and Stocksbridge,Yorkshire and The Humber,England,County,Green Party,Green,Green Party,Green,44,PP63,,,,,No,No,Andy,Davies,Male,No,No,,No,2044,,0.0464915273513021721824178324
3701,21413,E14001423,E12000003,Penistone and Stocksbridge,Yorkshire and The Humber,England,County,Liberal Democrat,LD,Liberal Democrat,LD,17,PP90,,,,,No,No,Rob,Reiss,Male,No,No,,No,2866,-0.0368720000,0.0651882179006027521892414421
3701,21414,E14001423,E12000003,Penistone and Stocksbridge,Yorkshire and The Humber,England,County,Reform UK,RUK,Reform UK,RUK,1036,PP7931,,,,,No,No,Edward,Dillingham,Male,No,No,,No,9456,0.1282460000,0.215080177413851927669737291
3701,21415,E14001423,E12000003,Penistone and Stocksbridge,Yorkshire and The Humber,England,County,Conservative,Con,Conservative,Con,4,PP52,,,,,No,No,Miriam,Cates,Female,Yes,Yes,4865,No,10430,-0.2411180000,0.2372341635391788923006937337
3701,21416,E14001423,E12000003,Penistone and Stocksbridge,Yorkshire and The Humber,England,County,Labour,Lab,Labour,Lab,15,PP53,,,,,No,No,Marie,Tidball,Female,No,No,5098,Yes,19169,0.1032510000,0.4360059137950642556579097009
3702,21417,E14001424,E12000002,Penrith and Solway,North West,England,County,Independent,IND,,,,,,,,,Yes,No,Roy,Ivinson,Male,No,No,,No,119,,0.0024147237271970942148089527
3702,21418,E14001424,E12000002,Penrith and Solway,North West,England,County,Social Democratic Party,SDP,Social Democratic Party,SDP,32,PP243,,,,,No,No,Shaun,Long,Male,No,No,,No,156,,0.0031655201801911487185730809
3702,21419,E14001424,E12000002,Penrith and Solway,North West,England,County,Independent,IND,,,,,,,,,Yes,No,Chris,Johnston,Male,No,No,,No,195,,0.0039569002252389358982163511
3702,21420,E14001424,E12000002,Penrith and Solway,North West,England,County,Green Party,Green,Green Party,Green,44,PP63,,,,,No,No,Susan,Denham-Smith,Female,No,No,,No,1730,0.0040350000,0.0351048071264787646354578844
3702,21421,E14001424,E12000002,Penrith and Solway,North West,England,County,Liberal Democrat,LD,Liberal Democrat,LD,17,PP90,,,,,No,No,Julia,Aglionby,Female,No,No,,No,4742,0.0145430000,0.0962236967594001745094458311
3702,21422,E14001424,E12000002,Penrith and Solway,North West,England,County,Reform UK,RUK,Reform UK,RUK,1036,PP7931,,,,,No,No,Matthew,Moody,Male,No,No,,No,7624,0.1367770000,0.1547046529088289604512895436
3702,21423,E14001424,E12000002,Penrith and Solway,North West,England,County,Conservative,Con,Conservative,Con,4,PP52,,,,,No,No,Mark,Jenkinson,Male,Yes,Yes,4752,No,14729,-0.2492950000,0.298877863679714291511941722
3702,21424,E14001424,E12000002,Penrith and Solway,North West,England,County,Labour,Lab,Labour,Lab,15,PP53,,,,,No,No,Markus,Campbell-Savours,Male,No,No,5124,Yes,19986,0.1040710000,0.4055518353929506300602666342
3703,21425,S14000103,S92000003,Perth and Kinross-shire,,Scotland,County,Independent,IND,,,,,,,,,Yes,No,Sally,Hughes,Female,No,No,,No,679,,0.0135591189568065179623379995
3703,21426,S14000103,S92000003,Perth and Kinross-shire,,Scotland,County,Reform UK,RUK,Reform UK,RUK,1036,PP7931,,,,,No,No,Helen,McDade,Female,No,No,,No,2970,0.0521920000,0.0593086646564290991872516325
3703,21427,S14000103,S92000003,Perth and Kinross-shire,,Scotland,County,Liberal Democrat,LD,Liberal Democrat,LD,17,PP90,,,,,No,No,Amanda,Clark,Female,No,No,,No,3681,-0.0062490000,0.0735067995287257623260179324
3703,21428,S14000103,S92000003,Perth and Kinross-shire,,Scotland,County,Labour,Lab,Labour,Lab,15,PP53,,,,,No,No,Graham,Cox,Male,No,No,,No,9018,0.1301930000,0.1800826726840665375322004114
3703,21429,S14000103,S92000003,Perth and Kinross-shire,,Scotland,County,Conservative,Con,Conservative,Con,4,PP52,,,,,No,No,Luke,Graham,Male,No,Yes,4622,No,14801,-0.1151280000,0.2955648301615512111348523274
3703,21430,S14000103,S92000003,Perth and Kinross-shire,,Scotland,County,Scottish National Party,SNP,Scottish National Party,SNP,29,PP102,,,,,No,No,Pete,Wishart,Male,Yes,Yes,1440,Yes,18928,-0.0745670000,0.3779779140124208718573396969
3704,21431,E14001425,E12000006,Peterborough,East of England,England,County,Independent,IND,,,,,,,,,Yes,No,Zahid,Khan,Male,No,No,,No,211,,0.0050391669850974398165838747
3704,21432,E14001425,E12000006,Peterborough,East of England,England,County,Christian Peoples Alliance,CPA,Christian Peoples Alliance,CPA,80,PP79,,,,,No,No,Tom,Rogers,Male,No,No,,No,225,0.0021770000,0.0053735192969048528849828047
3704,21433,E14001425,E12000006,Peterborough,East of England,England,County,Liberal Democrat,LD,Liberal Democrat,LD,17,PP90,,,,,No,No,Nick,Sandford,Male,No,No,,No,1746,-0.0073360000,0.0416985097439816583874665648
3704,21434,E14001425,E12000006,Peterborough,East of England,England,County,Green Party,Green,Green Party,Green,44,PP63,,,,,No,No,Nicola,Day,Female,No,No,,No,2542,0.0456130000,0.0607088269010317157050057318
3704,21435,E14001425,E12000006,Peterborough,East of England,England,County,Workers Party of Britain,WPB,Workers Party of Britain,WPB,1042,PP11382,,,,,No,No,Amjad,Hussain,Male,No,No,,No,5051,,0.1206295376385173863202139855
3704,21436,E14001425,E12000006,Peterborough,East of England,England,County,Reform UK,RUK,Reform UK,RUK,1036,PP7931,,,,,No,No,Sue,Morris,Female,No,No,,No,5379,0.0839590000,0.1284629346580053496369889186
3704,21437,E14001425,E12000006,Peterborough,East of England,England,County,Conservative,Con,Conservative,Con,4,PP52,,,,,No,No,Paul,Bristow,Male,Yes,Yes,4792,No,13300,-0.1471980000,0.317634696217042414978983569
3704,21438,E14001425,E12000006,Peterborough,East of England,England,County,Labour / Co-operative Party,Lab / Co-op,Labour,Lab,15,PP53,Co-operative Party,Co-op,,,No,No,Andrew,Pakes,Male,No,No,5243,Yes,13418,-0.0949860000,0.320452808559419182269774551
3705,21439,E14001426,E12000009,Plymouth Moor View,South West,England,Borough,Green Party,Green,Green Party,Green,44,PP63,,,,,No,No,Georgia,Nelson,Female,No,No,,No,1694,0.0134850000,0.0395277207392197125256673511
3705,21440,E14001426,E12000009,Plymouth Moor View,South West,England,Borough,Liberal Democrat,LD,Liberal Democrat,LD,17,PP90,,,,,No,No,Sarah,Martin,Female,No,No,,No,1766,-0.0092570000,0.041207765540414411050961359
3705,21441,E14001426,E12000009,Plymouth Moor View,South West,England,Borough,Reform UK,RUK,Reform UK,RUK,1036,PP7931,,,,,No,No,Shaun,Hooper,Male,No,No,,No,9670,0.2233550000,0.2256393503826768713832368863
3705,21442,E14001426,E12000009,Plymouth Moor View,South West,England,Borough,Conservative,Con,Conservative,Con,4,PP52,,,,,No,No,Johnny,Mercer,Male,Yes,Yes,4485,No,12061,-0.3168830000,0.2814308381556841515773753967
3705,21443,E14001426,E12000009,Plymouth Moor View,South West,England,Borough,Labour,Lab,Labour,Lab,15,PP53,,,,,No,No,Fred,Thomas,Male,No,No,5174,Yes,17665,0.0893000000,0.4121943251820048534627590069
3706,21444,E14001427,E12000009,Plymouth Sutton and Devonport,South West,England,Borough,Socialist Labour Party,SL,Socialist Labour Party,SL,147,PP73,,,,,No,No,Robert,Hawkins,Male,No,No,,No,183,,0.0043473096567288276517401117
3706,21445,E14001427,E12000009,Plymouth Sutton and Devonport,South West,England,Borough,Trade Unionist and Socialist Coalition,TUSC,Trade Unionist and Socialist Coalition,TUSC,157,PP804,,,,,No,No,Alex,Moore,Male,No,No,,No,220,,0.0052262739042641643900700796
3706,21446,E14001427,E12000009,Plymouth Sutton and Devonport,South West,England,Borough,Workers Party of Britain,WPB,Workers Party of Britain,WPB,1042,PP11382,,,,,No,No,Guy,Haywood,Male,No,No,,No,311,,0.0073880508373916142059627034
3706,21447,E14001427,E12000009,Plymouth Sutton and Devonport,South West,England,Borough,Independent,IND,,,,,,,,,Yes,No,Chaz,Singh,Male,No,No,,No,619,,0.0147048343033614443520608148
3706,21448,E14001427,E12000009,Plymouth Sutton and Devonport,South West,England,Borough,Liberal Democrat,LD,Liberal Democrat,LD,17,PP90,,,,,No,No,Holly,Greenberry-Pullen,Female,No,No,,No,2441,0.0089450000,0.0579878845468582967098230194
3706,21449,E14001427,E12000009,Plymouth Sutton and Devonport,South West,England,Borough,Green Party,Green,Green Party,Green,44,PP63,,,,,No,No,Cam,Hayward,Male,No,No,,No,3186,0.0457240000,0.0756859484499346715761966979
3706,21450,E14001427,E12000009,Plymouth Sutton and Devonport,South West,England,Borough,Conservative,Con,Conservative,Con,4,PP52,,,,,No,No,Gareth,Streeter,Male,No,No,,No,6873,-0.2168290000,0.1632735479273072811497802589
3706,21451,E14001427,E12000009,Plymouth Sutton and Devonport,South West,England,Borough,Reform UK,RUK,Reform UK,RUK,1036,PP7931,,,,,No,No,Peter,Gold,Male,No,No,,No,7467,0.1205670000,0.1773844874688205250029694738
3706,21452,E14001427,E12000009,Plymouth Sutton and Devonport,South West,England,Borough,Labour / Co-operative Party,Lab / Co-op,Labour,Lab,15,PP53,Co-operative Party,Co-op,,,No,No,Luke,Pollard,Male,Yes,Yes,4682,Yes,20795,0.0099260000,0.4940016629053331749613968405
3707,21453,E14001428,E12000003,"Pontefract, Castleford and Knottingley",Yorkshire and The Humber,England,County,Social Democratic Party,SDP,Social Democratic Party,SDP,32,PP243,,,,,No,No,Trevor,Lake,Male,No,No,,No,139,,0.0038657285090524793503351225
3707,21454,E14001428,E12000003,"Pontefract, Castleford and Knottingley",Yorkshire and The Humber,England,County,Liberal Democrat,LD,Liberal Democrat,LD,17,PP90,,,,,No,No,Jamie,Needle,Male,No,No,,No,1213,-0.0340900000,0.0337347387156881831076007453
3707,21455,E14001428,E12000003,"Pontefract, Castleford and Knottingley",Yorkshire and The Humber,England,County,Green Party,Green,Green Party,Green,44,PP63,,,,,No,No,Olli,Watkins,Male,No,No,,No,1651,,0.0459159551686736935784409155
3707,21456,E14001428,E12000003,"Pontefract, Castleford and Knottingley",Yorkshire and The Humber,England,County,Conservative,Con,Conservative,Con,4,PP52,,,,,No,No,Laura,Weldon,Female,No,No,,No,5406,-0.2053050000,0.1503462469060266429346163473
3707,21457,E14001428,E12000003,"Pontefract, Castleford and Knottingley",Yorkshire and The Humber,England,County,Reform UK,RUK,Reform UK,RUK,1036,PP7931,,,,,No,No,John,Thomas,Male,No,No,,No,10459,0.1329320000,0.2908752120588480685262952972
3707,21458,E14001428,E12000003,"Pontefract, Castleford and Knottingley",Yorkshire and The Humber,England,County,Labour,Lab,Labour,Lab,15,PP53,,,,,No,No,Yvette,Cooper,Female,Yes,Yes,420,Yes,17089,0.0933920000,0.4752621186417109325027115722
3708,21459,W07000106,W92000004,Pontypridd,,Wales,County,Independent,IND,,,,,,,,,Yes,No,Jonathan,Bishop,Male,No,No,,No,44,,0.0011173751841129564731576007
3708,21460,W07000106,W92000004,Pontypridd,,Wales,County,Independent,IND,,,,,,,,,Yes,No,Joe,Biddulph,Male,No,No,,No,198,,0.0050281883285083041292092031
3708,21461,W07000106,W92000004,Pontypridd,,Wales,County,Liberal Democrat,LD,Liberal Democrat,LD,17,PP90,,,,,No,No,David,Mathias,Male,No,No,,No,1606,0.0267650000,0.0407841942201229112702524252
3708,21462,W07000106,W92000004,Pontypridd,,Wales,County,Green Party,Green,Green Party,Green,44,PP63,,,,,No,No,Angela,Karadog,Female,No,No,,No,1865,0.0451460000,0.0473614708720605414190664838
3708,21463,W07000106,W92000004,Pontypridd,,Wales,County,Independent,IND,,,,,,,,,Yes,No,Wayne,Owen,Male,No,No,,No,2567,,0.0651886840367718015135354767
3708,21464,W07000106,W92000004,Pontypridd,,Wales,County,Conservative,Con,Conservative,Con,4,PP52,,,,,No,No,Jack,Robson,Male,No,No,,No,3775,-0.1774180000,0.0958657118187820610493168774
3708,21465,W07000106,W92000004,Pontypridd,,Wales,County,Plaid Cymru,PC,Plaid Cymru,PC,22,PP77,,,,,No,No,William,Rees,Male,No,No,,No,5275,0.0250700000,0.1339580476408146680887805374
3708,21466,W07000106,W92000004,Pontypridd,,Wales,County,Reform UK,RUK,Reform UK,RUK,1036,PP7931,,,,,No,No,Steven,Bayliss,Male,No,No,,No,7823,0.1140860000,0.198664228757174056579816141
3708,21467,W07000106,W92000004,Pontypridd,,Wales,County,Labour,Lab,Labour,Lab,15,PP53,,,,,No,No,Alex,Davies-Jones,Female,Yes,Yes,4849,Yes,16225,-0.0542790000,0.4120320991416526994768652547
3709,21468,E14001429,E12000009,Poole,South West,England,Borough,UK Independence Party,UKIP,UK Independence Party,UKIP,35,PP85,,,,,No,No,Leanne,Barnes,Female,No,No,,No,325,,0.0073041914821890100011237218
3709,21469,E14001429,E12000009,Poole,South West,England,Borough,Independent,IND,,,,,,,,,Yes,No,Joe,Cronin,Male,No,No,,No,698,,0.0156871558602090122485672547
3709,21470,E14001429,E12000009,Poole,South West,England,Borough,Green Party,Green,Green Party,Green,44,PP63,,,,,No,No,Sarah,Ward,Female,No,No,,No,2218,0.0154020000,0.0498482975615237667153612765
3709,21471,E14001429,E12000009,Poole,South West,England,Borough,Liberal Democrat,LD,Liberal Democrat,LD,17,PP90,,,,,No,No,Oliver,Walters,Male,No,No,,No,5507,-0.0297140000,0.1237667153612765479267333408
3709,21472,E14001429,E12000009,Poole,South West,England,Borough,Reform UK,RUK,Reform UK,RUK,1036,PP7931,,,,,No,No,Andrei,Dragotoniu,Male,No,No,,No,7429,,0.1669625800651758624564557815
3709,21473,E14001429,E12000009,Poole,South West,England,Borough,Conservative,Con,Conservative,Con,4,PP52,,,,,No,No,Robert,Syms,Male,Yes,Yes,245,No,14150,-0.2699870000,0.3180132599168445892796943477
3709,21474,E14001429,E12000009,Poole,South West,England,Borough,Labour,Lab,Labour,Lab,15,PP53,,,,,No,No,Neil,Duncan-Jordan,Male,No,No,5359,Yes,14168,0.1117210000,0.3184177997527812113720642769
3710,21475,E14001430,E12000007,Poplar and Limehouse,London,England,Borough,Social Democratic Party,SDP,Social Democratic Party,SDP,32,PP243,,,,,No,No,Manny,Lawal,Male,No,No,,No,194,,0.0045062832454530672922812478
3710,21476,E14001430,E12000007,Poplar and Limehouse,London,England,Borough,Workers Party of Britain,WPB,Workers Party of Britain,WPB,1042,PP11382,,,,,No,No,Kamran,Khan,Male,No,No,,No,1463,,0.0339829504541125641680797194
3710,21477,E14001430,E12000007,Poplar and Limehouse,London,England,Borough,Reform UK,RUK,Reform UK,RUK,1036,PP7931,,,,,No,No,Tony,Glover,Male,No,No,,No,3403,0.0554520000,0.0790457829086432370908921976
3710,21478,E14001430,E12000007,Poplar and Limehouse,London,England,Borough,Liberal Democrat,LD,Liberal Democrat,LD,17,PP90,,,,,No,No,Richard,Flowers,Male,No,No,,No,4189,-0.0577150000,0.0973031985319737056049801398
3710,21479,E14001430,E12000007,Poplar and Limehouse,London,England,Borough,Independent,IND,,,,,,,,,Yes,No,Ehtashamul,Haque,Male,No,No,,No,4554,,0.1057815149473879816961278484
3710,21480,E14001430,E12000007,Poplar and Limehouse,London,England,Borough,Conservative,Con,Conservative,Con,4,PP52,,,,,No,No,Freddie,Downing,Male,No,No,,No,4738,-0.0666410000,0.1100555155513228496434461453
3710,21481,E14001430,E12000007,Poplar and Limehouse,London,England,Borough,Green Party,Green,Green Party,Green,44,PP63,,,,,No,No,Nathalie,Bienfait,Female,No,No,,No,5975,0.1048010000,0.1387888783071241086153631739
3710,21482,E14001430,E12000007,Poplar and Limehouse,London,England,Borough,Labour,Lab,Labour,Lab,15,PP53,,,,,No,No,Apsana,Begum,Female,Yes,Yes,4790,Yes,18535,-0.1728900000,0.4305358760539824858888295278
3711,21483,E14001431,E12000008,Portsmouth North,South East,England,Borough,Green Party,Green,Green Party,Green,44,PP63,,,,,No,No,Duncan,Robinson,Male,No,No,,No,1851,0.0160990000,0.0445026807395475200153872046
3711,21484,E14001431,E12000008,Portsmouth North,South East,England,Borough,Liberal Democrat,LD,Liberal Democrat,LD,17,PP90,,,,,No,No,Simon,Dodd,Male,No,No,,No,3031,-0.0015990000,0.0728728391796696559517226456
3711,21485,E14001431,E12000008,Portsmouth North,South East,England,Borough,Reform UK,RUK,Reform UK,RUK,1036,PP7931,,,,,No,No,Melvyn,Todd,Male,No,No,,No,8501,,0.204385353304642608131175919
3711,21486,E14001431,E12000008,Portsmouth North,South East,England,Borough,Conservative,Con,Conservative,Con,4,PP52,,,,,No,No,Penny,Mordaunt,Female,Yes,Yes,4017,No,13715,-0.2838920000,0.3297429855985382155651191306
3711,21487,E14001431,E12000008,Portsmouth North,South East,England,Borough,Labour,Lab,Labour,Lab,15,PP53,,,,,No,No,Amanda,Martin,Female,No,No,5294,Yes,14495,0.0785770000,0.3484961411776020003365951001
3712,21488,E14001432,E12000008,Portsmouth South,South East,England,Borough,Portsmouth Independent Party,PIP,Portsmouth Independent Party,PIP,1103,PP10253,,,,,No,No,Jacob,Short,Male,No,No,,No,733,,0.0188296341964652692149609536
3712,21489,E14001432,E12000008,Portsmouth South,South East,England,Borough,Green Party,Green,Green Party,Green,44,PP63,,,,,No,No,Elliott,Lee,Male,No,No,,No,3107,,0.0798140156185778873818331278
3712,21490,E14001432,E12000008,Portsmouth South,South East,England,Borough,Liberal Democrat,LD,Liberal Democrat,LD,17,PP90,,,,,No,No,Charlie,Murphy,Male,No,No,,No,4886,0.0112700000,0.1255137690094533497739416358
3712,21491,E14001432,E12000008,Portsmouth South,South East,England,Borough,Conservative,Con,Conservative,Con,4,PP52,,,,,No,No,Signe,Biddle,Female,No,No,,No,5643,-0.2283660000,0.1449599260172626387176325524
3712,21492,E14001432,E12000008,Portsmouth South,South East,England,Borough,Reform UK,RUK,Reform UK,RUK,1036,PP7931,,,,,No,No,Mark,Zimmer,Male,No,No,,No,5702,0.1255170000,0.1464755445951500205507603781
3712,21493,E14001432,E12000008,Portsmouth South,South East,England,Borough,Labour,Lab,Labour,Lab,15,PP53,,,,,No,No,Stephen,Morgan,Male,Yes,Yes,4653,Yes,18857,-0.0020030000,0.4844071105630908343608713522
3713,21494,E14001433,E12000002,Preston,North West,England,Borough,UK Independence Party,UKIP,UK Independence Party,UKIP,35,PP85,,,,,No,No,Derek,Killeen,Male,No,No,,No,124,,0.0031005425949541169704698322
3713,21495,E14001433,E12000002,Preston,North West,England,Borough,Alliance for Democracy and Freedom,ADF,Alliance for Democracy and Freedom,ADF,1075,PP10288,,,,,No,No,David,Brooks,Male,No,No,,No,145,,0.0036256344860350561348235941
3713,21496,E14001433,E12000002,Preston,North West,England,Borough,Rejoin EU,REU,Rejoin EU,REU,1040,PP11423,,,,,No,No,Joseph,O'Meachair,Male,No,No,,No,216,,0.0054009451654039456904958368
3713,21497,E14001433,E12000002,Preston,North West,England,Borough,Independent,IND,,,,,,,,,Yes,No,Yousuf,Bhailok,Male,No,No,,No,891,,0.0222788988072912759732953267
3713,21498,E14001433,E12000002,Preston,North West,England,Borough,Green Party,Green,Green Party,Green,44,PP63,,,,,No,No,Isabella,Metcalf-Riener,Female,No,No,,No,1751,0.0237880000,0.0437826619658440227039731953
3713,21499,E14001433,E12000002,Preston,North West,England,Borough,Liberal Democrat,LD,Liberal Democrat,LD,17,PP90,,,,,No,No,Neil,Darby,Male,No,No,,No,3195,0.0123210000,0.0798889805716000300052509189
3713,21500,E14001433,E12000002,Preston,North West,England,Borough,Conservative,Con,Conservative,Con,4,PP52,,,,,No,No,Trevor,Hart,Male,No,No,,No,5212,-0.1676680000,0.1303228064911359487910384317
3713,21501,E14001433,E12000002,Preston,North West,England,Borough,Reform UK,RUK,Reform UK,RUK,1036,PP7931,,,,,No,No,James,Elliot,Male,No,No,,No,5738,0.1018860000,0.143475108143925186907708849
3713,21502,E14001433,E12000002,Preston,North West,England,Borough,Independent,IND,,,,,,,,,Yes,No,Michael,Lavalette,Male,No,No,,No,8715,,0.217913134798589753206811192
3713,21503,E14001433,E12000002,Preston,North West,England,Borough,Labour / Co-operative Party,Lab / Co-op,Labour,Lab,15,PP53,Co-operative Party,Co-op,,,No,No,Mark,Hendrick,Male,Yes,Yes,473,Yes,14006,-0.2226450000,0.3502112869752206636161328232
3714,21504,E14001434,E12000007,Putney,London,England,Borough,Rejoin EU,REU,Rejoin EU,REU,1040,PP11423,,,,,No,No,Felix,Burford-Connole,Male,No,No,,No,332,,0.0067349629779896541231362207
3714,21505,E14001434,E12000007,Putney,London,England,Borough,Workers Party of Britain,WPB,Workers Party of Britain,WPB,1042,PP11382,,,,,No,No,Heiko,Khoo,Male,No,No,,No,491,,0.0099604422355208438989755553
3714,21506,E14001434,E12000007,Putney,London,England,Borough,Reform UK,RUK,Reform UK,RUK,1036,PP7931,,,,,No,No,Peter,Hunter,Male,No,No,,No,3070,0.0616300000,0.0622781215133380667410487879
3714,21507,E14001434,E12000007,Putney,London,England,Borough,Green Party,Green,Green Party,Green,44,PP63,,,,,No,No,Fergal,McEntee,Male,No,No,,No,3721,0.0521080000,0.0754843290394563343138249315
3714,21508,E14001434,E12000007,Putney,London,England,Borough,Liberal Democrat,LD,Liberal Democrat,LD,17,PP90,,,,,No,No,Kieren,McCarthy,Male,No,No,,No,5943,-0.0484060000,0.1205598945126280555837306015
3714,21509,E14001434,E12000007,Putney,London,England,Borough,Conservative,Con,Conservative,Con,4,PP52,,,,,No,No,Lee,Roberts,Male,No,No,,No,11625,-0.1279140000,0.2358251343949690637995739933
3714,21510,E14001434,E12000007,Putney,London,England,Borough,Labour,Lab,Labour,Lab,15,PP53,,,,,No,No,Fleur,Anderson,Female,Yes,Yes,4788,Yes,24113,0.0458870000,0.4891571153260979815397099097
3715,21511,E14001435,E12000007,Queen's Park and Maida Vale,London,England,Borough,Independent,IND,,,,,,,,,Yes,No,Abdulla,Dharamsi,Male,No,No,,No,601,,0.0156743082179276530266280677
3715,21512,E14001435,E12000007,Queen's Park and Maida Vale,London,England,Borough,Workers Party of Britain,WPB,Workers Party of Britain,WPB,1042,PP11382,,,,,No,No,Irakli,Menabde,Male,No,No,,No,1792,,0.0467360404767493414704118092
3715,21513,E14001435,E12000007,Queen's Park and Maida Vale,London,England,Borough,Reform UK,RUK,Reform UK,RUK,1036,PP7931,,,,,No,No,Angela,Carter-Begbie,Female,No,No,,No,2106,0.0457060000,0.0549252797120726077771692356
3715,21514,E14001435,E12000007,Queen's Park and Maida Vale,London,England,Borough,Liberal Democrat,LD,Liberal Democrat,LD,17,PP90,,,,,No,No,Helen,Baxter,Female,No,No,,No,3417,-0.0499490000,0.0891166575385337610515609107
3715,21515,E14001435,E12000007,Queen's Park and Maida Vale,London,England,Borough,Conservative,Con,Conservative,Con,4,PP52,,,,,No,No,Samia,Hersi,Female,No,No,,No,5088,-0.0651870000,0.1326969720679133088177763868
3715,21516,E14001435,E12000007,Queen's Park and Maida Vale,London,England,Borough,Green Party,Green,Green Party,Green,44,PP63,,,,,No,No,Vivien,Lichtenstein,Female,No,No,,No,5213,0.1038800000,0.1359570195342044180163263177
3715,21517,E14001435,E12000007,Queen's Park and Maida Vale,London,England,Borough,Labour,Lab,Labour,Lab,15,PP53,,,,,No,No,Georgia,Gould,Female,No,No,5305,Yes,20126,-0.0942940000,0.5248937224525989098401272723
3716,21518,E14001436,E12000003,Rawmarsh and Conisbrough,Yorkshire and The Humber,England,County,Workers Party of Britain,WPB,Workers Party of Britain,WPB,1042,PP11382,,,,,No,No,Robert,Watson,Male,No,No,,No,268,,0.0079046720151014629542236904
3716,21519,E14001436,E12000003,Rawmarsh and Conisbrough,Yorkshire and The Humber,England,County,Liberal Democrat,LD,Liberal Democrat,LD,17,PP90,,,,,No,No,Paul,Horton,Male,No,No,,No,1137,-0.0034610000,0.0335358659745162812647475224
3716,21520,E14001436,E12000003,Rawmarsh and Conisbrough,Yorkshire and The Humber,England,County,Green Party,Green,Green Party,Green,44,PP63,,,,,No,No,Tom,Hill,Male,No,No,,No,1687,0.0449730000,0.0497581406323737612081170363
3716,21521,E14001436,E12000003,Rawmarsh and Conisbrough,Yorkshire and The Humber,England,County,Conservative,Con,Conservative,Con,4,PP52,,,,,No,No,Oliver,Harvey,Male,No,No,,No,4496,-0.2371610000,0.1326097215667767815007078811
3716,21522,E14001436,E12000003,Rawmarsh and Conisbrough,Yorkshire and The Humber,England,County,Reform UK,RUK,Reform UK,RUK,1036,PP7931,,,,,No,No,Adam,Wood,Male,No,No,,No,9704,0.1250370000,0.2862199150542708824917413874
3716,21523,E14001436,E12000003,Rawmarsh and Conisbrough,Yorkshire and The Humber,England,County,Labour,Lab,Labour,Lab,15,PP53,,,,,No,No,John,Healey,Male,Yes,Yes,400,Yes,16612,0.0891970000,0.4899716847569608305804624823
3717,21524,E14001437,E12000006,Rayleigh and Wickford,East of England,England,County,Green Party,Green,Green Party,Green,44,PP63,,,,,No,No,Chris,Taylor,Male,No,No,,No,2196,0.0087880000,0.0457709783650839968318812789
3717,21525,E14001437,E12000006,Rayleigh and Wickford,East of England,England,County,Liberal Democrat,LD,Liberal Democrat,LD,17,PP90,,,,,No,No,Stewart,Mott,Male,No,No,,No,4068,0.0077850000,0.084788861561549043311517779
3717,21526,E14001437,E12000006,Rayleigh and Wickford,East of England,England,County,Labour,Lab,Labour,Lab,15,PP53,,,,,No,No,James,Hedges,Male,No,No,,No,11823,0.0897370000,0.2464254449956229938721914211
3717,21527,E14001437,E12000006,Rayleigh and Wickford,East of England,England,County,Reform UK,RUK,Reform UK,RUK,1036,PP7931,,,,,No,No,Grant,Randall,Male,No,No,,No,12135,,0.2529284255283671682854641711
3717,21528,E14001437,E12000006,Rayleigh and Wickford,East of England,England,County,Conservative,Con,Conservative,Con,4,PP52,,,,,No,No,Mark,Francois,Male,Yes,Yes,1444,Yes,17756,-0.3592380000,0.37008628954937679769894535
3718,21529,E14001438,E12000008,Reading Central,South East,England,Borough,Trade Unionist and Socialist Coalition,TUSC,Trade Unionist and Socialist Coalition,TUSC,157,PP804,,,,,No,No,Adam,Gillman,Male,No,No,,No,221,,0.0048795566448080192532732773
3718,21530,E14001438,E12000008,Reading Central,South East,England,Borough,Independent,IND,,,,,,,,,Yes,No,Michael,Turberville,Male,No,No,,No,227,,0.0050120332957982822194254929
3718,21531,E14001438,E12000008,Reading Central,South East,England,Borough,Reform UK,RUK,Reform UK,RUK,1036,PP7931,,,,,No,No,Andrew,Williams,Male,No,No,,No,3904,0.0750590000,0.0861981409109977699763749972
3718,21532,E14001438,E12000008,Reading Central,South East,England,Borough,Liberal Democrat,LD,Liberal Democrat,LD,17,PP90,,,,,No,No,Henry,Wright,Male,No,No,,No,3963,0.0236930000,0.0875008279790686891435384513
3718,21533,E14001438,E12000008,Reading Central,South East,England,Borough,Green Party,Green,Green Party,Green,44,PP63,,,,,No,No,Dave,McElroy,Male,No,No,,No,6417,0.1105760000,0.1416837782340862422997946612
3718,21534,E14001438,E12000008,Reading Central,South East,England,Borough,Conservative,Con,Conservative,Con,4,PP52,,,,,No,No,Raj,Singh,Male,No,No,,No,8961,-0.1661280000,0.1978538782539577399483341061
3718,21535,E14001438,E12000008,Reading Central,South East,England,Borough,Labour,Lab,Labour,Lab,15,PP53,,,,,No,No,Matt,Rodda,Male,Yes,Yes,4654,Yes,21598,-0.0491710000,0.4768717846812832571592590139
3719,21536,E14001439,E12000008,Reading West and Mid Berkshire,South East,England,County,Independent,IND,,,,,,,,,Yes,No,Adie,Peppiatt,Male,No,No,,No,272,,0.0058430538549118171467852463
3719,21537,E14001439,E12000008,Reading West and Mid Berkshire,South East,England,County,Independent,IND,,,,,,,,,Yes,No,Adrian,Abbs,Male,No,No,,No,562,,0.0120727803913986810165195162
3719,21538,E14001439,E12000008,Reading West and Mid Berkshire,South East,England,County,Green Party,Green,Green Party,Green,44,PP63,,,,,No,No,Carolyne,Culver,Female,No,No,,No,3169,0.0338960000,0.0680758737728512813903031084
3719,21539,E14001439,E12000008,Reading West and Mid Berkshire,South East,England,County,Liberal Democrat,LD,Liberal Democrat,LD,17,PP90,,,,,No,No,Helen,Belcher,Female,No,No,,No,5103,-0.0593780000,0.1096217052265257459560482052
3719,21540,E14001439,E12000008,Reading West and Mid Berkshire,South East,England,County,Reform UK,RUK,Reform UK,RUK,1036,PP7931,,,,,No,No,Kathrin,Bosley,Female,No,No,,No,6260,,0.1344761659255440269811604477
3719,21541,E14001439,E12000008,Reading West and Mid Berkshire,South East,England,County,Conservative,Con,Conservative,Con,4,PP52,,,,,No,No,Ross,Mackinnon,Male,No,No,,No,14912,-0.2475380000,0.3203368348692831518119911495
3719,21542,E14001439,E12000008,Reading West and Mid Berkshire,South East,England,County,Labour,Lab,Labour,Lab,15,PP53,,,,,No,No,Olivia,Bailey,Female,No,No,5337,Yes,16273,0.1206280000,0.3495735859594852956971923267
3720,21543,E14001440,E12000001,Redcar,North East,England,Borough,Social Democratic Party,SDP,Social Democratic Party,SDP,32,PP243,,,,,No,No,Gary,Conlin,Male,No,No,,No,169,,0.0044230416917480174827920124
3720,21544,E14001440,E12000001,Redcar,North East,England,Borough,Green Party,Green,Green Party,Green,44,PP63,,,,,No,No,Ruth,Hatton,Female,No,No,,No,1279,0.0178660000,0.0334737888979036352691774189
3720,21545,E14001440,E12000001,Redcar,North East,England,Borough,Liberal Democrat,LD,Liberal Democrat,LD,17,PP90,,,,,No,No,Chris,Jones,Male,No,No,,No,1542,-0.0077650000,0.0403569839566594257897354027
3720,21546,E14001440,E12000001,Redcar,North East,England,Borough,Reform UK,RUK,Reform UK,RUK,1036,PP7931,,,,,No,No,John,Davies,Male,No,No,,No,7216,0.1236730000,0.1888560286843413855374388233
3720,21547,E14001440,E12000001,Redcar,North East,England,Borough,Conservative,Con,Conservative,Con,4,PP52,,,,,No,No,Jacob,Young,Male,Yes,Yes,4825,No,12340,-0.1523300000,0.3229605590305948860216179434
3720,21548,E14001440,E12000001,Redcar,North East,England,Borough,Labour / Co-operative Party,Lab / Co-op,Labour,Lab,15,PP53,Co-operative Party,Co-op,,,No,No,Anna,Turley,Female,No,Yes,4449,Yes,15663,0.0437180000,0.4099295977387526498992383993
3721,21549,E14001441,E12000005,Redditch,West Midlands,England,County,Workers Party of Britain,WPB,Workers Party of Britain,WPB,1042,PP11382,,,,,No,No,Mohammed,Amin,Male,No,No,,No,765,,0.0180530973451327433628318584
3721,21550,E14001441,E12000005,Redditch,West Midlands,England,County,Green Party,Green,Green Party,Green,44,PP63,,,,,No,No,David,Thain,Male,No,No,,No,2098,0.0190480000,0.049510324483775811209439528
3721,21551,E14001441,E12000005,Redditch,West Midlands,England,County,Liberal Democrat,LD,Liberal Democrat,LD,17,PP90,,,,,No,No,Andrew,Fieldsend-Roxborough,Male,No,No,,No,2165,-0.0128860000,0.0510914454277286135693215339
3721,21552,E14001441,E12000005,Redditch,West Midlands,England,County,Reform UK,RUK,Reform UK,RUK,1036,PP7931,,,,,No,No,Julie,Allison,Female,No,No,,No,8516,,0.2009675516224188790560471976
3721,21553,E14001441,E12000005,Redditch,West Midlands,England,County,Conservative,Con,Conservative,Con,4,PP52,,,,,No,No,Rachel,Maclean,Female,Yes,Yes,4668,No,14021,-0.3158230000,0.3308790560471976401179941003
3721,21554,E14001441,E12000005,Redditch,West Midlands,England,County,Labour,Lab,Labour,Lab,15,PP53,,,,,No,No,Chris,Bloore,Male,No,No,5109,Yes,14810,0.0906410000,0.3494985250737463126843657817
3722,21555,E14001442,E12000008,Reigate,South East,England,County,Green Party,Green,Green Party,Green,44,PP63,,,,,No,No,Jonathan,Essex,Male,No,No,,No,4691,0.0304130000,0.0882413799589924944978461654
3722,21556,E14001442,E12000008,Reigate,South East,England,County,Liberal Democrat,LD,Liberal Democrat,LD,17,PP90,,,,,No,No,Mark,Johnston,Male,No,No,,No,6773,-0.0713270000,0.1274054287917834502736968831
3722,21557,E14001442,E12000008,Reigate,South East,England,County,Reform UK,RUK,Reform UK,RUK,1036,PP7931,,,,,No,No,Joseph,Fox,Male,No,No,,No,7240,,0.1361900641447677808920072986
3722,21558,E14001442,E12000008,Reigate,South East,England,County,Labour,Lab,Labour,Lab,15,PP53,,,,,No,No,Stuart,Brady,Male,No,No,,No,15635,0.1249430000,0.2941065818927409190948251538
3722,21559,E14001442,E12000008,Reigate,South East,England,County,Conservative,Con,Conservative,Con,4,PP52,,,,,No,No,Rebecca,Paul,Female,No,No,5297,Yes,18822,-0.2041360000,0.3540565452117153552416244992
3723,21560,W07000107,W92000004,Rhondda and Ogmore,,Wales,County,Liberal Democrat,LD,Liberal Democrat,LD,17,PP90,,,,,No,No,Gerald,Francis,Male,No,No,,No,935,0.0033390000,0.0261129419650337932190135731
3723,21561,W07000107,W92000004,Rhondda and Ogmore,,Wales,County,Green Party,Green,Green Party,Green,44,PP63,,,,,No,No,Christine,Glossop,Female,No,No,,No,1177,0.0190050000,0.0328715857677484220521700274
3723,21562,W07000107,W92000004,Rhondda and Ogmore,,Wales,County,Conservative,Con,Conservative,Con,4,PP52,,,,,No,No,Adam,Robinson,Male,No,No,,No,2050,-0.0972040000,0.0572529743618387979668212032
3723,21563,W07000107,W92000004,Rhondda and Ogmore,,Wales,County,Plaid Cymru,PC,Plaid Cymru,PC,22,PP77,,,,,No,No,Owen,Cutler,Male,No,No,,No,5198,0.0208440000,0.1451712003574819862592861532
3723,21564,W07000107,W92000004,Rhondda and Ogmore,,Wales,County,Reform UK,RUK,Reform UK,RUK,1036,PP7931,,,,,No,No,Darren,James,Male,No,No,,No,9328,0.1453070000,0.2605149974864547841143942356
3723,21565,W07000107,W92000004,Rhondda and Ogmore,,Wales,County,Labour,Lab,Labour,Lab,15,PP53,,,,,No,No,Chris,Bryant,Male,Yes,Yes,1446,Yes,17118,-0.0847810000,0.4780763000614422163883148076
3724,21566,E14001443,E12000002,Ribble Valley,North West,England,County,Independent,IND,,,,,,,,,Yes,No,Qasim,Ajmi,Male,No,No,,No,1273,,0.0244699459854295215577725237
3724,21567,E14001443,E12000002,Ribble Valley,North West,England,County,Green Party,Green,Green Party,Green,44,PP63,,,,,No,No,Caroline,Montague,Female,No,No,,No,1727,0.0047510000,0.0331968552371066643599946178
3724,21568,E14001443,E12000002,Ribble Valley,North West,England,County,Liberal Democrat,LD,Liberal Democrat,LD,17,PP90,,,,,No,No,John,Potter,Male,No,No,,No,5001,0.0161340000,0.0961305576379678219249178248
3724,21569,E14001443,E12000002,Ribble Valley,North West,England,County,Reform UK,RUK,Reform UK,RUK,1036,PP7931,,,,,No,No,John,Carroll,Male,No,No,,No,8524,0.1637360000,0.1638506045402994829210157046
3724,21570,E14001443,E12000002,Ribble Valley,North West,England,County,Conservative,Con,Conservative,Con,4,PP52,,,,,No,No,Nigel,Evans,Male,Yes,Yes,474,No,17321,-0.2654620000,0.3329488879918497587605482191
3724,21571,E14001443,E12000002,Ribble Valley,North West,England,County,Labour,Lab,Labour,Lab,15,PP53,,,,,No,No,Maya,Ellis,Female,No,No,5228,Yes,18177,0.0733310000,0.3494031486073467504757511101
3725,21572,E14001444,E12000003,Richmond and Northallerton,Yorkshire and The Humber,England,County,Independent,IND,,,,,,,,,Yes,No,Jason,Barnett,Male,No,No,,No,27,,0.0005564027531632526892799736
3725,21573,E14001444,E12000003,Richmond and Northallerton,Yorkshire and The Humber,England,County,Independent,IND,,,,,,,,,Yes,No,Angie,Campion,Female,No,No,,No,33,,0.0006800478094217532868977455
3725,21574,E14001444,E12000003,Richmond and Northallerton,Yorkshire and The Humber,England,County,Workers Party of Britain,WPB,Workers Party of Britain,WPB,1042,PP11382,,,,,No,No,Louise,Dickens,Female,No,No,,No,90,,0.0018546758438775089642665787
3725,21575,E14001444,E12000003,Richmond and Northallerton,Yorkshire and The Humber,England,County,Official Monster Raving Loony Party,MRLP,Official Monster Raving Loony Party,MRLP,119,PP66,,,,,No,No,Sir Archibald,Stanton,Male,No,No,,No,99,,0.0020401434282652598606932366
3725,21576,E14001444,E12000003,Richmond and Northallerton,Yorkshire and The Humber,England,County,The Yorkshire Party,Yrks,The Yorkshire Party,Yrks,262,PP2055,,,,,No,No,Rio,Goldhammer,Male,No,No,,No,132,,0.0027201912376870131475909822
3725,21577,E14001444,E12000003,Richmond and Northallerton,Yorkshire and The Humber,England,County,Independent,IND,,,,,,,,,Yes,No,Niko,Omilana,Male,No,No,,No,160,,0.0032972015002266826031405844
3725,21578,E14001444,E12000003,Richmond and Northallerton,Yorkshire and The Humber,England,County,Independent,IND,,,,,,,,,Yes,No,Brian,Richmond,Male,No,No,,No,222,,0.0045748670815645221118575609
3725,21579,E14001444,E12000003,Richmond and Northallerton,Yorkshire and The Humber,England,County,Count Binface Party,CBP,Count Binface Party,CBP,1055,PP12685,,,,,No,No,Count,Binface,Male,No,No,,No,308,,0.006347112887936364011045625
3725,21580,E14001444,E12000003,Richmond and Northallerton,Yorkshire and The Humber,England,County,Green Party,Green,Green Party,Green,44,PP63,,,,,No,No,Kevin,Foster,Male,No,No,,No,2058,0.0043220000,0.0424102542966657049828957672
3725,21581,E14001444,E12000003,Richmond and Northallerton,Yorkshire and The Humber,England,County,Liberal Democrat,LD,Liberal Democrat,LD,17,PP90,,,,,No,No,Daniel,Callaghan,Male,No,No,,No,4322,-0.0357420000,0.0890656555248732638173350369
3725,21582,E14001444,E12000003,Richmond and Northallerton,Yorkshire and The Humber,England,County,Reform UK,RUK,Reform UK,RUK,1036,PP7931,,,,,No,No,Lee,Taylor,Male,No,No,,No,7142,,0.1471788319663685446976878374
3725,21583,E14001444,E12000003,Richmond and Northallerton,Yorkshire and The Humber,England,County,Labour,Lab,Labour,Lab,15,PP53,,,,,No,No,Tom,Wilson,Male,No,No,,No,10874,0.0596680000,0.2240860569591559164159419693
3725,21584,E14001444,E12000003,Richmond and Northallerton,Yorkshire and The Humber,England,County,Conservative,Con,Conservative,Con,4,PP52,,,,,No,No,Rishi,Sunak,Male,Yes,Yes,4483,Yes,23059,-0.1582150000,0.4751885587107942134113671022
3726,21585,E14001445,E12000007,Richmond Park,London,England,Borough,Social Democratic Party,SDP,Social Democratic Party,SDP,32,PP243,,,,,No,No,Richard,Harrison,Male,No,No,,No,233,,0.0044631740254764869265396035
3726,21586,E14001445,E12000007,Richmond Park,London,England,Borough,The Mitre TW9,MTW9,The Mitre TW9,MTW9,1084,PP15293,,,,,No,No,Chris,French,Male,No,No,,No,349,,0.0066851834115506177569198353
3726,21587,E14001445,E12000007,Richmond Park,London,England,Borough,Green Party,Green,Green Party,Green,44,PP63,,,,,No,No,Chas,Warlow,Male,No,No,,No,3416,,0.0654343453692175079015419979
3726,21588,E14001445,E12000007,Richmond Park,London,England,Borough,Reform UK,RUK,Reform UK,RUK,1036,PP7931,,,,,No,No,Michael,Hearn,Male,No,No,,No,3258,,0.0624078153433579159084378891
3726,21589,E14001445,E12000007,Richmond Park,London,England,Borough,Labour,Lab,Labour,Lab,15,PP53,,,,,No,No,Laura,Coryton,Female,No,No,,No,5048,0.0440739400,0.0966957188008811416530983622
3726,21590,E14001445,E12000007,Richmond Park,London,England,Borough,Conservative,Con,Conservative,Con,4,PP52,,,,,No,No,Sara,Gezdari,Female,No,No,,No,11373,-0.1878546300,0.2178526961019059477061584139
3726,21591,E14001445,E12000007,Richmond Park,London,England,Borough,Liberal Democrat,LD,Liberal Democrat,LD,17,PP90,,,,,No,No,Sarah,Olney,Female,Yes,Yes,4591,Yes,28528,0.0100032670,0.5464610669476103821473038981
3727,21592,E14001446,E12000002,Rochdale,North West,England,County,Green Party,Green,Green Party,Green,44,PP63,,,,,No,No,Martyn,Savin,Male,No,No,,No,1212,0.0117550000,0.0305381979439629107034872002
3727,21593,E14001446,E12000002,Rochdale,North West,England,County,Liberal Democrat,LD,Liberal Democrat,LD,17,PP90,,,,,No,No,Andy,Kelly,Male,No,No,,No,2816,-0.0043710000,0.0709534368070953436807095344
3727,21594,E14001446,E12000002,Rochdale,North West,England,County,Conservative,Con,Conservative,Con,4,PP52,,,,,No,No,Paul,Ellison,Male,No,No,,No,4273,-0.2078520000,0.1076647853255392058052811933
3727,21595,E14001446,E12000002,Rochdale,North West,England,County,Reform UK,RUK,Reform UK,RUK,1036,PP7931,,,,,No,No,Michael,Howard,Male,No,No,,No,6773,0.0886030000,0.1706561177182019754081838339
3727,21596,E14001446,E12000002,Rochdale,North West,England,County,Workers Party of Britain,WPB,Workers Party of Britain,WPB,1042,PP11382,,,,,No,No,George,Galloway,Male,Yes,Yes,609,No,11587,,0.2919522273735134045555331586
3727,21597,E14001446,E12000002,Rochdale,North West,England,County,Labour / Co-operative Party,Lab / Co-op,Labour,Lab,15,PP53,Co-operative Party,Co-op,,,No,No,Paul,Waugh,Male,No,No,5071,Yes,13027,-0.1800870000,0.3282352348316871598468050796
3728,21598,E14001447,E12000008,Rochester and Strood,South East,England,County,Heritage Party,HPUK,Heritage Party,HPUK,1037,PP12550,,,,,No,No,Peter,Burch,Male,No,No,,No,190,,0.0044603033006244424620874219
3728,21599,E14001447,E12000008,Rochester and Strood,South East,England,County,Workers Party of Britain,WPB,Workers Party of Britain,WPB,1042,PP11382,,,,,No,No,John,Innes,Male,No,No,,No,245,,0.0057514437297525705432179915
3728,21600,E14001447,E12000008,Rochester and Strood,South East,England,County,Liberal Democrat,LD,Liberal Democrat,LD,17,PP90,,,,,No,No,Graham,Colley,Male,No,No,,No,1894,-0.0265580000,0.0444621813230668106483872482
3728,21601,E14001447,E12000008,Rochester and Strood,South East,England,County,Green Party,Green,Green Party,Green,44,PP63,,,,,No,No,Cat,Jamieson,Female,No,No,,No,2427,0.0310980000,0.0569745058453448518709798582
3728,21602,E14001447,E12000008,Rochester and Strood,South East,England,County,Reform UK,RUK,Reform UK,RUK,1036,PP7931,,,,,No,No,Daniel,Dabin,Male,No,No,,No,9966,,0.2339546457580168083008591953
3728,21603,E14001447,E12000008,Rochester and Strood,South East,England,County,Conservative,Con,Conservative,Con,4,PP52,,,,,No,No,Kelly,Tolhurst,Female,Yes,Yes,4487,No,12473,-0.2918910000,0.2928071740457298464716653364
3728,21604,E14001447,E12000008,Rochester and Strood,South East,England,County,Labour,Lab,Labour,Lab,15,PP53,,,,,No,No,Lauren,Edwards,Female,No,No,5298,Yes,15403,0.0805320000,0.3615897459974646697028029485
3729,21605,E14001448,E12000007,Romford,London,England,Borough,English Constitution Party,ECP,English Constitution Party,ECP,1046,PP12881,,,,,No,No,Colin,Birch,Male,No,No,,No,195,,0.004427089245578586509864463
3729,21606,E14001448,E12000007,Romford,London,England,Borough,Workers Party of Britain,WPB,Workers Party of Britain,WPB,1042,PP11382,,,,,No,No,Zhafaran,Qayum,Male,No,No,,No,898,,0.0203873135514336958249142961
3729,21607,E14001448,E12000007,Romford,London,England,Borough,Liberal Democrat,LD,Liberal Democrat,LD,17,PP90,,,,,No,No,Thomas,Clarke,Male,No,No,,No,1895,-0.0146510000,0.0430222262583149817240674734
3729,21608,E14001448,E12000007,Romford,London,England,Borough,Green Party,Green,Green Party,Green,44,PP63,,,,,No,No,David,Hughes,Male,No,No,,No,2220,0.0201680000,0.0504007083342792925738415783
3729,21609,E14001448,E12000007,Romford,London,England,Borough,Reform UK,RUK,Reform UK,RUK,1036,PP7931,,,,,No,No,Philip,Hyde,Male,No,No,,No,9624,,0.2184938815356323926714645719
3729,21610,E14001448,E12000007,Romford,London,England,Borough,Labour,Lab,Labour,Lab,15,PP53,,,,,No,No,Andrew,Achilleos,Male,No,No,,No,13876,0.0506300000,0.3150271301110177764660476309
3729,21611,E14001448,E12000007,Romford,London,England,Borough,Conservative,Con,Conservative,Con,4,PP52,,,,,No,No,Andrew,Rosindell,Male,Yes,Yes,1447,Yes,15339,-0.2994560000,0.3482416509637432742297999864
3730,21612,E14001449,E12000008,Romsey and Southampton North,South East,England,County,Independent,IND,,,,,,,,,Yes,No,Fennie,Yap,Female,No,No,,No,183,,0.0036580246666799928038859016
3730,21613,E14001449,E12000008,Romsey and Southampton North,South East,England,County,Green Party,Green,Green Party,Green,44,PP63,,,,,No,No,Connor,Shaw,Male,No,No,,No,1893,0.0306920000,0.0378395666340176304795410478
3730,21614,E14001449,E12000008,Romsey and Southampton North,South East,England,County,Labour,Lab,Labour,Lab,15,PP53,,,,,No,No,Christie,Lambert,Female,No,No,,No,4640,-0.0284480000,0.0927499150458752273772163032
3730,21615,E14001449,E12000008,Romsey and Southampton North,South East,England,County,Reform UK,RUK,Reform UK,RUK,1036,PP7931,,,,,No,No,Paul,Barrett,Male,No,No,,No,5716,,0.1142583005177204309672776701
3730,21616,E14001449,E12000008,Romsey and Southampton North,South East,England,County,Liberal Democrat,LD,Liberal Democrat,LD,17,PP90,,,,,No,No,Geoff,Cooper,Male,No,No,,No,17702,0.0724070000,0.3538489215823455334119575429
3730,21617,E14001449,E12000008,Romsey and Southampton North,South East,England,County,Conservative,Con,Conservative,Con,4,PP52,,,,,No,No,Caroline,Nokes,Female,Yes,Yes,4048,Yes,19893,-0.1808680000,0.3976452715533611849601215344
3731,21618,E14001450,E12000002,Rossendale and Darwen,North West,England,County,Workers Party of Britain,WPB,Workers Party of Britain,WPB,1042,PP11382,,,,,No,No,Tayab,Ali,Male,No,No,,No,491,,0.01100452732081222824868887
3731,21619,E14001450,E12000002,Rossendale and Darwen,North West,England,County,Liberal Democrat,LD,Liberal Democrat,LD,17,PP90,,,,,No,No,Rowan,Fitton,Male,No,No,,No,1241,-0.0139190000,0.0278138867721547357568694249
3731,21620,E14001450,E12000002,Rossendale and Darwen,North West,England,County,Green Party,Green,Green Party,Green,44,PP63,,,,,No,No,Bob,Bauld,Male,No,No,,No,2325,0.0273460000,0.0521090142991617732753597203
3731,21621,E14001450,E12000002,Rossendale and Darwen,North West,England,County,Reform UK,RUK,Reform UK,RUK,1036,PP7931,,,,,No,No,Daniel,Matchett,Male,No,No,,No,9695,0.2136830000,0.2172889865076874803890806401
3731,21622,E14001450,E12000002,Rossendale and Darwen,North West,England,County,Conservative,Con,Conservative,Con,4,PP52,,,,,No,No,Jake,Berry,Male,Yes,Yes,4060,No,12619,-0.2806370000,0.2828230758886548029943072303
3731,21623,E14001450,E12000002,Rossendale and Darwen,North West,England,County,Labour,Lab,Labour,Lab,15,PP53,,,,,No,No,Andy,MacNae,Male,No,No,5134,Yes,18247,0.0425230000,0.4089605092115289793356941145
3732,21624,E14001451,E12000003,Rother Valley,Yorkshire and The Humber,England,County,Liberal Democrat,LD,Liberal Democrat,LD,17,PP90,,,,,No,No,Colin,Taylor,Male,No,No,,No,1175,-0.0200150000,0.0282397615843107094789463565
3732,21625,E14001451,E12000003,Rother Valley,Yorkshire and The Humber,England,County,Green Party,Green,Green Party,Green,44,PP63,,,,,No,No,Paul,Martin,Male,No,No,,No,1706,0.0162920000,0.0410017304364545279753893482
3732,21626,E14001451,E12000003,Rother Valley,Yorkshire and The Humber,England,County,Reform UK,RUK,Reform UK,RUK,1036,PP7931,,,,,No,No,Tony,Harrison,Male,No,No,,No,7679,0.0677340000,0.1845558546433378196500672948
3732,21627,E14001451,E12000003,Rother Valley,Yorkshire and The Humber,England,County,Conservative,Con,Conservative,Con,4,PP52,,,,,No,No,Alexander,Stafford,Male,Yes,Yes,4866,No,15025,-0.1000020000,0.361108440684483753124399154
3732,21628,E14001451,E12000003,Rother Valley,Yorkshire and The Humber,England,County,Labour,Lab,Labour,Lab,15,PP53,,,,,No,No,Jake,Richards,Male,No,No,5082,Yes,16023,0.0588540000,0.3850942126514131897711978466
3733,21629,E14001452,E12000003,Rotherham,Yorkshire and The Humber,England,Borough,Independent,IND,,,,,,,,,Yes,No,Ishtiaq,Ahmad,Male,No,No,,No,547,,0.0148110040073648868190187371
3733,21630,E14001452,E12000003,Rotherham,Yorkshire and The Humber,England,Borough,The Yorkshire Party,Yrks,The Yorkshire Party,Yrks,262,PP2055,,,,,No,No,David,Atkinson,Male,No,No,,No,1363,,0.0369056644644210982345933066
3733,21631,E14001452,E12000003,Rotherham,Yorkshire and The Humber,England,Borough,Workers Party of Britain,WPB,Workers Party of Britain,WPB,1042,PP11382,,,,,No,No,Taukir,Iqbal,Male,No,No,,No,1714,,0.0464096176757283656449691325
3733,21632,E14001452,E12000003,Rotherham,Yorkshire and The Humber,England,Borough,Green Party,Green,Green Party,Green,44,PP63,,,,,No,No,Tony,Mabbot,Male,No,No,,No,2632,0.0701170000,0.0712661106899166034874905231
3733,21633,E14001452,E12000003,Rotherham,Yorkshire and The Humber,England,Borough,Liberal Democrat,LD,Liberal Democrat,LD,17,PP90,,,,,No,No,Adam,Carter,Male,No,No,,No,2824,0.0140350000,0.0764648543268710061735080689
3733,21634,E14001452,E12000003,Rotherham,Yorkshire and The Humber,England,Borough,Reform UK,RUK,Reform UK,RUK,1036,PP7931,,,,,No,No,John,Cronly,Male,No,No,,No,11181,0.1325290000,0.3027455864832665439185530164
3733,21635,E14001452,E12000003,Rotherham,Yorkshire and The Humber,England,Borough,Labour,Lab,Labour,Lab,15,PP53,,,,,No,No,Sarah,Champion,Female,Yes,Yes,4267,Yes,16671,0.0447200000,0.4513971623524314957218672154
3734,21636,E14001453,E12000005,Rugby,West Midlands,England,County,Independent,IND,,,,,,,,,Yes,No,Anand,Swayamprakasam,Male,No,No,,No,118,,0.0024079666965961962288792752
3734,21637,E14001453,E12000005,Rugby,West Midlands,England,County,Independent,IND,,,,,,,,,Yes,No,Mark,Townsend,Male,No,No,,No,215,,0.0043873969471879846543139336
3734,21638,E14001453,E12000005,Rugby,West Midlands,England,County,Green Party,Green,Green Party,Green,44,PP63,,,,,No,No,Becca,Stevenson,Female,No,No,,No,2556,0.0196470000,0.0521590074279650640764019264
3734,21639,E14001453,E12000005,Rugby,West Midlands,England,County,Liberal Democrat,LD,Liberal Democrat,LD,17,PP90,,,,,No,No,Richard,Dickson,Male,No,No,,No,3252,-0.0165040000,0.0663619296383968655619949392
3734,21640,E14001453,E12000005,Rugby,West Midlands,England,County,Reform UK,RUK,Reform UK,RUK,1036,PP7931,,,,,No,No,Devenne,Kedward,Female,No,No,,No,8225,,0.1678434413517263896824749
3734,21641,E14001453,E12000005,Rugby,West Midlands,England,County,Conservative,Con,Conservative,Con,4,PP52,,,,,No,No,Yousef,Dahmash,Male,No,No,,No,15105,-0.2650890000,0.3082401436617418986205207738
3734,21642,E14001453,E12000005,Rugby,West Midlands,England,County,Labour,Lab,Labour,Lab,15,PP53,,,,,No,No,John,Slinger,Male,No,No,5127,Yes,19533,0.0873070000,0.3986001142763856011754142519
3735,21643,E14001454,E12000007,"Ruislip, Northwood and Pinner",London,England,Borough,Green Party,Green,Green Party,Green,44,PP63,,,,,No,No,Jess,Lee,Female,No,No,,No,2926,0.0357070000,0.0621350151833683718757299696
3735,21644,E14001454,E12000007,"Ruislip, Northwood and Pinner",London,England,Borough,Liberal Democrat,LD,Liberal Democrat,LD,17,PP90,,,,,No,No,Jonathan,Banks,Male,No,No,,No,4343,-0.0593360000,0.0922256906839948185428213459
3735,21645,E14001454,E12000007,"Ruislip, Northwood and Pinner",London,England,Borough,Reform UK,RUK,Reform UK,RUK,1036,PP7931,,,,,No,No,Ian,Price,Male,No,No,,No,4671,0.0982530000,0.0991909282028413072561635981
3735,21646,E14001454,E12000007,"Ruislip, Northwood and Pinner",London,England,Borough,Labour,Lab,Labour,Lab,15,PP53,,,,,No,No,Tony,Gill,Male,No,No,,No,13785,0.0419270000,0.2927310951137159966872650825
3735,21647,E14001454,E12000007,"Ruislip, Northwood and Pinner",London,England,Borough,Conservative,Con,Conservative,Con,4,PP52,,,,,No,No,David,Simmonds,Male,Yes,Yes,4872,Yes,21366,-0.0996350000,0.4537172708160795056380200038
3736,21648,E14001455,E12000002,Runcorn and Helsby,North West,England,County,Social Democratic Party,SDP,Social Democratic Party,SDP,32,PP243,,,,,No,No,Paul,Murphy,Male,No,No,,No,116,,0.0027465372321534272522789156
3736,21649,E14001455,E12000002,Runcorn and Helsby,North West,England,County,Liberal,Lib,Liberal,Lib,16,PP54,,,,,No,No,Danny,Clarke,Male,No,No,,No,479,,0.0113413046051852728779448325
3736,21650,E14001455,E12000002,Runcorn and Helsby,North West,England,County,Liberal Democrat,LD,Liberal Democrat,LD,17,PP90,,,,,No,No,Chris,Rowe,Male,No,No,,No,2149,-0.0161800000,0.0508819699301527169409257725
3736,21651,E14001455,E12000002,Runcorn and Helsby,North West,England,County,Green Party,Green,Green Party,Green,44,PP63,,,,,No,No,Chris,Copeman,Male,No,No,,No,2715,0.0350790000,0.0642831774594530602580797916
3736,21652,E14001455,E12000002,Runcorn and Helsby,North West,England,County,Conservative,Con,Conservative,Con,4,PP52,,,,,No,No,Jade,Marsden,Female,No,No,,No,6756,-0.2084550000,0.1599621167278323665206582219
3736,21653,E14001455,E12000002,Runcorn and Helsby,North West,England,County,Reform UK,RUK,Reform UK,RUK,1036,PP7931,,,,,No,No,Jason,Moorcroft,Male,No,No,,No,7662,0.1338700000,0.1814135195927548241979400971
3736,21654,E14001455,E12000002,Runcorn and Helsby,North West,England,County,Labour,Lab,Labour,Lab,15,PP53,,,,,No,No,Mike,Amesbury,Male,Yes,Yes,4667,Yes,22358,0.0415980000,0.5293713744524683319521723689
3737,21655,E14001456,E12000008,Runnymede and Weybridge,South East,England,County,UK Independence Party,UKIP,UK Independence Party,UKIP,35,PP85,,,,,No,No,Nicholas,Wood,Male,No,No,,No,142,-0.0060950000,0.0029428222079456199614531739
3737,21656,E14001456,E12000008,Runnymede and Weybridge,South East,England,County,Independent,IND,,,,,,,,,Yes,No,Michael,Cressey,Male,No,No,,No,518,,0.0107350838289847263382587611
3737,21657,E14001456,E12000008,Runnymede and Weybridge,South East,England,County,Green Party,Green,Green Party,Green,44,PP63,,,,,No,No,Steven,Ringham,Male,No,No,,No,1954,0.0136290000,0.0404948915093362070752077591
3737,21658,E14001456,E12000008,Runnymede and Weybridge,South East,England,County,Reform UK,RUK,Reform UK,RUK,1036,PP7931,,,,,No,No,Stewart,Mackay,Male,No,No,,No,6419,,0.1330279982591755952997741073
3737,21659,E14001456,E12000008,Runnymede and Weybridge,South East,England,County,Labour,Lab,Labour,Lab,15,PP53,,,,,No,No,Robert,King,Male,No,No,,No,9963,0.0290070000,0.2064742088574803639151969826
3737,21660,E14001456,E12000008,Runnymede and Weybridge,South East,England,County,Liberal Democrat,LD,Liberal Democrat,LD,17,PP90,,,,,No,No,Ellen,Nicholson,Female,No,No,,No,10815,-0.0028710000,0.2241311421051540836839160259
3737,21661,E14001456,E12000008,Runnymede and Weybridge,South East,England,County,Conservative,Con,Conservative,Con,4,PP52,,,,,No,No,Ben,Spencer,Male,Yes,Yes,4785,Yes,18442,-0.1499600000,0.3821938532319234037261931901
3738,21662,E14001457,E12000004,Rushcliffe,East Midlands,England,County,Independent,IND,,,,,,,,,Yes,No,Harbant,Sehra,Female,No,No,,No,186,,0.0032211138819617622610141313
3738,21663,E14001457,E12000004,Rushcliffe,East Midlands,England,County,Independent,IND,,,,,,,,,Yes,No,Lynn,Irving,Female,No,No,,No,549,,0.0095074812967581047381546135
3738,21664,E14001457,E12000004,Rushcliffe,East Midlands,England,County,Liberal Democrat,LD,Liberal Democrat,LD,17,PP90,,,,,No,No,Greg,Webb,Male,No,No,,No,3133,-0.1053510000,0.054256719312829038514824051
3738,21665,E14001457,E12000004,Rushcliffe,East Midlands,England,County,Green Party,Green,Green Party,Green,44,PP63,,,,,No,No,Richard,Mallender,Male,No,No,,No,4367,,0.0756269049598226655583264062
3738,21666,E14001457,E12000004,Rushcliffe,East Midlands,England,County,Reform UK,RUK,Reform UK,RUK,1036,PP7931,,,,,No,No,James,Grice,Male,No,No,,No,6353,,0.1100200886672208367968966473
3738,21667,E14001457,E12000004,Rushcliffe,East Midlands,England,County,Conservative,Con,Conservative,Con,4,PP52,,,,,No,No,Ruth,Edwards,Female,Yes,Yes,4808,No,17865,-0.1640610000,0.309382793017456359102244389
3738,21668,E14001457,E12000004,Rushcliffe,East Midlands,England,County,Labour,Lab,Labour,Lab,15,PP53,,,,,No,No,James,Naish,Male,No,No,5047,Yes,25291,0.0881460000,0.4379848988639512330285397617
3739,21669,S14000104,S92000003,Rutherglen,,Scotland,Burgh,Independent,IND,,,,,,,,,Yes,No,Andrew,Daly,Male,No,No,,No,153,,0.0036013558045381790791827512
3739,21670,S14000104,S92000003,Rutherglen,,Scotland,Burgh,Scottish Family Party,SFP,Scottish Family Party,SFP,1016,PP6380,,,,,No,No,John,McArthur,Male,No,No,,No,321,,0.0075557857075604933622069485
3739,21671,S14000104,S92000003,Rutherglen,,Scotland,Burgh,Alba Party,Alba,Alba Party,Alba,1034,PP12700,,,,,No,No,Jim,Eadie,Male,No,No,,No,497,,0.0116985217964410130872799171
3739,21672,S14000104,S92000003,Rutherglen,,Scotland,Burgh,Scottish Socialist Party,SSP,Scottish Socialist Party,SSP,150,PP46,,,,,No,No,Bill,Bonnar,Male,No,No,,No,541,,0.0127342058186611430185481593
3739,21673,S14000104,S92000003,Rutherglen,,Scotland,Burgh,Liberal Democrat,LD,Liberal Democrat,LD,17,PP90,,,,,No,No,Gloria,Adebo,Female,No,No,,No,1714,-0.0315910000,0.0403446003201205159589492515
3739,21674,S14000104,S92000003,Rutherglen,,Scotland,Burgh,Conservative,Con,Conservative,Con,4,PP52,,,,,No,No,Gary,Burns,Male,No,No,,No,2420,-0.1156750000,0.0569626212221071462197533189
3739,21675,S14000104,S92000003,Rutherglen,,Scotland,Burgh,Reform UK,RUK,Reform UK,RUK,1036,PP7931,,,,,No,No,David,Stark,Male,No,No,,No,2685,,0.0632002636286602014876188683
3739,21676,S14000104,S92000003,Rutherglen,,Scotland,Burgh,Scottish National Party,SNP,Scottish National Party,SNP,29,PP102,,,,,No,No,Katy,Loudon,Female,No,No,,No,12693,-0.1322510000,0.2987713021372752094906317673
3739,21677,S14000104,S92000003,Rutherglen,,Scotland,Burgh,Labour,Lab,Labour,Lab,15,PP53,,,,,No,No,Michael,Shanks,Male,Yes,Yes,4998,Yes,21460,0.1935600000,0.505131343564636098295829018
3740,21678,E14001458,E12000004,Rutland and Stamford,East Midlands,England,County,Rejoin EU,REU,Rejoin EU,REU,1040,PP11423,,,,,No,No,Joanna,Burrows,Female,No,No,,No,409,,0.0084196224550713300533174136
3740,21679,E14001458,E12000004,Rutland and Stamford,East Midlands,England,County,Green Party,Green,Green Party,Green,44,PP63,,,,,No,No,Emma,Baker,Female,No,No,,No,2806,0.0215010000,0.0577639623690223768450089549
3740,21680,E14001458,E12000004,Rutland and Stamford,East Midlands,England,County,Liberal Democrat,LD,Liberal Democrat,LD,17,PP90,,,,,No,No,James,Moore,Male,No,No,,No,6252,-0.0296450000,0.1287028840809436564629351339
3740,21681,E14001458,E12000004,Rutland and Stamford,East Midlands,England,County,Reform UK,RUK,Reform UK,RUK,1036,PP7931,,,,,No,No,Chris,Clowes,Male,No,No,,No,7008,,0.144265804804742985363443605
3740,21682,E14001458,E12000004,Rutland and Stamford,East Midlands,England,County,Labour,Lab,Labour,Lab,15,PP53,,,,,No,No,Joe,Wood,Male,No,No,,No,10854,0.0768630000,0.2234390761059760792144430492
3740,21683,E14001458,E12000004,Rutland and Stamford,East Midlands,England,County,Conservative,Con,Conservative,Con,4,PP52,,,,,No,No,Alicia,Kearns,Female,Yes,Yes,4805,Yes,21248,-0.1958340000,0.4374086501842435720608518435
3741,21684,E14001459,E12000002,Salford,North West,England,Borough,Social Democratic Party,SDP,Social Democratic Party,SDP,32,PP243,,,,,No,No,Stephen,Lewthwaite,Male,No,No,,No,227,,0.0057173080797904493250050373
3741,21685,E14001459,E12000002,Salford,North West,England,Borough,Workers Party of Britain,WPB,Workers Party of Britain,WPB,1042,PP11382,,,,,No,No,Mustafa,Abdullah,Male,No,No,,No,791,,0.0199224259520451339915373766
3741,21686,E14001459,E12000002,Salford,North West,England,Borough,Liberal Democrat,LD,Liberal Democrat,LD,17,PP90,,,,,No,No,Jake,Austin,Male,No,No,,No,2752,0.0077510000,0.0693129155752569010679024783
3741,21687,E14001459,E12000002,Salford,North West,England,Borough,Conservative,Con,Conservative,Con,4,PP52,,,,,No,No,Hilary,Scott,Female,No,No,,No,3583,-0.1427150000,0.0902427966955470481563570421
3741,21688,E14001459,E12000002,Salford,North West,England,Borough,Green Party,Green,Green Party,Green,44,PP63,,,,,No,No,Wendy,Olsen,Female,No,No,,No,5188,0.0879740000,0.1306669353213781986701591779
3741,21689,E14001459,E12000002,Salford,North West,England,Borough,Reform UK,RUK,Reform UK,RUK,1036,PP7931,,,,,No,No,Keith,Whalley,Male,No,No,,No,6031,0.0632320000,0.1518990529921418496876888978
3741,21690,E14001459,E12000002,Salford,North West,England,Borough,Labour,Lab,Labour,Lab,15,PP53,,,,,No,No,Rebecca,Long-Bailey,Female,Yes,Yes,4396,Yes,21132,-0.0418820000,0.5322385653838404191013499899
3742,21691,E14001460,E12000009,Salisbury,South West,England,County,Climate Party,Cli,Climate Party,Cli,1053,PP12958,,,,,No,No,Chris,Harwood,Male,No,No,,No,127,,0.0025312419030155661411516154
3742,21692,E14001460,E12000009,Salisbury,South West,England,County,Independent,IND,,,,,,,,,Yes,No,Arthur,Pendragon,Male,No,No,,No,458,,0.0091284156817411755326570068
3742,21693,E14001460,E12000009,Salisbury,South West,England,County,Green Party,Green,Green Party,Green,44,PP63,,,,,No,No,Barney,Norris,Male,No,No,,No,2115,-0.0087540000,0.0421541466525820660514619417
3742,21694,E14001460,E12000009,Salisbury,South West,England,County,Reform UK,RUK,Reform UK,RUK,1036,PP7931,,,,,No,No,Julian,Malins,Male,No,No,,No,5235,,0.1043389871046180216451079266
3742,21695,E14001460,E12000009,Salisbury,South West,England,County,Liberal Democrat,LD,Liberal Democrat,LD,17,PP90,,,,,No,No,Victoria,Charleston,Female,No,No,,No,11825,0.0405840000,0.2356845315209375560560460806
3742,21696,E14001460,E12000009,Salisbury,South West,England,County,Labour,Lab,Labour,Lab,15,PP53,,,,,No,No,Matt,Aldridge,Male,No,No,,No,13303,0.0777400000,0.265142606581228947840471967
3742,21697,E14001460,E12000009,Salisbury,South West,England,County,Conservative,Con,Conservative,Con,4,PP52,,,,,No,No,John,Glen,Male,Yes,Yes,4051,Yes,17110,-0.2114430000,0.341020070555876666733103462
3743,21698,E14001461,E12000003,Scarborough and Whitby,Yorkshire and The Humber,England,County,Social Democratic Party,SDP,Social Democratic Party,SDP,32,PP243,,,,,No,No,Thomas,Foster,Male,No,No,,No,76,,0.0017186404649374731462427354
3743,21699,E14001461,E12000003,Scarborough and Whitby,Yorkshire and The Humber,England,County,Social Justice party,SJ,Social Justice party,SJ,1090,PP17454,,,,,No,No,Asa,Jones,Male,No,No,,No,285,,0.0064449017435155242984102576
3743,21700,E14001461,E12000003,Scarborough and Whitby,Yorkshire and The Humber,England,County,The Yorkshire Party,Yrks,The Yorkshire Party,Yrks,262,PP2055,,,,,No,No,Lee,Derrick,Male,No,No,,No,477,,0.0107867302865154564573392732
3743,21701,E14001461,E12000003,Scarborough and Whitby,Yorkshire and The Humber,England,County,Green Party,Green,Green Party,Green,44,PP63,,,,,No,No,Annette,Hudspeth,Female,No,No,,No,1719,,0.038872933674046267610411343
3743,21702,E14001461,E12000003,Scarborough and Whitby,Yorkshire and The Humber,England,County,Liberal Democrat,LD,Liberal Democrat,LD,17,PP90,,,,,No,No,Robert,Lockwood,Male,No,No,,No,1899,-0.0181540000,0.0429433979331087040094072952
3743,21703,E14001461,E12000003,Scarborough and Whitby,Yorkshire and The Humber,England,County,Reform UK,RUK,Reform UK,RUK,1036,PP7931,,,,,No,No,David,Bowes,Male,No,No,,No,9657,,0.2183804074986997128061328328
3743,21704,E14001461,E12000003,Scarborough and Whitby,Yorkshire and The Humber,England,County,Conservative,Con,Conservative,Con,4,PP52,,,,,No,No,Roberto,Weeden-Sanz,Male,No,No,,No,12350,-0.2756440000,0.2792790755523393862644444947
3743,21705,E14001461,E12000003,Scarborough and Whitby,Yorkshire and The Humber,England,County,Labour,Lab,Labour,Lab,15,PP53,,,,,No,No,Alison,Hume,Female,No,No,5254,Yes,17758,0.0531910000,0.4015739128468374754076117682
3744,21706,E14001462,E12000003,Scunthorpe,Yorkshire and The Humber,England,County,Heritage Party,HPUK,Heritage Party,HPUK,1037,PP12550,,,,,No,No,Scott,Curtis,Male,No,No,,No,100,,0.0025607538859440219200532637
3744,21707,E14001462,E12000003,Scunthorpe,Yorkshire and The Humber,England,County,Liberal Democrat,LD,Liberal Democrat,LD,17,PP90,,,,,No,No,Cahal,Burke,Male,No,No,,No,942,-0.0023070000,0.0241223016055926864869017439
3744,21708,E14001462,E12000003,Scunthorpe,Yorkshire and The Humber,England,County,Independent,IND,,,,,,,,,Yes,No,Abdul,Butt,Male,No,No,,No,1202,,0.0307802617090471434790402294
3744,21709,E14001462,E12000003,Scunthorpe,Yorkshire and The Humber,England,County,Green Party,Green,Green Party,Green,44,PP63,,,,,No,No,Nick,Cox,Male,No,No,,No,1218,0.0128650000,0.0311899823307981869862487516
3744,21710,E14001462,E12000003,Scunthorpe,Yorkshire and The Humber,England,County,Reform UK,RUK,Reform UK,RUK,1036,PP7931,,,,,No,No,Darren,Haley,Male,No,No,,No,8163,0.1657820000,0.2090343397096105093339479143
3744,21711,E14001462,E12000003,Scunthorpe,Yorkshire and The Humber,England,County,Conservative,Con,Conservative,Con,4,PP52,,,,,No,No,Holly,Mumby-Croft,Female,Yes,Yes,4867,No,11942,-0.2574010000,0.3058052290594350976927607488
3744,21712,E14001462,E12000003,Scunthorpe,Yorkshire and The Humber,England,County,Labour,Lab,Labour,Lab,15,PP53,,,,,No,No,Nicholas,Dakin,Male,No,Yes,4056,Yes,15484,0.0477200000,0.3965071316995723541010473483
3745,21713,E14001463,E12000002,Sefton Central,North West,England,County,Independent,IND,,,,,,,,,Yes,No,Ralph,James,Male,No,No,,No,496,,0.0104533288372779194503572257
3745,21714,E14001463,E12000002,Sefton Central,North West,England,County,Liberal Democrat,LD,Liberal Democrat,LD,17,PP90,,,,,No,No,Gareth,Lloyd-Johnson,Male,No,No,,No,2630,-0.0109420000,0.0554279331492760648274989989
3745,21715,E14001463,E12000002,Sefton Central,North West,England,County,Green Party,Green,Green Party,Green,44,PP63,,,,,No,No,Kieran,Dams,Male,No,No,,No,3294,0.0487000000,0.0694219056249868279626546397
3745,21716,E14001463,E12000002,Sefton Central,North West,England,County,Reform UK,RUK,Reform UK,RUK,1036,PP7931,,,,,No,No,Nagender,Chindam,Male,No,No,,No,5767,0.0850890000,0.1215410229931083900609075007
3745,21717,E14001463,E12000002,Sefton Central,North West,England,County,Conservative,Con,Conservative,Con,4,PP52,,,,,No,No,Marcus,Bleasdale,Male,No,No,,No,8490,-0.1643950000,0.1789289552993740647853484794
3745,21718,E14001463,E12000002,Sefton Central,North West,England,County,Labour,Lab,Labour,Lab,15,PP53,,,,,No,No,Bill,Esterson,Male,Yes,Yes,4061,Yes,26772,0.0384860000,0.5642268540959767329132331556
3746,21719,E14001464,E12000003,Selby,Yorkshire and The Humber,England,County,Liberal Democrat,LD,Liberal Democrat,LD,17,PP90,,,,,No,No,Christian,Vassey,Male,No,No,,No,1792,-0.0235860000,0.0364064849051237251635447564
3746,21720,E14001464,E12000003,Selby,Yorkshire and The Humber,England,County,Green Party,Green,Green Party,Green,44,PP63,,,,,No,No,Angela,Oldershaw,Female,No,No,,No,2484,0.0201000000,0.0504652391207183779610743164
3746,21721,E14001464,E12000003,Selby,Yorkshire and The Humber,England,County,Reform UK,RUK,Reform UK,RUK,1036,PP7931,,,,,No,No,David,Burns,Male,No,No,,No,9565,,0.1943236764048596156190321401
3746,21722,E14001464,E12000003,Selby,Yorkshire and The Humber,England,County,Conservative,Con,Conservative,Con,4,PP52,,,,,No,No,Charles,Richardson,Male,No,No,,No,12593,-0.3237030000,0.2558408841574905530047539718
3746,21723,E14001464,E12000003,Selby,Yorkshire and The Humber,England,County,Labour,Lab,Labour,Lab,15,PP53,,,,,No,No,Keir,Mather,Male,Yes,Yes,4993,Yes,22788,0.1646720000,0.4629637154118077282515948153
3747,21724,E14001465,E12000008,Sevenoaks,South East,England,County,Social Democratic Party,SDP,Social Democratic Party,SDP,32,PP243,,,,,No,No,Adam,Hibbert,Male,No,No,,No,209,,0.0041884606905950019038457685
3747,21725,E14001465,E12000008,Sevenoaks,South East,England,County,Rejoin EU,REU,Rejoin EU,REU,1040,PP11423,,,,,No,No,Elwyn,Jones,Male,No,No,,No,298,,0.0059720635684081845327561675
3747,21726,E14001465,E12000008,Sevenoaks,South East,England,County,Green Party,Green,Green Party,Green,44,PP63,,,,,No,No,Laura,Manston,Female,No,No,,No,2033,0.0063070000,0.040742299444878654882863384
3747,21727,E14001465,E12000008,Sevenoaks,South East,England,County,Labour / Co-operative Party,Lab / Co-op,Labour,Lab,15,PP53,Co-operative Party,Co-op,,,No,No,Denise,Scott-McDonald,Female,No,No,,No,6802,0.0011770000,0.1363153570211827892342531914
3747,21728,E14001465,E12000008,Sevenoaks,South East,England,County,Reform UK,RUK,Reform UK,RUK,1036,PP7931,,,,,No,No,James,Milmine,Male,No,No,,No,9341,,0.1871981402432914487264273833
3747,21729,E14001465,E12000008,Sevenoaks,South East,England,County,Liberal Democrat,LD,Liberal Democrat,LD,17,PP90,,,,,No,No,Richard,Streatfeild,Male,No,No,,No,12888,0.0643140000,0.2582817290927673901280586785
3747,21730,E14001465,E12000008,Sevenoaks,South East,England,County,Conservative,Con,Conservative,Con,4,PP52,,,,,No,No,Laura,Trott,Female,Yes,Yes,4780,Yes,18328,-0.2499290000,0.3673019499388765305917954268
3748,21731,E14001466,E12000003,Sheffield Brightside and Hillsborough,Yorkshire and The Humber,England,Borough,Social Democratic Party,SDP,Social Democratic Party,SDP,32,PP243,,,,,No,No,Jeremy,Turner,Male,No,No,,No,873,,0.0276160951537390864228773883
3748,21732,E14001466,E12000003,Sheffield Brightside and Hillsborough,Yorkshire and The Humber,England,Borough,Workers Party of Britain,WPB,Workers Party of Britain,WPB,1042,PP11382,,,,,No,No,Mark,Tyler,Male,No,No,,No,1437,,0.0454574212324433759331899279
3748,21733,E14001466,E12000003,Sheffield Brightside and Hillsborough,Yorkshire and The Humber,England,Borough,Liberal Democrat,LD,Liberal Democrat,LD,17,PP90,,,,,No,No,Will,Sapwell,Male,No,No,,No,1694,0.0146930000,0.0535872453498671390611160319
3748,21734,E14001466,E12000003,Sheffield Brightside and Hillsborough,Yorkshire and The Humber,England,Borough,Independent,IND,,,,,,,,,Yes,No,Maxine,Bowler,Female,No,No,,No,2537,,0.0802543337972921675313172213
3748,21735,E14001466,E12000003,Sheffield Brightside and Hillsborough,Yorkshire and The Humber,England,Borough,Conservative,Con,Conservative,Con,4,PP52,,,,,No,No,Aaron,Jacob,Male,No,No,,No,4069,-0.1251350000,0.1287169429330633936479817791
3748,21736,E14001466,E12000003,Sheffield Brightside and Hillsborough,Yorkshire and The Humber,England,Borough,Green Party,Green,Green Party,Green,44,PP63,,,,,No,No,Christine,Kubo,Female,No,No,,No,4701,0.1187340000,0.1487093508794128811843603695
3748,21737,E14001466,E12000003,Sheffield Brightside and Hillsborough,Yorkshire and The Humber,England,Borough,Labour,Lab,Labour,Lab,15,PP53,,,,,No,No,Gill,Furniss,Female,Yes,Yes,4571,Yes,16301,-0.0501150000,0.515658610654181956219157282
3749,21738,E14001467,E12000003,Sheffield Central,Yorkshire and The Humber,England,Borough,Social Democratic Party,SDP,Social Democratic Party,SDP,32,PP243,,,,,No,No,Annie,Stoker,Female,No,No,,No,334,,0.0105021538848536301606766657
3749,21739,E14001467,E12000003,Sheffield Central,Yorkshire and The Humber,England,Borough,Trade Unionist and Socialist Coalition,TUSC,Trade Unionist and Socialist Coalition,TUSC,157,PP804,,,,,No,No,Isabelle,France,Male,No,No,,No,409,,0.0128604219727698644781938811
3749,21740,E14001467,E12000003,Sheffield Central,Yorkshire and The Humber,England,Borough,Workers Party of Britain,WPB,Workers Party of Britain,WPB,1042,PP11382,,,,,No,No,Caitlin,Hardy,Female,No,No,,No,656,,0.020626984875640662830550577
3749,21741,E14001467,E12000003,Sheffield Central,Yorkshire and The Humber,England,Borough,Independent,IND,,,,,,,,,Yes,No,Alison,Teal,Female,No,No,,No,1039,,0.0326698739112662327453384901
3749,21742,E14001467,E12000003,Sheffield Central,Yorkshire and The Humber,England,Borough,Liberal Democrat,LD,Liberal Democrat,LD,17,PP90,,,,,No,No,Sam,Christmas,Male,No,No,,No,2174,0.0139810000,0.0683583309750652454170990158
3749,21743,E14001467,E12000003,Sheffield Central,Yorkshire and The Humber,England,Borough,Conservative,Con,Conservative,Con,4,PP52,,,,,No,No,Lucy,Stephenson,Female,No,No,,No,2339,-0.0504980000,0.0735465207684809609156368896
3749,21744,E14001467,E12000003,Sheffield Central,Yorkshire and The Humber,England,Borough,Green Party,Green,Green Party,Green,44,PP63,,,,,No,No,Angela,Argenzio,Female,No,No,,No,8283,0.1517970000,0.260447127629468918026601264
3749,21745,E14001467,E12000003,Sheffield Central,Yorkshire and The Humber,England,Borough,Labour,Lab,Labour,Lab,15,PP53,,,,,No,No,Abtisam,Mohamed,Female,No,No,5142,Yes,16569,-0.1487520000,0.5209885859824544854259032167
3750,21746,E14001468,E12000003,Sheffield Hallam,Yorkshire and The Humber,England,County,Workers Party of Britain,WPB,Workers Party of Britain,WPB,1042,PP11382,,,,,No,No,Mo,Moui-Tabrizy,Male,No,No,,No,281,,0.0054456308986259956202399178
3750,21747,E14001468,E12000003,Sheffield Hallam,Yorkshire and The Humber,England,County,Rejoin EU,REU,Rejoin EU,REU,1040,PP11423,,,,,No,No,Sam,Chapman,Male,No,No,,No,409,,0.0079262029805623922017015174
3750,21748,E14001468,E12000003,Sheffield Hallam,Yorkshire and The Humber,England,County,Social Democratic Party,SDP,Social Democratic Party,SDP,32,PP243,,,,,No,No,Andrew,Cowell,Male,No,No,,No,654,,0.0126741729811437762834053604
3750,21749,E14001468,E12000003,Sheffield Hallam,Yorkshire and The Humber,England,County,Green Party,Green,Green Party,Green,44,PP63,,,,,No,No,Jason,Leman,Male,No,No,,No,4491,0.0570830000,0.0870331970310652894323753416
3750,21750,E14001468,E12000003,Sheffield Hallam,Yorkshire and The Humber,England,County,Conservative,Con,Conservative,Con,4,PP52,,,,,No,No,Issac,Howarth,Male,No,No,,No,6205,-0.1367180000,0.1202496075657448499060095735
3750,21751,E14001468,E12000003,Sheffield Hallam,Yorkshire and The Humber,England,County,Liberal Democrat,LD,Liberal Democrat,LD,17,PP90,,,,,No,No,Shaffaq,Mohammed,Male,No,No,,No,15686,-0.0272490000,0.3039863568535493498188019612
3750,21752,E14001468,E12000003,Sheffield Hallam,Yorkshire and The Humber,England,County,Labour,Lab,Labour,Lab,15,PP53,,,,,No,No,Olivia,Blake,Female,Yes,Yes,4864,Yes,23875,0.1130030000,0.4626848316893083467374663282
3751,21753,E14001469,E12000003,Sheffield Heeley,Yorkshire and The Humber,England,Borough,Trade Unionist and Socialist Coalition,TUSC,Trade Unionist and Socialist Coalition,TUSC,157,PP804,,,,,No,No,Mick,Suter,Male,No,No,,No,398,,0.0103521822816417832804452999
3751,21754,E14001469,E12000003,Sheffield Heeley,Yorkshire and The Humber,England,Borough,Party of Women,POW,Party of Women,POW,1102,PP17545,,,,,No,No,Louise,McDonald,Female,No,No,,No,482,,0.0125370649742495968371221974
3751,21755,E14001469,E12000003,Sheffield Heeley,Yorkshire and The Humber,England,Borough,Workers Party of Britain,WPB,Workers Party of Britain,WPB,1042,PP11382,,,,,No,No,Steven,Roy,Male,No,No,,No,594,,0.0154502418977266815793580607
3751,21756,E14001469,E12000003,Sheffield Heeley,Yorkshire and The Humber,England,Borough,Social Democratic Party,SDP,Social Democratic Party,SDP,32,PP243,,,,,No,No,Helen,Jackman,Female,No,No,,No,711,,0.0184934713624304218904437393
3751,21757,E14001469,E12000003,Sheffield Heeley,Yorkshire and The Humber,England,Borough,Liberal Democrat,LD,Liberal Democrat,LD,17,PP90,,,,,No,No,Rebecca,Atkinson,Female,No,No,,No,3863,0.0332940000,0.1004785933517140924933673204
3751,21758,E14001469,E12000003,Sheffield Heeley,Yorkshire and The Humber,England,Borough,Conservative,Con,Conservative,Con,4,PP52,,,,,No,No,Lorna,Maginnis,Female,No,No,,No,5242,-0.1349960000,0.1363470842220256983821463871
3751,21759,E14001469,E12000003,Sheffield Heeley,Yorkshire and The Humber,England,Borough,Green Party,Green,Green Party,Green,44,PP63,,,,,No,No,Alexi,Dimond,Male,No,No,,No,5926,0.1111580000,0.1541382718618321802008011237
3751,21760,E14001469,E12000003,Sheffield Heeley,Yorkshire and The Humber,England,Borough,Labour,Lab,Labour,Lab,15,PP53,,,,,No,No,Louise,Haigh,Female,Yes,Yes,4473,Yes,21230,0.0134350000,0.5522030900483795453363158716
3752,21761,E14001470,E12000003,Sheffield South East,Yorkshire and The Humber,England,Borough,Social Democratic Party,SDP,Social Democratic Party,SDP,32,PP243,,,,,No,No,Matthew,Leese,Male,No,No,,No,1061,,0.0296608984931928098180090017
3752,21762,E14001470,E12000003,Sheffield South East,Yorkshire and The Humber,England,Borough,Workers Party of Britain,WPB,Workers Party of Britain,WPB,1042,PP11382,,,,,No,No,Muzafar,Rahman,Male,No,No,,No,1453,,0.0406194962399709261692432417
3752,21763,E14001470,E12000003,Sheffield South East,Yorkshire and The Humber,England,Borough,Independent,IND,,,,,,,,,Yes,No,Jack,Carrington,Male,No,No,,No,1716,,0.0479718207486511419865253977
3752,21764,E14001470,E12000003,Sheffield South East,Yorkshire and The Humber,England,Borough,Green Party,Green,Green Party,Green,44,PP63,,,,,No,No,Hannah,Nicklin,Female,No,No,,No,3158,0.0865780000,0.0882838053171563557071370663
3752,21765,E14001470,E12000003,Sheffield South East,Yorkshire and The Humber,England,Borough,Liberal Democrat,LD,Liberal Democrat,LD,17,PP90,,,,,No,No,Sophie,Thornton,Female,No,No,,No,3421,0.0490220000,0.0956361298258365715244192223
3752,21766,E14001470,E12000003,Sheffield South East,Yorkshire and The Humber,England,Borough,Conservative,Con,Conservative,Con,4,PP52,,,,,No,No,Caroline,Kampila,Female,No,No,,No,6252,-0.1815210000,0.1747784518185122026222358894
3752,21767,E14001470,E12000003,Sheffield South East,Yorkshire and The Humber,England,Borough,Labour,Lab,Labour,Lab,15,PP53,,,,,No,No,Clive,Betts,Male,Yes,Yes,394,Yes,18710,0.0555680000,0.5230493975566799921724301809
3753,21768,E14001471,E12000004,Sherwood Forest,East Midlands,England,County,Independent,IND,,,,,,,,,Yes,No,Jeremy,Spry,Male,No,No,,No,183,,0.0037607891491985203452527744
3753,21769,E14001471,E12000004,Sherwood Forest,East Midlands,England,County,Independent,IND,,,,,,,,,Yes,No,Lee,Waters,Male,No,No,,No,864,,0.0177558569667077681874229346
3753,21770,E14001471,E12000004,Sherwood Forest,East Midlands,England,County,Liberal Democrat,LD,Liberal Democrat,LD,17,PP90,,,,,No,No,David,Dobbie,Male,No,No,,No,1838,-0.0192040000,0.037772297575010275380189067
3753,21771,E14001471,E12000004,Sherwood Forest,East Midlands,England,County,Green Party,Green,Green Party,Green,44,PP63,,,,,No,No,Sheila,Greatrex-White,Female,No,No,,No,2216,0.0195560000,0.0455404849979449239621866009
3753,21772,E14001471,E12000004,Sherwood Forest,East Midlands,England,County,Reform UK,RUK,Reform UK,RUK,1036,PP7931,,,,,No,No,Helen,O'Hare,Female,No,No,,No,11320,,0.2326346074804767776407727086
3753,21773,E14001471,E12000004,Sherwood Forest,East Midlands,England,County,Conservative,Con,Conservative,Con,4,PP52,,,,,No,No,Mark,Spencer,Male,Yes,Yes,4055,No,13398,-0.3327710000,0.2753390875462392108508014797
3753,21774,E14001471,E12000004,Sherwood Forest,East Midlands,England,County,Labour,Lab,Labour,Lab,15,PP53,,,,,No,No,Michelle,Welsh,Female,No,No,5226,Yes,18841,0.0917010000,0.3871968762844225236333744349
3754,21775,E14001472,E12000003,Shipley,Yorkshire and The Humber,England,County,Christian Peoples Alliance,CPA,Christian Peoples Alliance,CPA,80,PP79,,,,,No,No,Darryl,Morton-Wright,Male,No,No,,No,96,,0.0019874541953915905844357493
3754,21776,E14001472,E12000003,Shipley,Yorkshire and The Humber,England,County,Social Democratic Party,SDP,Social Democratic Party,SDP,32,PP243,,,,,No,No,Paul,Shkurka,Male,No,No,,No,137,,0.0028362627580067490632051839
3754,21777,E14001472,E12000003,Shipley,Yorkshire and The Humber,England,County,Workers Party of Britain,WPB,Workers Party of Britain,WPB,1042,PP11382,,,,,No,No,Waqas,Khan,Male,No,No,,No,269,,0.0055690122766701861168043393
3754,21778,E14001472,E12000003,Shipley,Yorkshire and The Humber,England,County,Independent,IND,,,,,,,,,Yes,No,John,Nagbea,Male,No,No,,No,297,,0.0061486864169927333705980995
3754,21779,E14001472,E12000003,Shipley,Yorkshire and The Humber,England,County,The Yorkshire Party,Yrks,The Yorkshire Party,Yrks,262,PP2055,,,,,No,No,Will,Grant,Female,No,No,,No,447,,0.0092540835972920936587789578
3754,21780,E14001472,E12000003,Shipley,Yorkshire and The Humber,England,County,Liberal Democrat,LD,Liberal Democrat,LD,17,PP90,,,,,No,No,Graham,Reed,Male,No,No,,No,1341,-0.0312700000,0.0277622507918762809763368735
3754,21781,E14001472,E12000003,Shipley,Yorkshire and The Humber,England,County,Green Party,Green,Green Party,Green,44,PP63,,,,,No,No,Kevin,Warnes,Male,No,No,,No,3605,0.0505420000,0.0746330455665279589259466286
3754,21782,E14001472,E12000003,Shipley,Yorkshire and The Humber,England,County,Reform UK,RUK,Reform UK,RUK,1036,PP7931,,,,,No,No,Simon,Dandy,Male,No,No,,No,7238,,0.1498457652733784651056870174
3754,21783,E14001472,E12000003,Shipley,Yorkshire and The Humber,England,County,Conservative,Con,Conservative,Con,4,PP52,,,,,No,No,Philip,Davies,Male,Yes,Yes,1565,No,13135,-0.2361260000,0.2719292797548806492350371613
3754,21784,E14001472,E12000003,Shipley,Yorkshire and The Humber,England,County,Labour,Lab,Labour,Lab,15,PP53,,,,,No,No,Anna,Dixon,Female,No,No,5281,Yes,21738,0.0575630000,0.4500341593689832929631699894
3755,21785,E14001473,E12000005,Shrewsbury,West Midlands,England,County,Independent,IND,,,,,,,,,Yes,No,James,Gollins,Male,No,No,,No,177,,0.0034328937160589604344453064
3755,21786,E14001473,E12000005,Shrewsbury,West Midlands,England,County,English Democrats,ED,English Democrats,ED,90,PP17,,,,,No,No,Chris,Bovill,Male,No,No,,No,241,,0.0046741660201706749418153607
3755,21787,E14001473,E12000005,Shrewsbury,West Midlands,England,County,Green Party,Green,Green Party,Green,44,PP63,,,,,No,No,Julian,Dean,Male,No,No,,No,2387,0.0138050000,0.0462955779674166020170674942
3755,21788,E14001473,E12000005,Shrewsbury,West Midlands,England,County,Liberal Democrat,LD,Liberal Democrat,LD,17,PP90,,,,,No,No,Alex,Wagner,Male,No,No,,No,6722,0.0222530000,0.1303723816912335143522110163
3755,21789,E14001473,E12000005,Shrewsbury,West Midlands,England,County,Reform UK,RUK,Reform UK,RUK,1036,PP7931,,,,,No,No,Victor,Applegate,Male,No,No,,No,7524,,0.1459270752521334367726920093
3755,21790,E14001473,E12000005,Shrewsbury,West Midlands,England,County,Conservative,Con,Conservative,Con,4,PP52,,,,,No,No,Daniel,Kawczynski,Male,Yes,Yes,1566,No,11577,-0.2692000000,0.2245345228859581070597362296
3755,21791,E14001473,E12000005,Shrewsbury,West Midlands,England,County,Labour,Lab,Labour,Lab,15,PP53,,,,,No,No,Julia,Buckley,Female,No,No,5171,Yes,22932,0.0902030000,0.4447633824670287044220325834
3756,21792,E14001474,E12000008,Sittingbourne and Sheppey,South East,England,County,Official Monster Raving Loony Party,MRLP,Official Monster Raving Loony Party,MRLP,119,PP66,,,,,No,No,Mad Mike,Young,Male,No,No,,No,223,-0.0032000000,0.0054392897214498268208205278
3756,21793,E14001474,E12000008,Sittingbourne and Sheppey,South East,England,County,Independent,IND,,,,,,,,,Yes,No,Matt,Brown,Male,No,No,,No,529,,0.0129030684423630420996146153
3756,21794,E14001474,E12000008,Sittingbourne and Sheppey,South East,England,County,Liberal Democrat,LD,Liberal Democrat,LD,17,PP90,,,,,No,No,Frances,Kneller,Female,No,No,,No,1321,-0.0311200000,0.0322210839553148934094346066
3756,21795,E14001474,E12000008,Sittingbourne and Sheppey,South East,England,County,Green Party,Green,Green Party,Green,44,PP63,,,,,No,No,Sam,Banks,Female,No,No,,No,1692,0.0189660000,0.0412703058685789550709790721
3756,21796,E14001474,E12000008,Sittingbourne and Sheppey,South East,England,County,Swale Independents,Si,Swale Independents,Si,1086,PP6730,,,,,No,No,Mike,Baldock,Male,No,No,,No,3238,,0.0789794624128006244207034489
3756,21797,E14001474,E12000008,Sittingbourne and Sheppey,South East,England,County,Reform UK,RUK,Reform UK,RUK,1036,PP7931,,,,,No,No,William,Fotheringham-Bray,Male,No,No,,No,10512,,0.2564027513537245719303380653
3756,21798,E14001474,E12000008,Sittingbourne and Sheppey,South East,England,County,Conservative,Con,Conservative,Con,4,PP52,,,,,No,No,Aisha,Cuthbert,Female,No,No,,No,11564,-0.3831210000,0.2820625396360798087711595688
3756,21799,E14001474,E12000008,Sittingbourne and Sheppey,South East,England,County,Labour,Lab,Labour,Lab,15,PP53,,,,,No,No,Kevin,McKenna,Male,No,No,5300,Yes,11919,0.0818170000,0.2907214986096882774769500951
3757,21800,E14001475,E12000003,Skipton and Ripon,Yorkshire and The Humber,England,County,Heritage Party,HPUK,Heritage Party,HPUK,1037,PP12550,,,,,No,No,Guy,Phoenix,Male,No,No,,No,158,,0.002956033676333021515434986
3757,21801,E14001475,E12000003,Skipton and Ripon,Yorkshire and The Humber,England,County,Independent,IND,,,,,,,,,Yes,No,Keith,Tordoff,Male,No,No,,No,493,,0.0092235734331150608044901777
3757,21802,E14001475,E12000003,Skipton and Ripon,Yorkshire and The Humber,England,County,The Yorkshire Party,Yrks,The Yorkshire Party,Yrks,262,PP2055,,,,,No,No,Ryan,Kett,Male,No,No,,No,627,,0.0117305893358278765201122544
3757,21803,E14001475,E12000003,Skipton and Ripon,Yorkshire and The Humber,England,County,Green Party,Green,Green Party,Green,44,PP63,,,,,No,No,Andy,Brown,Male,No,No,,No,3446,0.0170370000,0.0644714686623012160898035547
3757,21804,E14001475,E12000003,Skipton and Ripon,Yorkshire and The Humber,England,County,Liberal Democrat,LD,Liberal Democrat,LD,17,PP90,,,,,No,No,Andrew,Murday,Male,No,No,,No,4194,-0.0736130000,0.0784658559401309635173058934
3757,21805,E14001475,E12000003,Skipton and Ripon,Yorkshire and The Humber,England,County,Reform UK,RUK,Reform UK,RUK,1036,PP7931,,,,,No,No,Simon,Garvey,Male,No,No,,No,8516,,0.1593264733395696913002806361
3757,21806,E14001475,E12000003,Skipton and Ripon,Yorkshire and The Humber,England,County,Labour,Lab,Labour,Lab,15,PP53,,,,,No,No,Malcolm,Birks,Male,No,No,,No,17183,0.1295030000,0.321478016838166510757717493
3757,21807,E14001475,E12000003,Skipton and Ripon,Yorkshire and The Humber,England,County,Conservative,Con,Conservative,Con,4,PP52,,,,,No,No,Julian,Smith,Male,Yes,Yes,4118,Yes,18833,-0.2362420000,0.3523479887745556594948550047
3758,21808,E14001476,E12000004,Sleaford and North Hykeham,East Midlands,England,County,Liberal Democrat,LD,Liberal Democrat,LD,17,PP90,,,,,No,No,Matthew,Winnington,Male,No,No,,No,2264,-0.0353620000,0.0466179347266549984556779574
3758,21809,E14001476,E12000004,Sleaford and North Hykeham,East Midlands,England,County,Green Party,Green,Green Party,Green,44,PP63,,,,,No,No,Martin,Blake,Male,No,No,,No,2435,0.0259620000,0.0501389889838360959538762483
3758,21810,E14001476,E12000004,Sleaford and North Hykeham,East Midlands,England,County,Lincolnshire Independents Lincolnshire First,LNIN,Lincolnshire Independents Lincolnshire First,LNIN,110,PP733,,,,,No,No,Robert,Oates,Male,No,No,,No,3032,0.0319100000,0.0624317924431174714300422115
3758,21811,E14001476,E12000004,Sleaford and North Hykeham,East Midlands,England,County,Reform UK,RUK,Reform UK,RUK,1036,PP7931,,,,,No,No,Benjamin,Jackson,Male,No,No,,No,10484,,0.2158756305981674045094203645
3758,21812,E14001476,E12000004,Sleaford and North Hykeham,East Midlands,England,County,Labour,Lab,Labour,Lab,15,PP53,,,,,No,No,Hanif,Khan,Male,No,No,,No,13002,0.0818770000,0.267723669309173272933182333
3758,21813,E14001476,E12000004,Sleaford and North Hykeham,East Midlands,England,County,Conservative,Con,Conservative,Con,4,PP52,,,,,No,No,Caroline,Johnson,Female,Yes,Yes,4592,Yes,17348,-0.3075140000,0.3572119839390507567178008854
3759,21814,E14001477,E12000008,Slough,South East,England,Borough,Heritage Party,HPUK,Heritage Party,HPUK,1037,PP12550,,,,,No,No,Nick,Smith,Male,No,No,,No,145,,0.0033504320902074957253107815
3759,21815,E14001477,E12000008,Slough,South East,England,Borough,Independent,IND,,,,,,,,,Yes,No,Jaswinder,Singh,Male,No,No,,No,204,,0.0047137113544988215721613753
3759,21816,E14001477,E12000008,Slough,South East,England,Borough,Independent,IND,,,,,,,,,Yes,No,Diana,Coad,Female,No,No,,No,402,,0.0092887841397476778039650631
3759,21817,E14001477,E12000008,Slough,South East,England,Borough,Independent,IND,,,,,,,,,Yes,No,Chandra,Muvvala,Male,No,No,,No,995,,0.0229908960672859189426498452
3759,21818,E14001477,E12000008,Slough,South East,England,Borough,Workers Party of Britain,WPB,Workers Party of Britain,WPB,1042,PP11382,,,,,No,No,Adnan,Shabbir,Male,No,No,,No,1105,,0.0255326031702019501825407828
3759,21819,E14001477,E12000008,Slough,South East,England,Borough,Green Party,Green,Green Party,Green,44,PP63,,,,,No,No,Julian,Edmonds,Male,No,No,,No,1873,0.0224710000,0.043278340034197513748324784
3759,21820,E14001477,E12000008,Slough,South East,England,Borough,Liberal Democrat,LD,Liberal Democrat,LD,17,PP90,,,,,No,No,Chelsea,Whyte,Female,No,No,,No,2060,-0.0204210000,0.047599242109154766856139378
3759,21821,E14001477,E12000008,Slough,South East,England,Borough,Reform UK,RUK,Reform UK,RUK,1036,PP7931,,,,,No,No,Robin,Jackson,Male,No,No,,No,3352,0.0493580000,0.0774527473543139701464947548
3759,21822,E14001477,E12000008,Slough,South East,England,Borough,Conservative,Con,Conservative,Con,4,PP52,,,,,No,No,Moni,Kaur Nanda,Female,No,No,,No,7457,-0.1227570000,0.172304635149498590507879292
3759,21823,E14001477,E12000008,Slough,South East,England,Borough,Independent Network,INet,Independent Network,INet,1028,PP1951,,,,,No,No,Azhard,Chohan,Male,No,No,,No,11019,,0.2546097324275613475668931097
3759,21824,E14001477,E12000008,Slough,South East,England,Borough,Labour,Lab,Labour,Lab,15,PP53,,,,,No,No,Tan,Dhesi,Male,Yes,Yes,4638,Yes,14666,-0.2491370000,0.3388788761033319469476408337
3760,21825,E14001478,E12000005,Smethwick,West Midlands,England,Borough,Trade Unionist and Socialist Coalition,TUSC,Trade Unionist and Socialist Coalition,TUSC,157,PP804,,,,,No,No,Ravaldeep,Bath,Male,No,No,,No,163,,0.0046418909298020788836679482
3760,21826,E14001478,E12000005,Smethwick,West Midlands,England,Borough,Independent,IND,,,,,,,,,Yes,No,Christopher,Graham,Male,No,No,,No,348,,0.0099102947458351131994873985
3760,21827,E14001478,E12000005,Smethwick,West Midlands,England,Borough,Liberal Democrat,LD,Liberal Democrat,LD,17,PP90,,,,,No,No,Oliver,Patrick,Male,No,No,,No,1018,-0.0159450000,0.0289904599174142104513740567
3760,21828,E14001478,E12000005,Smethwick,West Midlands,England,Borough,Independent,IND,,,,,,,,,Yes,No,Jay,Anandou,Male,No,No,,No,1322,,0.0376477288907874127865584508
3760,21829,E14001478,E12000005,Smethwick,West Midlands,England,Borough,Workers Party of Britain,WPB,Workers Party of Britain,WPB,1042,PP11382,,,,,No,No,Nahim,Rubani,Male,No,No,,No,2449,,0.0697422753808913569699558593
3760,21830,E14001478,E12000005,Smethwick,West Midlands,England,Borough,Green Party,Green,Green Party,Green,44,PP63,,,,,No,No,Roderick,MacRorie,Male,No,No,,No,2741,0.0547240000,0.0780578100526840381603303432
3760,21831,E14001478,E12000005,Smethwick,West Midlands,England,Borough,Conservative,Con,Conservative,Con,4,PP52,,,,,No,No,Kate,Fairhurst,Female,No,No,,No,4546,-0.1723460000,0.1294603445820874270254876833
3760,21832,E14001478,E12000005,Smethwick,West Midlands,England,Borough,Reform UK,RUK,Reform UK,RUK,1036,PP7931,,,,,No,No,Pete,Durnell,Male,No,No,,No,5670,0.1012050000,0.1614694574967962409226826143
3760,21833,E14001478,E12000005,Smethwick,West Midlands,England,Borough,Labour,Lab,Labour,Lab,15,PP53,,,,,No,No,Gurinder,Josan,Male,No,No,5059,Yes,16858,-0.0895810000,0.4800797380037021216004556457
3761,21834,E14001479,E12000005,Solihull West and Shirley,West Midlands,England,Borough,Independent,IND,,,,,,,,,Yes,No,Julian,Knight,Male,Yes,Yes,4410,No,594,,0.0126714593510676877786547774
3761,21835,E14001479,E12000005,Solihull West and Shirley,West Midlands,England,Borough,Green Party,Green,Green Party,Green,44,PP63,,,,,No,No,Max,McLoughlin,Male,No,No,,No,3270,0.0299000000,0.0697570237003221195895641786
3761,21836,E14001479,E12000005,Solihull West and Shirley,West Midlands,England,Borough,Reform UK,RUK,Reform UK,RUK,1036,PP7931,,,,,No,No,Mary,McKenna,Female,No,No,,No,7149,,0.1525054930989611109925976492
3761,21837,E14001479,E12000005,Solihull West and Shirley,West Midlands,England,Borough,Liberal Democrat,LD,Liberal Democrat,LD,17,PP90,,,,,No,No,Ade,Adeyemo,Male,No,No,,No,7916,0.0122080000,0.1688674616549693879727798281
3761,21838,E14001479,E12000005,Solihull West and Shirley,West Midlands,England,Borough,Labour,Lab,Labour,Lab,15,PP53,,,,,No,No,Deirdre,Fox,Female,No,No,,No,11664,0.0543180000,0.248821383620965505471766538
3761,21839,E14001479,E12000005,Solihull West and Shirley,West Midlands,England,Borough,Conservative,Con,Conservative,Con,4,PP52,,,,,No,No,Neil,Shastri-Hurst,Male,No,No,5197,Yes,16284,-0.2616030000,0.3473771785737141881946370288
3762,21840,N05000014,N92000002,South Antrim,,Northern Ireland,County,Aontú,AONT,Aontú,AONT,1025,PP7968,,,,,No,No,Siobhan,McErlean,Female,No,No,,No,367,0.0084830000,0.0085531835555141232404213666
3762,21841,N05000014,N92000002,South Antrim,,Northern Ireland,County,Green Party Northern Ireland,Green,Green Party Northern Ireland,Green,1113,PP305,,,,,No,No,Lesley,Veronica,Female,No,No,,No,541,,0.0126083713992728628693949846
3762,21842,N05000014,N92000002,South Antrim,,Northern Ireland,County,Social Democratic & Labour Party,SDLP,Social Democratic & Labour Party,SDLP,31,PP55,,,,,No,No,Roisin,Lynch,Female,No,No,,No,1589,-0.0124890000,0.0370327211708772256921786147
3762,21843,N05000014,N92000002,South Antrim,,Northern Ireland,County,Traditional Unionist Voice,TUV,Traditional Unionist Voice,TUV,158,PP680,,,,,No,No,Mel,Lucas,Male,No,No,,No,2693,,0.0627621888692085392001491563
3762,21844,N05000014,N92000002,South Antrim,,Northern Ireland,County,Alliance,APNI,Alliance,APNI,1,PP103,,,,,No,No,John,Blair,Male,No,No,,No,4574,-0.0770740000,0.1066001678008762934650880955
3762,21845,N05000014,N92000002,South Antrim,,Northern Ireland,County,Sinn Féin,SF,Sinn Féin,SF,30,PP39,,,,,No,No,Declan,Kearney,Male,No,No,,No,8034,0.0733820000,0.1872378111307914607998508437
3762,21846,N05000014,N92000002,South Antrim,,Northern Ireland,County,Democratic Unionist Party,DUP,Democratic Unionist Party,DUP,7,PP70,,,,,No,No,Paul,Girvan,Male,Yes,Yes,4633,No,8799,-0.1566100000,0.2050666542369721264099934744
3762,21847,N05000014,N92000002,South Antrim,,Northern Ireland,County,Ulster Unionist Party,UUP,Ulster Unionist Party,UUP,38,PP83,,,,,No,No,Robin,Swann,Male,No,No,5319,Yes,16311,0.0896170000,0.3801389018364873683229234642
3763,21848,E14001480,E12000006,South Basildon and East Thurrock,East of England,England,County,Social Democratic Party,SDP,Social Democratic Party,SDP,32,PP243,,,,,No,No,Simon,Breedon,Male,No,No,,No,140,,0.0035399125135907355432501454
3763,21849,E14001480,E12000006,South Basildon and East Thurrock,East of England,England,County,Independent,IND,,,,,,,,,Yes,No,Steven,Burnett,Male,No,No,,No,275,,0.0069533995802675162456699284
3763,21850,E14001480,E12000006,South Basildon and East Thurrock,East of England,England,County,Liberal Democrat,LD,Liberal Democrat,LD,17,PP90,,,,,No,No,Dave,Thomas,Male,No,No,,No,1071,-0.0139670000,0.0270803307289691269058636122
3763,21851,E14001480,E12000006,South Basildon and East Thurrock,East of England,England,County,Green Party,Green,Green Party,Green,44,PP63,,,,,No,No,Elizabeth,Grant,Female,No,No,,No,1718,0.0419200000,0.0434397835596348833093124984
3763,21852,E14001480,E12000006,South Basildon and East Thurrock,East of England,England,County,Independent,IND,,,,,,,,,Yes,No,Neil,Speight,Male,No,No,,No,1928,,0.0487496523300209866241877165
3763,21853,E14001480,E12000006,South Basildon and East Thurrock,East of England,England,County,Conservative,Con,Conservative,Con,4,PP52,,,,,No,No,Stephen,Metcalfe,Male,Yes,Yes,4092,No,10159,-0.3975360000,0.2568712230397734455991301929
3763,21854,E14001480,E12000006,South Basildon and East Thurrock,East of England,England,County,Labour,Lab,Labour,Lab,15,PP53,,,,,No,No,Jack,Ferguson,Male,No,No,,No,12080,0.0698030000,0.3054438797441148954461554022
3763,21855,E14001480,E12000006,South Basildon and East Thurrock,East of England,England,County,Reform UK,RUK,Reform UK,RUK,1036,PP7931,,,,,No,No,James,McMurdock,Male,No,No,5361,Yes,12178,,0.3079218185036284103264305039
3764,21856,E14001481,E12000006,South Cambridgeshire,East of England,England,County,Independent,IND,,,,,,,,,Yes,No,James,Gordon,Male,No,No,,No,459,,0.0083629406941787373599344083
3764,21857,E14001481,E12000006,South Cambridgeshire,East of England,England,County,Green Party,Green,Green Party,Green,44,PP63,,,,,No,No,Miranda,Fyfe,Female,No,No,,No,2656,0.0467940000,0.0483920925571649813245877744
3764,21858,E14001481,E12000006,South Cambridgeshire,East of England,England,County,Reform UK,RUK,Reform UK,RUK,1036,PP7931,,,,,No,No,Harrison,Edwards,Male,No,No,,No,4897,0.0878410000,0.0892229206522729343172087091
3764,21859,E14001481,E12000006,South Cambridgeshire,East of England,England,County,Labour,Lab,Labour,Lab,15,PP53,,,,,No,No,Luke,Viner,Male,No,No,,No,6106,-0.0400690000,0.1112507971212535301084084905
3764,21860,E14001481,E12000006,South Cambridgeshire,East of England,England,County,Conservative,Con,Conservative,Con,4,PP52,,,,,No,No,Chris,Carter-Chapman,Male,No,No,,No,15063,-0.1608710000,0.2744465701011205247335337524
3764,21861,E14001481,E12000006,South Cambridgeshire,East of England,England,County,Liberal Democrat,LD,Liberal Democrat,LD,17,PP90,,,,,No,No,Pippa,Heylings,Female,No,No,5078,Yes,25704,0.0579420000,0.4683246788740092921563268653
3765,21862,E14001482,E12000009,South Cotswolds,South West,England,County,Independent,IND,,,,,,,,,Yes,No,Owen,Humphrys,Male,No,No,,No,122,,0.0023332759576950293572015989
3765,21863,E14001482,E12000009,South Cotswolds,South West,England,County,Social Democratic Party,SDP,Social Democratic Party,SDP,32,PP243,,,,,No,No,Martin,Broomfield,Male,No,No,,No,156,,0.0029835331918067588501922084
3765,21864,E14001482,E12000009,South Cotswolds,South West,England,County,Independent,IND,,,,,,,,,Yes,No,Sandy,Steel,Male,No,No,,No,183,,0.0034999139365425440358023983
3765,21865,E14001482,E12000009,South Cotswolds,South West,England,County,Liberal,Lib,Liberal,Lib,16,PP54,,,,,No,No,Chris,Twells,Male,No,No,,No,225,,0.0043031728727982098800849159
3765,21866,E14001482,E12000009,South Cotswolds,South West,England,County,Green Party,Green,Green Party,Green,44,PP63,,,,,No,No,Bob,Eastoe,Male,No,No,,No,1564,-0.0079910000,0.0299118327691395566775680379
3765,21867,E14001482,E12000009,South Cotswolds,South West,England,County,Labour,Lab,Labour,Lab,15,PP53,,,,,No,No,Zoë,Billingham,Female,No,No,,No,3942,-0.0311910000,0.0753915887314246370990877274
3765,21868,E14001482,E12000009,South Cotswolds,South West,England,County,Reform UK,RUK,Reform UK,RUK,1036,PP7931,,,,,No,No,Desi,Latimer,Female,No,No,,No,5146,,0.0984183449040870579685198998
3765,21869,E14001482,E12000009,South Cotswolds,South West,England,County,Conservative,Con,Conservative,Con,4,PP52,,,,,No,No,James,Gray,Male,Yes,Yes,261,No,17988,-0.2350050000,0.3440243272706408858798554134
3765,21870,E14001482,E12000009,South Cotswolds,South West,England,County,Liberal Democrat,LD,Liberal Democrat,LD,17,PP90,,,,,No,No,Roz,Savage,Female,No,No,5352,Yes,22961,0.1626480000,0.4391340103658653202516878
3766,21871,E14001483,E12000004,South Derbyshire,East Midlands,England,County,Socialist Labour Party,SL,Socialist Labour Party,SL,147,PP73,,,,,No,No,Paul,Liversuch,Male,No,No,,No,183,,0.0040011369350853794520847454
3766,21872,E14001483,E12000004,South Derbyshire,East Midlands,England,County,Independent,IND,,,,,,,,,Yes,No,Amy,Wheelton,Female,No,No,,No,1200,,0.0262369635087565865710475108
3766,21873,E14001483,E12000004,South Derbyshire,East Midlands,England,County,Green Party,Green,Green Party,Green,44,PP63,,,,,No,No,Aruhan,Galieva,Female,No,No,,No,1941,0.0089840000,0.0424382884754137787786693487
3766,21874,E14001483,E12000004,South Derbyshire,East Midlands,England,County,Liberal Democrat,LD,Liberal Democrat,LD,17,PP90,,,,,No,No,Lucy,Care,Female,No,No,,No,2134,-0.0267550000,0.0466580667730721297855128233
3766,21875,E14001483,E12000004,South Derbyshire,East Midlands,England,County,Reform UK,RUK,Reform UK,RUK,1036,PP7931,,,,,No,No,Job,West,Male,No,No,,No,8979,,0.1963180794542711590178629993
3766,21876,E14001483,E12000004,South Derbyshire,East Midlands,England,County,Conservative,Con,Conservative,Con,4,PP52,,,,,No,No,Heather,Wheeler,Female,Yes,Yes,4053,No,13566,-0.3245700000,0.2966088724664932111856921092
3766,21877,E14001483,E12000004,South Derbyshire,East Midlands,England,County,Labour,Lab,Labour,Lab,15,PP53,,,,,No,No,Samantha,Niblett,Female,No,No,5150,Yes,17734,0.1157840000,0.3877385923869077552091304633
3767,21878,E14001484,E12000009,South Devon,South West,England,County,Heritage Party,HPUK,Heritage Party,HPUK,1037,PP12550,,,,,No,No,Becca,Collings,Female,No,No,,No,125,,0.0025508121785976654966941474
3767,21879,E14001484,E12000009,South Devon,South West,England,County,Green Party,Green,Green Party,Green,44,PP63,,,,,No,No,Robert,Bagnall,Male,No,No,,No,1497,0.0290350000,0.0305485266508856419884091095
3767,21880,E14001484,E12000009,South Devon,South West,England,County,Labour,Lab,Labour,Lab,15,PP53,,,,,No,No,Daniel,Steel,Male,No,No,,No,3066,-0.1077270000,0.0625663211166435393029140478
3767,21881,E14001484,E12000009,South Devon,South West,England,County,Reform UK,RUK,Reform UK,RUK,1036,PP7931,,,,,No,No,Michael,Bagley,Male,No,No,,No,6363,,0.1298465431393355644437188801
3767,21882,E14001484,E12000009,South Devon,South West,England,County,Conservative,Con,Conservative,Con,4,PP52,,,,,No,No,Anthony,Mangnall,Male,Yes,Yes,4762,No,15413,-0.2211370000,0.314525344869806546404375153
3767,21883,E14001484,E12000009,South Devon,South West,England,County,Liberal Democrat,LD,Liberal Democrat,LD,17,PP90,,,,,No,No,Caroline,Voaden,Female,No,No,5216,Yes,22540,0.1774700000,0.4599624520447310423638886622
3768,21884,E14001485,E12000009,South Dorset,South West,England,County,Independent,IND,,,,,,,,,Yes,No,Rosie,Morrell,Female,No,No,,No,52,,0.0010604237616493668046577074
3768,21885,E14001485,E12000009,South Dorset,South West,England,County,Independent,IND,,,,,,,,,Yes,No,Giovanna,Lewis,Female,No,No,,No,185,,0.003772661459714093439647613
3768,21886,E14001485,E12000009,South Dorset,South West,England,County,Independent,IND,,,,,,,,,Yes,No,Joy,Wilson,Female,No,No,,No,192,,0.003915410812243815894120766
3768,21887,E14001485,E12000009,South Dorset,South West,England,County,Green Party,Green,Green Party,Green,44,PP63,,,,,No,No,Catherine,Bennett,Female,No,No,,No,2153,-0.0003860000,0.043905622285213206354385464
3768,21888,E14001485,E12000009,South Dorset,South West,England,County,Liberal Democrat,LD,Liberal Democrat,LD,17,PP90,,,,,No,No,Matt,Bell,Male,No,No,,No,8017,0.0567340000,0.1634887941758264167873238575
3768,21889,E14001485,E12000009,South Dorset,South West,England,County,Reform UK,RUK,Reform UK,RUK,1036,PP7931,,,,,No,No,Morgan,Young,Female,No,No,,No,8168,,0.1665681016375390011623875849
3768,21890,E14001485,E12000009,South Dorset,South West,England,County,Conservative,Con,Conservative,Con,4,PP52,,,,,No,No,Richard,Drax,Male,Yes,Yes,4132,No,14611,-0.2940290000,0.2979586842588249689010339132
3768,21891,E14001485,E12000009,South Dorset,South West,England,County,Labour,Lab,Labour,Lab,15,PP53,,,,,No,No,Lloyd,Hatton,Male,No,No,5217,Yes,15659,0.0715640000,0.319330301608989130656443094
3769,21892,N05000015,N92000002,South Down,,Northern Ireland,County,Conservative,Con,Conservative,Con,4,PP52,,,,,No,No,Hannah,Westropp,Female,No,No,,No,46,,0.0010167318701235550250867538
3769,21893,N05000015,N92000002,South Down,,Northern Ireland,County,Green Party Northern Ireland,Green,Green Party Northern Ireland,Green,1113,PP305,,,,,No,No,Declan,Walsh,Male,No,No,,No,444,,0.009813672833366487633446058
3769,21894,N05000015,N92000002,South Down,,Northern Ireland,County,Aontú,AONT,Aontú,AONT,1025,PP7968,,,,,No,No,Rosemary,McGlone,Female,No,No,,No,797,-0.0061580000,0.0176159847932276816303074509
3769,21895,N05000015,N92000002,South Down,,Northern Ireland,County,Ulster Unionist Party,UUP,Ulster Unionist Party,UUP,38,PP83,,,,,No,No,Michael,O'Loan,Male,No,No,,No,1411,-0.0456900000,0.0311871449727029595738567292
3769,21896,N05000015,N92000002,South Down,,Northern Ireland,County,Traditional Unionist Voice,TUV,Traditional Unionist Voice,TUV,158,PP680,,,,,No,No,Jim,Wells,Male,No,No,,No,1893,,0.0418407267422584709236788011
3769,21897,N05000015,N92000002,South Down,,Northern Ireland,County,Alliance,APNI,Alliance,APNI,1,PP103,,,,,No,No,Andrew,McMurray,Male,No,No,,No,3187,-0.0675810000,0.070441836306168910107640961
3769,21898,N05000015,N92000002,South Down,,Northern Ireland,County,Democratic Unionist Party,DUP,Democratic Unionist Party,DUP,7,PP70,,,,,No,No,Diane,Forsythe,Female,No,No,,No,7349,-0.0189160000,0.1624339676856088234644033331
3769,21899,N05000015,N92000002,South Down,,Northern Ireland,County,Social Democratic & Labour Party,SDLP,Social Democratic & Labour Party,SDLP,31,PP55,,,,,No,No,Colin,McGrath,Male,No,No,,No,10418,-0.0416900000,0.2302676657162433967685608823
3769,21900,N05000015,N92000002,South Down,,Northern Ireland,County,Sinn Féin,SF,Sinn Féin,SF,30,PP39,,,,,No,No,Chris,Hazzard,Male,Yes,Yes,4636,Yes,19698,0.1273640000,0.4353822690802997148730190306
3770,21901,E14001486,E12000009,South East Cornwall,South West,England,County,Heritage Party,HPUK,Heritage Party,HPUK,1037,PP12550,,,,,No,No,Graham,Cowdry,Male,No,No,,No,263,,0.0053362009495597126973176967
3770,21902,E14001486,E12000009,South East Cornwall,South West,England,County,Green Party,Green,Green Party,Green,44,PP63,,,,,No,No,Martin,Corney,Male,No,No,,No,1999,0.0136680000,0.0405591851641439759769508583
3770,21903,E14001486,E12000009,South East Cornwall,South West,England,County,Liberal Democrat,LD,Liberal Democrat,LD,17,PP90,,,,,No,No,Colin,Martin,Male,No,No,,No,8284,0.0050090000,0.1680801850424055512721665382
3770,21904,E14001486,E12000009,South East Cornwall,South West,England,County,Reform UK,RUK,Reform UK,RUK,1036,PP7931,,,,,No,No,Paul,Wadley,Male,No,No,,No,9311,,0.1889177454043744673943919166
3770,21905,E14001486,E12000009,South East Cornwall,South West,England,County,Conservative,Con,Conservative,Con,4,PP52,,,,,No,No,Sheryll,Murray,Female,Yes,Yes,4100,No,13759,-0.3110870000,0.2791664975855212433551109849
3770,21906,E14001486,E12000009,South East Cornwall,South West,England,County,Labour,Lab,Labour,Lab,15,PP53,,,,,No,No,Anna,Gelderd,Female,No,No,5353,Yes,15670,0.1147900000,0.3179401858539950493040620054
3771,21907,E14001487,E12000004,South Holland and The Deepings,East Midlands,England,County,Green Party,Green,Green Party,Green,44,PP63,,,,,No,No,Rhys,Baker,Male,No,No,,No,1800,0.0063920000,0.039190071848465055519268452
3771,21908,E14001487,E12000004,South Holland and The Deepings,East Midlands,England,County,Liberal Democrat,LD,Liberal Democrat,LD,17,PP90,,,,,No,No,Jack,Braginton,Male,No,No,,No,1945,-0.0232300000,0.0423470498584802961027650773
3771,21909,E14001487,E12000004,South Holland and The Deepings,East Midlands,England,County,Independent,IND,,,,,,,,,Yes,No,Mark,Le Sage,Male,No,No,,No,5031,,0.1095362508164598301763553233
3771,21910,E14001487,E12000004,South Holland and The Deepings,East Midlands,England,County,Labour,Lab,Labour,Lab,15,PP53,,,,,No,No,Paul,Hilliar,Male,No,No,,No,9086,0.0656530000,0.197822773786196385804485086
3771,21911,E14001487,E12000004,South Holland and The Deepings,East Midlands,England,County,Reform UK,RUK,Reform UK,RUK,1036,PP7931,,,,,No,No,Matt,Swainson,Male,No,No,,No,10606,,0.2309166122360113215763117788
3771,21912,E14001487,E12000004,South Holland and The Deepings,East Midlands,England,County,Conservative,Con,Conservative,Con,4,PP52,,,,,No,No,John,Hayes,Male,Yes,Yes,350,Yes,17462,-0.3790390000,0.3801872414543871108208142826
3772,21913,E14001488,E12000004,South Leicestershire,East Midlands,England,County,Green Party,Green,Green Party,Green,44,PP63,,,,,No,No,Mike,Jelfs,Male,No,No,,No,2481,0.0086440000,0.0483070153235070776300161608
3772,21914,E14001488,E12000004,South Leicestershire,East Midlands,England,County,Liberal Democrat,LD,Liberal Democrat,LD,17,PP90,,,,,No,No,Paul,Hartshorn,Male,No,No,,No,7621,0.0526870000,0.1483868455382698261258980899
3772,21915,E14001488,E12000004,South Leicestershire,East Midlands,England,County,Reform UK,RUK,Reform UK,RUK,1036,PP7931,,,,,No,No,Bill,Piper,Male,No,No,,No,10235,,0.1992834751455441110613524407
3772,21916,E14001488,E12000004,South Leicestershire,East Midlands,England,County,Labour,Lab,Labour,Lab,15,PP53,,,,,No,No,Robert,Parkinson,Male,No,No,,No,12758,0.0491240000,0.2484082634007671488930859246
3772,21917,E14001488,E12000004,South Leicestershire,East Midlands,England,County,Conservative,Con,Conservative,Con,4,PP52,,,,,No,No,Alberto,Costa,Male,Yes,Yes,4439,Yes,18264,-0.3097380000,0.3556144005919118362896473841
3773,21918,E14001489,E12000006,South Norfolk,East of England,England,County,Social Democratic Party,SDP,Social Democratic Party,SDP,32,PP243,,,,,No,No,Jason,Maguire,Male,No,No,,No,129,,0.0026019080659150043365134432
3773,21919,E14001489,E12000006,South Norfolk,East of England,England,County,Independent,IND,,,,,,,,,Yes,No,Paco,Davila,Male,No,No,,No,254,,0.0051231368119566752052280199
3773,21920,E14001489,E12000006,South Norfolk,East of England,England,County,Green Party,Green,Green Party,Green,44,PP63,,,,,No,No,Catherine,Rowett,Female,No,No,,No,3987,0.0488500000,0.0804171120837451340285201396
3773,21921,E14001489,E12000006,South Norfolk,East of England,England,County,Liberal Democrat,LD,Liberal Democrat,LD,17,PP90,,,,,No,No,Christopher,Brown,Male,No,No,,No,5746,-0.0537820000,0.1158958429980435264930716634
3773,21922,E14001489,E12000006,South Norfolk,East of England,England,County,Reform UK,RUK,Reform UK,RUK,1036,PP7931,,,,,No,No,Chris,Harrison,Male,No,No,,No,7583,,0.1529478206498719215797010831
3773,21923,E14001489,E12000006,South Norfolk,East of England,England,County,Conservative,Con,Conservative,Con,4,PP52,,,,,No,No,Poppy,Simister-Thomas,Female,No,No,,No,14527,-0.2719700000,0.29300711994997882167853325
3773,21924,E14001489,E12000006,South Norfolk,East of England,England,County,Labour,Lab,Labour,Lab,15,PP53,,,,,No,No,Ben,Goldsborough,Male,No,No,5205,Yes,17353,0.1162300000,0.3500070594404889166784324008
3774,21925,E14001490,E12000004,South Northamptonshire,East Midlands,England,County,Independent,IND,,,,,,,,,Yes,No,Stuart,Robert,Male,No,No,,No,209,,0.0038922099931094847011937352
3774,21926,E14001490,E12000004,South Northamptonshire,East Midlands,England,County,Workers Party of Britain,WPB,Workers Party of Britain,WPB,1042,PP11382,,,,,No,No,Mick,Stott,Male,No,No,,No,246,,0.004581261522990111179395497
3774,21927,E14001490,E12000004,South Northamptonshire,East Midlands,England,County,Independent,IND,,,,,,,,,Yes,No,Ian,McCord,Male,No,No,,No,1556,,0.0289774102836285081103227368
3774,21928,E14001490,E12000004,South Northamptonshire,East Midlands,England,County,Green Party,Green,Green Party,Green,44,PP63,,,,,No,No,Emmie,Williamson,Female,No,No,,No,3040,0.0186570000,0.0566139635361379592900906941
3774,21929,E14001490,E12000004,South Northamptonshire,East Midlands,England,County,Liberal Democrat,LD,Liberal Democrat,LD,17,PP90,,,,,No,No,Stewart,Tolley,Male,No,No,,No,4989,-0.0182370000,0.0929102184479579864796916029
3774,21930,E14001490,E12000004,South Northamptonshire,East Midlands,England,County,Reform UK,RUK,Reform UK,RUK,1036,PP7931,,,,,No,No,Paul,Hogan,Male,No,No,,No,8962,,0.1668994543456803918282213159
3774,21931,E14001490,E12000004,South Northamptonshire,East Midlands,England,County,Labour,Lab,Labour,Lab,15,PP53,,,,,No,No,Rufia,Ashraf,Female,No,No,,No,15504,0.0809640000,0.2887312140343035923794625398
3774,21932,E14001490,E12000004,South Northamptonshire,East Midlands,England,County,Conservative,Con,Conservative,Con,4,PP52,,,,,No,No,Sarah,Bool,Female,No,No,5355,Yes,19191,-0.2743790000,0.3573942678361919660316218783
3775,21933,E14001491,E12000002,South Ribble,North West,England,County,Green Party,Green,Green Party,Green,44,PP63,,,,,No,No,Stephani,Mok,Female,No,No,,No,1574,0.0085630000,0.0336900684931506849315068493
3775,21934,E14001491,E12000002,South Ribble,North West,England,County,Liberal Democrat,LD,Liberal Democrat,LD,17,PP90,,,,,No,No,Ange,Turner,Female,No,No,,No,2972,-0.0138190000,0.0636130136986301369863013699
3775,21935,E14001491,E12000002,South Ribble,North West,England,County,Reform UK,RUK,Reform UK,RUK,1036,PP7931,,,,,No,No,Andy,Hunter,Male,No,No,,No,8995,,0.1925299657534246575342465753
3775,21936,E14001491,E12000002,South Ribble,North West,England,County,Conservative,Con,Conservative,Con,4,PP52,,,,,No,No,Katherine,Fletcher,Female,Yes,Yes,4834,No,13339,-0.2496930000,0.2855094178082191780821917808
3775,21937,E14001491,E12000002,South Ribble,North West,England,County,Labour,Lab,Labour,Lab,15,PP53,,,,,No,No,Paul,Foster,Male,No,No,5074,Yes,19840,0.0624190000,0.4246575342465753424657534247
3776,21938,E14001492,E12000001,South Shields,North East,England,Borough,Liberal Democrat,LD,Liberal Democrat,LD,17,PP90,,,,,No,No,Jonathan,Aibi,Male,No,No,,No,1402,0.0025910000,0.0380729958722572235498587877
3776,21939,E14001492,E12000001,South Shields,North East,England,Borough,Independent,IND,,,,,,,,,Yes,No,Ahmed,Khan,Male,No,No,,No,2270,,0.0616445796219856615250923311
3776,21940,E14001492,E12000001,South Shields,North East,England,Borough,Conservative,Con,Conservative,Con,4,PP52,,,,,No,No,Craig,Robinson,Male,No,No,,No,4128,-0.1461420000,0.1121008038235933087117097545
3776,21941,E14001492,E12000001,South Shields,North East,England,Borough,Green Party,Green,Green Party,Green,44,PP63,,,,,No,No,David,Francis,Male,No,No,,No,5433,0.1160540000,0.1475396480556159026721703237
3776,21942,E14001492,E12000001,South Shields,North East,England,Borough,Reform UK,RUK,Reform UK,RUK,1036,PP7931,,,,,No,No,Stephen,Holt,Male,No,No,,No,8469,0.0831460000,0.2299858787747121442537475559
3776,21943,E14001492,E12000001,South Shields,North East,England,Borough,Labour,Lab,Labour,Lab,15,PP53,,,,,No,No,Emma,Lewell-Buck,Female,Yes,Yes,4277,Yes,15122,-0.0302370000,0.410656093851835759287421247
3777,21944,E14001493,E12000005,South Shropshire,West Midlands,England,County,Green Party,Green,Green Party,Green,44,PP63,,,,,No,No,Hilary,Wendt,Female,No,No,,No,1911,0.0023740000,0.0369968830464832633148123052
3777,21945,E14001493,E12000005,South Shropshire,West Midlands,England,County,Labour,Lab,Labour,Lab,15,PP53,,,,,No,No,Simon,Thomson,Male,No,No,,No,6939,-0.0235520000,0.1343387605753780032137533154
3777,21946,E14001493,E12000005,South Shropshire,West Midlands,England,County,Reform UK,RUK,Reform UK,RUK,1036,PP7931,,,,,No,No,Charles,Shackerley-Bennett,Male,No,No,,No,9171,,0.1775501906956033531450254583
3777,21947,E14001493,E12000005,South Shropshire,West Midlands,England,County,Liberal Democrat,LD,Liberal Democrat,LD,17,PP90,,,,,No,No,Matthew,Green,Male,No,Yes,1429,No,16004,0.1562240000,0.3098367955394652779122219426
3777,21948,E14001493,E12000005,South Shropshire,West Midlands,England,County,Conservative,Con,Conservative,Con,4,PP52,,,,,No,No,Stuart,Anderson,Male,Yes,Yes,4742,Yes,17628,-0.3125950000,0.3412773701430701024141869785
3778,21949,E14001494,E12000006,South Suffolk,East of England,England,County,Green Party,Green,Green Party,Green,44,PP63,,,,,No,No,Jessie,Carter,Female,No,No,,No,4008,0.0216380000,0.082129464560152455892297289
3778,21950,E14001494,E12000006,South Suffolk,East of England,England,County,Liberal Democrat,LD,Liberal Democrat,LD,17,PP90,,,,,No,No,Tom,Bartleet,Male,No,No,,No,6424,0.0047060000,0.1316366467900247945738816828
3778,21951,E14001494,E12000006,South Suffolk,East of England,England,County,Reform UK,RUK,Reform UK,RUK,1036,PP7931,,,,,No,No,Beverley,England,Female,No,No,,No,9252,,0.1895862789696932439909018258
3778,21952,E14001494,E12000006,South Suffolk,East of England,England,County,Labour,Lab,Labour,Lab,15,PP53,,,,,No,No,Emma,Bishton,Female,No,No,,No,13035,0.0750920000,0.2671051822708551054281674556
3778,21953,E14001494,E12000006,South Suffolk,East of England,England,County,Conservative,Con,Conservative,Con,4,PP52,,,,,No,No,James,Cartlidge,Male,Yes,Yes,4519,Yes,16082,-0.2910220000,0.3295424274092744001147517469
3779,21954,E14001495,E12000009,South West Devon,South West,England,County,Heritage Party,HPUK,Heritage Party,HPUK,1037,PP12550,,,,,No,No,Darryl,Ingram,Male,No,No,,No,106,,0.0020290187971364036598905096
3779,21955,E14001495,E12000009,South West Devon,South West,England,County,Trade Unionist and Socialist Coalition,TUSC,Trade Unionist and Socialist Coalition,TUSC,157,PP804,,,,,No,No,Ben,Davy,Male,No,No,,No,141,,0.0026989778339267256230619042
3779,21956,E14001495,E12000009,South West Devon,South West,England,County,Independent,IND,,,,,,,,,Yes,No,Alan,Spencer,Male,No,No,,No,438,,0.0083840588032617434248305961
3779,21957,E14001495,E12000009,South West Devon,South West,England,County,Green Party,Green,Green Party,Green,44,PP63,,,,,No,No,Lauren,McLay,Female,No,No,,No,2925,0.0171480000,0.0559894337889054783507522683
3779,21958,E14001495,E12000009,South West Devon,South West,England,County,Liberal Democrat,LD,Liberal Democrat,LD,17,PP90,,,,,No,No,Julian,Brazil,Male,No,No,,No,5551,-0.0150810000,0.1062555032349450633589831936
3779,21959,E14001495,E12000009,South West Devon,South West,England,County,Reform UK,RUK,Reform UK,RUK,1036,PP7931,,,,,No,No,Stephen,Horner,Male,No,No,,No,9361,,0.1791853298112629684927835841
3779,21960,E14001495,E12000009,South West Devon,South West,England,County,Labour,Lab,Labour,Lab,15,PP53,,,,,No,No,Sarah,Allen,Female,No,No,,No,15804,0.0883980000,0.3025152176409785230274491788
3779,21961,E14001495,E12000009,South West Devon,South West,England,County,Conservative,Con,Conservative,Con,4,PP52,,,,,No,No,Rebecca,Smith,Female,No,No,5301,Yes,17916,-0.2827620000,0.3429424600895830940622487654
3780,21962,E14001496,E12000006,South West Hertfordshire,East of England,England,County,UK Voice,UKV,UK Voice,UKV,1079,PP9053,,,,,No,No,Ketankumar,Pipaliya,Male,No,No,,No,150,,0.0031085505864798773158701869
3780,21963,E14001496,E12000006,South West Hertfordshire,East of England,England,County,Social Democratic Party,SDP,Social Democratic Party,SDP,32,PP243,,,,,No,No,Michael,McGetrick,Male,No,No,,No,158,,0.0032743399510921374393832636
3780,21964,E14001496,E12000006,South West Hertfordshire,East of England,England,County,Rejoin EU,REU,Rejoin EU,REU,1040,PP11423,,,,,No,No,Victor,Silkin,Male,No,No,,No,232,,0.0048078915737555435818792224
3780,21965,E14001496,E12000006,South West Hertfordshire,East of England,England,County,Party of Women,POW,Party of Women,POW,1102,PP17545,,,,,No,No,Bernadette,O'Malley,Female,No,No,,No,295,,0.006113482820077092054544701
3780,21966,E14001496,E12000006,South West Hertfordshire,East of England,England,County,Green Party,Green,Green Party,Green,44,PP63,,,,,No,No,Narinder,Sian,Male,No,No,,No,2532,0.0374760000,0.0524723338997803290918887553
3780,21967,E14001496,E12000006,South West Hertfordshire,East of England,England,County,Reform UK,RUK,Reform UK,RUK,1036,PP7931,,,,,No,No,Keith,Steers,Male,No,No,,No,6790,,0.1407137232146557798317237949
3780,21968,E14001496,E12000006,South West Hertfordshire,East of England,England,County,Labour,Lab,Labour,Lab,15,PP53,,,,,No,No,Alex,Sufit,Female,No,No,,No,9637,0.0388980000,0.1997140133460438512869399428
3780,21969,E14001496,E12000006,South West Hertfordshire,East of England,England,County,Liberal Democrat,LD,Liberal Democrat,LD,17,PP90,,,,,No,No,Sally,Symington,Female,No,No,,No,12002,0.1217550000,0.2487254942595432503004932234
3780,21970,E14001496,E12000006,South West Hertfordshire,East of England,England,County,Conservative,Con,Conservative,Con,4,PP52,,,,,No,No,Gagan,Mohindra,Male,Yes,Yes,4804,Yes,16458,-0.1807270000,0.3410701703485721390972769097
3781,21971,E14001497,E12000006,South West Norfolk,East of England,England,County,Communist Party of Britain,Comm,Communist Party of Britain,Comm,76,PP78,,,,,No,No,Lorraine,Douglas,Female,No,No,,No,77,,0.0017367768129017706101274388
3781,21972,E14001497,E12000006,South West Norfolk,East of England,England,County,Heritage Party,HPUK,Heritage Party,HPUK,1037,PP12550,,,,,No,No,Gary,Conway,Male,No,No,,No,160,,0.0036088868839517311379271456
3781,21973,E14001497,E12000006,South West Norfolk,East of England,England,County,Official Monster Raving Loony Party,MRLP,Official Monster Raving Loony Party,MRLP,119,PP66,,,,,No,No,Earl Elvis,Of East Anglia,Male,No,No,,No,338,-0.0097750000,0.0076237735423480320288710951
3781,21974,E14001497,E12000006,South West Norfolk,East of England,England,County,Green Party,Green,Green Party,Green,44,PP63,,,,,No,No,Pallavi,Devulapalli,Female,No,No,,No,1838,0.0112380000,0.041457088079395511446938085
3781,21975,E14001497,E12000006,South West Norfolk,East of England,England,County,Liberal Democrat,LD,Liberal Democrat,LD,17,PP90,,,,,No,No,Josie,Ratcliffe,Female,No,No,,No,2618,-0.0234700000,0.0590504116386602007443329198
3781,21976,E14001497,E12000006,South West Norfolk,East of England,England,County,Independent,IND,,,,,,,,,Yes,No,James,Bagge,Male,No,No,,No,6282,,0.141693921281154843802864554
3781,21977,E14001497,E12000006,South West Norfolk,East of England,England,County,Reform UK,RUK,Reform UK,RUK,1036,PP7931,,,,,No,No,Tobias,McKenzie,Male,No,No,,No,9958,,0.224608097439945866696740724
3781,21978,E14001497,E12000006,South West Norfolk,East of England,England,County,Conservative,Con,Conservative,Con,4,PP52,,,,,No,No,Liz,Truss,Female,Yes,Yes,4097,No,11217,-0.4335440000,0.2530055261080410510883049509
3781,21979,E14001497,E12000006,South West Norfolk,East of England,England,County,Labour,Lab,Labour,Lab,15,PP53,,,,,No,No,Terry,Jermy,Male,No,No,5338,Yes,11847,0.0839030000,0.2672155182136009924438930867
3782,21980,E14001498,E12000009,South West Wiltshire,South West,England,County,Independent,IND,,,,,,,,,Yes,No,Thomas,Culshaw,Male,No,No,,No,441,,0.0095520706983191821174839716
3782,21981,E14001498,E12000009,South West Wiltshire,South West,England,County,Independent,IND,,,,,,,,,Yes,No,James,Ward,Male,No,No,,No,448,,0.009703690868133772309824987
3782,21982,E14001498,E12000009,South West Wiltshire,South West,England,County,Green Party,Green,Green Party,Green,44,PP63,,,,,No,No,Fay,Whitfield,Female,No,No,,No,2243,0.0118330000,0.0485834344134465430601282273
3782,21983,E14001498,E12000009,South West Wiltshire,South West,England,County,Liberal Democrat,LD,Liberal Democrat,LD,17,PP90,,,,,No,No,Bret,Palmer,Male,No,No,,No,7205,-0.0087890000,0.1560604747877317622595737307
3782,21984,E14001498,E12000009,South West Wiltshire,South West,England,County,Reform UK,RUK,Reform UK,RUK,1036,PP7931,,,,,No,No,Garry,Irvin,Male,No,No,,No,7840,,0.1698145901923410154219372726
3782,21985,E14001498,E12000009,South West Wiltshire,South West,England,County,Labour,Lab,Labour,Lab,15,PP53,,,,,No,No,Evelyn,Akoto,Female,No,No,,No,12374,0.0527660000,0.2680211401836770057182464044
3782,21986,E14001498,E12000009,South West Wiltshire,South West,England,County,Conservative,Con,Conservative,Con,4,PP52,,,,,No,No,Andrew,Murrison,Male,Yes,Yes,1466,Yes,15617,-0.2448800000,0.3382645988563507191128054063
3783,21987,E14001499,E12000008,Southampton Itchen,South East,England,Borough,Trade Unionist and Socialist Coalition,TUSC,Trade Unionist and Socialist Coalition,TUSC,157,PP804,,,,,No,No,Declan,Clune,Male,No,No,,No,264,,0.0069376921661892623446246025
3783,21988,E14001499,E12000008,Southampton Itchen,South East,England,Borough,Liberal Democrat,LD,Liberal Democrat,LD,17,PP90,,,,,No,No,James,Batho,Male,No,No,,No,2684,0.0177510000,0.0705332036895908338370167924
3783,21989,E14001499,E12000008,Southampton Itchen,South East,England,Borough,Green Party,Green,Green Party,Green,44,PP63,,,,,No,No,Neil,Kelly,Male,No,No,,No,2793,0.0514660000,0.0733976296218432186686989199
3783,21990,E14001499,E12000008,Southampton Itchen,South East,England,Borough,Reform UK,RUK,Reform UK,RUK,1036,PP7931,,,,,No,No,Alex,Culley,Male,No,No,,No,6853,,0.180090925813996268362546974
3783,21991,E14001499,E12000008,Southampton Itchen,South East,England,Borough,Conservative,Con,Conservative,Con,4,PP52,,,,,No,No,Sidney,Yankson,Male,No,No,,No,9677,-0.2507890000,0.2543032086826268625338343889
3783,21992,E14001499,E12000008,Southampton Itchen,South East,England,Borough,Labour,Lab,Labour,Lab,15,PP53,,,,,No,No,Darren,Paffey,Male,No,No,5270,Yes,15782,0.0044970000,0.4147373400257535542532783223
3784,21993,E14001500,E12000008,Southampton Test,South East,England,Borough,Trade Unionist and Socialist Coalition,TUSC,Trade Unionist and Socialist Coalition,TUSC,157,PP804,,,,,No,No,Maggie,Fricker,Female,No,No,,No,366,,0.0102220360284876413908671973
3784,21994,E14001500,E12000008,Southampton Test,South East,England,Borough,Workers Party of Britain,WPB,Workers Party of Britain,WPB,1042,PP11382,,,,,No,No,Wajahat,Shaukat,Male,No,No,,No,775,,0.0216450216450216450216450216
3784,21995,E14001500,E12000008,Southampton Test,South East,England,Borough,Liberal Democrat,LD,Liberal Democrat,LD,17,PP90,,,,,No,No,Thomas,Gravatt,Male,No,No,,No,3252,0.0141710000,0.0908253037285295349811478844
3784,21996,E14001500,E12000008,Southampton Test,South East,England,Borough,Green Party,Green,Green Party,Green,44,PP63,,,,,No,No,Katherine,Barbour,Female,No,No,,No,3594,0.0685280000,0.1003770423125261834939254294
3784,21997,E14001500,E12000008,Southampton Test,South East,England,Borough,Reform UK,RUK,Reform UK,RUK,1036,PP7931,,,,,No,No,John,Edwards,Male,No,No,,No,5261,0.1115750000,0.1469347856444630638179025276
3784,21998,E14001500,E12000008,Southampton Test,South East,England,Borough,Conservative,Con,Conservative,Con,4,PP52,,,,,No,No,Ben,Burcombe-Filer,Male,No,No,,No,6612,-0.1718920000,0.184666945957268537913699204
3784,21999,E14001500,E12000008,Southampton Test,South East,England,Borough,Labour,Lab,Labour,Lab,15,PP53,,,,,No,No,Satvir,Kaur,Female,No,No,5271,Yes,15945,-0.0493150000,0.4453288646837033933808127357
3785,22000,E14001501,E12000006,Southend East and Rochford,East of England,England,County,Heritage Party,HPUK,Heritage Party,HPUK,1037,PP12550,,,,,No,No,Bianca,Isherwood,Female,No,No,,No,206,,0.0051946741981036917490417591
3785,22001,E14001501,E12000006,Southend East and Rochford,East of England,England,County,Confelicity,CFLY,Confelicity,CFLY,1096,PP12939,,,,,No,No,Lee,Clark,Male,No,No,,No,488,,0.0123058301391970950171474682
3785,22002,E14001501,E12000006,Southend East and Rochford,East of England,England,County,Liberal Democrat,LD,Liberal Democrat,LD,17,PP90,,,,,No,No,James,Allen,Male,No,No,,No,2269,-0.0070830000,0.0572170667742586241678434537
3785,22003,E14001501,E12000006,Southend East and Rochford,East of England,England,County,Green Party,Green,Green Party,Green,44,PP63,,,,,No,No,Simon,Cross,Male,No,No,,No,2716,0.0675160000,0.0684890054468428484970748437
3785,22004,E14001501,E12000006,Southend East and Rochford,East of England,England,County,Reform UK,RUK,Reform UK,RUK,1036,PP7931,,,,,No,No,Leslie,Lilley,Male,No,No,,No,7214,,0.1819144643937865644543070405
3785,22005,E14001501,E12000006,Southend East and Rochford,East of England,England,County,Conservative,Con,Conservative,Con,4,PP52,,,,,No,No,Gavin,Haran,Male,No,No,,No,11368,-0.3033430000,0.2866653217671979019568287271
3785,22006,E14001501,E12000006,Southend East and Rochford,East of England,England,County,Labour,Lab,Labour,Lab,15,PP53,,,,,No,No,Bayo,Alaba,Male,No,No,5097,Yes,15395,0.0749160000,0.3882136372806132741577567077
3786,22007,E14001502,E12000006,Southend West and Leigh,East of England,England,Borough,Independent,IND,,,,,,,,,Yes,No,Robert,Francis,Male,No,No,,No,98,,0.0020865269971044115142224493
3786,22008,E14001502,E12000006,Southend West and Leigh,East of England,England,Borough,Heritage Party,HPUK,Heritage Party,HPUK,1037,PP12550,,,,,No,No,Lara,Hurley,Female,No,No,,No,99,,0.002107818088911599386816556
3786,22009,E14001502,E12000006,Southend West and Leigh,East of England,England,Borough,Psychedelic Movement,PSY,Psychedelic Movement,PSY,1047,PP6655,,,,,No,No,Jason,Pilley,Male,No,No,,No,99,,0.002107818088911599386816556
3786,22010,E14001502,E12000006,Southend West and Leigh,East of England,England,Borough,Independent,IND,,,,,,,,,Yes,No,Tom,Darwood,Male,No,No,,No,172,,0.0036620677908363140861863396
3786,22011,E14001502,E12000006,Southend West and Leigh,East of England,England,Borough,Confelicity,CFLY,Confelicity,CFLY,1096,PP12939,,,,,No,No,James,Miller,Male,No,No,,No,262,,0.005578266053483222619655936
3786,22012,E14001502,E12000006,Southend West and Leigh,East of England,England,Borough,Liberal Democrat,LD,Liberal Democrat,LD,17,PP90,,,,,No,No,Stephen,Cummins,Male,No,No,,No,3174,-0.0383900000,0.0675779253960143076136944303
3786,22013,E14001502,E12000006,Southend West and Leigh,East of England,England,Borough,Green Party,Green,Green Party,Green,44,PP63,,,,,No,No,Tilly,Hogrebe,Female,No,No,,No,3262,,0.0694515414750468404019758133
3786,22014,E14001502,E12000006,Southend West and Leigh,East of England,England,Borough,Reform UK,RUK,Reform UK,RUK,1036,PP7931,,,,,No,No,Peter,Little,Male,No,No,,No,8273,,0.1761412025208652699710441151
3786,22015,E14001502,E12000006,Southend West and Leigh,East of England,England,Borough,Conservative,Con,Conservative,Con,4,PP52,,,,,No,No,Anna,Firth,Female,Yes,Yes,4936,No,14790,-0.2756610000,0.3148952478283086356668369954
3786,22016,E14001502,E12000006,Southend West and Leigh,East of England,England,Borough,Labour,Lab,Labour,Lab,15,PP53,,,,,No,No,David,Burton-Sampson,Male,No,No,5106,Yes,16739,0.0663740000,0.3563915857605177993527508091
3787,22017,E14001503,E12000007,Southgate and Wood Green,London,England,Borough,Trade Unionist and Socialist Coalition,TUSC,Trade Unionist and Socialist Coalition,TUSC,157,PP804,,,,,No,No,Karl,Vidol,Male,No,No,,No,785,,0.0171881500295592389043375446
3787,22018,E14001503,E12000007,Southgate and Wood Green,London,England,Borough,Workers Party of Britain,WPB,Workers Party of Britain,WPB,1042,PP11382,,,,,No,No,Geoff,Moseley,Male,No,No,,No,833,,0.018239145190602351601672834
3787,22019,E14001503,E12000007,Southgate and Wood Green,London,England,Borough,Reform UK,RUK,Reform UK,RUK,1036,PP7931,,,,,No,No,Lucy,O'Sullivan,Female,No,No,,No,3147,0.0563850000,0.0689058702458890762190449081
3787,22020,E14001503,E12000007,Southgate and Wood Green,London,England,Borough,Liberal Democrat,LD,Liberal Democrat,LD,17,PP90,,,,,No,No,Lauren,Fulbright,Female,No,No,,No,3925,-0.0135050000,0.0859407501477961945216877231
3787,22021,E14001503,E12000007,Southgate and Wood Green,London,England,Borough,Green Party,Green,Green Party,Green,44,PP63,,,,,No,No,Charith,Gunawardena,Male,No,No,,No,5607,0.0982210000,0.1227693722493486019574784874
3787,22022,E14001503,E12000007,Southgate and Wood Green,London,England,Borough,Conservative,Con,Conservative,Con,4,PP52,,,,,No,No,Eric,Sukumaran,Male,No,No,,No,8037,-0.1095570000,0.1759760022771561822600775109
3787,22023,E14001503,E12000007,Southgate and Wood Green,London,England,Borough,Labour,Lab,Labour,Lab,15,PP53,,,,,No,No,Bambos,Charalambous,Male,Yes,Yes,4610,Yes,23337,-0.0669710000,0.5109807098596483545357009919
3788,22024,E14001504,E12000002,Southport,North West,England,County,Independent,IND,,,,,,,,,Yes,No,Sean,Halsall,Male,No,No,,No,922,,0.0204620608535475709625158126
3788,22025,E14001504,E12000002,Southport,North West,England,County,Green Party,Green,Green Party,Green,44,PP63,,,,,No,No,Edwin,Black,Male,No,No,,No,2159,0.0443410000,0.0479149559466477285337002597
3788,22026,E14001504,E12000002,Southport,North West,England,County,Liberal Democrat,LD,Liberal Democrat,LD,17,PP90,,,,,No,No,Erin,Harvey,Female,No,No,,No,5868,0.0054100000,0.130229254976808184824341419
3788,22027,E14001504,E12000002,Southport,North West,England,County,Reform UK,RUK,Reform UK,RUK,1036,PP7931,,,,,No,No,Andrew,Lynn,Male,No,No,,No,7395,,0.164118156195210723717792228
3788,22028,E14001504,E12000002,Southport,North West,England,County,Conservative,Con,Conservative,Con,4,PP52,,,,,No,No,Damien,Moore,Male,Yes,Yes,4669,No,11463,-0.2493750000,0.2543997869460041279211700215
3788,22029,E14001504,E12000002,Southport,North West,England,County,Labour,Lab,Labour,Lab,15,PP53,,,,,No,No,Patrick,Hurley,Male,No,No,5052,Yes,17252,0.0150430000,0.3828757850817816640404802592
3789,22030,E14001505,E12000008,Spelthorne,South East,England,Borough,Social Democratic Party,SDP,Social Democratic Party,SDP,32,PP243,,,,,No,No,Alistair,Miller,Male,No,No,,No,273,,0.0059134427933977385955031842
3789,22031,E14001505,E12000008,Spelthorne,South East,England,Borough,Green Party,Green,Green Party,Green,44,PP63,,,,,No,No,Manu,Singh,Male,No,No,,No,2413,0.0094080000,0.0522679027855997920547589135
3789,22032,E14001505,E12000008,Spelthorne,South East,England,Borough,Reform UK,RUK,Reform UK,RUK,1036,PP7931,,,,,No,No,Rory,O'Brien,Male,No,No,,No,8284,,0.1794394142875709396525581597
3789,22033,E14001505,E12000008,Spelthorne,South East,England,Borough,Liberal Democrat,LD,Liberal Democrat,LD,17,PP90,,,,,No,No,Harry,Boparai,Male,No,No,,No,8710,0.0372030000,0.1886669843607849932851015899
3789,22034,E14001505,E12000008,Spelthorne,South East,England,Borough,Labour,Lab,Labour,Lab,15,PP53,,,,,No,No,Claire,Tighe,Female,No,No,,No,12448,0.0525480000,0.2696356626088463371312221115
3789,22035,E14001505,E12000008,Spelthorne,South East,England,Borough,Conservative,Con,Conservative,Con,4,PP52,,,,,No,No,Lincoln,Jopp,Male,No,No,5332,Yes,14038,-0.2845120000,0.3040765931638001992808560412
3790,22036,E14001506,E12000003,Spen Valley,Yorkshire and The Humber,England,Borough,Liberal Democrat,LD,Liberal Democrat,LD,17,PP90,,,,,No,No,Alison,Brelsford,Female,No,No,,No,1425,-0.0236510000,0.0347069998538652637731988894
3790,22037,E14001506,E12000003,Spen Valley,Yorkshire and The Humber,England,Borough,Independent,IND,,,,,,,,,Yes,No,Javed,Bashir,Male,No,No,,No,1526,,0.0371669345803497491353694773
3790,22038,E14001506,E12000003,Spen Valley,Yorkshire and The Humber,England,Borough,Green Party,Green,Green Party,Green,44,PP63,,,,,No,No,Martin,Price,Male,No,No,,No,2284,0.0380470000,0.0556286229236689561108675532
3790,22039,E14001506,E12000003,Spen Valley,Yorkshire and The Humber,England,Borough,Conservative,Con,Conservative,Con,4,PP52,,,,,No,No,Laura,Evans,Female,No,No,,No,9859,-0.2234740000,0.2401237274100053582736616494
3790,22040,E14001506,E12000003,Spen Valley,Yorkshire and The Humber,England,Borough,Reform UK,RUK,Reform UK,RUK,1036,PP7931,,,,,No,No,Sarah,Wood,Female,No,No,,No,9888,0.2063660000,0.2408300453017682303083442934
3790,22041,E14001506,E12000003,Spen Valley,Yorkshire and The Humber,England,Borough,Labour,Lab,Labour,Lab,15,PP53,,,,,No,No,Kim,Leadbeater,Female,Yes,Yes,4923,Yes,16076,0.0563960000,0.3915436699303424423985581373
3791,22042,E14001507,E12000006,St Albans,East of England,England,County,Social Democratic Party,SDP,Social Democratic Party,SDP,32,PP243,,,,,No,No,Stewart,Satterly,Male,No,No,,No,103,,0.0019955825938698802650443678
3791,22043,E14001507,E12000006,St Albans,East of England,England,County,Heritage Party,HPUK,Heritage Party,HPUK,1037,PP12550,,,,,No,No,Dafydd,Morriss,Male,No,No,,No,104,,0.0020149571821598791025690704
3791,22044,E14001507,E12000006,St Albans,East of England,England,County,Green Party,Green,Green Party,Green,44,PP63,,,,,No,No,Simon,Grover,Male,No,No,,No,3272,0.0462140000,0.0633936528848761963808269074
3791,22045,E14001507,E12000006,St Albans,East of England,England,County,Reform UK,RUK,Reform UK,RUK,1036,PP7931,,,,,No,No,John,Dowdle,Male,No,No,,No,4336,,0.0840082148254349595071104739
3791,22046,E14001507,E12000006,St Albans,East of England,England,County,Labour,Lab,Labour,Lab,15,PP53,,,,,No,No,Sophia,Bhatti,Female,No,No,,No,5189,0.0123200000,0.1005347386368039679156817918
3791,22047,E14001507,E12000006,St Albans,East of England,England,County,Conservative,Con,Conservative,Con,4,PP52,,,,,No,No,James,Spencer,Male,No,No,,No,9388,-0.2106280000,0.1818886348665090866819080095
3791,22048,E14001507,E12000006,St Albans,East of England,England,County,Liberal Democrat,LD,Liberal Democrat,LD,17,PP90,,,,,No,No,Daisy,Cooper,Female,Yes,Yes,4769,Yes,29222,0.0668600000,0.5661642190103460301468593792
3792,22049,E14001508,E12000009,St Austell and Newquay,South West,England,County,Independent,IND,,,,,,,,,Yes,No,Angie,Rayner,Female,No,No,,No,442,,0.0094581871094753060001711889
3792,22050,E14001508,E12000009,St Austell and Newquay,South West,England,County,Liberal,Lib,Liberal,Lib,16,PP54,,,,,No,No,Jay,Latham,Female,No,No,,No,490,-0.0008760000,0.0104853205512282804074295986
3792,22051,E14001508,E12000009,St Austell and Newquay,South West,England,County,Green Party,Green,Green Party,Green,44,PP63,,,,,No,No,Amanda,Pennington,Female,No,No,,No,2337,0.0193360000,0.0500085594453479414533938201
3792,22052,E14001508,E12000009,St Austell and Newquay,South West,England,County,Liberal Democrat,LD,Liberal Democrat,LD,17,PP90,,,,,No,No,Joanna,Kenny,Female,No,No,,No,4805,-0.0054230000,0.1028203372421467088932637165
3792,22053,E14001508,E12000009,St Austell and Newquay,South West,England,County,Reform UK,RUK,Reform UK,RUK,1036,PP7931,,,,,No,No,Stephen,Beal,Male,No,No,,No,9212,,0.197124026363091671659676453
3792,22054,E14001508,E12000009,St Austell and Newquay,South West,England,County,Conservative,Con,Conservative,Con,4,PP52,,,,,No,No,Steve,Double,Male,Yes,Yes,4452,No,13488,-0.2671130000,0.2886244971325858084396131131
3792,22055,E14001508,E12000009,St Austell and Newquay,South West,England,County,Labour,Lab,Labour,Lab,15,PP53,,,,,No,No,Noah,Law,Male,No,No,5302,Yes,15958,0.0750810000,0.3414790721561242831464521099
3793,22056,E14001509,E12000002,St Helens North,North West,England,County,English Constitution Party,ECP,English Constitution Party,ECP,1046,PP12881,,,,,No,No,Joe,Greenhalgh,Male,No,No,,No,274,,0.0067697781291693432821070317
3793,22057,E14001509,E12000002,St Helens North,North West,England,County,Liberal Democrat,LD,Liberal Democrat,LD,17,PP90,,,,,No,No,Pat,Moloney,Male,No,No,,No,1799,-0.0116480000,0.0444482877896921480456589415
3793,22058,E14001509,E12000002,St Helens North,North West,England,County,Green Party,Green,Green Party,Green,44,PP63,,,,,No,No,Daniel,Thomas,Male,No,No,,No,3495,0.0450150000,0.0863517319760834115728615902
3793,22059,E14001509,E12000002,St Helens North,North West,England,County,Conservative,Con,Conservative,Con,4,PP52,,,,,No,No,Jayne,Rear,Female,No,No,,No,4507,-0.1548500000,0.1113554380590008400454612838
3793,22060,E14001509,E12000002,St Helens North,North West,England,County,Reform UK,RUK,Reform UK,RUK,1036,PP7931,,,,,No,No,Malcolm,Webster,Male,No,No,,No,9115,0.1117520000,0.2252063052824035183080496121
3793,22061,E14001509,E12000002,St Helens North,North West,England,County,Labour,Lab,Labour,Lab,15,PP53,,,,,No,No,David,Baines,Male,No,No,5092,Yes,21284,0.0029610000,0.5258684587636507387458615407
3794,22062,E14001510,E12000002,St Helens South and Whiston,North West,England,Borough,Liberal Democrat,LD,Liberal Democrat,LD,17,PP90,,,,,No,No,Brian,Spencer,Male,No,No,,No,2199,0.0010050000,0.0578151702379387406336269226
3794,22063,E14001510,E12000002,St Helens South and Whiston,North West,England,Borough,Green Party,Green,Green Party,Green,44,PP63,,,,,No,No,Terence,Price,Male,No,No,,No,2642,0.0266400000,0.0694623373208886551860128829
3794,22064,E14001510,E12000002,St Helens South and Whiston,North West,England,Borough,Conservative,Con,Conservative,Con,4,PP52,,,,,No,No,Emma,Ellison,Female,No,No,,No,3057,-0.1325480000,0.080373340344419613513868805
3794,22065,E14001510,E12000002,St Helens South and Whiston,North West,England,Borough,Independent,IND,,,,,,,,,Yes,No,James,Tasker,Male,No,No,,No,4244,,0.1115814381490732220323386355
3794,22066,E14001510,E12000002,St Helens South and Whiston,North West,England,Borough,Reform UK,RUK,Reform UK,RUK,1036,PP7931,,,,,No,No,Raymond,Peters,Male,No,No,,No,6974,0.0771390000,0.1833574339424214539240173524
3794,22067,E14001510,E12000002,St Helens South and Whiston,North West,England,Borough,Labour,Lab,Labour,Lab,15,PP53,,,,,No,No,Marie,Rimmer,Female,Yes,Yes,4457,Yes,18919,-0.0838180000,0.4974102800052583147101354016
3795,22068,E14001511,E12000009,St Ives,South West,England,County,The Common People,CP,The Common People,CP,1029,PP2117,,,,,No,No,John,Harris,Male,No,No,,No,91,-0.0005570000,0.0018916559264956554275973891
3795,22069,E14001511,E12000009,St Ives,South West,England,County,UK Independence Party,UKIP,UK Independence Party,UKIP,35,PP85,,,,,No,No,Jason,Saunders,Male,No,No,,No,111,,0.0023074044817694258512451669
3795,22070,E14001511,E12000009,St Ives,South West,England,County,Liberal,Lib,Liberal,Lib,16,PP54,,,,,No,No,Paul,Nicholson,Male,No,No,,No,187,-0.0019380000,0.0038872489918097534611067227
3795,22071,E14001511,E12000009,St Ives,South West,England,County,Independent,IND,,,,,,,,,Yes,No,Dave,Laity,Male,No,No,,No,360,,0.0074834739949278676256600008
3795,22072,E14001511,E12000009,St Ives,South West,England,County,Green Party,Green,Green Party,Green,44,PP63,,,,,No,No,Ian,Flindall,Male,No,No,,No,1797,0.0191540000,0.0373550076913482725647528375
3795,22073,E14001511,E12000009,St Ives,South West,England,County,Labour,Lab,Labour,Lab,15,PP53,,,,,No,No,Filson,Ali,Female,No,No,,No,2788,-0.0328260000,0.0579553486051635970565002287
3795,22074,E14001511,E12000009,St Ives,South West,England,County,Reform UK,RUK,Reform UK,RUK,1036,PP7931,,,,,No,No,Giane,Mortimer,Male,No,No,,No,6492,,0.1349519810418658795160686817
3795,22075,E14001511,E12000009,St Ives,South West,England,County,Conservative,Con,Conservative,Con,4,PP52,,,,,No,No,Derek,Thomas,Male,Yes,Yes,4532,No,11247,-0.2560640000,0.2337962000582047977383278593
3795,22076,E14001511,E12000009,St Ives,South West,England,County,Liberal Democrat,LD,Liberal Democrat,LD,17,PP90,,,,,No,No,Andrew,George,Male,No,Yes,227,Yes,25033,0.1274890000,0.5203716792084147507587411134
3796,22077,E14001512,E12000006,St Neots and Mid Cambridgeshire,East of England,England,County,Party of Women,POW,Party of Women,POW,1102,PP17545,,,,,No,No,Bev,White,Female,No,No,,No,274,,0.0051813471502590673575129534
3796,22078,E14001512,E12000006,St Neots and Mid Cambridgeshire,East of England,England,County,Green Party,Green,Green Party,Green,44,PP63,,,,,No,No,Kathryn,Fisher,Female,No,No,,No,2663,0.0333120000,0.0503573994932113006315948716
3796,22079,E14001512,E12000006,St Neots and Mid Cambridgeshire,East of England,England,County,Independent,IND,,,,,,,,,Yes,No,Stephen,Ferguson,Male,No,No,,No,2941,,0.0556143867478537120381226126
3796,22080,E14001512,E12000006,St Neots and Mid Cambridgeshire,East of England,England,County,Reform UK,RUK,Reform UK,RUK,1036,PP7931,,,,,No,No,Guy,Lachlan,Male,No,No,,No,5673,,0.107276578041677697515222571
3796,22081,E14001512,E12000006,St Neots and Mid Cambridgeshire,East of England,England,County,Labour,Lab,Labour,Lab,15,PP53,,,,,No,No,Marianna,Masters,Female,No,No,,No,6918,-0.0572990000,0.1308195605309935327710752241
3796,22082,E14001512,E12000006,St Neots and Mid Cambridgeshire,East of England,England,County,Conservative,Con,Conservative,Con,4,PP52,,,,,No,No,Anthony,Browne,Male,Yes,Yes,4801,No,14896,-0.2312750000,0.2816837487235732385310691729
3796,22083,E14001512,E12000006,St Neots and Mid Cambridgeshire,East of England,England,County,Liberal Democrat,LD,Liberal Democrat,LD,17,PP90,,,,,No,No,Ian,Sollom,Male,No,No,5096,Yes,19517,0.1008980000,0.3690669793124314511554025945
3797,22084,E14001513,E12000005,Stafford,West Midlands,England,County,Heritage Party,HPUK,Heritage Party,HPUK,1037,PP12550,,,,,No,No,Craig,Morton,Male,No,No,,No,91,,0.0019778738942380838531591645
3797,22085,E14001513,E12000005,Stafford,West Midlands,England,County,Official Monster Raving Loony Party,MRLP,Official Monster Raving Loony Party,MRLP,119,PP66,,,,,No,No,Titus,Anything,Male,No,No,,No,307,,0.0066726075333087004716468517
3797,22086,E14001513,E12000005,Stafford,West Midlands,England,County,Liberal Democrat,LD,Liberal Democrat,LD,17,PP90,,,,,No,No,Peter,Andras,Male,No,No,,No,1676,-0.0273400000,0.0364276554587145993175248321
3797,22087,E14001513,E12000005,Stafford,West Midlands,England,County,Green Party,Green,Green Party,Green,44,PP63,,,,,No,No,Scott,Spencer,Male,No,No,,No,2856,0.0173090000,0.0620748114499337086222260862
3797,22088,E14001513,E12000005,Stafford,West Midlands,England,County,Reform UK,RUK,Reform UK,RUK,1036,PP7931,,,,,No,No,Michael,Riley,Male,No,No,,No,8612,,0.1871807689799821774000738986
3797,22089,E14001513,E12000005,Stafford,West Midlands,England,County,Conservative,Con,Conservative,Con,4,PP52,,,,,No,No,Theo,Clarke,Female,Yes,Yes,4819,No,13936,-0.2765300000,0.3028972592318894129409463366
3797,22090,E14001513,E12000005,Stafford,West Midlands,England,County,Labour,Lab,Labour,Lab,15,PP53,,,,,No,No,Leigh,Ingham,Female,No,No,5290,Yes,18531,0.0907310000,0.4027690234519333173944228303
3798,22091,E14001514,E12000005,Staffordshire Moorlands,West Midlands,England,County,Liberal Democrat,LD,Liberal Democrat,LD,17,PP90,,,,,No,No,Graham,Oakes,Male,No,No,,No,1499,-0.0267690000,0.0346173386910535310147337305
3798,22092,E14001514,E12000005,Staffordshire Moorlands,West Midlands,England,County,Green Party,Green,Green Party,Green,44,PP63,,,,,No,No,Helen,Stead,Female,No,No,,No,2293,0.0222390000,0.0529536741951872892707034317
3798,22093,E14001514,E12000005,Staffordshire Moorlands,West Midlands,England,County,Reform UK,RUK,Reform UK,RUK,1036,PP7931,,,,,No,No,Dave,Poole,Male,No,No,,No,10065,,0.2324373008175142025772481641
3798,22094,E14001514,E12000005,Staffordshire Moorlands,West Midlands,England,County,Labour,Lab,Labour,Lab,15,PP53,,,,,No,No,Alastair,Watson,Male,No,No,,No,14135,0.0595090000,0.3264283404923560112696873124
3798,22095,E14001514,E12000005,Staffordshire Moorlands,West Midlands,England,County,Conservative,Con,Conservative,Con,4,PP52,,,,,No,No,Karen,Bradley,Female,Yes,Yes,4110,Yes,15310,-0.2874160000,0.3535633458038889658676273613
3799,22096,E14001515,E12000002,Stalybridge and Hyde,North West,England,County,Liberal Democrat,LD,Liberal Democrat,LD,17,PP90,,,,,No,No,Kamala,Kugan,Female,No,No,,No,1080,-0.0141200000,0.0290018528961572544912591638
3799,22097,E14001515,E12000002,Stalybridge and Hyde,North West,England,County,Independent,IND,,,,,,,,,Yes,No,Ian,Owen,Male,No,No,,No,1214,,0.0326002309406804694003598378
3799,22098,E14001515,E12000002,Stalybridge and Hyde,North West,England,County,Workers Party of Britain,WPB,Workers Party of Britain,WPB,1042,PP11382,,,,,No,No,Audel,Shirin,Male,No,No,,No,1227,,0.0329493273181342141303472166
3799,22099,E14001515,E12000002,Stalybridge and Hyde,North West,England,County,Green Party,Green,Green Party,Green,44,PP63,,,,,No,No,Robert,Hodgetts-Haley,Male,No,No,,No,2745,0.0404100000,0.0737130427777330218319503746
3799,22100,E14001515,E12000002,Stalybridge and Hyde,North West,England,County,Conservative,Con,Conservative,Con,4,PP52,,,,,No,No,Phil,Chadwick,Male,No,No,,No,6872,-0.1949700000,0.1845377158355487526517897903
3799,22101,E14001515,E12000002,Stalybridge and Hyde,North West,England,County,Reform UK,RUK,Reform UK,RUK,1036,PP7931,,,,,No,No,Barbara,Kaya,Female,No,No,,No,7781,0.1241910000,0.2089476086898144418485995865
3799,22102,E14001515,E12000002,Stalybridge and Hyde,North West,England,County,Labour / Co-operative Party,Lab / Co-op,Labour,Lab,15,PP53,Co-operative Party,Co-op,,,No,No,Jonathan,Reynolds,Male,Yes,Yes,4119,Yes,16320,-0.0107920000,0.4382502215419318456456940305
3800,22103,E14001516,E12000006,Stevenage,East of England,England,County,Christian Peoples Alliance,CPA,Christian Peoples Alliance,CPA,80,PP79,,,,,No,No,Joshua,Smith,Male,No,No,,No,148,,0.0034648250029263724686878146
3800,22104,E14001516,E12000006,Stevenage,East of England,England,County,Green Party,Green,Green Party,Green,44,PP63,,,,,No,No,Paul,Dawson,Male,No,No,,No,2655,0.0316000000,0.0621561512349291817862577549
3800,22105,E14001516,E12000006,Stevenage,East of England,England,County,Liberal Democrat,LD,Liberal Democrat,LD,17,PP90,,,,,No,No,Lisa,Nash,Female,No,No,,No,3467,-0.0054900000,0.081165866791525225330680089
3800,22106,E14001516,E12000006,Stevenage,East of England,England,County,Reform UK,RUK,Reform UK,RUK,1036,PP7931,,,,,No,No,Peter,Hopper,Male,No,No,,No,7667,,0.1794919817394357953880369893
3800,22107,E14001516,E12000006,Stevenage,East of England,England,County,Conservative,Con,Conservative,Con,4,PP52,,,,,No,No,Alex,Clarkson,Male,No,No,,No,11080,-0.2717810000,0.2593936556244878848179796324
3800,22108,E14001516,E12000006,Stevenage,East of England,England,County,Labour,Lab,Labour,Lab,15,PP53,,,,,No,No,Kevin,Bonavia,Male,No,No,5051,Yes,17698,0.0627140000,0.4143275196066955402083577198
3801,22109,S14000105,S92000003,Stirling and Strathallan,,Scotland,County,Scottish Green Party,Green,Scottish Green Party,Green,1057,PP130,,,,,No,No,Andrew,Adam,Male,No,No,,No,2320,0.0303090000,0.0466031899079988750954160138
3801,22110,S14000105,S92000003,Stirling and Strathallan,,Scotland,County,Liberal Democrat,LD,Liberal Democrat,LD,17,PP90,,,,,No,No,Hamish,Taylor,Male,No,No,,No,2530,-0.0076620000,0.050821582097947049134225222
3801,22111,S14000105,S92000003,Stirling and Strathallan,,Scotland,County,Reform UK,RUK,Reform UK,RUK,1036,PP7931,,,,,No,No,Bill,McDonald,Male,No,No,,No,3145,,0.0631754449399381302478807601
3801,22112,S14000105,S92000003,Stirling and Strathallan,,Scotland,County,Conservative,Con,Conservative,Con,4,PP52,,,,,No,No,Neil,Benny,Male,No,No,,No,9469,-0.1601390000,0.1902093126029488570165923426
3801,22113,S14000105,S92000003,Stirling and Strathallan,,Scotland,County,Scottish National Party,SNP,Scottish National Party,SNP,29,PP102,,,,,No,No,Alyn,Smith,Male,Yes,Yes,4738,No,15462,-0.1877540000,0.3105941906713269856574665542
3801,22114,S14000105,S92000003,Stirling and Strathallan,,Scotland,County,Labour,Lab,Labour,Lab,15,PP53,,,,,No,No,Chris,Kane,Male,No,No,5155,Yes,16856,0.2620710000,0.3385962797798401028484191073
3802,22115,E14001517,E12000002,Stockport,North West,England,Borough,Stockport Fights Austerity No To Cuts,SFAN,Stockport Fights Austerity No To Cuts,SFAN,1087,PP12793,,,,,No,No,Ashley,Walker,Male,No,No,,No,193,,0.0044181947210585353570038688
3802,22116,E14001517,E12000002,Stockport,North West,England,Borough,Workers Party of Britain,WPB,Workers Party of Britain,WPB,1042,PP11382,,,,,No,No,Ayesha,Khan,Female,No,No,,No,1630,,0.0373142870224114644140741249
3802,22117,E14001517,E12000002,Stockport,North West,England,Borough,Liberal Democrat,LD,Liberal Democrat,LD,17,PP90,,,,,No,No,Wendy,Meikle,Female,No,No,,No,3724,-0.0013700000,0.0852505551358652107227067738
3802,22118,E14001517,E12000002,Stockport,North West,England,Borough,Green Party,Green,Green Party,Green,44,PP63,,,,,No,No,Helena,Mellish,Female,No,No,,No,4865,0.0758400000,0.1113705560515532358125586613
3802,22119,E14001517,E12000002,Stockport,North West,England,Borough,Conservative,Con,Conservative,Con,4,PP52,,,,,No,No,Oliver,Johnstone,Male,No,No,,No,4967,-0.1681030000,0.1137055605155323581255866126
3802,22120,E14001517,E12000002,Stockport,North West,England,Borough,Reform UK,RUK,Reform UK,RUK,1036,PP7931,,,,,No,No,Lynn,Schofield,Female,No,No,,No,6517,0.0959900000,0.1491884714877641187647368542
3802,22121,E14001517,E12000002,Stockport,North West,England,Borough,Labour,Lab,Labour,Lab,15,PP53,,,,,No,No,Navendu,Mishra,Male,Yes,Yes,4811,Yes,21787,-0.0440900000,0.4987523750658150768033331044
3803,22122,E14001518,E12000001,Stockton North,North East,England,County,Liberal Democrat,LD,Liberal Democrat,LD,17,PP90,,,,,No,No,Jo,Barton,Female,No,No,,No,1133,-0.0096760000,0.0302933076655704392930670303
3803,22123,E14001518,E12000001,Stockton North,North East,England,County,Green Party,Green,Green Party,Green,44,PP63,,,,,No,No,Samuel,Bradford,Male,No,No,,No,1923,,0.0514157375471244084382770514
3803,22124,E14001518,E12000001,Stockton North,North East,England,County,Conservative,Con,Conservative,Con,4,PP52,,,,,No,No,Niall,Innes,Male,No,No,,No,8028,-0.1603190000,0.2146466672014117269591722146
3803,22125,E14001518,E12000001,Stockton North,North East,England,County,Reform UK,RUK,Reform UK,RUK,1036,PP7931,,,,,No,No,John,McDermottroe,Male,No,No,,No,9189,0.1553110000,0.2456886179513916740194112457
3803,22126,E14001518,E12000001,Stockton North,North East,England,County,Labour,Lab,Labour,Lab,15,PP53,,,,,No,No,Chris,McDonald,Male,No,No,5116,Yes,17128,-0.0091500000,0.457955669634501751290072458
3804,22127,E14001519,E12000001,Stockton West,North East,England,County,Independents for Direct Democracy,IDD,Independents for Direct Democracy,IDD,1108,PP6662,,,,,No,No,Monty,Brack,Male,No,No,,No,45,,0.0009252025165508450182984498
3804,22128,E14001519,E12000001,Stockton West,North East,England,County,Independent,IND,,,,,,,,,Yes,No,Vivek,Chhabra,Male,No,No,,No,106,,0.0021793659278753238208807928
3804,22129,E14001519,E12000001,Stockton West,North East,England,County,Independent,IND,,,,,,,,,Yes,No,Niko,Omilana,Male,No,No,,No,106,,0.0021793659278753238208807928
3804,22130,E14001519,E12000001,Stockton West,North East,England,County,Independent,IND,,,,,,,,,Yes,No,Mohammed,Zaroof,Male,No,No,,No,263,,0.0054072947078416053291664953
3804,22131,E14001519,E12000001,Stockton West,North East,England,County,Liberal Democrat,LD,Liberal Democrat,LD,17,PP90,,,,,No,No,Nigel,Boddy,Male,No,No,,No,1203,-0.0197620000,0.0247337472757925901558452239
3804,22132,E14001519,E12000001,Stockton West,North East,England,County,Green Party,Green,Green Party,Green,44,PP63,,,,,No,No,Anna-Maria,Toms,Female,No,No,,No,1477,0.0253340000,0.0303672025987910687117068958
3804,22133,E14001519,E12000001,Stockton West,North East,England,County,Reform UK,RUK,Reform UK,RUK,1036,PP7931,,,,,No,No,Steve,Matthews,Male,No,No,,No,6833,0.0938590000,0.140486862124264978000740162
3804,22134,E14001519,E12000001,Stockton West,North East,England,County,Labour,Lab,Labour,Lab,15,PP53,,,,,No,No,Joe,Dancey,Male,No,No,,No,18233,0.0358130000,0.3748714996504790493030141042
3804,22135,E14001519,E12000001,Stockton West,North East,England,County,Conservative,Con,Conservative,Con,4,PP52,,,,,No,No,Matt,Vickers,Male,Yes,Yes,4844,Yes,20372,-0.1459340000,0.4188494592705292158394670834
3805,22136,E14001520,E12000005,Stoke-on-Trent Central,West Midlands,England,Borough,Independent,IND,,,,,,,,,Yes,No,AliRom,Alirom,Male,No,No,,No,279,,0.0079061463912267278755419536
3805,22137,E14001520,E12000005,Stoke-on-Trent Central,West Midlands,England,Borough,Independent,IND,,,,,,,,,Yes,No,Andy,Poleshaw,Male,No,No,,No,315,,0.0089262943126753379239989799
3805,22138,E14001520,E12000005,Stoke-on-Trent Central,West Midlands,England,Borough,Liberal Democrat,LD,Liberal Democrat,LD,17,PP90,,,,,No,No,Laura,McCarthy,Female,No,No,,No,999,-0.0092680000,0.028309104820198928844682479
3805,22139,E14001520,E12000005,Stoke-on-Trent Central,West Midlands,England,Borough,Green Party,Green,Green Party,Green,44,PP63,,,,,No,No,Adam,Colclough,Male,No,No,,No,1703,0.0285100000,0.048258664172971747570064326
3805,22140,E14001520,E12000005,Stoke-on-Trent Central,West Midlands,England,Borough,Independent,IND,,,,,,,,,Yes,No,Navid,Kaleem,Male,No,No,,No,2281,,0.0646377058006744311258465811
3805,22141,E14001520,E12000005,Stoke-on-Trent Central,West Midlands,England,Borough,Conservative,Con,Conservative,Con,4,PP52,,,,,No,No,Chandra,Kanneganti,Male,No,No,,No,6221,-0.2948530000,0.1762872283147723086514211227
3805,22142,E14001520,E12000005,Stoke-on-Trent Central,West Midlands,England,Borough,Reform UK,RUK,Reform UK,RUK,1036,PP7931,,,,,No,No,Luke,Shenton,Male,No,No,,No,8541,0.1994050000,0.2420300943636827339964294823
3805,22143,E14001520,E12000005,Stoke-on-Trent Central,West Midlands,England,Borough,Labour / Co-operative Party,Lab / Co-op,Labour,Lab,15,PP53,Co-operative Party,Co-op,,,No,No,Gareth,Snell,Male,No,Yes,4595,Yes,14950,-0.0052640000,0.4236447618237977840120150755
3806,22144,E14001521,E12000005,Stoke-on-Trent North,West Midlands,England,Borough,Liberal Democrat,LD,Liberal Democrat,LD,17,PP90,,,,,No,No,Lucy,Hurds,Female,No,No,,No,911,-0.0078480000,0.0252005532503457814661134163
3806,22145,E14001521,E12000005,Stoke-on-Trent North,West Midlands,England,Borough,Independent,IND,,,,,,,,,Yes,No,Jag,Boyapati,Male,No,No,,No,1103,,0.0305117565698478561549100968
3806,22146,E14001521,E12000005,Stoke-on-Trent North,West Midlands,England,Borough,Green Party,Green,Green Party,Green,44,PP63,,,,,No,No,Josh,Harris,Male,No,No,,No,1236,0.0205220000,0.0341908713692946058091286307
3806,22147,E14001521,E12000005,Stoke-on-Trent North,West Midlands,England,Borough,Reform UK,RUK,Reform UK,RUK,1036,PP7931,,,,,No,No,Karl,Beresford,Male,No,No,,No,8824,0.1883210000,0.2440940525587828492392807746
3806,22148,E14001521,E12000005,Stoke-on-Trent North,West Midlands,England,Borough,Conservative,Con,Conservative,Con,4,PP52,,,,,No,No,Jonathan,Gullis,Male,Yes,Yes,4814,No,9497,-0.2787010000,0.2627109266943291839557399723
3806,22149,E14001521,E12000005,Stoke-on-Trent North,West Midlands,England,Borough,Labour,Lab,Labour,Lab,15,PP53,,,,,No,No,David,Williams,Male,No,No,5151,Yes,14579,0.0548880000,0.4032918395573997233748271093
3807,22150,E14001522,E12000005,Stoke-on-Trent South,West Midlands,England,County,Independent,IND,,,,,,,,,Yes,No,Carla,Parrish,Female,No,No,,No,120,,0.0029309755263543549411362415
3807,22151,E14001522,E12000005,Stoke-on-Trent South,West Midlands,England,County,Green Party,Green,Green Party,Green,44,PP63,,,,,No,No,Peggy,Wiseman,Female,No,No,,No,1207,0.0134700000,0.0294807288359142201162620292
3807,22152,E14001522,E12000005,Stoke-on-Trent South,West Midlands,England,County,Independent,IND,,,,,,,,,Yes,No,Asif,Mehmood,Male,No,No,,No,1372,,0.0335108201846514581603243613
3807,22153,E14001522,E12000005,Stoke-on-Trent South,West Midlands,England,County,Liberal Democrat,LD,Liberal Democrat,LD,17,PP90,,,,,No,No,Alec,Sandiford,Male,No,No,,No,1577,-0.0238140000,0.0385179033755068145180987739
3807,22154,E14001522,E12000005,Stoke-on-Trent South,West Midlands,England,County,Reform UK,RUK,Reform UK,RUK,1036,PP7931,,,,,No,No,Michael,Baily,Male,No,No,,No,8851,,0.2161838698646866298666406136
3807,22155,E14001522,E12000005,Stoke-on-Trent South,West Midlands,England,County,Conservative,Con,Conservative,Con,4,PP52,,,,,No,No,Jack,Brereton,Male,Yes,Yes,4643,No,13594,-0.2933170000,0.3320306775438425089150505593
3807,22156,E14001522,E12000005,Stoke-on-Trent South,West Midlands,England,County,Labour,Lab,Labour,Lab,15,PP53,,,,,No,No,Allison,Gardner,Female,No,No,5334,Yes,14221,0.0510340000,0.3473450246690440134824874212
3808,22157,E14001523,E12000005,"Stone, Great Wyrley and Penkridge",West Midlands,England,County,Social Democratic Party,SDP,Social Democratic Party,SDP,32,PP243,,,,,No,No,Alexander,Bramham,Male,No,No,,No,650,,0.0151975683890577507598784195
3808,22158,E14001523,E12000005,"Stone, Great Wyrley and Penkridge",West Midlands,England,County,Green Party,Green,Green Party,Green,44,PP63,,,,,No,No,Danni,Braine,Female,No,No,,No,2236,0.0181130000,0.0522796352583586626139817629
3808,22159,E14001523,E12000005,"Stone, Great Wyrley and Penkridge",West Midlands,England,County,UK Independence Party,UKIP,UK Independence Party,UKIP,35,PP85,,,,,No,No,Janice,MacKay,Female,No,No,,No,2638,,0.0616787467851297638531681085
3808,22160,E14001523,E12000005,"Stone, Great Wyrley and Penkridge",West Midlands,England,County,Liberal Democrat,LD,Liberal Democrat,LD,17,PP90,,,,,No,No,Sam,Harper-Wallis,Male,No,No,,No,2952,0.0038530000,0.0690203413607668926817862988
3808,22161,E14001523,E12000005,"Stone, Great Wyrley and Penkridge",West Midlands,England,County,Labour,Lab,Labour,Lab,15,PP53,,,,,No,No,Jacqueline,Brown,Female,No,No,,No,14414,0.1211840000,0.33701192424596679915828852
3808,22162,E14001523,E12000005,"Stone, Great Wyrley and Penkridge",West Midlands,England,County,Conservative,Con,Conservative,Con,4,PP52,,,,,No,No,Gavin,Williamson,Male,Yes,Yes,4108,Yes,19880,-0.2200260000,0.4648117839607201309328968903
3809,22163,E14001524,E12000005,Stourbridge,West Midlands,England,Borough,Workers Party of Britain,WPB,Workers Party of Britain,WPB,1042,PP11382,,,,,No,No,Mohammed,Ramzan,Male,No,No,,No,1067,,0.026756607653342695220422288
3809,22164,E14001524,E12000005,Stourbridge,West Midlands,England,Borough,Liberal Democrat,LD,Liberal Democrat,LD,17,PP90,,,,,No,No,Christopher,Bramall,Male,No,No,,No,1607,-0.0175070000,0.0402979086212949495962686193
3809,22165,E14001524,E12000005,Stourbridge,West Midlands,England,Borough,Green Party,Green,Green Party,Green,44,PP63,,,,,No,No,Stephen,Price,Male,No,No,,No,1732,0.0236100000,0.0434324690305431566277145293
3809,22166,E14001524,E12000005,Stourbridge,West Midlands,England,Borough,Reform UK,RUK,Reform UK,RUK,1036,PP7931,,,,,No,No,Richard,Shaw,Male,No,No,,No,7869,,0.1973268468829931290435829279
3809,22167,E14001524,E12000005,Stourbridge,West Midlands,England,Borough,Conservative,Con,Conservative,Con,4,PP52,,,,,No,No,Suzanne,Webb,Female,Yes,Yes,4802,No,12265,-0.3103030000,0.3075630673554340739254726917
3809,22168,E14001524,E12000005,Stourbridge,West Midlands,England,Borough,Labour,Lab,Labour,Lab,15,PP53,,,,,No,No,Cat,Eccles,Female,No,No,5293,Yes,15338,0.0935260000,0.3846231004563919955865389438
3810,22169,N05000016,N92000002,Strangford,,Northern Ireland,County,Conservative,Con,Conservative,Con,4,PP52,,,,,No,No,Barry,Hetherington,Male,No,No,,No,146,-0.0299120000,0.0037523452157598499061913696
3810,22170,N05000016,N92000002,Strangford,,Northern Ireland,County,Independent,IND,,,,,,,,,Yes,No,Gareth,Burns,Male,No,No,,No,157,,0.0040350561566732632552879796
3810,22171,N05000016,N92000002,Strangford,,Northern Ireland,County,Independent,IND,,,,,,,,,Yes,No,Garreth,Falls,Male,No,No,,No,256,,0.00657945462489398339715747
3810,22172,N05000016,N92000002,Strangford,,Northern Ireland,County,Green Party Northern Ireland,Green,Green Party Northern Ireland,Green,1113,PP305,,,,,No,No,Alexandra,Braidner,Female,No,No,,No,703,0.0000680000,0.0180677992238299622195378961
3810,22173,N05000016,N92000002,Strangford,,Northern Ireland,County,Social Democratic & Labour Party,SDLP,Social Democratic & Labour Party,SDLP,31,PP55,,,,,No,No,Will,Polland,Male,No,No,,No,1783,-0.0546420000,0.0458248734226014546762959727
3810,22174,N05000016,N92000002,Strangford,,Northern Ireland,County,Sinn Féin,SF,Sinn Féin,SF,30,PP39,,,,,No,No,Noel,Sands,Male,No,No,,No,2793,-0.0039560000,0.0717828779973784985478938035
3810,22175,N05000016,N92000002,Strangford,,Northern Ireland,County,Traditional Unionist Voice,TUV,Traditional Unionist Voice,TUV,158,PP680,,,,,No,No,Ron,McDowell,Male,No,No,,No,3143,,0.080778226117350741473695032
3810,22176,N05000016,N92000002,Strangford,,Northern Ireland,County,Ulster Unionist Party,UUP,Ulster Unionist Party,UUP,38,PP83,,,,,No,No,Richard,Smart,Male,No,No,,No,3941,0.0089800000,0.101287619830887455344521833
3810,22177,N05000016,N92000002,Strangford,,Northern Ireland,County,Alliance,APNI,Alliance,APNI,1,PP103,,,,,No,No,Michelle,Guy,Female,No,No,,No,10428,0.0056460000,0.2680099719859158549435863168
3810,22178,N05000016,N92000002,Strangford,,Northern Ireland,County,Democratic Unionist Party,DUP,Democratic Unionist Party,DUP,7,PP70,,,,,No,No,Jim,Shannon,Male,Yes,Yes,4131,Yes,15559,-0.0049980000,0.3998817754247089362358323267
3811,22179,E14001525,E12000007,Stratford and Bow,London,England,Borough,Independent,IND,,,,,,,,,Yes,No,Steve,Hedley,Male,No,No,,No,375,,0.0086335904224703580062161851
3811,22180,E14001525,E12000007,Stratford and Bow,London,England,Borough,Independent,IND,,,,,,,,,Yes,No,Fiona,Lali,Female,No,No,,No,1791,,0.0412340278577184298376885001
3811,22181,E14001525,E12000007,Stratford and Bow,London,England,Borough,Independent,IND,,,,,,,,,Yes,No,Omar,Faruk,Male,No,No,,No,1826,,0.0420398296304823299182686773
3811,22182,E14001525,E12000007,Stratford and Bow,London,England,Borough,Liberal Democrat,LD,Liberal Democrat,LD,17,PP90,,,,,No,No,Janey,Little,Female,No,No,,No,1926,-0.0456840000,0.0443421204098077587199263267
3811,22183,E14001525,E12000007,Stratford and Bow,London,England,Borough,Reform UK,RUK,Reform UK,RUK,1036,PP7931,,,,,No,No,Jeff,Evans,Male,No,No,,No,2093,0.0248200000,0.0481869460112812248186946011
3811,22184,E14001525,E12000007,Stratford and Bow,London,England,Borough,Independent,IND,,,,,,,,,Yes,No,Nizam,Ali,Male,No,No,,No,2380,,0.0547945205479452054794520548
3811,22185,E14001525,E12000007,Stratford and Bow,London,England,Borough,Conservative,Con,Conservative,Con,4,PP52,,,,,No,No,Kane,Blackwell,Male,No,No,,No,3114,-0.0734680000,0.0716933348681938528836192011
3811,22186,E14001525,E12000007,Stratford and Bow,London,England,Borough,Workers Party of Britain,WPB,Workers Party of Britain,WPB,1042,PP11382,,,,,No,No,Halima,Khan,Female,No,No,,No,3274,,0.0753770001151145389662714401
3811,22187,E14001525,E12000007,Stratford and Bow,London,England,Borough,Green Party,Green,Green Party,Green,44,PP63,,,,,No,No,Joe,Hudson-Small,Male,No,No,,No,7511,0.1358170000,0.1729250604351329572925060435
3811,22188,E14001525,E12000007,Stratford and Bow,London,England,Borough,Labour,Lab,Labour,Lab,15,PP53,,,,,No,No,Uma,Kumaran,Female,No,No,5278,Yes,19145,-0.2635640000,0.4407735697018533440773569702
3812,22189,E14001526,E12000005,Stratford-on-Avon,West Midlands,England,County,New Open Non-Political Organised Leadership,NONPOL,New Open Non-Political Organised Leadership,NONPOL,1076,PP12918,,,,,No,No,Neil,O'Neil,Male,No,No,,No,186,,0.0035121509091939047187446893
3812,22190,E14001526,E12000005,Stratford-on-Avon,West Midlands,England,County,Independent,IND,,,,,,,,,Yes,No,Kevin,Taylor,Male,No,No,,No,292,,0.0055136992767990332143733832
3812,22191,E14001526,E12000005,Stratford-on-Avon,West Midlands,England,County,Green Party,Green,Green Party,Green,44,PP63,,,,,No,No,Doug,Rouxel,Male,No,No,,No,1197,-0.0153200000,0.0226023905285220642383730811
3812,22192,E14001526,E12000005,Stratford-on-Avon,West Midlands,England,County,Labour,Lab,Labour,Lab,15,PP53,,,,,No,No,Seyi,Agboola,Male,No,No,,No,3753,-0.0425460000,0.0708661417322834645669291339
3812,22193,E14001526,E12000005,Stratford-on-Avon,West Midlands,England,County,Reform UK,RUK,Reform UK,RUK,1036,PP7931,,,,,No,No,James,Crocker,Male,No,No,,No,7753,,0.1463962688117222757227289035
3812,22194,E14001526,E12000005,Stratford-on-Avon,West Midlands,England,County,Conservative,Con,Conservative,Con,4,PP52,,,,,No,No,Chris,Clarkson,Male,Yes,Yes,4835,No,16328,-0.2935870000,0.3083139787382692271379746596
3812,22195,E14001526,E12000005,Stratford-on-Avon,West Midlands,England,County,Liberal Democrat,LD,Liberal Democrat,LD,17,PP90,,,,,No,No,Manuela,Perteghella,Female,No,No,5122,Yes,23450,0.1960300000,0.4427953700032100304008761495
3813,22196,E14001527,E12000007,Streatham and Croydon North,London,England,Borough,Social Democratic Party,SDP,Social Democratic Party,SDP,32,PP243,,,,,No,No,Myles,Owen,Male,No,No,,No,139,,0.0031198796938477768051534128
3813,22197,E14001527,E12000007,Streatham and Croydon North,London,England,Borough,Christian Peoples Alliance,CPA,Christian Peoples Alliance,CPA,80,PP79,,,,,No,No,Magdaline,Nzekwue,Female,No,No,,No,290,,0.006509101519538527147442372
3813,22198,E14001527,E12000007,Streatham and Croydon North,London,England,Borough,Workers Party of Britain,WPB,Workers Party of Britain,WPB,1042,PP11382,,,,,No,No,Waseem,Sherwani,Male,No,No,,No,910,,0.0204251116647588265661122708
3813,22199,E14001527,E12000007,Streatham and Croydon North,London,England,Borough,Reform UK,RUK,Reform UK,RUK,1036,PP7931,,,,,No,No,Philip,Watson,Male,No,No,,No,1994,0.0319310000,0.0447556842412407694206899648
3813,22200,E14001527,E12000007,Streatham and Croydon North,London,England,Borough,Liberal Democrat,LD,Liberal Democrat,LD,17,PP90,,,,,No,No,Claire,Bonham,Female,No,No,,No,5031,-0.0625290000,0.1129216887751666554440778399
3813,22201,E14001527,E12000007,Streatham and Croydon North,London,England,Borough,Conservative,Con,Conservative,Con,4,PP52,,,,,No,No,Anthony,Boutall,Male,No,No,,No,5328,-0.0688040000,0.119587906538280250488182614
3813,22202,E14001527,E12000007,Streatham and Croydon North,London,England,Borough,Green Party,Green,Green Party,Green,44,PP63,,,,,No,No,Scott,Ainslie,Male,No,No,,No,7629,0.1268360000,0.1712342603191704262339236415
3813,22203,E14001527,E12000007,Streatham and Croydon North,London,England,Borough,Labour / Co-operative Party,Lab / Co-op,Labour,Lab,15,PP53,Co-operative Party,Co-op,,,No,No,Steve,Reed,Male,Yes,Yes,4268,Yes,23232,-0.0574890000,0.5214463672479967678944178843
3814,22204,E14001528,E12000002,Stretford and Urmston,North West,England,Borough,Rejoin EU,REU,Rejoin EU,REU,1040,PP11423,,,,,No,No,Jim,Newell,Male,No,No,,No,308,,0.0066953610712577714012434242
3814,22205,E14001528,E12000002,Stretford and Urmston,North West,England,Borough,Liberal Democrat,LD,Liberal Democrat,LD,17,PP90,,,,,No,No,Mark,Clayton,Male,No,No,,No,2216,-0.0111290000,0.04817181861658188774401113
3814,22206,E14001528,E12000002,Stretford and Urmston,North West,England,Borough,Green Party,Green,Green Party,Green,44,PP63,,,,,No,No,Daniel,Jerrome,Male,No,No,,No,4398,0.0685010000,0.0956045389330898656580148689
3814,22207,E14001528,E12000002,Stretford and Urmston,North West,England,Borough,Workers Party of Britain,WPB,Workers Party of Britain,WPB,1042,PP11382,,,,,No,No,Khalila,Chaudry,Female,No,No,,No,4461,,0.0969740446067562279900873875
3814,22208,E14001528,E12000002,Stretford and Urmston,North West,England,Borough,Reform UK,RUK,Reform UK,RUK,1036,PP7931,,,,,No,No,Charlotte,Faulkner,Female,No,No,,No,5485,0.0839210000,0.1192339463501586887526629277
3814,22209,E14001528,E12000002,Stretford and Urmston,North West,England,Borough,Conservative,Con,Conservative,Con,4,PP52,,,,,No,No,Mark,Cornes,Male,No,No,,No,6492,-0.1340670000,0.1411242989435241946002347724
3814,22210,E14001528,E12000002,Stretford and Urmston,North West,England,Borough,Labour,Lab,Labour,Lab,15,PP53,,,,,No,No,Andrew,Western,Male,Yes,Yes,4979,Yes,22642,-0.1108960000,0.4921959914786313638537454893
3815,22211,E14001529,E12000009,Stroud,South West,England,County,Volt United Kingdom,VUK,Volt United Kingdom,VUK,1056,PP8009,,,,,No,No,Jason,Hughes,Male,No,No,,No,163,,0.0029517755926187501131815795
3815,22212,E14001529,E12000009,Stroud,South West,England,County,Independent,IND,,,,,,,,,Yes,No,Saskia,Whitfield,Female,No,No,,No,261,,0.0047264627587330906720269463
3815,22213,E14001529,E12000009,Stroud,South West,England,County,Liberal Democrat,LD,Liberal Democrat,LD,17,PP90,,,,,No,No,George,James,Male,No,No,,No,2913,0.0304080000,0.0527516705601130004889444233
3815,22214,E14001529,E12000009,Stroud,South West,England,County,Green Party,Green,Green Party,Green,44,PP63,,,,,No,No,Pete,Kennedy,Male,No,No,,No,5729,0.0237140000,0.1037467630068271128737255754
3815,22215,E14001529,E12000009,Stroud,South West,England,County,Reform UK,RUK,Reform UK,RUK,1036,PP7931,,,,,No,No,Chris,Lester,Male,No,No,,No,6329,0.0996340000,0.1146121946360985856829829232
3815,22216,E14001529,E12000009,Stroud,South West,England,County,Conservative,Con,Conservative,Con,4,PP52,,,,,No,No,Siobhan,Baillie,Female,Yes,Yes,4847,No,14219,-0.1994840000,0.2574926205610184531247170461
3815,22217,E14001529,E12000009,Stroud,South West,England,County,Labour,Lab,Labour,Lab,15,PP53,,,,,No,No,Simon,Opher,Male,No,No,5030,Yes,25607,0.0473920000,0.4637185128845910070444215063
3816,22218,E14001530,E12000006,Suffolk Coastal,East of England,England,County,Green Party,Green,Green Party,Green,44,PP63,,,,,No,No,Julian,Cusack,Male,No,No,,No,4380,0.0444970000,0.0885725263392044650259853188
3816,22219,E14001530,E12000006,Suffolk Coastal,East of England,England,County,Liberal Democrat,LD,Liberal Democrat,LD,17,PP90,,,,,No,No,Julia,Ewart,Female,No,No,,No,6947,-0.0107830000,0.1404824978261309174738630159
3816,22220,E14001530,E12000006,Suffolk Coastal,East of England,England,County,Reform UK,RUK,Reform UK,RUK,1036,PP7931,,,,,No,No,Matthew,Jackson,Male,No,No,,No,7850,,0.1587429981193504681401791673
3816,22221,E14001530,E12000006,Suffolk Coastal,East of England,England,County,Conservative,Con,Conservative,Con,4,PP52,,,,,No,No,Thérèse,Coffey,Female,Yes,Yes,4098,No,14602,-0.2691790000,0.2952821985399688580615154395
3816,22222,E14001530,E12000006,Suffolk Coastal,East of England,England,County,Labour,Lab,Labour,Lab,15,PP53,,,,,No,No,Jenny,Riddell-Carpenter,Female,No,No,5160,Yes,15672,0.1029790000,0.3169197791753452912984570585
3817,22223,E14001531,E12000001,Sunderland Central,North East,England,Borough,Green Party,Green,Green Party,Green,44,PP63,,,,,No,No,Rachel,Featherstone,Female,No,No,,No,2993,0.0470280000,0.074905523437695522686888405
3817,22224,E14001531,E12000001,Sunderland Central,North East,England,Borough,Liberal Democrat,LD,Liberal Democrat,LD,17,PP90,,,,,No,No,Niall,Hodson,Male,No,No,,No,3602,0.0205680000,0.0901469079260204720074079636
3817,22225,E14001531,E12000001,Sunderland Central,North East,England,Borough,Conservative,Con,Conservative,Con,4,PP52,,,,,No,No,Greg,Peacock,Male,No,No,,No,5731,-0.2101450000,0.1434291863753535050178942363
3817,22226,E14001531,E12000001,Sunderland Central,North East,England,Borough,Reform UK,RUK,Reform UK,RUK,1036,PP7931,,,,,No,No,Chris,Enyon,Male,No,No,,No,10779,0.1536780000,0.269764997372175088219836324
3817,22227,E14001531,E12000001,Sunderland Central,North East,England,Borough,Labour,Lab,Labour,Lab,15,PP53,,,,,No,No,Lewis,Atkinson,Male,No,No,5028,Yes,16852,0.0000030000,0.4217533848887554120679730711
3818,22228,E14001532,E12000008,Surrey Heath,South East,England,County,Heritage Party,HPUK,Heritage Party,HPUK,1037,PP12550,,,,,No,No,Elizabeth,Wallitt,Female,No,No,,No,92,,0.0019251694986189001422951369
3818,22229,E14001532,E12000008,Surrey Heath,South East,England,County,Green Party,Green,Green Party,Green,44,PP63,,,,,No,No,Jon,Campbell,Male,No,No,,No,1162,-0.0110760000,0.0243157277977734996233364024
3818,22230,E14001532,E12000008,Surrey Heath,South East,England,County,Labour,Lab,Labour,Lab,15,PP53,,,,,No,No,Jessica,Hammersley-Rich,Female,No,No,,No,3148,-0.0278900000,0.0658742780614380179124466393
3818,22231,E14001532,E12000008,Surrey Heath,South East,England,County,Reform UK,RUK,Reform UK,RUK,1036,PP7931,,,,,No,No,Sam,Goggin,Female,No,No,,No,6252,,0.1308278228844061270611869088
3818,22232,E14001532,E12000008,Surrey Heath,South East,England,County,Conservative,Con,Conservative,Con,4,PP52,,,,,No,No,Ed,McGuinness,Male,No,No,,No,15747,-0.2490440000,0.3295178705951284841382773918
3818,22233,E14001532,E12000008,Surrey Heath,South East,England,County,Liberal Democrat,LD,Liberal Democrat,LD,17,PP90,,,,,No,No,Al,Pinkerton,Male,No,No,5288,Yes,21387,0.1673030000,0.4475391311626349711224575207
3819,22234,E14001533,E12000008,Sussex Weald,South East,England,County,UK Independence Party,UKIP,UK Independence Party,UKIP,35,PP85,,,,,No,No,Chris,Magness,Male,No,No,,No,152,,0.0030910015251652262328418912
3819,22235,E14001533,E12000008,Sussex Weald,South East,England,County,Heritage Party,HPUK,Heritage Party,HPUK,1037,PP12550,,,,,No,No,Dominie,Stemp,Female,No,No,,No,156,,0.0031723436705643111337061515
3819,22236,E14001533,E12000008,Sussex Weald,South East,England,County,Social Democratic Party,SDP,Social Democratic Party,SDP,32,PP243,,,,,No,No,Stephen,Gander,Male,No,No,,No,319,,0.0064870360955770208439247585
3819,22237,E14001533,E12000008,Sussex Weald,South East,England,County,Independent,IND,,,,,,,,,Yes,No,Shaun,Bowler,Male,No,No,,No,953,,0.0193797661413319776309100153
3819,22238,E14001533,E12000008,Sussex Weald,South East,England,County,Green Party,Green,Green Party,Green,44,PP63,,,,,No,No,Austin,Henderson,Male,No,No,,No,3762,0.0307500000,0.0765022877478393492628368073
3819,22239,E14001533,E12000008,Sussex Weald,South East,England,County,Labour,Lab,Labour,Lab,15,PP53,,,,,No,No,Dipesh,Patel,Male,No,No,,No,8239,0.0188330000,0.1675444839857651245551601423
3819,22240,E14001533,E12000008,Sussex Weald,South East,England,County,Reform UK,RUK,Reform UK,RUK,1036,PP7931,,,,,No,No,David,Morgan,Male,No,No,,No,8920,,0.1813929842399593289273004575
3819,22241,E14001533,E12000008,Sussex Weald,South East,England,County,Liberal Democrat,LD,Liberal Democrat,LD,17,PP90,,,,,No,No,Danielle,Newson,Female,No,No,,No,9916,0.0332470000,0.201647178444331469242501271
3819,22242,E14001533,E12000008,Sussex Weald,South East,England,County,Conservative,Con,Conservative,Con,4,PP52,,,,,No,No,Nus,Ghani,Female,Yes,Yes,4460,Yes,16758,-0.2963530000,0.3407829181494661921708185053
3820,22243,E14001534,E12000007,Sutton and Cheam,London,England,Borough,Independent,IND,,,,,,,,,Yes,No,Hamilton,Action-Man Kingsley,Male,No,No,,No,317,,0.0066588245179179095072049742
3820,22244,E14001534,E12000007,Sutton and Cheam,London,England,Borough,Green Party,Green,Green Party,Green,44,PP63,,,,,No,No,Aasha,Anam,Female,No,No,,No,1721,0.0130160000,0.0361509053480653699113557115
3820,22245,E14001534,E12000007,Sutton and Cheam,London,England,Borough,Reform UK,RUK,Reform UK,RUK,1036,PP7931,,,,,No,No,Ryan,Powell,Male,No,No,,No,5787,,0.1215603075242616476914674621
3820,22246,E14001534,E12000007,Sutton and Cheam,London,England,Borough,Labour,Lab,Labour,Lab,15,PP53,,,,,No,No,Chrisni,Reshekaron,Female,No,No,,No,8430,0.0344680000,0.1770785195143469310591101962
3820,22247,E14001534,E12000007,Sutton and Cheam,London,England,Borough,Conservative,Con,Conservative,Con,4,PP52,,,,,No,No,Tom,Drummond,Male,No,No,,No,13775,-0.2104770000,0.2893542830735621560307524262
3820,22248,E14001534,E12000007,Sutton and Cheam,London,England,Borough,Liberal Democrat,LD,Liberal Democrat,LD,17,PP90,,,,,No,No,Luke,Taylor,Male,No,No,5103,Yes,17576,0.0347740000,0.3691971600218459858001092299
3821,22249,E14001535,E12000005,Sutton Coldfield,West Midlands,England,Borough,Workers Party of Britain,WPB,Workers Party of Britain,WPB,1042,PP11382,,,,,No,No,Wajad,Burkey,Male,No,No,,No,653,,0.0135104380030207104876585356
3821,22250,E14001535,E12000005,Sutton Coldfield,West Midlands,England,Borough,Green Party,Green,Green Party,Green,44,PP63,,,,,No,No,Ben,Auton,Male,No,No,,No,2419,0.0112340000,0.0500486210249725860178346058
3821,22251,E14001535,E12000005,Sutton Coldfield,West Midlands,England,Borough,Liberal Democrat,LD,Liberal Democrat,LD,17,PP90,,,,,No,No,John,Sweeney,Male,No,No,,No,2587,-0.0679850000,0.0535245070655659694204787619
3821,22252,E14001535,E12000005,Sutton Coldfield,West Midlands,England,Borough,Reform UK,RUK,Reform UK,RUK,1036,PP7931,,,,,No,No,Mark,Hoath,Male,No,No,,No,8213,,0.1699253098297229636066455631
3821,22253,E14001535,E12000005,Sutton Coldfield,West Midlands,England,Borough,Labour,Lab,Labour,Lab,15,PP53,,,,,No,No,Rob,Pocock,Male,No,No,,No,15959,0.0945080000,0.3301884840585107483499886206
3821,22254,E14001535,E12000005,Sutton Coldfield,West Midlands,England,Borough,Conservative,Con,Conservative,Con,4,PP52,,,,,No,No,Andrew,Mitchell,Male,Yes,Yes,1211,Yes,18502,-0.2211920000,0.3828026400182070221173939131
3822,22255,W07000108,W92000004,Swansea West,,Wales,County,Trade Unionist and Socialist Coalition,TUSC,Trade Unionist and Socialist Coalition,TUSC,157,PP804,,,,,No,No,Gareth,Bromhall,Male,No,No,,No,337,,0.0094511596600947920464424938
3822,22256,W07000108,W92000004,Swansea West,,Wales,County,Green Party,Green,Green Party,Green,44,PP63,,,,,No,No,Peter,Jones,Male,No,No,,No,2305,0.0563400000,0.064643688476316010881453852
3822,22257,W07000108,W92000004,Swansea West,,Wales,County,Conservative,Con,Conservative,Con,4,PP52,,,,,No,No,Tara-Jane,Sutcliffe,Female,No,No,,No,3536,-0.1875360000,0.0991670639706088566059960176
3822,22258,W07000108,W92000004,Swansea West,,Wales,County,Plaid Cymru,PC,Plaid Cymru,PC,22,PP77,,,,,No,No,Gwyn,Williams,Male,No,No,,No,4105,0.0564130000,0.1151246599545671256695739967
3822,22259,W07000108,W92000004,Swansea West,,Wales,County,Liberal Democrat,LD,Liberal Democrat,LD,17,PP90,,,,,No,No,Michael,O'Carroll,Male,No,No,,No,4367,0.0583530000,0.1224724458030681212665114844
3822,22260,W07000108,W92000004,Swansea West,,Wales,County,Reform UK,RUK,Reform UK,RUK,1036,PP7931,,,,,No,No,Patrick,Benham-Crosswell,Male,No,No,,No,6246,0.1067960000,0.1751689710295313683147769022
3822,22261,W07000108,W92000004,Swansea West,,Wales,County,Labour,Lab,Labour,Lab,15,PP53,,,,,No,No,Torsten,Bell,Male,No,No,5069,Yes,14761,-0.0998180000,0.4139720111058137252152452534
3823,22262,E14001536,E12000009,Swindon North,South West,England,County,Trade Unionist and Socialist Coalition,TUSC,Trade Unionist and Socialist Coalition,TUSC,157,PP804,,,,,No,No,Scott,Hunter,Male,No,No,,No,139,,0.0031472885769274312238197668
3823,22263,E14001536,E12000009,Swindon North,South West,England,County,Independent,IND,,,,,,,,,Yes,No,Debbie,Hicks,Female,No,No,,No,260,,0.0058870146043246914977923695
3823,22264,E14001536,E12000009,Swindon North,South West,England,County,Liberal Democrat,LD,Liberal Democrat,LD,17,PP90,,,,,No,No,Flo,Clucas,Female,No,No,,No,2086,-0.0317870000,0.0472319710177742556322880109
3823,22265,E14001536,E12000009,Swindon North,South West,England,County,Green Party,Green,Green Party,Green,44,PP63,,,,,No,No,Andy,Bentley,Male,No,No,,No,2366,0.0229900000,0.0535718328993546926299105627
3823,22266,E14001536,E12000009,Swindon North,South West,England,County,Reform UK,RUK,Reform UK,RUK,1036,PP7931,,,,,No,No,Les,Willis,Male,No,No,,No,7557,,0.1711083437110834371108343711
3823,22267,E14001536,E12000009,Swindon North,South West,England,County,Conservative,Con,Conservative,Con,4,PP52,,,,,No,No,Justin,Tomlinson,Male,Yes,Yes,4105,No,13827,-0.2719480000,0.3130759651307596513075965131
3823,22268,E14001536,E12000009,Swindon North,South West,England,County,Labour,Lab,Labour,Lab,15,PP53,,,,,No,No,Will,Stone,Male,No,No,5035,Yes,17930,0.1006020000,0.405977584059775840597758406
3824,22269,E14001537,E12000009,Swindon South,South West,England,Borough,Independent,IND,,,,,,,,,Yes,No,Martin,Costello,Male,No,No,,No,472,,0.0105371255078805197124614904
3824,22270,E14001537,E12000009,Swindon South,South West,England,Borough,Liberal Democrat,LD,Liberal Democrat,LD,17,PP90,,,,,No,No,Matthew,McCabe,Male,No,No,,No,1843,-0.0353400000,0.0411439032013216055721748448
3824,22271,E14001537,E12000009,Swindon South,South West,England,Borough,Green Party,Green,Green Party,Green,44,PP63,,,,,No,No,Roderick,Hebden,Male,No,No,,No,2539,0.0514120000,0.0566816984417555922668214493
3824,22272,E14001537,E12000009,Swindon South,South West,England,Borough,Reform UK,RUK,Reform UK,RUK,1036,PP7931,,,,,No,No,Catherine,Kosidowski,Female,No,No,,No,6194,,0.138277447872482921819886592
3824,22273,E14001537,E12000009,Swindon South,South West,England,Borough,Conservative,Con,Conservative,Con,4,PP52,,,,,No,No,Robert,Buckland,Male,Yes,Yes,4106,No,12070,-0.2467070000,0.2694557306782158324775639595
3824,22274,E14001537,E12000009,Swindon South,South West,England,Borough,Labour,Lab,Labour,Lab,15,PP53,,,,,No,No,Heidi,Alexander,Female,No,Yes,4038,Yes,21676,0.0818200000,0.4839040942983435281510916641
3825,22275,E14001538,E12000005,Tamworth,West Midlands,England,County,Workers Party of Britain,WPB,Workers Party of Britain,WPB,1042,PP11382,,,,,No,No,Adam,Goodfellow,Male,No,No,,No,170,,0.0038823421942084589385219695
3825,22276,E14001538,E12000005,Tamworth,West Midlands,England,County,UK Independence Party,UKIP,UK Independence Party,UKIP,35,PP85,,,,,No,No,Robert,Bilcliff,Male,No,No,,No,290,-0.0104840000,0.0066228190371791358363021832
3825,22277,E14001538,E12000005,Tamworth,West Midlands,England,County,Liberal Democrat,LD,Liberal Democrat,LD,17,PP90,,,,,No,No,Jed,Marson,Male,No,No,,No,1451,-0.0200320000,0.0331369324929204348223257513
3825,22278,E14001538,E12000005,Tamworth,West Midlands,England,County,Green Party,Green,Green Party,Green,44,PP63,,,,,No,No,Susan,Howarth,Female,No,No,,No,1579,0.0155490000,0.036060107792089156846624646
3825,22279,E14001538,E12000005,Tamworth,West Midlands,England,County,Reform UK,RUK,Reform UK,RUK,1036,PP7931,,,,,No,No,Ian,Cooper,Male,No,No,,No,11004,,0.2513017265004110715264456015
3825,22280,E14001538,E12000005,Tamworth,West Midlands,England,County,Conservative,Con,Conservative,Con,4,PP52,,,,,No,No,Eddie,Hughes,Male,Yes,Yes,4635,No,13956,-0.3484820000,0.31871745683748972321183886
3825,22281,E14001538,E12000005,Tamworth,West Midlands,England,County,Labour,Lab,Labour,Lab,15,PP53,,,,,No,No,Sarah,Edwards,Female,Yes,Yes,5001,Yes,15338,0.1173220000,0.3502786151457020188179409884
3826,22282,E14001539,E12000002,Tatton,North West,England,County,Green Party,Green,Green Party,Green,44,PP63,,,,,No,No,Nigel,Hennerley,Male,No,No,,No,2571,0.0125940000,0.0495289834132809339420909669
3826,22283,E14001539,E12000002,Tatton,North West,England,County,Liberal Democrat,LD,Liberal Democrat,LD,17,PP90,,,,,No,No,Jonathan,Smith,Male,No,No,,No,4614,-0.0729720000,0.0888863202912789689649193781
3826,22284,E14001539,E12000002,Tatton,North West,England,County,Reform UK,RUK,Reform UK,RUK,1036,PP7931,,,,,No,No,Oliver,Speakman,Male,No,No,,No,5948,0.1109930000,0.1145851393785278082798743956
3826,22285,E14001539,E12000002,Tatton,North West,England,County,Labour,Lab,Labour,Lab,15,PP53,,,,,No,No,Ryan,Jude,Male,No,No,,No,18820,0.1377860000,0.3625575526401972682964418502
3826,22286,E14001539,E12000002,Tatton,North West,England,County,Conservative,Con,Conservative,Con,4,PP52,,,,,No,No,Esther,McVey,Female,Yes,Yes,4084,Yes,19956,-0.1884000000,0.3844420042767150205166734092
3827,22287,E14001540,E12000009,Taunton and Wellington,South West,England,County,Communist Party of Britain,Comm,Communist Party of Britain,Comm,76,PP78,,,,,No,No,Rochelle,Russell,Female,No,No,,No,134,,0.0026643337177396906191593431
3827,22288,E14001540,E12000009,Taunton and Wellington,South West,England,County,Green Party,Green,Green Party,Green,44,PP63,,,,,No,No,Ryan,Trower,Male,No,No,,No,1832,,0.0364258162007396508529844514
3827,22289,E14001540,E12000009,Taunton and Wellington,South West,England,County,Labour,Lab,Labour,Lab,15,PP53,,,,,No,No,Brenda,Weston,Female,No,No,,No,3552,-0.0083430000,0.0706247266075476199944327355
3827,22290,E14001540,E12000009,Taunton and Wellington,South West,England,County,Reform UK,RUK,Reform UK,RUK,1036,PP7931,,,,,No,No,Charles,Hansard,Male,No,No,,No,8053,,0.1601185032011770787767924603
3827,22291,E14001540,E12000009,Taunton and Wellington,South West,England,County,Conservative,Con,Conservative,Con,4,PP52,,,,,No,No,Rebecca,Pow,Female,Yes,Yes,4522,No,12392,-0.2734100000,0.2463912196285839265121088003
3827,22292,E14001540,E12000009,Taunton and Wellington,South West,England,County,Liberal Democrat,LD,Liberal Democrat,LD,17,PP90,,,,,No,No,Gideon,Amos,Male,No,No,5250,Yes,24331,0.1207700000,0.4837754006442120332445222094
3828,22293,E14001541,E12000005,Telford,West Midlands,England,Borough,Liberal Democrat,LD,Liberal Democrat,LD,17,PP90,,,,,No,No,Jo,McKenna,Female,No,No,,No,1560,-0.0240540000,0.0383010066290203780996808249
3828,22294,E14001541,E12000005,Telford,West Midlands,England,Borough,Green Party,Green,Green Party,Green,44,PP63,,,,,No,No,John,Adams,Male,No,No,,No,2120,0.0514300000,0.0520500859317456420328995826
3828,22295,E14001541,E12000005,Telford,West Midlands,England,Borough,Conservative,Con,Conservative,Con,4,PP52,,,,,No,No,Hannah,Campbell,Female,No,No,,No,8728,-0.3794390000,0.2142892217039037564448809232
3828,22296,E14001541,E12000005,Telford,West Midlands,England,Borough,Reform UK,RUK,Reform UK,RUK,1036,PP7931,,,,,No,No,Alan,Adams,Male,No,No,,No,10110,,0.2482199852688436042229315001
3828,22297,E14001541,E12000005,Telford,West Midlands,England,Borough,Labour,Lab,Labour,Lab,15,PP53,,,,,No,No,Shaun,Davies,Male,No,No,5041,Yes,18212,0.1038430000,0.4471397004664866191996071692
3829,22298,E14001542,E12000009,Tewkesbury,South West,England,County,Christian Peoples Alliance,CPA,Christian Peoples Alliance,CPA,80,PP79,,,,,No,No,David,Edgar,Male,No,No,,No,170,,0.0035023383258822802282700509
3829,22299,E14001542,E12000009,Tewkesbury,South West,England,County,Green Party,Green,Green Party,Green,44,PP63,,,,,No,No,Cate,Cody,Female,No,No,,No,2873,0.0170230000,0.05918951770741053585776386
3829,22300,E14001542,E12000009,Tewkesbury,South West,England,County,Labour,Lab,Labour,Lab,15,PP53,,,,,No,No,Damola,Animashaun,Female,No,No,,No,4298,-0.0683100000,0.0885473536743649436535569336
3829,22301,E14001542,E12000009,Tewkesbury,South West,England,County,Reform UK,RUK,Reform UK,RUK,1036,PP7931,,,,,No,No,Byron,Davis,Male,No,No,,No,6000,,0.1236119409134922433507076784
3829,22302,E14001542,E12000009,Tewkesbury,South West,England,County,Conservative,Con,Conservative,Con,4,PP52,,,,,No,No,Laurence,Robertson,Male,Yes,Yes,253,No,14468,-0.2829210000,0.2980695935227342961330064484
3829,22303,E14001542,E12000009,Tewkesbury,South West,England,County,Liberal Democrat,LD,Liberal Democrat,LD,17,PP90,,,,,No,No,Cameron,Thomas,Male,No,No,5354,Yes,20730,0.2070930000,0.4270792558561157007766950287
3830,22304,E14001543,E12000005,The Wrekin,West Midlands,England,County,Independent,IND,,,,,,,,,Yes,No,Chris,Shipley,Male,No,No,,No,558,,0.0111555377848860455817672931
3830,22305,E14001543,E12000005,The Wrekin,West Midlands,England,County,Green Party,Green,Green Party,Green,44,PP63,,,,,No,No,Pat,McCarthy,Male,No,No,,No,3028,0.0312600000,0.0605357856857257097161135546
3830,22306,E14001543,E12000005,The Wrekin,West Midlands,England,County,Liberal Democrat,LD,Liberal Democrat,LD,17,PP90,,,,,No,No,Anthony,Lowe,Male,No,No,,No,4757,0.0147690000,0.0951019592163134746101559376
3830,22307,E14001543,E12000005,The Wrekin,West Midlands,England,County,Reform UK,RUK,Reform UK,RUK,1036,PP7931,,,,,No,No,Richard,Leppington,Male,No,No,,No,9920,,0.1983206717313074770091963215
3830,22308,E14001543,E12000005,The Wrekin,West Midlands,England,County,Labour,Lab,Labour,Lab,15,PP53,,,,,No,No,Roh,Yakobi,Male,No,No,,No,15437,0.0653300000,0.3086165533786485405837664934
3830,22309,E14001543,E12000005,The Wrekin,West Midlands,England,County,Conservative,Con,Conservative,Con,4,PP52,,,,,No,No,Mark,Pritchard,Male,Yes,Yes,1576,Yes,16320,-0.3208350000,0.3262694922031187524990003998
3831,22310,E14001544,E12000003,Thirsk and Malton,Yorkshire and The Humber,England,County,The Yorkshire Party,Yrks,The Yorkshire Party,Yrks,262,PP2055,,,,,No,No,Luke,Brownlee,Male,No,No,,No,931,,0.0186959053758258529630299014
3831,22311,E14001544,E12000003,Thirsk and Malton,Yorkshire and The Humber,England,County,Green Party,Green,Green Party,Green,44,PP63,,,,,No,No,Richard,McLane,Male,No,No,,No,2986,0.0149810000,0.0599634516135510171295459566
3831,22312,E14001544,E12000003,Thirsk and Malton,Yorkshire and The Humber,England,County,Liberal Democrat,LD,Liberal Democrat,LD,17,PP90,,,,,No,No,Steve,Mason,Male,No,No,,No,5379,-0.0165460000,0.1080185553346587143803843605
3831,22313,E14001544,E12000003,Thirsk and Malton,Yorkshire and The Humber,England,County,Reform UK,RUK,Reform UK,RUK,1036,PP7931,,,,,No,No,Mark,Robinson,Male,No,No,,No,8963,,0.179990762495732674659116011
3831,22314,E14001544,E12000003,Thirsk and Malton,Yorkshire and The Humber,England,County,Labour,Lab,Labour,Lab,15,PP53,,,,,No,No,Lisa,Banes,Female,No,No,,No,11994,0.0629390000,0.2408578830050003012229652389
3831,22315,E14001544,E12000003,Thirsk and Malton,Yorkshire and The Humber,England,County,Conservative,Con,Conservative,Con,4,PP52,,,,,No,No,Kevin,Hollinrake,Male,Yes,Yes,4474,Yes,19544,-0.2325310000,0.3924734421752314396449585316
3832,22316,E14001545,E12000009,Thornbury and Yate,South West,England,County,Green Party,Green,Green Party,Green,44,PP63,,,,,No,No,Alexandra,Jenner-Fust,Female,No,No,,No,2165,0.0383210000,0.0405681413607660164521146027
3832,22317,E14001545,E12000009,Thornbury and Yate,South West,England,County,Labour,Lab,Labour,Lab,15,PP53,,,,,No,No,Rob,Logan,Male,No,No,,No,5057,0.0074060000,0.0947589334232765566735997901
3832,22318,E14001545,E12000009,Thornbury and Yate,South West,England,County,Reform UK,RUK,Reform UK,RUK,1036,PP7931,,,,,No,No,Andrew,Banwell,Male,No,No,,No,7529,,0.1410796934435137819251597429
3832,22319,E14001545,E12000009,Thornbury and Yate,South West,England,County,Conservative,Con,Conservative,Con,4,PP52,,,,,No,No,Luke,Hall,Male,Yes,Yes,4450,No,17801,-0.2512540000,0.3335581913916839994753311972
3832,22320,E14001545,E12000009,Thornbury and Yate,South West,England,County,Liberal Democrat,LD,Liberal Democrat,LD,17,PP90,,,,,No,No,Claire,Young,Female,No,No,5140,Yes,20815,0.0644460000,0.3900350403807596454737946671
3833,22321,E14001546,E12000006,Thurrock,East of England,England,Borough,Independent,IND,,,,,,,,,Yes,No,Nimal,Raj,Male,No,No,,No,443,,0.0117950902603972522498535598
3833,22322,E14001546,E12000006,Thurrock,East of England,England,Borough,Workers Party of Britain,WPB,Workers Party of Britain,WPB,1042,PP11382,,,,,No,No,Yousaff,Khan,Male,No,No,,No,691,,0.018398210767346504073699345
3833,22323,E14001546,E12000006,Thurrock,East of England,England,Borough,Liberal Democrat,LD,Liberal Democrat,LD,17,PP90,,,,,No,No,Michael,Bukola,Male,No,No,,No,1157,-0.0005220000,0.0308056872037914691943127962
3833,22324,E14001546,E12000006,Thurrock,East of England,England,Borough,Green Party,Green,Green Party,Green,44,PP63,,,,,No,No,Eugene,McCarthy,Male,No,No,,No,1632,0.0267970000,0.0434527930134724958730496832
3833,22325,E14001546,E12000006,Thurrock,East of England,England,Borough,Conservative,Con,Conservative,Con,4,PP52,,,,,No,No,Jacqueline,Doyle-Price,Female,Yes,Yes,4065,No,8009,-0.3858230000,0.2132435166941796687789552159
3833,22326,E14001546,E12000006,Thurrock,East of England,England,Borough,Reform UK,RUK,Reform UK,RUK,1036,PP7931,,,,,No,No,Sophie,Preston-Hall,Female,No,No,,No,9576,,0.2549656531231694978433356409
3833,22327,E14001546,E12000006,Thurrock,East of England,England,Borough,Labour,Lab,Labour,Lab,15,PP53,,,,,No,No,Jen,Craft,Female,No,No,5056,Yes,16050,0.0978750000,0.427339048937643111986793759
3834,22328,E14001547,E12000005,Tipton and Wednesbury,West Midlands,England,Borough,Liberal Democrat,LD,Liberal Democrat,LD,17,PP90,,,,,No,No,Mark,Rochell,Male,No,No,,No,592,-0.0126960000,0.0185871271585557299843014129
3834,22329,E14001547,E12000005,Tipton and Wednesbury,West Midlands,England,Borough,Independent,IND,,,,,,,,,Yes,No,Abdul,Husen,Male,No,No,,No,660,,0.0207221350078492935635792779
3834,22330,E14001547,E12000005,Tipton and Wednesbury,West Midlands,England,Borough,Independent,IND,,,,,,,,,Yes,No,Mohammed,Hussain-Billa,Male,No,No,,No,945,,0.0296703296703296703296703297
3834,22331,E14001547,E12000005,Tipton and Wednesbury,West Midlands,England,Borough,Green Party,Green,Green Party,Green,44,PP63,,,,,No,No,Mark,Redding,Male,No,No,,No,1509,0.0284780000,0.0473783359497645211930926217
3834,22332,E14001547,E12000005,Tipton and Wednesbury,West Midlands,England,Borough,Reform UK,RUK,Reform UK,RUK,1036,PP7931,,,,,No,No,Jack,Sabharwal,Male,No,No,,No,8019,0.1932920000,0.2517739403453689167974882261
3834,22333,E14001547,E12000005,Tipton and Wednesbury,West Midlands,England,Borough,Conservative,Con,Conservative,Con,4,PP52,,,,,No,No,Shaun,Bailey,Male,Yes,Yes,4757,No,8370,-0.2443000000,0.2627943485086342229199372057
3834,22334,E14001547,E12000005,Tipton and Wednesbury,West Midlands,England,Borough,Labour,Lab,Labour,Lab,15,PP53,,,,,No,No,Antonia,Bance,Female,No,No,5048,Yes,11755,-0.0151670000,0.3690737833594976452119309262
3835,22335,E14001548,E12000009,Tiverton and Minehead,South West,England,County,Green Party,Green,Green Party,Green,44,PP63,,,,,No,No,Laura,Buchanan,Female,No,No,,No,2234,0.0044790000,0.0470404918826725063696279295
3835,22336,E14001548,E12000009,Tiverton and Minehead,South West,England,County,Labour,Lab,Labour,Lab,15,PP53,,,,,No,No,Jonathan,Barter,Male,No,No,,No,4325,-0.0520160000,0.0910698869259438630477353604
3835,22337,E14001548,E12000009,Tiverton and Minehead,South West,England,County,Reform UK,RUK,Reform UK,RUK,1036,PP7931,,,,,No,No,Fred,Keen,Male,No,No,,No,7787,,0.1639679097092080604746162431
3835,22338,E14001548,E12000009,Tiverton and Minehead,South West,England,County,Conservative,Con,Conservative,Con,4,PP52,,,,,No,No,Ian,Liddell-Grainger,Male,Yes,Yes,1396,No,14819,-0.3011250000,0.3120380703712282327177781053
3835,22339,E14001548,E12000009,Tiverton and Minehead,South West,England,County,Liberal Democrat,LD,Liberal Democrat,LD,17,PP90,,,,,No,No,Rachel,Gilmour,Female,No,No,5252,Yes,18326,0.1909470000,0.3858836411109473373902423617
3836,22340,E14001549,E12000008,Tonbridge,South East,England,County,Social Democratic Party,SDP,Social Democratic Party,SDP,32,PP243,,,,,No,No,Ian,Grattidge,Male,No,No,,No,156,,0.0030996661897949451597520267
3836,22341,E14001549,E12000008,Tonbridge,South East,England,County,Independent Alliance (Kent),IAK,Independent Alliance (Kent),IAK,1092,PP6839,,,,,No,No,Tim,Shaw,Male,No,No,,No,926,,0.018399300588141789858528056
3836,22342,E14001549,E12000008,Tonbridge,South East,England,County,Liberal Democrat,LD,Liberal Democrat,LD,17,PP90,,,,,No,No,John,Woollcombe,Male,No,No,,No,4234,-0.0387370000,0.0841281195358448577332697504
3836,22343,E14001549,E12000008,Tonbridge,South East,England,County,Reform UK,RUK,Reform UK,RUK,1036,PP7931,,,,,No,No,Teresa,Hansford,Female,No,No,,No,7548,,0.1499761564139246542680019075
3836,22344,E14001549,E12000008,Tonbridge,South East,England,County,Green Party,Green,Green Party,Green,44,PP63,,,,,No,No,Anna,Cope,Female,No,No,,No,7596,0.0721790000,0.150929899856938483547925608
3836,22345,E14001549,E12000008,Tonbridge,South East,England,County,Labour,Lab,Labour,Lab,15,PP53,,,,,No,No,Lewis,Bailey,Male,No,No,,No,9351,0.0350210000,0.1858011444921316165951359084
3836,22346,E14001549,E12000008,Tonbridge,South East,England,County,Conservative,Con,Conservative,Con,4,PP52,,,,,No,No,Tom,Tugendhat,Male,Yes,Yes,4462,Yes,20517,-0.2399380000,0.407665712923223652837386743
3837,22347,E14001550,E12000007,Tooting,London,England,Borough,Independent,IND,,,,,,,,,Yes,No,Davinder,Jamus,Male,No,No,,No,179,,0.0033809946546285627939482085
3837,22348,E14001550,E12000007,Tooting,London,England,Borough,Rejoin EU,REU,Rejoin EU,REU,1040,PP11423,,,,,No,No,Jas,Alduk,Male,No,No,,No,370,,0.0069886481687852973953119393
3837,22349,E14001550,E12000007,Tooting,London,England,Borough,Workers Party of Britain,WPB,Workers Party of Britain,WPB,1042,PP11382,,,,,No,No,Tarik,Hussain,Male,No,No,,No,807,,0.0152428083032695540486938783
3837,22350,E14001550,E12000007,Tooting,London,England,Borough,Reform UK,RUK,Reform UK,RUK,1036,PP7931,,,,,No,No,Andrew,Price,Male,No,No,,No,2546,0.0401880000,0.0480894546965604518066599928
3837,22351,E14001550,E12000007,Tooting,London,England,Borough,Liberal Democrat,LD,Liberal Democrat,LD,17,PP90,,,,,No,No,Judith,Trounson,Female,No,No,,No,4438,-0.0582050000,0.0838260015488355401091740173
3837,22352,E14001550,E12000007,Tooting,London,England,Borough,Green Party,Green,Green Party,Green,44,PP63,,,,,No,No,Nick,Humberstone,Male,No,No,,No,5672,0.0675600000,0.1071340876036492076384035661
3837,22353,E14001550,E12000007,Tooting,London,England,Borough,Conservative,Con,Conservative,Con,4,PP52,,,,,No,No,Ethan,Brooks,Male,No,No,,No,9722,-0.0986180000,0.1836314526944071926411423607
3837,22354,E14001550,E12000007,Tooting,London,England,Borough,Labour,Lab,Labour,Lab,15,PP53,,,,,No,No,Rosena,Allin-Khan,Female,Yes,Yes,4573,Yes,29209,0.0247800000,0.5517065523298641935666660371
3838,22355,E14001551,E12000009,Torbay,South West,England,Borough,Workers Party of Britain,WPB,Workers Party of Britain,WPB,1042,PP11382,,,,,No,No,Paul,Moor,Male,No,No,,No,234,,0.0050742708446275615309552206
3838,22356,E14001551,E12000009,Torbay,South West,England,Borough,Green Party,Green,Green Party,Green,44,PP63,,,,,No,No,Charlie,West,Male,No,No,,No,1420,0.0065440000,0.0307925837579963135639162962
3838,22357,E14001551,E12000009,Torbay,South West,England,Borough,Labour,Lab,Labour,Lab,15,PP53,,,,,No,No,Chris,Wongsosaputro,Male,No,No,,No,3276,-0.0588380000,0.071039791824785861433373089
3838,22358,E14001551,E12000009,Torbay,South West,England,Borough,Reform UK,RUK,Reform UK,RUK,1036,PP7931,,,,,No,No,Gordon,Scott,Male,No,No,,No,8660,,0.1877913910874986446926162854
3838,22359,E14001551,E12000009,Torbay,South West,England,Borough,Conservative,Con,Conservative,Con,4,PP52,,,,,No,No,Kevin,Foster,Male,Yes,Yes,4451,No,13588,-0.2960540000,0.2946546676786295131735877697
3838,22360,E14001551,E12000009,Torbay,South West,England,Borough,Liberal Democrat,LD,Liberal Democrat,LD,17,PP90,,,,,No,No,Steve,Darling,Male,No,No,5066,Yes,18937,0.1681960000,0.410647294806462105605551339
3839,22361,W07000109,W92000004,Torfaen,,Wales,County,Heritage Party,HPUK,Heritage Party,HPUK,1037,PP12550,,,,,No,No,Nikki,Brooke,Female,No,No,,No,137,,0.0038369976193810390701582411
3839,22362,W07000109,W92000004,Torfaen,,Wales,County,Independent,IND,,,,,,,,,Yes,No,Lee,Dunning,Male,No,No,,No,881,,0.0246744153479904775241562806
3839,22363,W07000109,W92000004,Torfaen,,Wales,County,Liberal Democrat,LD,Liberal Democrat,LD,17,PP90,,,,,No,No,Brendan,Roberts,Male,No,No,,No,1644,-0.0034820000,0.0460439714325724688418988937
3839,22364,W07000109,W92000004,Torfaen,,Wales,County,Green Party,Green,Green Party,Green,44,PP63,,,,,No,No,Philip,Davies,Male,No,No,,No,1705,0.0255730000,0.0477524156280632964570788405
3839,22365,W07000109,W92000004,Torfaen,,Wales,County,Plaid Cymru,PC,Plaid Cymru,PC,22,PP77,,,,,No,No,Matthew,Jones,Male,No,No,,No,2571,0.0360510000,0.0720067217476543901414367736
3839,22366,W07000109,W92000004,Torfaen,,Wales,County,Conservative,Con,Conservative,Con,4,PP52,,,,,No,No,Nathan,Edmunds,Male,No,No,,No,5737,-0.1723880000,0.1606777762218176725948746674
3839,22367,W07000109,W92000004,Torfaen,,Wales,County,Reform UK,RUK,Reform UK,RUK,1036,PP7931,,,,,No,No,Ian,Williams,Male,No,No,,No,7854,0.0881300000,0.2199691919899173785184147878
3839,22368,W07000109,W92000004,Torfaen,,Wales,County,Labour,Lab,Labour,Lab,15,PP53,,,,,No,No,Nick,Thomas-Symonds,Male,Yes,Yes,4479,Yes,15176,-0.0023950000,0.4250385100126032768519815152
3840,22369,E14001552,E12000009,Torridge and Tavistock,South West,England,County,Independent,IND,,,,,,,,,Yes,No,Alan,Rayner,Male,No,No,,No,405,,0.0079693034238488783943329398
3840,22370,E14001552,E12000009,Torridge and Tavistock,South West,England,County,Green Party,Green,Green Party,Green,44,PP63,,,,,No,No,Judy,Maciejowska,Female,No,No,,No,2350,0.0125290000,0.0462416371507280598189689099
3840,22371,E14001552,E12000009,Torridge and Tavistock,South West,England,County,Reform UK,RUK,Reform UK,RUK,1036,PP7931,,,,,No,No,Andrew,Jackson,Male,No,No,,No,9152,,0.1800865800865800865800865801
3840,22372,E14001552,E12000009,Torridge and Tavistock,South West,England,County,Labour,Lab,Labour,Lab,15,PP53,,,,,No,No,Isabel,Saxby,Female,No,No,,No,10765,0.0332760000,0.2118260527351436442345533255
3840,22373,E14001552,E12000009,Torridge and Tavistock,South West,England,County,Liberal Democrat,LD,Liberal Democrat,LD,17,PP90,,,,,No,No,Phil,Hutty,Male,No,No,,No,12099,0.0586470000,0.238075560802833530106257379
3840,22374,E14001552,E12000009,Torridge and Tavistock,South West,England,County,Conservative,Con,Conservative,Con,4,PP52,,,,,No,No,Geoffrey,Cox,Male,Yes,Yes,1508,Yes,16049,-0.2825020000,0.3158008658008658008658008658
3841,22375,E14001553,E12000007,Tottenham,London,England,Borough,Communist League Election Campaign,Comm L,Communist League Election Campaign,Comm L,77,PP12791,,,,,No,No,Pamela,Holmes,Female,No,No,,No,63,0.0006510000,0.0015691939822656172162996911
3841,22376,E14001553,E12000007,Tottenham,London,England,Borough,Christian Peoples Alliance,CPA,Christian Peoples Alliance,CPA,80,PP79,,,,,No,No,Amelia,Allao,Female,No,No,,No,224,,0.005579356381388861213510013
3841,22377,E14001553,E12000007,Tottenham,London,England,Borough,Rejoin EU,REU,Rejoin EU,REU,1040,PP11423,,,,,No,No,Andrew,Miles,Male,No,No,,No,306,,0.007621799342432997907741357
3841,22378,E14001553,E12000007,Tottenham,London,England,Borough,Workers Party of Britain,WPB,Workers Party of Britain,WPB,1042,PP11382,,,,,No,No,Jennifer,Obaseki,Female,No,No,,No,659,,0.0164142672113181229451031185
3841,22379,E14001553,E12000007,Tottenham,London,England,Borough,Reform UK,RUK,Reform UK,RUK,1036,PP7931,,,,,No,No,Roger,Gravett,Male,No,No,,No,1602,0.0270410000,0.0399023612633256949287635748
3841,22380,E14001553,E12000007,Tottenham,London,England,Borough,Liberal Democrat,LD,Liberal Democrat,LD,17,PP90,,,,,No,No,Hari,Prabu,Male,No,No,,No,1928,-0.0024150000,0.0480223174255255554448540401
3841,22381,E14001553,E12000007,Tottenham,London,England,Borough,Conservative,Con,Conservative,Con,4,PP52,,,,,No,No,Attic,Rahman,Male,No,No,,No,2320,-0.0532370000,0.0577861910929560625684965627
3841,22382,E14001553,E12000007,Tottenham,London,England,Borough,Independent,IND,,,,,,,,,Yes,No,Nandita,Lal,Female,No,No,,No,2348,,0.0584836106406296702201853143
3841,22383,E14001553,E12000007,Tottenham,London,England,Borough,Green Party,Green,Green Party,Green,44,PP63,,,,,No,No,David,Craig,Male,No,No,,No,7632,0.1471180000,0.190096642423034771346019727
3841,22384,E14001553,E12000007,Tottenham,London,England,Borough,Labour,Lab,Labour,Lab,15,PP53,,,,,No,No,David,Lammy,Male,Yes,Yes,206,Yes,23066,-0.2033410000,0.5745242602371226462090266016
3842,22385,E14001554,E12000009,Truro and Falmouth,South West,England,County,Liberal,Lib,Liberal,Lib,16,PP54,,,,,No,No,Peter,White,Male,No,No,,No,166,-0.0041820000,0.0033025624701575680407448671
3842,22386,E14001554,E12000009,Truro and Falmouth,South West,England,County,Independent,IND,,,,,,,,,Yes,No,Peter,Lawrence,Male,No,No,,No,498,,0.0099076874104727041222346013
3842,22387,E14001554,E12000009,Truro and Falmouth,South West,England,County,Green Party,Green,Green Party,Green,44,PP63,,,,,No,No,Karen,La Borde,Female,No,No,,No,3470,0.0414520000,0.0690354925990768741047270412
3842,22388,E14001554,E12000009,Truro and Falmouth,South West,England,County,Reform UK,RUK,Reform UK,RUK,1036,PP7931,,,,,No,No,Steve,Rubidge,Male,No,No,,No,6163,,0.1226126054432595893681362406
3842,22389,E14001554,E12000009,Truro and Falmouth,South West,England,County,Liberal Democrat,LD,Liberal Democrat,LD,17,PP90,,,,,No,No,Ruth,Gripper,Female,No,No,,No,6552,0.0219570000,0.1303517427980264204997612605
3842,22390,E14001554,E12000009,Truro and Falmouth,South West,England,County,Conservative,Con,Conservative,Con,4,PP52,,,,,No,No,Cherilyn,Mackrory,Female,Yes,Yes,4758,No,12632,-0.2170260000,0.2513130670062072258475250676
3842,22391,E14001554,E12000009,Truro and Falmouth,South West,England,County,Labour / Co-operative Party,Lab / Co-op,Labour,Lab,15,PP53,Co-operative Party,Co-op,,,No,No,Jayne,Kirkham,Female,No,No,5279,Yes,20783,0.0259490000,0.4134768422727996180168709215
3843,22392,E14001555,E12000008,Tunbridge Wells,South East,England,County,Independent,IND,,,,,,,,,Yes,No,Hassan,Kassem,Male,No,No,,No,609,,0.0112258064516129032258064516
3843,22393,E14001555,E12000008,Tunbridge Wells,South East,England,County,Green Party,Green,Green Party,Green,44,PP63,,,,,No,No,John,Hurst,Male,No,No,,No,2344,,0.0432073732718894009216589862
3843,22394,E14001555,E12000008,Tunbridge Wells,South East,England,County,Labour,Lab,Labour,Lab,15,PP53,,,,,No,No,Hugo,Pound,Male,No,No,,No,6178,-0.0342990000,0.1138801843317972350230414747
3843,22395,E14001555,E12000008,Tunbridge Wells,South East,England,County,Reform UK,RUK,Reform UK,RUK,1036,PP7931,,,,,No,No,John,Gager,Male,No,No,,No,6484,,0.1195207373271889400921658986
3843,22396,E14001555,E12000008,Tunbridge Wells,South East,England,County,Conservative,Con,Conservative,Con,4,PP52,,,,,No,No,Neil,Mahapatra,Male,No,No,,No,14974,-0.2751070000,0.2760184331797235023041474654
3843,22397,E14001555,E12000008,Tunbridge Wells,South East,England,County,Liberal Democrat,LD,Liberal Democrat,LD,17,PP90,,,,,No,No,Mike,Martin,Male,No,No,5219,Yes,23661,0.1530000000,0.4361474654377880184331797235
3844,22398,E14001556,E12000007,Twickenham,London,England,Borough,Workers Party of Britain,WPB,Workers Party of Britain,WPB,1042,PP11382,,,,,No,No,Umair,Malik,Male,No,No,,No,347,,0.0064696560082035983965694043
3844,22399,E14001556,E12000007,Twickenham,London,England,Borough,Green Party,Green,Green Party,Green,44,PP63,,,,,No,No,Chantal,Kerr-Sheppard,Female,No,No,,No,3590,,0.0669339050992821851403001771
3844,22400,E14001556,E12000007,Twickenham,London,England,Borough,Reform UK,RUK,Reform UK,RUK,1036,PP7931,,,,,No,No,Alex,Starling,Male,No,No,,No,4092,0.0635600000,0.0762934650880954600540691713
3844,22401,E14001556,E12000007,Twickenham,London,England,Borough,Labour,Lab,Labour,Lab,15,PP53,,,,,No,No,Tom,Bruce,Male,No,No,,No,6693,0.0382270000,0.1247879183369068705136571269
3844,22402,E14001556,E12000007,Twickenham,London,England,Borough,Conservative,Con,Conservative,Con,4,PP52,,,,,No,No,Jonathan,Hulley,Male,No,No,,No,8728,-0.1755960000,0.1627295609210403654330194835
3844,22403,E14001556,E12000007,Twickenham,London,England,Borough,Liberal Democrat,LD,Liberal Democrat,LD,17,PP90,,,,,No,No,Munira,Wilson,Female,Yes,Yes,4776,Yes,30185,0.0004050000,0.5627854945464715204623846369
3845,22404,E14001557,E12000001,Tynemouth,North East,England,Borough,Heritage Party,HPUK,Heritage Party,HPUK,1037,PP12550,,,,,No,No,Adam,Thewlis,Male,No,No,,No,108,,0.0022305754058408030071461027
3845,22405,E14001557,E12000001,Tynemouth,North East,England,Borough,Independent,IND,,,,,,,,,Yes,No,Christopher,Greener,Male,No,No,,No,273,,0.0056383989425420298236193151
3845,22406,E14001557,E12000001,Tynemouth,North East,England,Borough,Party of Women,POW,Party of Women,POW,1102,PP17545,,,,,No,No,Kelly,Oliver Dougall,Female,No,No,,No,286,,0.0059068941302821264818869016
3845,22407,E14001557,E12000001,Tynemouth,North East,England,Borough,Independent,IND,,,,,,,,,Yes,No,Mustaque,Rahman,Male,No,No,,No,531,,0.0109669957453839481184683382
3845,22408,E14001557,E12000001,Tynemouth,North East,England,Borough,Liberal Democrat,LD,Liberal Democrat,LD,17,PP90,,,,,No,No,John,Appleby,Male,No,No,,No,2709,-0.0111980000,0.0559502664298401420959147425
3845,22409,E14001557,E12000001,Tynemouth,North East,England,Borough,Green Party,Green,Green Party,Green,44,PP63,,,,,No,No,Chloe-Louise,Reilly,Female,No,No,,No,3592,0.0497530000,0.0741872857201867074228592672
3845,22410,E14001557,E12000001,Tynemouth,North East,England,Borough,Reform UK,RUK,Reform UK,RUK,1036,PP7931,,,,,No,No,Rosie,Elliott,Female,No,No,,No,7392,0.1138120000,0.1526704944442149613779999174
3845,22411,E14001557,E12000001,Tynemouth,North East,England,Borough,Conservative,Con,Conservative,Con,4,PP52,,,,,No,No,Lewis,Bartoli,Male,No,No,,No,9036,-0.2156000000,0.186624808955347184931223925
3845,22412,E14001557,E12000001,Tynemouth,North East,England,Borough,Labour,Lab,Labour,Lab,15,PP53,,,,,No,No,Alan,Campbell,Male,Yes,Yes,529,Yes,24491,0.0384900000,0.5058242802263620967408814904
3846,22413,N05000017,N92000002,Upper Bann,,Northern Ireland,County,Social Democratic & Labour Party,SDLP,Social Democratic & Labour Party,SDLP,31,PP55,,,,,No,No,Malachy,Quinn,Male,No,No,,No,1496,-0.0620980000,0.0315891718400270281684192745
3846,22414,N05000017,N92000002,Upper Bann,,Northern Ireland,County,Ulster Unionist Party,UUP,Ulster Unionist Party,UUP,38,PP83,,,,,No,No,Kate,Evans,Female,No,No,,No,3662,-0.0473030000,0.0773259005870180328561172347
3846,22415,N05000017,N92000002,Upper Bann,,Northern Ireland,County,Alliance,APNI,Alliance,APNI,1,PP103,,,,,No,No,Eóin,Tennyson,Male,No,No,,No,6322,0.0068840000,0.1334938130833227754550445542
3846,22416,N05000017,N92000002,Upper Bann,,Northern Ireland,County,Sinn Féin,SF,Sinn Féin,SF,30,PP39,,,,,No,No,Catherine,Nelson,Female,No,No,,No,14236,0.0539740000,0.3006039106381181637738080155
3846,22417,N05000017,N92000002,Upper Bann,,Northern Ireland,County,Democratic Unionist Party,DUP,Democratic Unionist Party,DUP,7,PP70,,,,,No,No,Carla,Lockhart,Female,Yes,Yes,4857,Yes,21642,0.0493600000,0.4569872038515139997466109211
3847,22418,E14001558,E12000007,Uxbridge and South Ruislip,London,England,Borough,UK Independence Party,UKIP,UK Independence Party,UKIP,35,PP85,,,,,No,No,Geoff,Courtenay,Male,No,No,,No,164,-0.0020010000,0.0035718952824846452062551727
3847,22419,E14001558,E12000007,Uxbridge and South Ruislip,London,England,Borough,Social Democratic Party,SDP,Social Democratic Party,SDP,32,PP243,,,,,No,No,Steve,Gardner,Male,No,No,,No,200,,0.0043559698566885917149453326
3847,22420,E14001558,E12000007,Uxbridge and South Ruislip,London,England,Borough,Trade Unionist and Socialist Coalition,TUSC,Trade Unionist and Socialist Coalition,TUSC,157,PP804,,,,,No,No,Gary,Harbord,Male,No,No,,No,223,,0.0048569063902077797621640458
3847,22421,E14001558,E12000007,Uxbridge and South Ruislip,London,England,Borough,Liberal Democrat,LD,Liberal Democrat,LD,17,PP90,,,,,No,No,Ian,Rex-Hawkes,Male,No,No,,No,1752,-0.0282230000,0.0381582959445920634229211134
3847,22422,E14001558,E12000007,Uxbridge and South Ruislip,London,England,Borough,Green Party,Green,Green Party,Green,44,PP63,,,,,No,No,Sarah,Green,Female,No,No,,No,4354,0.0683040000,0.0948294637801106416343598902
3847,22423,E14001558,E12000007,Uxbridge and South Ruislip,London,England,Borough,Reform UK,RUK,Reform UK,RUK,1036,PP7931,,,,,No,No,Tim,Wheeler,Male,No,No,,No,6610,,0.1439648037635579561789432417
3847,22424,E14001558,E12000007,Uxbridge and South Ruislip,London,England,Borough,Conservative,Con,Conservative,Con,4,PP52,,,,,No,No,Steve,Tuckwell,Male,Yes,Yes,4994,No,16012,-0.1772740000,0.3487389467264886526985233262
3847,22425,E14001558,E12000007,Uxbridge and South Ruislip,London,England,Borough,Labour,Lab,Labour,Lab,15,PP53,,,,,No,No,Danny,Beales,Male,No,No,5339,Yes,16599,-0.0081550000,0.3615237182558696693818878773
3848,22426,W07000110,W92000004,Vale of Glamorgan,,Wales,County,Independent,IND,,,,,,,,,Yes,No,Steven,Sluman,Male,No,No,,No,182,,0.003971544538035176537336883
3848,22427,W07000110,W92000004,Vale of Glamorgan,,Wales,County,Abolish the Welsh Assembly Party,AWA,Abolish the Welsh Assembly Party,AWA,1008,PP12653,,,,,No,No,Stuart,Field,Male,No,No,,No,669,,0.0145986994282721599092218391
3848,22428,W07000110,W92000004,Vale of Glamorgan,,Wales,County,Liberal Democrat,LD,Liberal Democrat,LD,17,PP90,,,,,No,No,Steven,Rajam,Male,No,No,,No,1612,,0.0351765373368829921878409636
3848,22429,W07000110,W92000004,Vale of Glamorgan,,Wales,County,Green Party,Green,Green Party,Green,44,PP63,,,,,No,No,Lynden,Mack,Male,No,No,,No,1881,-0.0185820000,0.0410465674507921267402784446
3848,22430,W07000110,W92000004,Vale of Glamorgan,,Wales,County,Plaid Cymru,PC,Plaid Cymru,PC,22,PP77,,,,,No,No,Ian,Johnson,Male,No,No,,No,3245,,0.0708113298127700432069131061
3848,22431,W07000110,W92000004,Vale of Glamorgan,,Wales,County,Reform UK,RUK,Reform UK,RUK,1036,PP7931,,,,,No,No,Toby,Rhodes-Matthews,Male,No,No,,No,6973,,0.1521625278226334395321433248
3848,22432,W07000110,W92000004,Vale of Glamorgan,,Wales,County,Conservative,Con,Conservative,Con,4,PP52,,,,,No,No,Alun,Cairns,Male,Yes,Yes,4086,No,13524,-0.1956520000,0.2951163095186138873128791516
3848,22433,W07000110,W92000004,Vale of Glamorgan,,Wales,County,Labour,Lab,Labour,Lab,15,PP53,,,,,No,No,Kanishka,Narayan,Male,No,No,5039,Yes,17740,-0.0523250000,0.3871164840920001745733862873
3849,22434,E14001559,E12000007,Vauxhall and Camberwell Green,London,England,Borough,Social Democratic Party,SDP,Social Democratic Party,SDP,32,PP243,,,,,No,No,Andrew,McRobbie,Male,No,No,,No,201,,0.0053548593350383631713554987
3849,22435,E14001559,E12000007,Vauxhall and Camberwell Green,London,England,Borough,Reform UK,RUK,Reform UK,RUK,1036,PP7931,,,,,No,No,Mike,King,Male,No,No,,No,2033,0.0386140000,0.054161338448422847399829497
3849,22436,E14001559,E12000007,Vauxhall and Camberwell Green,London,England,Borough,Conservative,Con,Conservative,Con,4,PP52,,,,,No,No,Aarti,Joshi,Female,No,No,,No,2809,-0.0704280000,0.0748348252344416027280477408
3849,22437,E14001559,E12000007,Vauxhall and Camberwell Green,London,England,Borough,Liberal Democrat,LD,Liberal Democrat,LD,17,PP90,,,,,No,No,Chris,French,Male,No,No,,No,4549,-0.0693350000,0.1211903239556692242114236999
3849,22438,E14001559,E12000007,Vauxhall and Camberwell Green,London,England,Borough,Green Party,Green,Green Party,Green,44,PP63,,,,,No,No,Catherine,Dawkins,Female,No,No,,No,6416,0.1296930000,0.170929241261722080136402387
3849,22439,E14001559,E12000007,Vauxhall and Camberwell Green,London,England,Borough,Labour / Co-operative Party,Lab / Co-op,Labour,Lab,15,PP53,Co-operative Party,Co-op,,,No,No,Florence,Eshalomi,Female,Yes,Yes,4870,Yes,21528,-0.0309710000,0.5735294117647058823529411765
3850,22440,E14001560,E12000003,Wakefield and Rothwell,Yorkshire and The Humber,England,Borough,Social Democratic Party,SDP,Social Democratic Party,SDP,32,PP243,,,,,No,No,Nicholas,Sanders,Male,No,No,,No,185,,0.0045503738685556867375049193
3850,22441,E14001560,E12000003,Wakefield and Rothwell,Yorkshire and The Humber,England,Borough,The Yorkshire Party,Yrks,The Yorkshire Party,Yrks,262,PP2055,,,,,No,No,Brent,Hawksley,Male,No,No,,No,606,,0.0149055489964580873671782763
3850,22442,E14001560,E12000003,Wakefield and Rothwell,Yorkshire and The Humber,England,Borough,Workers Party of Britain,WPB,Workers Party of Britain,WPB,1042,PP11382,,,,,No,No,Keith,Mason,Male,No,No,,No,705,,0.0173406139315230224321133412
3850,22443,E14001560,E12000003,Wakefield and Rothwell,Yorkshire and The Humber,England,Borough,Green Party,Green,Green Party,Green,44,PP63,,,,,No,No,Ash,Routh,Female,No,No,,No,2389,0.0487800000,0.058761314443132624950806769
3850,22444,E14001560,E12000003,Wakefield and Rothwell,Yorkshire and The Humber,England,Borough,Liberal Democrat,LD,Liberal Democrat,LD,17,PP90,,,,,No,No,Stewart,Golton,Male,No,No,,No,3249,-0.0292870000,0.0799144037780401416765053129
3850,22445,E14001560,E12000003,Wakefield and Rothwell,Yorkshire and The Humber,England,Borough,Conservative,Con,Conservative,Con,4,PP52,,,,,No,No,Arnold,Cravan,Male,No,No,,No,7322,-0.2684810000,0.1800964187327823691460055096
3850,22446,E14001560,E12000003,Wakefield and Rothwell,Yorkshire and The Humber,England,Borough,Reform UK,RUK,Reform UK,RUK,1036,PP7931,,,,,No,No,David,Dews,Male,No,No,,No,8427,0.1749700000,0.2072756788665879574970484061
3850,22447,E14001560,E12000003,Wakefield and Rothwell,Yorkshire and The Humber,England,Borough,Labour / Co-operative Party,Lab / Co-op,Labour,Lab,15,PP53,Co-operative Party,Co-op,,,No,No,Simon,Lightwood,Male,Yes,Yes,4943,Yes,17773,0.0420690000,0.4371556473829201101928374656
3851,22448,E14001561,E12000002,Wallasey,North West,England,Borough,Freedom Alliance,FA,Freedom Alliance,FA,1035,PP17509,,,,,No,No,Ian,Pugh,Male,No,No,,No,197,,0.0046086183502549946193795911
3851,22449,E14001561,E12000002,Wallasey,North West,England,Borough,Workers Party of Britain,WPB,Workers Party of Britain,WPB,1042,PP11382,,,,,No,No,Philip,Bimpson,Male,No,No,,No,462,,0.0108080288214101904271744725
3851,22450,E14001561,E12000002,Wallasey,North West,England,Borough,Liberal Democrat,LD,Liberal Democrat,LD,17,PP90,,,,,No,No,Vicky,Downie,Female,No,No,,No,1843,0.0041220000,0.0431151452767510410330791185
3851,22451,E14001561,E12000002,Wallasey,North West,England,Borough,Green Party,Green,Green Party,Green,44,PP63,,,,,No,No,Jane,Turner,Female,No,No,,No,3905,0.0676700000,0.091353576942871847658260422
3851,22452,E14001561,E12000002,Wallasey,North West,England,Borough,Conservative,Con,Conservative,Con,4,PP52,,,,,No,No,Robbie,Lammas,Male,No,No,,No,4987,-0.1426500000,0.1166658868666074018621625415
3851,22453,E14001561,E12000002,Wallasey,North West,England,Borough,Reform UK,RUK,Reform UK,RUK,1036,PP7931,,,,,No,No,David,Burgess-Joyce,Male,No,No,,No,6678,0.1148810000,0.1562251438731109343564310111
3851,22454,E14001561,E12000002,Wallasey,North West,England,Borough,Labour,Lab,Labour,Lab,15,PP53,,,,,No,No,Angela,Eagle,Female,Yes,Yes,491,Yes,24674,-0.0594390000,0.5772235998689935900435128433
3852,22455,E14001562,E12000005,Walsall and Bloxwich,West Midlands,England,Borough,Liberal Democrat,LD,Liberal Democrat,LD,17,PP90,,,,,No,No,Patrick,Stillman,Male,No,No,,No,817,-0.0073550000,0.0219676803527735204753838294
3852,22456,E14001562,E12000005,Walsall and Bloxwich,West Midlands,England,Borough,Green Party,Green,Green Party,Green,44,PP63,,,,,No,No,Sadat,Hussain,Male,No,No,,No,2288,0.0462670000,0.0615202602780242531795326826
3852,22457,E14001562,E12000005,Walsall and Bloxwich,West Midlands,England,Borough,Conservative,Con,Conservative,Con,4,PP52,,,,,No,No,Shannon,Lloyd,Female,No,No,,No,6679,-0.3124800000,0.179586459089564679626791428
3852,22458,E14001562,E12000005,Walsall and Bloxwich,West Midlands,England,Borough,Reform UK,RUK,Reform UK,RUK,1036,PP7931,,,,,No,No,Elaine,Williams,Female,No,No,,No,7293,0.1832100000,0.1960958296362023070097604259
3852,22459,E14001562,E12000005,Walsall and Bloxwich,West Midlands,England,Borough,Independent,IND,,,,,,,,,Yes,No,Aftab,Nawaz,Male,No,No,,No,7600,,0.2043505149095211207012449248
3852,22460,E14001562,E12000005,Walsall and Bloxwich,West Midlands,England,Borough,Labour,Lab,Labour,Lab,15,PP53,,,,,No,No,Valerie,Vaz,Female,Yes,Yes,4076,Yes,12514,-0.1076800000,0.3364792557339141190072867092
3853,22461,E14001563,E12000007,Walthamstow,London,England,Borough,Independent,IND,,,,,,,,,Yes,No,Ruth,Rawlins,Female,No,No,,No,97,,0.0021240255758955942892178331
3853,22462,E14001563,E12000007,Walthamstow,London,England,Borough,Independent,IND,,,,,,,,,Yes,No,Dan,Edelstyn,Male,No,No,,No,288,,0.0063063852150302180958220198
3853,22463,E14001563,E12000007,Walthamstow,London,England,Borough,Trade Unionist and Socialist Coalition,TUSC,Trade Unionist and Socialist Coalition,TUSC,157,PP804,,,,,No,No,Nancy,Taaffe,Female,No,No,,No,561,,0.0122843128667776123324866427
3853,22464,E14001563,E12000007,Walthamstow,London,England,Borough,Independent,IND,,,,,,,,,Yes,No,Mohammed,Ashfaq,Male,No,No,,No,914,,0.0200140141893667338179907156
3853,22465,E14001563,E12000007,Walthamstow,London,England,Borough,Workers Party of Britain,WPB,Workers Party of Britain,WPB,1042,PP11382,,,,,No,No,Imran,Arshad,Male,No,No,,No,1535,,0.0336121573092756415871069458
3853,22466,E14001563,E12000007,Walthamstow,London,England,Borough,Liberal Democrat,LD,Liberal Democrat,LD,17,PP90,,,,,No,No,Rebecca,Taylor,Female,No,No,,No,1736,-0.0214470000,0.0380134886572654812998160638
3853,22467,E14001563,E12000007,Walthamstow,London,England,Borough,Reform UK,RUK,Reform UK,RUK,1036,PP7931,,,,,No,No,Martin,Lonergan,Male,No,No,,No,1836,0.0243140000,0.0402032057458176403608653762
3853,22468,E14001563,E12000007,Walthamstow,London,England,Borough,Conservative,Con,Conservative,Con,4,PP52,,,,,No,No,Sanjana,Karnani,Female,No,No,,No,2353,-0.0709960000,0.0515240430936323027064903215
3853,22469,E14001563,E12000007,Walthamstow,London,England,Borough,Green Party,Green,Green Party,Green,44,PP63,,,,,No,No,Rosalind,Rowlands,Female,No,No,,No,9176,0.1650750000,0.2009284400455461154418849085
3853,22470,E14001563,E12000007,Walthamstow,London,England,Borough,Labour / Co-operative Party,Lab / Co-op,Labour,Lab,15,PP53,Co-operative Party,Co-op,,,No,No,Stella,Creasy,Female,Yes,Yes,4088,Yes,27172,-0.1660320000,0.5949899273013926600683191732
3854,22471,E14001564,E12000002,Warrington North,North West,England,County,Independent,IND,,,,,,,,,Yes,No,Maddison,Wheeldon,Female,No,No,,No,659,,0.016458130416323268649634125
3854,22472,E14001564,E12000002,Warrington North,North West,England,County,Green Party,Green,Green Party,Green,44,PP63,,,,,No,No,Hannah,Spencer,Female,No,No,,No,1889,0.0202570000,0.0471766439399615394220923553
3854,22473,E14001564,E12000002,Warrington North,North West,England,County,Liberal Democrat,LD,Liberal Democrat,LD,17,PP90,,,,,No,No,David,Crowther,Male,No,No,,No,2737,0.0027210000,0.0683549361904048350440798182
3854,22474,E14001564,E12000002,Warrington North,North West,England,County,Conservative,Con,Conservative,Con,4,PP52,,,,,No,No,Yasmin,Al-Atroshi,Female,No,No,,No,6486,-0.2473750000,0.1619839664344047351464748633
3854,22475,E14001564,E12000002,Warrington North,North West,England,County,Reform UK,RUK,Reform UK,RUK,1036,PP7931,,,,,No,No,Trevor,Nicholls,Male,No,No,,No,9540,0.1820320000,0.2382557878174870757473589571
3854,22476,E14001564,E12000002,Warrington North,North West,England,County,Labour,Lab,Labour,Lab,15,PP53,,,,,No,No,Charlotte,Nichols,Female,Yes,Yes,4799,Yes,18730,0.0259070000,0.4677705352014185459903598811
3855,22477,E14001565,E12000002,Warrington South,North West,England,County,Social Democratic Party,SDP,Social Democratic Party,SDP,32,PP243,,,,,No,No,Graeme,Kelly,Male,No,No,,No,110,-0.0008890000,0.0022145272990819777741987438
3855,22478,E14001565,E12000002,Warrington South,North West,England,County,Independent,IND,,,,,,,,,Yes,No,Peter,Willett,Male,No,No,,No,445,,0.008958769528104364631985827
3855,22479,E14001565,E12000002,Warrington South,North West,England,County,Green Party,Green,Green Party,Green,44,PP63,,,,,No,No,Stephanie,Davies,Female,No,No,,No,2313,0.0464920000,0.0465654694797874053792881301
3855,22480,E14001565,E12000002,Warrington South,North West,England,County,Liberal Democrat,LD,Liberal Democrat,LD,17,PP90,,,,,No,No,Graham,Gowland,Male,No,No,,No,3829,-0.0044790000,0.0770856820744081172491544532
3855,22481,E14001565,E12000002,Warrington South,North West,England,County,Reform UK,RUK,Reform UK,RUK,1036,PP7931,,,,,No,No,Janet,Balfe,Female,No,No,,No,7913,0.1323140000,0.1593050410694153647930423579
3855,22482,E14001565,E12000002,Warrington South,North West,England,County,Conservative,Con,Conservative,Con,4,PP52,,,,,No,No,Andy,Carter,Male,Yes,Yes,4791,No,11861,-0.2047470000,0.2387864390401030761797390884
3855,22483,E14001565,E12000002,Warrington South,North West,England,County,Labour / Co-operative Party,Lab / Co-op,Labour,Lab,15,PP53,Co-operative Party,Co-op,,,No,No,Sarah,Hall,Female,No,No,5154,Yes,23201,0.0223500000,0.4670840715090996939925913996
3856,22484,E14001566,E12000005,Warwick and Leamington,West Midlands,England,County,UK Independence Party,UKIP,UK Independence Party,UKIP,35,PP85,,,,,No,No,Laurie,Steele,Male,No,No,,No,154,,0.0031302085450628074311963901
3856,22485,E14001566,E12000005,Warwick and Leamington,West Midlands,England,County,Liberal Democrat,LD,Liberal Democrat,LD,17,PP90,,,,,No,No,Louis,Adam,Male,No,No,,No,3881,-0.0301590000,0.0788853205414854262368388959
3856,22486,E14001566,E12000005,Warwick and Leamington,West Midlands,England,County,Green Party,Green,Green Party,Green,44,PP63,,,,,No,No,Hema,Yellapragada,Female,No,No,,No,4471,0.0618210000,0.0908776779543883897719419489
3856,22487,E14001566,E12000005,Warwick and Leamington,West Midlands,England,County,Reform UK,RUK,Reform UK,RUK,1036,PP7931,,,,,No,No,Nigel,Clarke,Male,No,No,,No,5154,0.0909500000,0.1047603561120370746778324322
3856,22488,E14001566,E12000005,Warwick and Leamington,West Midlands,England,County,Conservative,Con,Conservative,Con,4,PP52,,,,,No,No,James,Uffindell,Male,No,No,,No,11563,-0.1757120000,0.235029879263384690434570511
3856,22489,E14001566,E12000005,Warwick and Leamington,West Midlands,England,County,Labour,Lab,Labour,Lab,15,PP53,,,,,No,No,Matt,Western,Male,Yes,Yes,4617,Yes,23975,0.0541840000,0.4873165575836416114476198219
3857,22490,E14001567,E12000001,Washington and Gateshead South,North East,England,Borough,Independent,IND,,,,,,,,,Yes,No,Sharon,McLafferty,Female,No,No,,No,627,,0.0169363334323762189027849059
3857,22491,E14001567,E12000001,Washington and Gateshead South,North East,England,Borough,Liberal Democrat,LD,Liberal Democrat,LD,17,PP90,,,,,No,No,Ciaran,Morrissey,Male,No,No,,No,1602,-0.0059960000,0.0432727370951622052348666973
3857,22492,E14001567,E12000001,Washington and Gateshead South,North East,England,Borough,Green Party,Green,Green Party,Green,44,PP63,,,,,No,No,Michal,Chantkowski,Male,No,No,,No,1687,0.0188250000,0.0455687312606358553253558791
3857,22493,E14001567,E12000001,Washington and Gateshead South,North East,England,Borough,Conservative,Con,Conservative,Con,4,PP52,,,,,No,No,Shaun,Parsons,Male,No,No,,No,4654,-0.2116090000,0.1257124334836984414251370844
3857,22494,E14001567,E12000001,Washington and Gateshead South,North East,England,Borough,Reform UK,RUK,Reform UK,RUK,1036,PP7931,,,,,No,No,Paul,Donaghy,Male,No,No,,No,10769,0.1530240000,0.2908889549174792685232705762
3857,22495,E14001567,E12000001,Washington and Gateshead South,North East,England,Borough,Labour,Lab,Labour,Lab,15,PP53,,,,,No,No,Sharon,Hodgson,Female,Yes,Yes,1521,Yes,17682,0.0464340000,0.4776208098106480105885848572
3858,22496,E14001568,E12000006,Watford,East of England,England,Borough,Heritage Party,HPUK,Heritage Party,HPUK,1037,PP12550,,,,,No,No,Sarah,Knott,Female,No,No,,No,168,,0.0037791024631649983129006861
3858,22497,E14001568,E12000006,Watford,East of England,England,Borough,Green Party,Green,Green Party,Green,44,PP63,,,,,No,No,Arran,Bowen-la Grange,Male,No,No,,No,2428,0.0520290000,0.0546170284557417613316837251
3858,22498,E14001568,E12000006,Watford,East of England,England,Borough,Workers Party of Britain,WPB,Workers Party of Britain,WPB,1042,PP11382,,,,,No,No,Khalid,Chohan,Male,No,No,,No,2659,,0.0598132943425936340119221685
3858,22499,E14001568,E12000006,Watford,East of England,England,Borough,Reform UK,RUK,Reform UK,RUK,1036,PP7931,,,,,No,No,Gary,Ling,Male,No,No,,No,4930,,0.1108986615678776290630975143
3858,22500,E14001568,E12000006,Watford,East of England,England,Borough,Liberal Democrat,LD,Liberal Democrat,LD,17,PP90,,,,,No,No,Ian,Stotesbury,Male,No,No,,No,7577,-0.0069980000,0.1704420200202451917669553481
3858,22501,E14001568,E12000006,Watford,East of England,England,Borough,Conservative,Con,Conservative,Con,4,PP52,,,,,No,No,Dean,Russell,Male,Yes,Yes,4812,No,10985,-0.1728930000,0.2471038128444494432572264087
3858,22502,E14001568,E12000006,Watford,East of England,England,Borough,Labour,Lab,Labour,Lab,15,PP53,,,,,No,No,Matt,Turmaine,Male,No,No,5130,Yes,15708,-0.0397340000,0.3533460803059273422562141491
3859,22503,E14001569,E12000006,Waveney Valley,East of England,England,County,Social Democratic Party,SDP,Social Democratic Party,SDP,32,PP243,,,,,No,No,Maya,Severyn,Female,No,No,,No,118,,0.0024046299315291816106944897
3859,22504,E14001569,E12000006,Waveney Valley,East of England,England,County,Liberal Democrat,LD,Liberal Democrat,LD,17,PP90,,,,,No,No,John,Shreeve,Male,No,No,,No,1214,-0.0668370000,0.0247391587870883599608738181
3859,22505,E14001569,E12000006,Waveney Valley,East of England,England,County,Labour,Lab,Labour,Lab,15,PP53,,,,,No,No,Gurpreet,Padda,Female,No,No,,No,4621,-0.0917530000,0.0941677535050537985001630258
3859,22506,E14001569,E12000006,Waveney Valley,East of England,England,County,Reform UK,RUK,Reform UK,RUK,1036,PP7931,,,,,No,No,Scott,Huggins,Male,No,No,,No,7779,,0.1585221715030974894033257255
3859,22507,E14001569,E12000006,Waveney Valley,East of England,England,County,Conservative,Con,Conservative,Con,4,PP52,,,,,No,No,Richard,Rout,Male,No,No,,No,14873,-0.3189510000,0.3030852624714704923377893707
3859,22508,E14001569,E12000006,Waveney Valley,East of England,England,County,Green Party,Green,Green Party,Green,44,PP63,,,,,No,No,Adrian,Ramsay,Male,No,No,5320,Yes,20467,0.3239650000,0.4170810238017606781871535703
3860,22509,E14001570,E12000008,Weald of Kent,South East,England,County,Liberal Democrat,LD,Liberal Democrat,LD,17,PP90,,,,,No,No,John,Howson,Male,No,No,,No,3975,-0.0226800000,0.078383814481779460482725982
3860,22510,E14001570,E12000008,Weald of Kent,South East,England,County,Green Party,Green,Green Party,Green,44,PP63,,,,,No,No,Kate,Walder,Female,No,No,,No,4547,0.0508930000,0.0896631960877109954251459221
3860,22511,E14001570,E12000008,Weald of Kent,South East,England,County,Reform UK,RUK,Reform UK,RUK,1036,PP7931,,,,,No,No,Daniel,Kersten,Male,No,No,,No,10208,,0.2012935794289320082031866225
3860,22512,E14001570,E12000008,Weald of Kent,South East,England,County,Labour,Lab,Labour,Lab,15,PP53,,,,,No,No,Lenny,Rolles,Male,No,No,,No,11780,0.0917340000,0.2322921596466319608771099543
3860,22513,E14001570,E12000008,Weald of Kent,South East,England,County,Conservative,Con,Conservative,Con,4,PP52,,,,,No,No,Katie,Lam,Female,No,No,5285,Yes,20202,-0.3212410000,0.3983672503549455750118315192
3861,22514,E14001571,E12000004,Wellingborough and Rushden,East Midlands,England,County,Social Democratic Party,SDP,Social Democratic Party,SDP,32,PP243,,,,,No,No,Jeremy,Brittin,Male,No,No,,No,273,,0.0062066613618278958735932704
3861,22515,E14001571,E12000004,Wellingborough and Rushden,East Midlands,England,County,Liberal Democrat,LD,Liberal Democrat,LD,17,PP90,,,,,No,No,Christopher,Townsend,Male,No,No,,No,1570,-0.0310520000,0.0356939865863362509946572695
3861,22516,E14001571,E12000004,Wellingborough and Rushden,East Midlands,England,County,Green Party,Green,Green Party,Green,44,PP63,,,,,No,No,Paul,Mannion,Male,No,No,,No,2704,0.0343520000,0.0614755030123905877003523929
3861,22517,E14001571,E12000004,Wellingborough and Rushden,East Midlands,England,County,Reform UK,RUK,Reform UK,RUK,1036,PP7931,,,,,No,No,Ben,Habib,Male,No,No,,No,9456,,0.2149823803569398658633625099
3861,22518,E14001571,E12000004,Wellingborough and Rushden,East Midlands,England,County,Conservative,Con,Conservative,Con,4,PP52,,,,,No,No,David,Goss,Male,No,No,,No,12248,-0.3450640000,0.2784585654200295555302944186
3861,22519,E14001571,E12000004,Wellingborough and Rushden,East Midlands,England,County,Labour,Lab,Labour,Lab,15,PP53,,,,,No,No,Gen,Kitchen,Female,Yes,Yes,5011,Yes,17734,0.1205750000,0.4031829032624758440377401387
3862,22520,E14001572,E12000009,Wells and Mendip Hills,South West,England,County,Independent,IND,,,,,,,,,Yes,No,Craig,Clarke,Male,No,No,,No,190,,0.0037722363405336721728081321
3862,22521,E14001572,E12000009,Wells and Mendip Hills,South West,England,County,Independent,IND,,,,,,,,,Yes,No,Abi,McGuire,Female,No,No,,No,1849,,0.0367098157560355781448538755
3862,22522,E14001572,E12000009,Wells and Mendip Hills,South West,England,County,Green Party,Green,Green Party,Green,44,PP63,,,,,No,No,Peter,Welsh,Male,No,No,,No,2068,0.0293460000,0.0410578144853875476493011436
3862,22523,E14001572,E12000009,Wells and Mendip Hills,South West,England,County,Labour / Co-operative Party,Lab / Co-op,Labour,Lab,15,PP53,Co-operative Party,Co-op,,,No,No,Joe,Joseph,Male,No,No,,No,3527,-0.0376280000,0.070024618805590851334180432
3862,22524,E14001572,E12000009,Wells and Mendip Hills,South West,England,County,Reform UK,RUK,Reform UK,RUK,1036,PP7931,,,,,No,No,Helen,Hims,Female,No,No,,No,6611,,0.1312539707750952986022871665
3862,22525,E14001572,E12000009,Wells and Mendip Hills,South West,England,County,Conservative,Con,Conservative,Con,4,PP52,,,,,No,No,Meg,Powell-Chandler,Female,No,No,,No,12501,-0.3130650000,0.248193297331639135959339263
3862,22526,E14001572,E12000009,Wells and Mendip Hills,South West,England,County,Liberal Democrat,LD,Liberal Democrat,LD,17,PP90,,,,,No,No,Tessa,Munt,Female,No,Yes,4089,Yes,23622,0.1610030000,0.4689882465057179161372299873
3863,22527,E14001573,E12000006,Welwyn Hatfield,East of England,England,County,Green Party,Green,Green Party,Green,44,PP63,,,,,No,No,Sarah,Butcher,Female,No,No,,No,2986,0.0305220000,0.06162418739036219172428026
3863,22528,E14001573,E12000006,Welwyn Hatfield,East of England,England,County,Liberal Democrat,LD,Liberal Democrat,LD,17,PP90,,,,,No,No,John,Munro,Male,No,No,,No,3117,-0.0627650000,0.0643277267567846455474151274
3863,22529,E14001573,E12000006,Welwyn Hatfield,East of England,England,County,Reform UK,RUK,Reform UK,RUK,1036,PP7931,,,,,No,No,Jack,Aaron,Male,No,No,,No,6397,,0.1320193994427819626457537922
3863,22530,E14001573,E12000006,Welwyn Hatfield,East of England,England,County,Conservative,Con,Conservative,Con,4,PP52,,,,,No,No,Grant,Shapps,Male,Yes,Yes,1582,No,16078,-0.1930820000,0.3318130223919100196058198328
3863,22531,E14001573,E12000006,Welwyn Hatfield,East of England,England,County,Labour,Lab,Labour,Lab,15,PP53,,,,,No,No,Andrew,Lewin,Male,No,No,5061,Yes,19877,0.0933050000,0.4102156640181611804767309875
3864,22532,S14000111,S92000003,West Aberdeenshire and Kincardine,,Scotland,County,Independent,IND,,,,,,,,,Yes,No,David,Neill,Male,No,No,,No,56,,0.0011438375750643408635973692
3864,22533,S14000111,S92000003,West Aberdeenshire and Kincardine,,Scotland,County,Independent,IND,,,,,,,,,Yes,No,Iris,Leask,Female,No,No,,No,219,,0.0044732219453409044487111402
3864,22534,S14000111,S92000003,West Aberdeenshire and Kincardine,,Scotland,County,Scottish Green Party,Green,Scottish Green Party,Green,1057,PP130,,,,,No,No,William,Linegar,Male,No,No,,No,1032,,0.0210792924547571387720086605
3864,22535,S14000111,S92000003,West Aberdeenshire and Kincardine,,Scotland,County,Reform UK,RUK,Reform UK,RUK,1036,PP7931,,,,,No,No,Brandon,Innes,Male,No,No,,No,3497,,0.0714285714285714285714285714
3864,22536,S14000111,S92000003,West Aberdeenshire and Kincardine,,Scotland,County,Liberal Democrat,LD,Liberal Democrat,LD,17,PP90,,,,,No,No,Michael,Turvey,Male,No,No,,No,6342,0.0123210000,0.1295396053760366028024020589
3864,22537,S14000111,S92000003,West Aberdeenshire and Kincardine,,Scotland,County,Labour,Lab,Labour,Lab,15,PP53,,,,,No,No,Kate,Blake,Female,No,No,,No,6397,0.0850920000,0.1306630172801176518648637608
3864,22538,S14000111,S92000003,West Aberdeenshire and Kincardine,,Scotland,County,Scottish National Party,SNP,Scottish National Party,SNP,29,PP102,,,,,No,No,Glen,Reynolds,Male,No,No,,No,13987,-0.1250100000,0.2856938600433024224845786184
3864,22539,S14000111,S92000003,West Aberdeenshire and Kincardine,,Scotland,County,Conservative,Con,Conservative,Con,4,PP52,,,,,No,No,Andrew,Bowie,Male,Yes,Yes,4601,Yes,17428,-0.0705280000,0.3559785938968095101924098207
3865,22540,E14001574,E12000005,West Bromwich,West Midlands,England,Borough,UK Independence Party,UKIP,UK Independence Party,UKIP,35,PP85,,,,,No,No,Sam,Harding,Male,No,No,,No,133,,0.0036457333954661330555631699
3865,22541,E14001574,E12000005,West Bromwich,West Midlands,England,Borough,Liberal Democrat,LD,Liberal Democrat,LD,17,PP90,,,,,No,No,Parmjit,Gill,Male,No,Yes,1172,No,1314,0.0005400000,0.0360187494860338258271428963
3865,22542,E14001574,E12000005,West Bromwich,West Midlands,England,Borough,Independent,IND,,,,,,,,,Yes,No,Mohammed,Yasin,Male,No,No,,No,1707,,0.046791480496696910720649105
3865,22543,E14001574,E12000005,West Bromwich,West Midlands,England,Borough,Green Party,Green,Green Party,Green,44,PP63,,,,,No,No,Gita,Joshi,Female,No,No,,No,2036,0.0366930000,0.0558098736328499767002001042
3865,22544,E14001574,E12000005,West Bromwich,West Midlands,England,Borough,Reform UK,RUK,Reform UK,RUK,1036,PP7931,,,,,No,No,Ray,Nock,Male,No,No,,No,7101,0.1568740000,0.1946492694827444423124366108
3865,22545,E14001574,E12000005,West Bromwich,West Midlands,England,Borough,Conservative,Con,Conservative,Con,4,PP52,,,,,No,No,Will,Goodhand,Male,No,No,,No,7318,-0.2726120000,0.2005975713385049751925659933
3865,22546,E14001574,E12000005,West Bromwich,West Midlands,England,Borough,Labour,Lab,Labour,Lab,15,PP53,,,,,No,No,Sarah,Coombes,Female,No,No,5088,Yes,16872,0.0412390000,0.4624873221677037361914421206
3866,22547,E14001575,E12000009,West Dorset,South West,England,County,Independent,IND,,,,,,,,,Yes,No,Marcus,White,Male,No,No,,No,289,,0.0054937743560498051516015588
3866,22548,E14001575,E12000009,West Dorset,South West,England,County,Independent,IND,,,,,,,,,Yes,No,Oliver,Chisholm,Male,No,No,,No,733,,0.0139340366885277064917783481
3866,22549,E14001575,E12000009,West Dorset,South West,England,County,Green Party,Green,Green Party,Green,44,PP63,,,,,No,No,Kelvin,Clayton,Male,No,No,,No,2288,0.0082600000,0.0434939644520482843836137249
3866,22550,E14001575,E12000009,West Dorset,South West,England,County,Labour,Lab,Labour,Lab,15,PP53,,,,,No,No,Donna,Lumsden,Female,No,No,,No,3086,-0.0349830000,0.0586636251306909989544720084
3866,22551,E14001575,E12000009,West Dorset,South West,England,County,Conservative,Con,Conservative,Con,4,PP52,,,,,No,No,Chris,Loder,Male,Yes,Yes,4751,No,19210,-0.1775240000,0.365174413078604695371162437
3866,22552,E14001575,E12000009,West Dorset,South West,England,County,Liberal Democrat,LD,Liberal Democrat,LD,17,PP90,,,,,No,No,Edward,Morello,Male,No,No,5326,Yes,26999,0.1848190000,0.5132401862940785096473719228
3867,22553,S14000106,S92000003,West Dunbartonshire,,Scotland,County,Sovereignty,Svr,Sovereignty,Svr,1088,PP12666,,,,,No,No,Kelly,Wilson,Female,No,No,,No,73,,0.0018441794664510913500404204
3867,22554,S14000106,S92000003,West Dunbartonshire,,Scotland,County,Scottish Family Party,SFP,Scottish Family Party,SFP,1016,PP6380,,,,,No,No,Andrew,Muir,Male,No,No,,No,318,,0.0080335489086499595796281326
3867,22555,S14000106,S92000003,West Dunbartonshire,,Scotland,County,Liberal Democrat,LD,Liberal Democrat,LD,17,PP90,,,,,No,No,Paul,Kennedy,Male,No,No,,No,839,-0.0206150000,0.021195432497978981406628941
3867,22556,S14000106,S92000003,West Dunbartonshire,,Scotland,County,Conservative,Con,Conservative,Con,4,PP52,,,,,No,No,Maurice,Corry,Male,No,No,,No,1474,-0.1044770000,0.0372372675828617623282134196
3867,22557,S14000106,S92000003,West Dunbartonshire,,Scotland,County,Scottish Green Party,Green,Scottish Green Party,Green,1057,PP130,,,,,No,No,Paula,Baker,Female,No,No,,No,1496,0.0191940000,0.0377930476960388035569927243
3867,22558,S14000106,S92000003,West Dunbartonshire,,Scotland,County,Reform UK,RUK,Reform UK,RUK,1036,PP7931,,,,,No,No,David,Smith,Male,No,No,,No,2770,,0.0699777687954729183508488278
3867,22559,S14000106,S92000003,West Dunbartonshire,,Scotland,County,Scottish National Party,SNP,Scottish National Party,SNP,29,PP102,,,,,No,No,Martin,Docherty-Hughes,Male,Yes,Yes,4374,No,13302,-0.1608550000,0.336044866612772837510105093
3867,22560,S14000106,S92000003,West Dunbartonshire,,Scotland,County,Labour,Lab,Labour,Lab,15,PP53,,,,,No,No,Douglas,McAllister,Male,No,No,5057,Yes,19312,0.2020860000,0.4878738884397736459175424414
3868,22561,E14001576,E12000007,West Ham and Beckton,London,England,Borough,Trade Unionist and Socialist Coalition,TUSC,Trade Unionist and Socialist Coalition,TUSC,157,PP804,,,,,No,No,Lois,Austin,Female,No,No,,No,190,,0.0052272477165181027841972048
3868,22562,E14001576,E12000007,West Ham and Beckton,London,England,Borough,Christian Peoples Alliance,CPA,Christian Peoples Alliance,CPA,80,PP79,,,,,No,No,Kayode,Shedowo,Male,No,No,,No,460,0.0012040000,0.01265544183999119621437218
3868,22563,E14001576,E12000007,West Ham and Beckton,London,England,Borough,Liberal Democrat,LD,Liberal Democrat,LD,17,PP90,,,,,No,No,Emily,Bigland,Female,No,No,,No,1606,-0.0164150000,0.0441839991196214372180037416
3868,22564,E14001576,E12000007,West Ham and Beckton,London,England,Borough,Reform UK,RUK,Reform UK,RUK,1036,PP7931,,,,,No,No,Georgie,David,Female,No,No,,No,2800,0.0493800000,0.0770331242434246726092219654
3868,22565,E14001576,E12000007,West Ham and Beckton,London,England,Borough,Conservative,Con,Conservative,Con,4,PP52,,,,,No,No,Holly,Ramsey,Female,No,No,,No,3781,-0.0604100000,0.1040222295587102454055243755
3868,22566,E14001576,E12000007,West Ham and Beckton,London,England,Borough,Green Party,Green,Green Party,Green,44,PP63,,,,,No,No,Rob,Callender,Male,No,No,,No,3897,0.0819110000,0.1072136018487949818421921426
3868,22567,E14001576,E12000007,West Ham and Beckton,London,England,Borough,Newham Independents Party,NIP,Newham Independents Party,NIP,1100,PP17713,,,,,No,No,Sophia,Naqvi,Female,No,No,,No,7180,,0.1975349400242104104765048971
3868,22568,E14001576,E12000007,West Ham and Beckton,London,England,Borough,Labour,Lab,Labour,Lab,15,PP53,,,,,No,No,James,Asser,Male,No,No,5211,Yes,16434,-0.2548950000,0.4521294156487289534499834929
3869,22569,E14001577,E12000002,West Lancashire,North West,England,County,Liberal Democrat,LD,Liberal Democrat,LD,17,PP90,,,,,No,No,Graham,Smith,Male,No,No,,No,2043,-0.0023890000,0.0462217194570135746606334842
3869,22570,E14001577,E12000002,West Lancashire,North West,England,County,Green Party,Green,Green Party,Green,44,PP63,,,,,No,No,Charlotte,Houltram,Female,No,No,,No,3263,0.0501260000,0.0738235294117647058823529412
3869,22571,E14001577,E12000002,West Lancashire,North West,England,County,Reform UK,RUK,Reform UK,RUK,1036,PP7931,,,,,No,No,Simon,Evans,Male,No,No,,No,7909,0.1357380000,0.1789366515837104072398190045
3869,22572,E14001577,E12000002,West Lancashire,North West,England,County,Conservative,Con,Conservative,Con,4,PP52,,,,,No,No,Mike,Prendergast,Male,No,No,,No,8680,-0.1667210000,0.1963800904977375565610859729
3869,22573,E14001577,E12000002,West Lancashire,North West,England,County,Labour,Lab,Labour,Lab,15,PP53,,,,,No,No,Ashley,Dalton,Female,Yes,Yes,4981,Yes,22305,-0.0167530000,0.5046380090497737556561085973
3870,22574,E14001578,E12000006,West Suffolk,East of England,England,County,Social Democratic Party,SDP,Social Democratic Party,SDP,32,PP243,,,,,No,No,Ivan,Kinsman,Male,No,No,,No,133,,0.0028812200775546456965836962
3870,22575,E14001578,E12000006,West Suffolk,East of England,England,County,Independent,IND,,,,,,,,,Yes,No,Luke,O'Brien,Male,No,No,,No,345,,0.0074738415545590433482810164
3870,22576,E14001578,E12000006,West Suffolk,East of England,England,County,Independent,IND,,,,,,,,,Yes,No,Katie,Parker,Female,No,No,,No,485,,0.0105067047940902493446849072
3870,22577,E14001578,E12000006,West Suffolk,East of England,England,County,Green Party,Green,Green Party,Green,44,PP63,,,,,No,No,Mark,Ereira,Male,No,No,,No,2910,0.0184720000,0.063040228764541496068109443
3870,22578,E14001578,E12000006,West Suffolk,East of England,England,County,Liberal Democrat,LD,Liberal Democrat,LD,17,PP90,,,,,No,No,Henry,Batchelor,Male,No,No,,No,4284,0.0023720000,0.0928056151296549034899590563
3870,22579,E14001578,E12000006,West Suffolk,East of England,England,County,Reform UK,RUK,Reform UK,RUK,1036,PP7931,,,,,No,No,David,Bull,Male,No,No,,No,9623,,0.2084660211000628235956760036
3870,22580,E14001578,E12000006,West Suffolk,East of England,England,County,Labour,Lab,Labour,Lab,15,PP53,,,,,No,No,Rebecca,Denness,Female,No,No,,No,12567,0.0504960000,0.2722428023656333268343406772
3870,22581,E14001578,E12000006,West Suffolk,East of England,England,County,Conservative,Con,Conservative,Con,4,PP52,,,,,No,No,Nick,Timothy,Male,No,No,5062,Yes,15814,-0.3006670000,0.3425835662139035116223652001
3871,22582,N05000018,N92000002,West Tyrone,,Northern Ireland,County,Conservative,Con,Conservative,Con,4,PP52,,,,,No,No,Stephen,Lynch,Male,No,No,,No,91,,0.0020826181485295800434832361
3871,22583,N05000018,N92000002,West Tyrone,,Northern Ireland,County,Aontú,AONT,Aontú,AONT,1025,PP7968,,,,,No,No,Leza,Houston,Female,No,No,,No,778,-0.0052060000,0.0178052408742419041080215128
3871,22584,N05000018,N92000002,West Tyrone,,Northern Ireland,County,Alliance,APNI,Alliance,APNI,1,PP103,,,,,No,No,Stephen,Donnelly,Male,No,No,,No,2287,-0.0434880000,0.0523400846778807643895182515
3871,22585,N05000018,N92000002,West Tyrone,,Northern Ireland,County,Traditional Unionist Voice,TUV,Traditional Unionist Voice,TUV,158,PP680,,,,,No,No,Stevan,Patterson,Male,No,No,,No,2530,,0.0579013617118663462638745852
3871,22586,N05000018,N92000002,West Tyrone,,Northern Ireland,County,Ulster Unionist Party,UUP,Ulster Unionist Party,UUP,38,PP83,,,,,No,No,Matthew,Bell,Male,No,No,,No,2683,-0.0042600000,0.0614029065110424533699507953
3871,22587,N05000018,N92000002,West Tyrone,,Northern Ireland,County,Social Democratic & Labour Party,SDLP,Social Democratic & Labour Party,SDLP,31,PP55,,,,,No,No,Daniel,McCrossan,Male,No,No,,No,5821,-0.0515110000,0.1332189037647328069573177709
3871,22588,N05000018,N92000002,West Tyrone,,Northern Ireland,County,Democratic Unionist Party,DUP,Democratic Unionist Party,DUP,7,PP70,,,,,No,No,Tom,Buchanan,Male,No,No,,No,6794,-0.0616420000,0.1554868978143952397299462181
3871,22589,N05000018,N92000002,West Tyrone,,Northern Ireland,County,Sinn Féin,SF,Sinn Féin,SF,30,PP39,,,,,No,No,Órfhlaith,Begley,Female,Yes,Yes,4697,Yes,22711,0.1186770000,0.5197619864973109051378876302
3872,22590,E14001579,E12000005,West Worcestershire,West Midlands,England,County,Party of Women,POW,Party of Women,POW,1102,PP17545,,,,,No,No,Seonaid,Barber,Female,No,No,,No,363,,0.0066377749739426189039442646
3872,22591,E14001579,E12000005,West Worcestershire,West Midlands,England,County,Green Party,Green,Green Party,Green,44,PP63,,,,,No,No,Natalie,McVey,Female,No,No,,No,5068,0.0454800000,0.0926728472946038363779325982
3872,22592,E14001579,E12000005,West Worcestershire,West Midlands,England,County,Reform UK,RUK,Reform UK,RUK,1036,PP7931,,,,,No,No,Christopher,Edmondson,Male,No,No,,No,7902,,0.1444950353831806462230511822
3872,22593,E14001579,E12000005,West Worcestershire,West Midlands,England,County,Labour,Lab,Labour,Lab,15,PP53,,,,,No,No,Kash,Haroon,Male,No,No,,No,8335,-0.0126490000,0.1524128220600874065134309799
3872,22594,E14001579,E12000005,West Worcestershire,West Midlands,England,County,Liberal Democrat,LD,Liberal Democrat,LD,17,PP90,,,,,No,No,Dan,Boatright-Greene,Male,No,No,,No,13236,0.0610830000,0.2420319271490482198694388063
3872,22595,E14001579,E12000005,West Worcestershire,West Midlands,England,County,Conservative,Con,Conservative,Con,4,PP52,,,,,No,No,Harriett,Baldwin,Female,Yes,Yes,4107,Yes,19783,-0.2450470000,0.3617495931391372721122021687
3873,22596,E14001580,E12000002,Westmorland and Lonsdale,North West,England,County,Social Democratic Party,SDP,Social Democratic Party,SDP,32,PP243,,,,,No,No,Wendy,Long,Female,No,No,,No,57,,0.00115074798619102416570771
3873,22597,E14001580,E12000002,Westmorland and Lonsdale,North West,England,County,Heritage Party,HPUK,Heritage Party,HPUK,1037,PP12550,,,,,No,No,Izzy,Solabarrieta,Female,No,No,,No,81,,0.0016352734540609290775846405
3873,22598,E14001580,E12000002,Westmorland and Lonsdale,North West,England,County,Independent,IND,,,,,,,,,Yes,No,John,Studholme,Male,No,No,,No,111,,0.0022409302888983102174308037
3873,22599,E14001580,E12000002,Westmorland and Lonsdale,North West,England,County,Green Party,Green,Green Party,Green,44,PP63,,,,,No,No,Phil,Clayton,Male,No,No,,No,1486,0.0247050000,0.0300002018856116124603799487
3873,22600,E14001580,E12000002,Westmorland and Lonsdale,North West,England,County,Labour,Lab,Labour,Lab,15,PP53,,,,,No,No,Pippa,Smith,Female,No,No,,No,2306,-0.0226700000,0.0465548220378333636161750752
3873,22601,E14001580,E12000002,Westmorland and Lonsdale,North West,England,County,Reform UK,RUK,Reform UK,RUK,1036,PP7931,,,,,No,No,James,Townley,Male,No,No,,No,4842,0.0866640000,0.0977530131427533159711707347
3873,22602,E14001580,E12000002,Westmorland and Lonsdale,North West,England,County,Conservative,Con,Conservative,Con,4,PP52,,,,,No,No,Matty,Jackman,Male,No,No,,No,9589,-0.3080360000,0.1935881129751882583328286193
3873,22603,E14001580,E12000002,Westmorland and Lonsdale,North West,England,County,Liberal Democrat,LD,Liberal Democrat,LD,17,PP90,,,,,No,No,Tim,Farron,Male,Yes,Yes,1591,Yes,31061,0.2202870000,0.6270768982294631861587224678
3874,22604,E14001581,E12000009,Weston-super-Mare,South West,England,County,Green Party,Green,Green Party,Green,44,PP63,,,,,No,No,Thomas,Daw,Male,No,No,,No,2688,0.0333270000,0.0634111818825194621372965322
3874,22605,E14001581,E12000009,Weston-super-Mare,South West,England,County,Liberal Democrat,LD,Liberal Democrat,LD,17,PP90,,,,,No,No,Patrick,Keating,Male,No,No,,No,3756,-0.0287210000,0.0886058032554847841472045294
3874,22606,E14001581,E12000009,Weston-super-Mare,South West,England,County,Reform UK,RUK,Reform UK,RUK,1036,PP7931,,,,,No,No,Richard,Pearse,Male,No,No,,No,7735,,0.1824722811983958480773767398
3874,22607,E14001581,E12000009,Weston-super-Mare,South West,England,County,Conservative,Con,Conservative,Con,4,PP52,,,,,No,No,John,Penrose,Male,Yes,Yes,1584,No,11901,-0.2906220000,0.2807501769285208775654635527
3874,22608,E14001581,E12000009,Weston-super-Mare,South West,England,County,Labour,Lab,Labour,Lab,15,PP53,,,,,No,No,Daniel,Aldridge,Male,No,No,5172,Yes,16310,0.1035430000,0.3847605567350790280726586459
3875,22609,E14001582,E12000003,Wetherby and Easingwold,Yorkshire and The Humber,England,County,The Yorkshire Party,Yrks,The Yorkshire Party,Yrks,262,PP2055,,,,,No,No,John,Hall,Male,No,No,,No,743,,0.0142176467211389425744847777
3875,22610,E14001582,E12000003,Wetherby and Easingwold,Yorkshire and The Humber,England,County,Liberal Democrat,LD,Liberal Democrat,LD,17,PP90,,,,,No,No,James,Monaghan,Male,No,No,,No,3351,-0.0150170000,0.0641229261945310855546413058
3875,22611,E14001582,E12000003,Wetherby and Easingwold,Yorkshire and The Humber,England,County,Green Party,Green,Green Party,Green,44,PP63,,,,,No,No,Arnold,Warneken,Male,No,No,,No,4529,0.0473790000,0.0866644979812089783577948296
3875,22612,E14001582,E12000003,Wetherby and Easingwold,Yorkshire and The Humber,England,County,Reform UK,RUK,Reform UK,RUK,1036,PP7931,,,,,No,No,Mike,Jordan,Male,No,No,,No,7288,,0.1394592319026387799230754511
3875,22613,E14001582,E12000003,Wetherby and Easingwold,Yorkshire and The Humber,England,County,Labour,Lab,Labour,Lab,15,PP53,,,,,No,No,Ben,Pickles,Male,No,No,,No,15751,0.1189110000,0.3014026292121931150615205036
3875,22614,E14001582,E12000003,Wetherby and Easingwold,Yorkshire and The Humber,England,County,Conservative,Con,Conservative,Con,4,PP52,,,,,No,No,Alec,Shelbrooke,Male,Yes,Yes,3997,Yes,20597,-0.2877240000,0.3941330679882890985284831321
3876,22615,E14001583,E12000002,Whitehaven and Workington,North West,England,County,Liberal Democrat,LD,Liberal Democrat,LD,17,PP90,,,,,No,No,Chris,Wills,Male,No,No,,No,1118,-0.0128380000,0.0267208413001912045889101338
3876,22616,E14001583,E12000002,Whitehaven and Workington,North West,England,County,Green Party,Green,Green Party,Green,44,PP63,,,,,No,No,Jill,Perry,Female,No,No,,No,1207,0.0165120000,0.0288479923518164435946462715
3876,22617,E14001583,E12000002,Whitehaven and Workington,North West,England,County,Conservative,Con,Conservative,Con,4,PP52,,,,,No,No,Andrew,Johnson,Male,No,No,,No,8455,-0.2821110000,0.2020793499043977055449330784
3876,22618,E14001583,E12000002,Whitehaven and Workington,North West,England,County,Reform UK,RUK,Reform UK,RUK,1036,PP7931,,,,,No,No,David,Surtees,Male,No,No,,No,8887,0.1972330000,0.2124043977055449330783938815
3876,22619,E14001583,E12000002,Whitehaven and Workington,North West,England,County,Labour,Lab,Labour,Lab,15,PP53,,,,,No,No,Josh,MacAlister,Male,No,No,5033,Yes,22173,0.0891850000,0.5299474187380497131931166348
3877,22620,E14001584,E12000002,Widnes and Halewood,North West,England,County,Workers Party of Britain,WPB,Workers Party of Britain,WPB,1042,PP11382,,,,,No,No,Michael,Murphy,Male,No,No,,No,415,,0.0108878161402035890439710358
3877,22621,E14001584,E12000002,Widnes and Halewood,North West,England,County,Liberal Democrat,LD,Liberal Democrat,LD,17,PP90,,,,,No,No,David,Coveney,Male,No,No,,No,1593,0.0140020000,0.0417934725574561863784237591
3877,22622,E14001584,E12000002,Widnes and Halewood,North West,England,County,Green Party,Green,Green Party,Green,44,PP63,,,,,No,No,Nancy,Mills,Female,No,No,,No,2058,0.0305870000,0.0539930737747927379578129919
3877,22623,E14001584,E12000002,Widnes and Halewood,North West,England,County,Conservative,Con,Conservative,Con,4,PP52,,,,,No,No,Sean,Houlston,Male,No,No,,No,3507,-0.1161930000,0.0920086053101059922342323434
3877,22624,E14001584,E12000002,Widnes and Halewood,North West,England,County,Reform UK,RUK,Reform UK,RUK,1036,PP7931,,,,,No,No,Jake,Fraser,Male,No,No,,No,7059,0.1091110000,0.1851978171896316507503410641
3877,22625,E14001584,E12000002,Widnes and Halewood,North West,England,County,Labour,Lab,Labour,Lab,15,PP53,,,,,No,No,Derek,Twigg,Male,Yes,Yes,429,Yes,23484,-0.0483940000,0.6161192150278098436352188058
3878,22626,E14001585,E12000002,Wigan,North West,England,County,Independent,IND,,,,,,,,,Yes,No,The,Zok,Male,No,No,,No,87,,0.0021271913738722218147142962
3878,22627,E14001585,E12000002,Wigan,North West,England,County,Independent,IND,,,,,,,,,Yes,No,Jan,Cunliffe,Female,No,No,,No,406,,0.0099268930780703684686667156
3878,22628,E14001585,E12000002,Wigan,North West,England,County,Green Party,Green,Green Party,Green,44,PP63,,,,,No,No,Jane,Leicester,Female,No,No,,No,1629,0.0109900000,0.0398298246900902222548228563
3878,22629,E14001585,E12000002,Wigan,North West,England,County,Liberal Democrat,LD,Liberal Democrat,LD,17,PP90,,,,,No,No,Brian,Crombie-Fisher,Male,No,No,,No,1692,-0.0125350000,0.0413702046504804518447883811
3878,22630,E14001585,E12000002,Wigan,North West,England,County,Independent,IND,,,,,,,,,Yes,No,Maureen,O'Bern,Female,No,No,,No,3522,,0.0861145749284823589818821976
3878,22631,E14001585,E12000002,Wigan,North West,England,County,Conservative,Con,Conservative,Con,4,PP52,,,,,No,No,Henry,Mitson,Male,No,No,,No,4310,-0.2124110000,0.1053815496711411036944668574
3878,22632,E14001585,E12000002,Wigan,North West,England,County,Reform UK,RUK,Reform UK,RUK,1036,PP7931,,,,,No,No,Andy,Dawber,Male,No,No,,No,9852,0.1085870000,0.2408860852343578082593706448
3878,22633,E14001585,E12000002,Wigan,North West,England,County,Labour,Lab,Labour,Lab,15,PP53,,,,,No,No,Lisa,Nandy,Female,Yes,Yes,4082,Yes,19401,0.0072000000,0.4743636763735054646812880511
3879,22634,E14001586,E12000007,Wimbledon,London,England,Borough,Heritage Party,HPUK,Heritage Party,HPUK,1037,PP12550,,,,,No,No,Michael,Watson,Male,No,No,,No,69,,0.001254887696644539419841775
3879,22635,E14001586,E12000007,Wimbledon,London,England,Borough,Independent,IND,,,,,,,,,Yes,No,Amy,Lynch,Female,No,No,,No,80,,0.0014549422569791761389469855
3879,22636,E14001586,E12000007,Wimbledon,London,England,Borough,Independent,IND,,,,,,,,,Yes,No,Sarah,Barber,Female,No,No,,No,129,,0.0023460943893789215240520142
3879,22637,E14001586,E12000007,Wimbledon,London,England,Borough,Workers Party of Britain,WPB,Workers Party of Britain,WPB,1042,PP11382,,,,,No,No,Aaron,Mafi,Male,No,No,,No,341,,0.0062016913703737382922615259
3879,22638,E14001586,E12000007,Wimbledon,London,England,Borough,Green Party,Green,Green Party,Green,44,PP63,,,,,No,No,Rachel,Brooks,Female,No,No,,No,2442,0.0419860000,0.0444121123942893516413567337
3879,22639,E14001586,E12000007,Wimbledon,London,England,Borough,Reform UK,RUK,Reform UK,RUK,1036,PP7931,,,,,No,No,Ben,Cronin,Male,No,No,,No,3221,0.0561360000,0.0585796126216240792943530054
3879,22640,E14001586,E12000007,Wimbledon,London,England,Borough,Labour,Lab,Labour,Lab,15,PP53,,,,,No,No,Eleanor,Stringer,Female,No,No,,No,11733,0.0053040000,0.213385468764208420478312267
3879,22641,E14001586,E12000007,Wimbledon,London,England,Borough,Conservative,Con,Conservative,Con,4,PP52,,,,,No,No,Danielle,Dunfield-Prayero,Female,No,No,,No,12180,-0.1761680000,0.2215149586250795671546785487
3879,22642,E14001586,E12000007,Wimbledon,London,England,Borough,Liberal Democrat,LD,Liberal Democrat,LD,17,PP90,,,,,No,No,Paul,Kohler,Male,No,No,5321,Yes,24790,0.0679200000,0.4508502318814222060561971447
3880,22643,E14001587,E12000008,Winchester,South East,England,County,Hampshire Independents,HI,Hampshire Independents,HI,1106,PP10327,,,,,No,No,Andy,Liming,Male,No,No,,No,44,,0.0007709019552876865933141776
3880,22644,E14001587,E12000008,Winchester,South East,England,County,Independent,IND,,,,,,,,,Yes,No,Kevin,D'Cruze,Male,No,No,,No,127,,0.0022251033709440044852477399
3880,22645,E14001587,E12000008,Winchester,South East,England,County,Independent,IND,,,,,,,,,Yes,No,Chris,Barfoot,Male,No,No,,No,142,,0.0024879108557011703693321186
3880,22646,E14001587,E12000008,Winchester,South East,England,County,Social Democratic Party,SDP,Social Democratic Party,SDP,32,PP243,,,,,No,No,Andrew,Davis,Male,No,No,,No,146,,0.0025579928516364146050879529
3880,22647,E14001587,E12000008,Winchester,South East,England,County,Green Party,Green,Green Party,Green,44,PP63,,,,,No,No,Lorraine,Estelle,Female,No,No,,No,2740,0.0388370000,0.0480061672156423014927465134
3880,22648,E14001587,E12000008,Winchester,South East,England,County,Labour,Lab,Labour,Lab,15,PP53,,,,,No,No,Hannah,Dawson,Female,No,No,,No,3023,0.0054140000,0.052964468428060831172471792
3880,22649,E14001587,E12000008,Winchester,South East,England,County,Reform UK,RUK,Reform UK,RUK,1036,PP7931,,,,,No,No,Sean,Whelan,Male,No,No,,No,4797,,0.0840458336253416497301843156
3880,22650,E14001587,E12000008,Winchester,South East,England,County,Conservative,Con,Conservative,Con,4,PP52,,,,,No,No,Flick,Drummond,Female,Yes,Yes,4459,No,16118,-0.2577620000,0.2823954026210666479781344173
3880,22651,E14001587,E12000008,Winchester,South East,England,County,Liberal Democrat,LD,Liberal Democrat,LD,17,PP90,,,,,No,No,Danny,Chambers,Male,No,No,5304,Yes,29939,0.1259920000,0.5245462190763192935734809727
3881,22652,E14001588,E12000008,Windsor,South East,England,County,Workers Party of Britain,WPB,Workers Party of Britain,WPB,1042,PP11382,,,,,No,No,Simran,Dhillon,Female,No,No,,No,621,,0.0137249701631083410688237634
3881,22653,E14001588,E12000008,Windsor,South East,England,County,Independent,IND,,,,,,,,,Yes,No,David,Buckley,Male,No,No,,No,1629,,0.0360031826017769526587985678
3881,22654,E14001588,E12000008,Windsor,South East,England,County,Green Party,Green,Green Party,Green,44,PP63,,,,,No,No,Michael,Boyle,Male,No,No,,No,2288,0.0160090000,0.050568006011581134243911064
3881,22655,E14001588,E12000008,Windsor,South East,England,County,Reform UK,RUK,Reform UK,RUK,1036,PP7931,,,,,No,No,Harl,Grewal,Male,No,No,,No,4660,0.0999550000,0.102992529726384652786986695
3881,22656,E14001588,E12000008,Windsor,South East,England,County,Liberal Democrat,LD,Liberal Democrat,LD,17,PP90,,,,,No,No,Julian,Tisi,Male,No,No,,No,9539,0.0221220000,0.2108252663218848074967952968
3881,22657,E14001588,E12000008,Windsor,South East,England,County,Labour,Lab,Labour,Lab,15,PP53,,,,,No,No,Pavitar,Mann,Female,No,No,,No,10026,0.0259300000,0.2215886487203288688502851081
3881,22658,E14001588,E12000008,Windsor,South East,England,County,Conservative,Con,Conservative,Con,4,PP52,,,,,No,No,Jack,Rankin,Male,No,No,5340,Yes,16483,-0.1960750000,0.3642973964549352428943995049
3882,22659,E14001589,E12000002,Wirral West,North West,England,County,Liberal Democrat,LD,Liberal Democrat,LD,17,PP90,,,,,No,No,Peter,Reisdorf,Male,No,No,,No,3055,0.0039930000,0.0611599367380032431783147485
3882,22660,E14001589,E12000002,Wirral West,North West,England,County,Green Party,Green,Green Party,Green,44,PP63,,,,,No,No,Gail,Jenkinson,Female,No,No,,No,4160,0.0580170000,0.0832816159836639907108966787
3882,22661,E14001589,E12000002,Wirral West,North West,England,County,Reform UK,RUK,Reform UK,RUK,1036,PP7931,,,,,No,No,Ken,Ferguson,Male,No,No,,No,6422,0.1063520000,0.1285659946747812856599467478
3882,22662,E14001589,E12000002,Wirral West,North West,England,County,Conservative,Con,Conservative,Con,4,PP52,,,,,No,No,Jenny,Johnson,Female,No,No,,No,13158,-0.1802000000,0.2634181497867910552341294469
3882,22663,E14001589,E12000002,Wirral West,North West,England,County,Labour,Lab,Labour,Lab,15,PP53,,,,,No,No,Matthew,Patrick,Male,No,No,5162,Yes,23156,0.0118380000,0.4635743028167604252167123781
3883,22664,E14001590,E12000006,Witham,East of England,England,County,Independent,IND,,,,,,,,,Yes,No,Chelsey,Jay,Female,No,No,,No,1246,,0.0246230460644625812698851847
3883,22665,E14001590,E12000006,Witham,East of England,England,County,Liberal Democrat,LD,Liberal Democrat,LD,17,PP90,,,,,No,No,Ashley,Thompson,Male,No,No,,No,3439,-0.0321070000,0.0679603976048850858644744383
3883,22666,E14001590,E12000006,Witham,East of England,England,County,Green Party,Green,Green Party,Green,44,PP63,,,,,No,No,James,Abbott,Male,No,No,,No,3539,0.0122450000,0.0699365650257889848427958817
3883,22667,E14001590,E12000006,Witham,East of England,England,County,Reform UK,RUK,Reform UK,RUK,1036,PP7931,,,,,No,No,Timothy,Blaxill,Male,No,No,,No,9870,,0.1950477244432148291603264629
3883,22668,E14001590,E12000006,Witham,East of England,England,County,Labour,Lab,Labour,Lab,15,PP53,,,,,No,No,Rumi,Chowdhury,Female,No,No,,No,13682,0.0955780000,0.270379226528071458213939885
3883,22669,E14001590,E12000006,Witham,East of England,England,County,Conservative,Con,Conservative,Con,4,PP52,,,,,No,No,Priti,Patel,Female,Yes,Yes,4066,Yes,18827,-0.2953880000,0.3720530403335770606485781475
3884,22670,E14001591,E12000008,Witney,South East,England,County,Heritage Party,HPUK,Heritage Party,HPUK,1037,PP12550,,,,,No,No,David,Cox,Male,No,No,,No,168,,0.0033212082872054404554799937
3884,22671,E14001591,E12000008,Witney,South East,England,County,Independent,IND,,,,,,,,,Yes,No,Barry,Ingleton,Male,No,No,,No,350,,0.0069191839316780009489166535
3884,22672,E14001591,E12000008,Witney,South East,England,County,Green Party,Green,Green Party,Green,44,PP63,,,,,No,No,Andrew,Prosser,Male,No,No,,No,1661,,0.0328364700300490273604301755
3884,22673,E14001591,E12000008,Witney,South East,England,County,Labour,Lab,Labour,Lab,15,PP53,,,,,No,No,Antonio,Weiss,Male,No,No,,No,4773,-0.0596170000,0.0943578997311402815119405346
3884,22674,E14001591,E12000008,Witney,South East,England,County,Reform UK,RUK,Reform UK,RUK,1036,PP7931,,,,,No,No,Richard,Langridge,Male,No,No,,No,6307,0.1245000000,0.1246836944488375770994780958
3884,22675,E14001591,E12000008,Witney,South East,England,County,Conservative,Con,Conservative,Con,4,PP52,,,,,No,No,Robert,Courts,Male,Yes,Yes,4589,No,16493,-0.2545290000,0.3260517159576150561442353313
3884,22676,E14001591,E12000008,Witney,South East,England,County,Liberal Democrat,LD,Liberal Democrat,LD,17,PP90,,,,,No,No,Charles,Maynard,Male,No,No,5325,Yes,20832,0.1521810000,0.4118298276134746164795192156
3885,22677,E14001592,E12000008,Woking,South East,England,Borough,Heritage Party,HPUK,Heritage Party,HPUK,1037,PP12550,,,,,No,No,Tim,Read,Male,No,No,,No,168,,0.003489458926160556651781078
3885,22678,E14001592,E12000008,Woking,South East,England,Borough,Green Party,Green,Green Party,Green,44,PP63,,,,,No,No,Nataly,Anderson,Female,No,No,,No,1853,0.0107910000,0.0384879011319970921175615329
3885,22679,E14001592,E12000008,Woking,South East,England,Borough,Labour,Lab,Labour,Lab,15,PP53,,,,,No,No,Ese,Erheriene,Female,No,No,,No,4444,-0.0749860000,0.0923044968324852009554470869
3885,22680,E14001592,E12000008,Woking,South East,England,Borough,Reform UK,RUK,Reform UK,RUK,1036,PP7931,,,,,No,No,Richard,Barker,Male,No,No,,No,4888,,0.1015266382801952435351542216
3885,22681,E14001592,E12000008,Woking,South East,England,Borough,Conservative,Con,Conservative,Con,4,PP52,,,,,No,No,Jonathan,Lord,Male,Yes,Yes,4090,No,12773,-0.2172730000,0.2653027313324332744833316025
3885,22682,E14001592,E12000008,Woking,South East,England,Borough,Liberal Democrat,LD,Liberal Democrat,LD,17,PP90,,,,,No,No,Will,Forster,Male,No,No,5322,Yes,24019,0.1883390000,0.4988887734967286322567244781
3886,22683,E14001593,E12000008,Wokingham,South East,England,County,Green Party,Green,Green Party,Green,44,PP63,,,,,No,No,Merv,Boniface,Male,No,No,,No,1953,0.0141540000,0.036167336432156151039834071
3886,22684,E14001593,E12000008,Wokingham,South East,England,County,Labour,Lab,Labour,Lab,15,PP53,,,,,No,No,Monica,Hamidi,Female,No,No,,No,3631,-0.0313370000,0.0672419859627030130187596067
3886,22685,E14001593,E12000008,Wokingham,South East,England,County,Reform UK,RUK,Reform UK,RUK,1036,PP7931,,,,,No,No,Colin,Wright,Male,No,No,,No,5274,,0.0976684753421359654808422378
3886,22686,E14001593,E12000008,Wokingham,South East,England,County,Conservative,Con,Conservative,Con,4,PP52,,,,,No,No,Lucy,Demery,Female,No,No,,No,17398,-0.2326700000,0.322191151687994222115224356
3886,22687,E14001593,E12000008,Wokingham,South East,England,County,Liberal Democrat,LD,Liberal Democrat,LD,17,PP90,,,,,No,No,Clive,Jones,Male,No,No,5207,Yes,25743,0.1536380000,0.4767310505750106483453397285
3887,22688,E14001594,E12000005,Wolverhampton North East,West Midlands,England,Borough,Liberal Democrat,LD,Liberal Democrat,LD,17,PP90,,,,,No,No,Peter,Thornton,Male,No,No,,No,1002,-0.0055890000,0.030100033043948451440415753
3887,22689,E14001594,E12000005,Wolverhampton North East,West Midlands,England,Borough,Green Party,Green,Green Party,Green,44,PP63,,,,,No,No,Kwaku,Tano-Yeboah,Male,No,No,,No,1424,0.0244520000,0.042776893268046501847457118
3887,22690,E14001594,E12000005,Wolverhampton North East,West Midlands,England,Borough,Reform UK,RUK,Reform UK,RUK,1036,PP7931,,,,,No,No,Paul,Williams,Male,No,No,,No,7721,0.2014560000,0.2319384781759740454804890504
3887,22691,E14001594,E12000005,Wolverhampton North East,West Midlands,England,Borough,Conservative,Con,Conservative,Con,4,PP52,,,,,No,No,Jane,Stevenson,Female,Yes,Yes,4750,No,8860,-0.2907660000,0.2661539847997837123374087536
3887,22692,E14001594,E12000005,Wolverhampton North East,West Midlands,England,Borough,Labour,Lab,Labour,Lab,15,PP53,,,,,No,No,Sureena,Brackenridge,Female,No,No,5152,Yes,14282,0.0704470000,0.429030610712247288894229325
3888,22693,E14001595,E12000005,Wolverhampton South East,West Midlands,England,Borough,Liberal Democrat,LD,Liberal Democrat,LD,17,PP90,,,,,No,No,Bart,Ricketts,Male,No,No,,No,758,-0.0154080000,0.0227068480019172008867054101
3888,22694,E14001595,E12000005,Wolverhampton South East,West Midlands,England,Borough,Workers Party of Britain,WPB,Workers Party of Britain,WPB,1042,PP11382,,,,,No,No,Athar,Warraich,Male,No,No,,No,915,,0.0274099814271164100413396441
3888,22695,E14001595,E12000005,Wolverhampton South East,West Midlands,England,Borough,Green Party,Green,Green Party,Green,44,PP63,,,,,No,No,Paul,Darke,Male,No,No,,No,1643,0.0322670000,0.0492181415133904499430830987
3888,22696,E14001595,E12000005,Wolverhampton South East,West Midlands,England,Borough,Conservative,Con,Conservative,Con,4,PP52,,,,,No,No,Victoria,Wilson,Female,No,No,,No,5654,-0.2424570000,0.169372715834881073632496555
3888,22697,E14001595,E12000005,Wolverhampton South East,West Midlands,England,Borough,Reform UK,RUK,Reform UK,RUK,1036,PP7931,,,,,No,No,Carl,Hardwick,Male,No,No,,No,7612,0.1688280000,0.2280270804625247139176801869
3888,22698,E14001595,E12000005,Wolverhampton South East,West Midlands,England,Borough,Labour,Lab,Labour,Lab,15,PP53,,,,,No,No,Pat,McFadden,Male,Yes,Yes,1587,Yes,16800,0.0293590000,0.5032652327601701515786951051
3889,22699,E14001596,E12000005,Wolverhampton West,West Midlands,England,Borough,Workers Party of Britain,WPB,Workers Party of Britain,WPB,1042,PP11382,,,,,No,No,Vikas,Chopra,Male,No,No,,No,576,,0.0131937604507868154018828596
3889,22700,E14001596,E12000005,Wolverhampton West,West Midlands,England,Borough,Independent,IND,,,,,,,,,Yes,No,Zahid,Shah,Male,No,No,,No,888,,0.0203403806949630070779027418
3889,22701,E14001596,E12000005,Wolverhampton West,West Midlands,England,Borough,Liberal Democrat,LD,Liberal Democrat,LD,17,PP90,,,,,No,No,Phillip,Howells,Male,No,No,,No,1376,-0.0121030000,0.0315184277435462812378312756
3889,22702,E14001596,E12000005,Wolverhampton West,West Midlands,England,Borough,Independent Network,INet,Independent Network,INet,1028,PP1951,,,,,No,No,Celia,Hibbert,Female,No,No,,No,1395,,0.0319536385917493185514350505
3889,22703,E14001596,E12000005,Wolverhampton West,West Midlands,England,Borough,Green Party,Green,Green Party,Green,44,PP63,,,,,No,No,Andrea,Cantrill,Female,No,No,,No,2550,0.0559760000,0.0584098769956707973520855762
3889,22704,E14001596,E12000005,Wolverhampton West,West Midlands,England,Borough,Reform UK,RUK,Reform UK,RUK,1036,PP7931,,,,,No,No,Don,Brookes,Male,No,No,,No,6078,0.1144080000,0.139221659756740041688618091
3889,22705,E14001596,E12000005,Wolverhampton West,West Midlands,England,Borough,Conservative,Con,Conservative,Con,4,PP52,,,,,No,No,Mike,Newton,Male,No,No,,No,11463,-0.2111630000,0.2625695764711271960968458666
3889,22706,E14001596,E12000005,Wolverhampton West,West Midlands,England,Borough,Labour,Lab,Labour,Lab,15,PP53,,,,,No,No,Warinder,Juss,Male,No,No,5230,Yes,19331,-0.0126040000,0.4427926792954165425933985386
3890,22707,E14001597,E12000005,Worcester,West Midlands,England,Borough,Social Democratic Party,SDP,Social Democratic Party,SDP,32,PP243,,,,,No,No,Duncan,Murray,Male,No,No,,No,130,,0.0028238769658528108436875489
3890,22708,E14001597,E12000005,Worcester,West Midlands,England,Borough,Trade Unionist and Socialist Coalition,TUSC,Trade Unionist and Socialist Coalition,TUSC,157,PP804,,,,,No,No,Mark,Davies,Male,No,No,,No,280,,0.0060821965418368233556347207
3890,22709,E14001597,E12000005,Worcester,West Midlands,England,Borough,Liberal Democrat,LD,Liberal Democrat,LD,17,PP90,,,,,No,No,Mel,Allcott,Female,No,No,,No,3986,0.0145580000,0.0865844121991484924841428447
3890,22710,E14001597,E12000005,Worcester,West Midlands,England,Borough,Green Party,Green,Green Party,Green,44,PP63,,,,,No,No,Tor,Pingree,Female,No,No,,No,4789,0.0707450000,0.1040272829959162394647667043
3890,22711,E14001597,E12000005,Worcester,West Midlands,England,Borough,Reform UK,RUK,Reform UK,RUK,1036,PP7931,,,,,No,No,Andy,Peplow,Male,No,No,,No,6723,,0.1460378833956034407854722391
3890,22712,E14001597,E12000005,Worcester,West Midlands,England,Borough,Conservative,Con,Conservative,Con,4,PP52,,,,,No,No,Marc,Bayliss,Male,No,No,,No,11506,-0.2580620000,0.2499348336084803197497610566
3890,22713,E14001597,E12000005,Worcester,West Midlands,England,Borough,Labour,Lab,Labour,Lab,15,PP53,,,,,No,No,Tom,Collins,Male,No,No,5087,Yes,18622,0.0292880000,0.4045095142931618733165348857
3891,22714,E14001598,E12000002,Worsley and Eccles,North West,England,County,Trade Unionist and Socialist Coalition,TUSC,Trade Unionist and Socialist Coalition,TUSC,157,PP804,,,,,No,No,Sally,Griffiths,Female,No,No,,No,241,,0.0056648567331875984298239428
3891,22715,E14001598,E12000002,Worsley and Eccles,North West,England,County,Independent,IND,,,,,,,,,Yes,No,Danny,Moloney,Male,No,No,,No,448,,0.0105305220600333779940295701
3891,22716,E14001598,E12000002,Worsley and Eccles,North West,England,County,Workers Party of Britain,WPB,Workers Party of Britain,WPB,1042,PP11382,,,,,No,No,Nas,Barghouti,Male,No,No,,No,466,,0.0109536233928025762170039725
3891,22717,E14001598,E12000002,Worsley and Eccles,North West,England,County,Liberal Democrat,LD,Liberal Democrat,LD,17,PP90,,,,,No,No,Jemma,De Vincenzo,Female,No,No,,No,1851,-0.0090910000,0.0435089203864325505958677103
3891,22718,E14001598,E12000002,Worsley and Eccles,North West,England,County,Green Party,Green,Green Party,Green,44,PP63,,,,,No,No,David,Jones,Male,No,No,,No,3283,0.0517470000,0.0771689819711820981124979433
3891,22719,E14001598,E12000002,Worsley and Eccles,North West,England,County,Conservative,Con,Conservative,Con,4,PP52,,,,,No,No,Bradley,Mitchell,Male,No,No,,No,6791,-0.2256810000,0.1596267306019791740121759161
3891,22720,E14001598,E12000002,Worsley and Eccles,North West,England,County,Reform UK,RUK,Reform UK,RUK,1036,PP7931,,,,,No,No,Craig,Birtwistle,Male,No,No,,No,9186,0.1444790000,0.2159227134898808264579366758
3891,22721,E14001598,E12000002,Worsley and Eccles,North West,England,County,Labour,Lab,Labour,Lab,15,PP53,,,,,No,No,Michael,Wheeler,Male,No,No,5242,Yes,20277,0.0113980000,0.4766236513645017981806642691
3892,22722,E14001599,E12000008,Worthing West,South East,England,County,Independent,IND,,,,,,,,,Yes,No,Kathryn,Attwood,Female,No,No,,No,364,,0.0071376747651822656234680471
3892,22723,E14001599,E12000008,Worthing West,South East,England,County,Liberal Democrat,LD,Liberal Democrat,LD,17,PP90,,,,,No,No,Morag,Chugg,Female,No,No,,No,2708,-0.0460810000,0.0531011628134988332647018452
3892,22724,E14001599,E12000008,Worthing West,South East,England,County,Green Party,Green,Green Party,Green,44,PP63,,,,,No,No,Sonya,Mallin,Female,No,No,,No,3274,0.0279750000,0.0641998548934251034374571053
3892,22725,E14001599,E12000008,Worthing West,South East,England,County,Reform UK,RUK,Reform UK,RUK,1036,PP7931,,,,,No,No,Edmund,Rooke,Male,No,No,,No,7562,,0.1482832323470008039688609134
3892,22726,E14001599,E12000008,Worthing West,South East,England,County,Conservative,Con,Conservative,Con,4,PP52,,,,,No,No,Peter,Bottomley,Male,Yes,Yes,117,No,16570,-0.2350680000,0.3249210737886542345628174206
3892,22727,E14001599,E12000008,Worthing West,South East,England,County,Labour,Lab,Labour,Lab,15,PP53,,,,,No,No,Beccy,Cooper,Female,No,No,5307,Yes,20519,0.1070560000,0.4023570013922387591426946683
3893,22728,W07000111,W92000004,Wrexham,,Wales,County,Abolish the Welsh Assembly Party,AWA,Abolish the Welsh Assembly Party,AWA,1008,PP12653,,,,,No,No,Paul,Ashton,Male,No,No,,No,480,,0.0118891338270626408738513363
3893,22729,W07000111,W92000004,Wrexham,,Wales,County,Green Party,Green,Green Party,Green,44,PP63,,,,,No,No,Tim,Morgan,Male,No,No,,No,1339,0.0237220000,0.0331657295717434919376811235
3893,22730,W07000111,W92000004,Wrexham,,Wales,County,Liberal Democrat,LD,Liberal Democrat,LD,17,PP90,,,,,No,No,Timothy,Sly,Male,No,No,,No,1777,0.0012970000,0.0440145641889381517350704679
3893,22731,W07000111,W92000004,Wrexham,,Wales,County,Plaid Cymru,PC,Plaid Cymru,PC,22,PP77,,,,,No,No,Becca,Martin,Female,No,No,,No,4138,0.0396800000,0.1024942412008025165333267283
3893,22732,W07000111,W92000004,Wrexham,,Wales,County,Reform UK,RUK,Reform UK,RUK,1036,PP7931,,,,,No,No,Charles,Dodman,Male,No,No,,No,6915,0.1335470000,0.1712778341961211700889208134
3893,22733,W07000111,W92000004,Wrexham,,Wales,County,Conservative,Con,Conservative,Con,4,PP52,,,,,No,No,Sarah,Atherton,Female,Yes,Yes,4855,No,9888,-0.2205250000,0.2449161568374904020013375276
3893,22734,W07000111,W92000004,Wrexham,,Wales,County,Labour,Lab,Labour,Lab,15,PP53,,,,,No,No,Andrew,Ranger,Male,No,No,5046,Yes,15836,0.0103910000,0.3922423401778416268298120031
3894,22735,E14001600,E12000008,Wycombe,South East,England,County,Independent,IND,,,,,,,,,Yes,No,Mark,Smallwood,Male,No,No,,No,214,,0.0047942290028451732867352197
3894,22736,E14001600,E12000008,Wycombe,South East,England,County,Climate Party,Cli,Climate Party,Cli,1053,PP12958,,,,,No,No,Ed,Gemmell,Male,No,No,,No,489,,0.0109550373008938772766987029
3894,22737,E14001600,E12000008,Wycombe,South East,England,County,Independent,IND,,,,,,,,,Yes,No,Ajaz,Rehman,Male,No,No,,No,1913,,0.0428568228151533481192732487
3894,22738,E14001600,E12000008,Wycombe,South East,England,County,Green Party,Green,Green Party,Green,44,PP63,,,,,No,No,Catherine,Bunting,Female,No,No,,No,2193,0.0233470000,0.0491296458095302103635997043
3894,22739,E14001600,E12000008,Wycombe,South East,England,County,Workers Party of Britain,WPB,Workers Party of Britain,WPB,1042,PP11382,,,,,No,No,Khalil,Ahmed,Male,No,No,,No,3344,,0.0749154289042722405179559558
3894,22740,E14001600,E12000008,Wycombe,South East,England,County,Liberal Democrat,LD,Liberal Democrat,LD,17,PP90,,,,,No,No,Toni,Brodelle,Female,No,No,,No,4236,-0.0183400000,0.0948988507292156730963102359
3894,22741,E14001600,E12000008,Wycombe,South East,England,County,Reform UK,RUK,Reform UK,RUK,1036,PP7931,,,,,No,No,Richard,Phoenix,Male,No,No,,No,4769,,0.1068396173577973430114030961
3894,22742,E14001600,E12000008,Wycombe,South East,England,County,Conservative,Con,Conservative,Con,4,PP52,,,,,No,No,Steve,Baker,Male,Yes,Yes,4064,No,11444,-0.1746750000,0.2563792369558886125859712794
3894,22743,E14001600,E12000008,Wycombe,South East,England,County,Labour,Lab,Labour,Lab,15,PP53,,,,,No,No,Emma,Reynolds,Female,No,Yes,4077,Yes,16035,-0.0399630000,0.3592311311244035217420525573
3895,22744,E14001601,E12000005,Wyre Forest,West Midlands,England,County,Independent,IND,,,,,,,,,Yes,No,Nigel,Geary,Male,No,No,,No,523,,0.0115815580849461889366225254
3895,22745,E14001601,E12000005,Wyre Forest,West Midlands,England,County,Independent,IND,,,,,,,,,Yes,No,Leigh,Whitehouse,Male,No,No,,No,1535,,0.0339917622569644359803357102
3895,22746,E14001601,E12000005,Wyre Forest,West Midlands,England,County,Green Party,Green,Green Party,Green,44,PP63,,,,,No,No,John,Davis,Male,No,No,,No,2443,0.0150770000,0.0540989414943088710748925993
3895,22747,E14001601,E12000005,Wyre Forest,West Midlands,England,County,Liberal Democrat,LD,Liberal Democrat,LD,17,PP90,,,,,No,No,Shazu,Miah,Male,No,No,,No,2809,-0.0185110000,0.0622038177067186323575003322
3895,22748,E14001601,E12000005,Wyre Forest,West Midlands,England,County,Reform UK,RUK,Reform UK,RUK,1036,PP7931,,,,,No,No,Bill,Hopkins,Male,No,No,,No,9682,,0.2144027636299216085743389876
3895,22749,E14001601,E12000005,Wyre Forest,West Midlands,England,County,Labour,Lab,Labour,Lab,15,PP53,,,,,No,No,Vicki,Smith,Female,No,No,,No,13677,0.0744920000,0.30286992338013198104433323
3895,22750,E14001601,E12000005,Wyre Forest,West Midlands,England,County,Conservative,Con,Conservative,Con,4,PP52,,,,,No,No,Mark,Garnier,Male,Yes,Yes,4074,Yes,14489,-0.3310350000,0.3208512334470082820319766154
3896,22751,E14001602,E12000002,Wythenshawe and Sale East,North West,England,Borough,Social Democratic Party,SDP,Social Democratic Party,SDP,32,PP243,,,,,No,No,Hilary,Salt,Female,No,No,,No,326,,0.0083307778799959112746601247
3896,22752,E14001602,E12000002,Wythenshawe and Sale East,North West,England,Borough,Workers Party of Britain,WPB,Workers Party of Britain,WPB,1042,PP11382,,,,,No,No,John,Barstow,Male,No,No,,No,714,,0.0182459368291934989267095983
3896,22753,E14001602,E12000002,Wythenshawe and Sale East,North West,England,Borough,Liberal Democrat,LD,Liberal Democrat,LD,17,PP90,,,,,No,No,Simon,Lepori,Male,No,No,,No,1985,-0.0187800000,0.0507257487478278646631912501
3896,22754,E14001602,E12000002,Wythenshawe and Sale East,North West,England,Borough,Green Party,Green,Green Party,Green,44,PP63,,,,,No,No,Melanie,Earp,Female,No,No,,No,4133,0.0707860000,0.1056168864356536849637125626
3896,22755,E14001602,E12000002,Wythenshawe and Sale East,North West,England,Borough,Conservative,Con,Conservative,Con,4,PP52,,,,,No,No,Sarah,Beament,Female,No,No,,No,5392,-0.1629090000,0.1377900439537974036594091792
3896,22756,E14001602,E12000002,Wythenshawe and Sale East,North West,England,Borough,Reform UK,RUK,Reform UK,RUK,1036,PP7931,,,,,No,No,Julie,Fousert,Female,No,No,,No,5986,0.0922660000,0.1529694367780844321782684248
3896,22757,E14001602,E12000002,Wythenshawe and Sale East,North West,England,Borough,Labour,Lab,Labour,Lab,15,PP53,,,,,No,No,Mike,Kane,Male,Yes,Yes,4316,Yes,20596,-0.0066440000,0.5263211693754472043340488603
3897,22758,E14001603,E12000009,Yeovil,South West,England,County,Independent,IND,,,,,,,,,Yes,No,Steve,Ashton,Male,No,No,,No,608,,0.0124203301193005393038078117
3897,22759,E14001603,E12000009,Yeovil,South West,England,County,Green Party,Green,Green Party,Green,44,PP63,,,,,No,No,Serena,Wootton,Female,No,No,,No,2403,0.0210440000,0.0490889034155907828076483085
3897,22760,E14001603,E12000009,Yeovil,South West,England,County,Labour,Lab,Labour,Lab,15,PP53,,,,,No,No,Rebecca,Montacute,Female,No,No,,No,3002,-0.0018400000,0.0613253799640464128125510704
3897,22761,E14001603,E12000009,Yeovil,South West,England,County,Reform UK,RUK,Reform UK,RUK,1036,PP7931,,,,,No,No,Laura,Bailhache,Female,No,No,,No,7677,,0.1568270959307076319660075176
3897,22762,E14001603,E12000009,Yeovil,South West,England,County,Conservative,Con,Conservative,Con,4,PP52,,,,,No,No,Marcus,Fysh,Male,Yes,Yes,4446,No,11497,-0.3466660000,0.2348627226671024677234842294
3897,22763,E14001603,E12000009,Yeovil,South West,England,County,Liberal Democrat,LD,Liberal Democrat,LD,17,PP90,,,,,No,No,Adam,Dance,Male,No,No,5191,Yes,23765,0.1743800000,0.4854755679032521653865010623
3898,22764,W07000112,W92000004,Ynys Môn,,Wales,County,Libertarian Party,LPUK,Libertarian Party,LPUK,1003,PP684,,,,,No,No,Sam,Wood,Male,No,No,,No,44,,0.0013485350006129704548240775
3898,22765,W07000112,W92000004,Ynys Môn,,Wales,County,Official Monster Raving Loony Party,MRLP,Official Monster Raving Loony Party,MRLP,119,PP66,,,,,No,No,Sir Grumpus L,Shorticus,Male,No,No,,No,156,,0.0047811695476278043398308202
3898,22766,W07000112,W92000004,Ynys Môn,,Wales,County,Liberal Democrat,LD,Liberal Democrat,LD,17,PP90,,,,,No,No,Leena,Farhat,Female,No,No,,No,439,,0.0134547014833885006742675003
3898,22767,W07000112,W92000004,Ynys Môn,,Wales,County,Green Party,Green,Green Party,Green,44,PP63,,,,,No,No,Martin,Schwaller,Male,No,No,,No,604,,0.0185117077356871398798577909
3898,22768,W07000112,W92000004,Ynys Môn,,Wales,County,Reform UK,RUK,Reform UK,RUK,1036,PP7931,,,,,No,No,Emmett,Jenner,Male,No,No,,No,3223,0.0390300000,0.0987801887949000858158636754
3898,22769,W07000112,W92000004,Ynys Môn,,Wales,County,Labour,Lab,Labour,Lab,15,PP53,,,,,No,No,Ieuan,Williams,Male,No,No,,No,7619,-0.0671840000,0.2335110947652323158023783254
3898,22770,W07000112,W92000004,Ynys Môn,,Wales,County,Conservative,Con,Conservative,Con,4,PP52,,,,,No,No,Virginia,Crosbie,Female,Yes,Yes,4859,No,9953,-0.0494910000,0.3050447468432021576560009808
3898,22771,W07000112,W92000004,Ynys Môn,,Wales,County,Plaid Cymru,PC,Plaid Cymru,PC,22,PP77,,,,,No,No,Llinos,Medi,Female,No,No,5085,Yes,10590,0.0395490000,0.3245678558293490253769768297
3899,22772,E14001604,E12000003,York Central,Yorkshire and The Humber,England,Borough,Independent,IND,,,,,,,,,Yes,No,Leo,Mayne,Male,No,No,,No,84,,0.0019389238972370334464372273
3899,22773,E14001604,E12000003,York Central,Yorkshire and The Humber,England,Borough,Independent,IND,,,,,,,,,Yes,No,Ruairi,Kendall,Female,No,No,,No,98,,0.0022620778801098723541767652
3899,22774,E14001604,E12000003,York Central,Yorkshire and The Humber,England,Borough,Independent,IND,,,,,,,,,Yes,No,Roger,James,Male,No,No,,No,131,,0.0030237979825958497795628188
3899,22775,E14001604,E12000003,York Central,Yorkshire and The Humber,England,Borough,Independent,IND,,,,,,,,,Yes,No,Alisdair,Lord,Male,No,No,,No,133,,0.00306996283729196962352561
3899,22776,E14001604,E12000003,York Central,Yorkshire and The Humber,England,Borough,Liberal Democrat,LD,Liberal Democrat,LD,17,PP90,,,,,No,No,Alan,Page,Male,No,No,,No,3051,-0.0077960000,0.0704244858389308219652378644
3899,22777,E14001604,E12000003,York Central,Yorkshire and The Humber,England,Borough,Reform UK,RUK,Reform UK,RUK,1036,PP7931,,,,,No,No,Cliff,Bond,Male,No,No,,No,4721,0.0847020000,0.1089721395101908916741684556
3899,22778,E14001604,E12000003,York Central,Yorkshire and The Humber,England,Borough,Green Party,Green,Green Party,Green,44,PP63,,,,,No,No,Lars,Kramm,Male,No,No,,No,5185,0.0778080000,0.119682385799690695473535997
3899,22779,E14001604,E12000003,York Central,Yorkshire and The Humber,England,Borough,Conservative,Con,Conservative,Con,4,PP52,,,,,No,No,Richard,Hudson,Male,No,No,,No,5383,-0.1535410000,0.1242527064146065600258523186
3899,22780,E14001604,E12000003,York Central,Yorkshire and The Humber,England,Borough,Labour / Co-operative Party,Lab / Co-op,Labour,Lab,15,PP53,Co-operative Party,Co-op,,,No,No,Rachael,Maskell,Female,Yes,Yes,4471,Yes,24537,0.0023240000,0.566373519839346305657502943
3900,22781,E14001605,E12000003,York Outer,Yorkshire and The Humber,England,County,Independent,IND,,,,,,,,,Yes,No,Darren,Borrows,Male,No,No,,No,66,,0.0012914334911752044769694361
3900,22782,E14001605,E12000003,York Outer,Yorkshire and The Humber,England,County,Independent,IND,,,,,,,,,Yes,No,Hal,Mayne,Male,No,No,,No,88,,0.0017219113215669393026259148
3900,22783,E14001605,E12000003,York Outer,Yorkshire and The Humber,England,County,Independent,IND,,,,,,,,,Yes,No,Keith,Hayden,Male,No,No,,No,141,,0.002758971549328845928071068
3900,22784,E14001605,E12000003,York Outer,Yorkshire and The Humber,England,County,The Yorkshire Party,Yrks,The Yorkshire Party,Yrks,262,PP2055,,,,,No,No,David,Eadington,Male,No,No,,No,260,,0.0050874652682659570304856573
3900,22785,E14001605,E12000003,York Outer,Yorkshire and The Humber,England,County,Green Party,Green,Green Party,Green,44,PP63,,,,,No,No,Michael,Kearney,Male,No,No,,No,2212,0.0431180000,0.0432825891284780651978241302
3900,22786,E14001605,E12000003,York Outer,Yorkshire and The Humber,England,County,Liberal Democrat,LD,Liberal Democrat,LD,17,PP90,,,,,No,No,Andrew,Hollyer,Male,No,No,,No,5496,-0.0791620000,0.1075411889014988455367275858
3900,22787,E14001605,E12000003,York Outer,Yorkshire and The Humber,England,County,Reform UK,RUK,Reform UK,RUK,1036,PP7931,,,,,No,No,John,Crispin-Bailey,Male,No,No,,No,5912,0.1108770000,0.1156811333307243767855046374
3900,22788,E14001605,E12000003,York Outer,Yorkshire and The Humber,England,County,Conservative,Con,Conservative,Con,4,PP52,,,,,No,No,Julian,Sturdy,Male,Yes,Yes,4079,No,13770,-0.2268710000,0.2694399874770085704222596173
3900,22789,E14001605,E12000003,York Outer,Yorkshire and The Humber,England,County,Labour,Lab,Labour,Lab,15,PP53,,,,,No,No,Luke,Charters,Male,No,No,5199,Yes,23161,0.1538160000,0.4531953195319531953195319532
